{
    "custom_metrics": {},
    "episode_media": {},
    "info": {
        "learner": {
            "policy_0": {
                "learner_stats": {
                    "allreduce_latency": 0.0,
                    "grad_gnorm": 7.147403240203857,
                    "cur_kl_coeff": 0.3082418004643842,
                    "cur_lr": 5e-05,
                    "total_loss": 0.6828735664740883,
                    "policy_loss": -0.03735139042140817,
                    "vf_loss": 0.7201510143099409,
                    "vf_explained_var": 0.04984881534720912,
                    "kl": 0.001719645632614018,
                    "entropy": 0.04561234637248245,
                    "entropy_coeff": 0.01
                },
                "model": {},
                "custom_metrics": {},
                "num_agent_steps_trained": 121.0909090909091,
                "num_grad_updates_lifetime": 203115.5,
                "diff_num_grad_updates_vs_sampler_policy": 164.5
            },
            "policy_1": {
                "learner_stats": {
                    "allreduce_latency": 0.0,
                    "grad_gnorm": 2.772278070449829,
                    "cur_kl_coeff": 0.3796875000000002,
                    "cur_lr": 5e-05,
                    "total_loss": 0.33827377126806163,
                    "policy_loss": -0.03994463748601971,
                    "vf_loss": 0.4192537068530466,
                    "vf_explained_var": 0.012030182282129924,
                    "kl": 0.004613085241353334,
                    "entropy": 0.8557366396441605,
                    "entropy_coeff": 0.04999999999999999
                },
                "model": {},
                "custom_metrics": {},
                "num_agent_steps_trained": 121.27272727272727,
                "num_grad_updates_lifetime": 203115.5,
                "diff_num_grad_updates_vs_sampler_policy": 164.5
            },
            "policy_2": {
                "learner_stats": {
                    "allreduce_latency": 0.0,
                    "grad_gnorm": 2.17900013923645,
                    "cur_kl_coeff": 0.6749999999999998,
                    "cur_lr": 5e-05,
                    "total_loss": 0.20100828006644875,
                    "policy_loss": -0.0441139858018494,
                    "vf_loss": 0.35427572815820124,
                    "vf_explained_var": 0.05229173320712465,
                    "kl": 0.004369510379248221,
                    "entropy": 1.121028791955023,
                    "entropy_coeff": 0.09999999999999998
                },
                "model": {},
                "custom_metrics": {},
                "num_agent_steps_trained": 121.27272727272727,
                "num_grad_updates_lifetime": 203115.5,
                "diff_num_grad_updates_vs_sampler_policy": 164.5
            }
        },
        "num_env_steps_sampled": 2464000,
        "num_env_steps_trained": 2464000,
        "num_agent_steps_sampled": 2463998,
        "num_agent_steps_trained": 2463998
    },
    "env_runners": {
        "episode_reward_max": -179.0,
        "episode_reward_min": -705.0,
        "episode_reward_mean": -445.42,
        "episode_len_mean": 397.76,
        "episode_media": {},
        "episodes_timesteps_total": 39776,
        "policy_reward_min": {
            "policy_0": -395.0,
            "policy_1": -400.0,
            "policy_2": -480.0
        },
        "policy_reward_max": {
            "policy_0": 3.0,
            "policy_1": -13.0,
            "policy_2": -24.0
        },
        "policy_reward_mean": {
            "policy_0": -149.76,
            "policy_1": -128.19,
            "policy_2": -167.47
        },
        "custom_metrics": {},
        "hist_stats": {
            "episode_reward": [
                -355.0,
                -368.0,
                -551.0,
                -444.0,
                -417.0,
                -520.0,
                -423.0,
                -439.0,
                -335.0,
                -420.0,
                -301.0,
                -508.0,
                -407.0,
                -570.0,
                -559.0,
                -466.0,
                -520.0,
                -357.0,
                -332.0,
                -459.0,
                -449.0,
                -458.0,
                -469.0,
                -434.0,
                -483.0,
                -350.0,
                -341.0,
                -279.0,
                -535.0,
                -525.0,
                -444.0,
                -330.0,
                -705.0,
                -559.0,
                -344.0,
                -435.0,
                -465.0,
                -400.0,
                -516.0,
                -477.0,
                -294.0,
                -461.0,
                -424.0,
                -179.0,
                -512.0,
                -435.0,
                -372.0,
                -526.0,
                -505.0,
                -415.0,
                -402.0,
                -386.0,
                -497.0,
                -558.0,
                -424.0,
                -545.0,
                -448.0,
                -515.0,
                -525.0,
                -192.0,
                -688.0,
                -495.0,
                -459.0,
                -280.0,
                -443.0,
                -469.0,
                -491.0,
                -391.0,
                -485.0,
                -437.0,
                -287.0,
                -417.0,
                -596.0,
                -415.0,
                -325.0,
                -503.0,
                -385.0,
                -493.0,
                -437.0,
                -507.0,
                -359.0,
                -577.0,
                -561.0,
                -226.0,
                -340.0,
                -497.0,
                -423.0,
                -491.0,
                -426.0,
                -577.0,
                -362.0,
                -423.0,
                -547.0,
                -476.0,
                -394.0,
                -403.0,
                -540.0,
                -443.0,
                -649.0,
                -461.0
            ],