{
    "custom_metrics": {},
    "episode_media": {},
    "info": {
        "learner": {
            "policy_0": {
                "learner_stats": {
                    "allreduce_latency": 0.0,
                    "grad_gnorm": 5.713241100311279,
                    "cur_kl_coeff": 0.16874999999999996,
                    "cur_lr": 5e-05,
                    "total_loss": 7.454244227842851,
                    "policy_loss": -0.058588578382676296,
                    "vf_loss": 7.5172511606505426,
                    "vf_explained_var": 0.03588672226125544,
                    "kl": 0.008528636044137446,
                    "entropy": 0.5857587863098491,
                    "entropy_coeff": 0.01
                },
                "model": {},
                "custom_metrics": {},
                "num_agent_steps_trained": 120.9090909090909,
                "num_grad_updates_lifetime": 66165.5,
                "diff_num_grad_updates_vs_sampler_policy": 164.5
            },
            "policy_1": {
                "learner_stats": {
                    "allreduce_latency": 0.0,
                    "grad_gnorm": 2.029348611831665,
                    "cur_kl_coeff": 0.3,
                    "cur_lr": 5e-05,
                    "total_loss": 6.449436219533284,
                    "policy_loss": -0.09153726825377706,
                    "vf_loss": 6.595973144878041,
                    "vf_explained_var": -0.011527229077888258,
                    "kl": 0.018897726641906514,
                    "entropy": 1.213379750287894,
                    "entropy_coeff": 0.04999999999999999
                },
                "model": {},
                "custom_metrics": {},
                "num_agent_steps_trained": 121.72727272727273,
                "num_grad_updates_lifetime": 66165.5,
                "diff_num_grad_updates_vs_sampler_policy": 164.5
            },
            "policy_2": {
                "learner_stats": {
                    "allreduce_latency": 0.0,
                    "grad_gnorm": 2.5226969718933105,
                    "cur_kl_coeff": 0.19999999999999996,
                    "cur_lr": 5e-05,
                    "total_loss": 6.898838478146177,
                    "policy_loss": -0.08841778770597143,
                    "vf_loss": 7.114172949935451,
                    "vf_explained_var": -0.015248797517834287,
                    "kl": 0.01407232888186071,
                    "entropy": 1.2973114970958595,
                    "entropy_coeff": 0.09999999999999998
                },
                "model": {},
                "custom_metrics": {},
                "num_agent_steps_trained": 121.0,
                "num_grad_updates_lifetime": 66165.5,
                "diff_num_grad_updates_vs_sampler_policy": 164.5
            }
        },
        "num_env_steps_sampled": 804000,
        "num_env_steps_trained": 804000,
        "num_agent_steps_sampled": 803998,
        "num_agent_steps_trained": 803998
    },
    "env_runners": {
        "episode_reward_max": -85.0,
        "episode_reward_min": -629.0,
        "episode_reward_mean": -420.99,
        "episode_len_mean": 415.36,
        "episode_media": {},
        "episodes_timesteps_total": 41536,
        "policy_reward_min": {
            "policy_0": -385.0,
            "policy_1": -395.0,
            "policy_2": -445.0
        },
        "policy_reward_max": {
            "policy_0": 9.0,
            "policy_1": -1.0,
            "policy_2": -21.0
        },
        "policy_reward_mean": {
            "policy_0": -117.05,
            "policy_1": -122.26,
            "policy_2": -181.68
        },
        "custom_metrics": {},
        "hist_stats": {
            "episode_reward": [
                -350.0,
                -489.0,
                -514.0,
                -425.0,
                -415.0,
                -334.0,
                -428.0,
                -423.0,
                -254.0,
                -531.0,
                -596.0,
                -490.0,
                -319.0,
                -535.0,
                -338.0,
                -481.0,
                -405.0,
                -468.0,
                -489.0,
                -436.0,
                -461.0,
                -301.0,
                -463.0,
                -212.0,
                -472.0,
                -364.0,
                -123.0,
                -496.0,
                -504.0,
                -374.0,
                -369.0,
                -85.0,
                -440.0,
                -366.0,
                -379.0,
                -364.0,
                -524.0,
                -466.0,
                -449.0,
                -438.0,
                -472.0,
                -470.0,
                -426.0,
                -311.0,
                -258.0,
                -568.0,
                -438.0,
                -352.0,
                -464.0,
                -433.0,
                -384.0,
                -355.0,
                -376.0,
                -515.0,
                -360.0,
                -425.0,
                -479.0,
                -439.0,
                -390.0,
                -386.0,
                -346.0,
                -327.0,
                -412.0,
                -332.0,
                -418.0,
                -400.0,
                -437.0,
                -461.0,
                -489.0,
                -376.0,
                -342.0,
                -468.0,
                -416.0,
                -584.0,
                -466.0,
                -356.0,
                -477.0,
                -441.0,
                -463.0,
                -425.0,
                -522.0,
                -554.0,
                -529.0,
                -334.0,
                -286.0,
                -353.0,
                -446.0,
                -419.0,
                -531.0,
                -500.0,
                -428.0,
                -629.0,
                -577.0,
                -545.0,
                -392.0,
                -561.0,
                -187.0,
                -554.0,
                -269.0,
                -376.0
            ],