{
    "custom_metrics": {},
    "episode_media": {},
    "info": {
        "learner": {
            "policy_0": {
                "learner_stats": {
                    "allreduce_latency": 0.0,
                    "grad_gnorm": 5.2172698974609375,
                    "cur_kl_coeff": 0.2031524195039019,
                    "cur_lr": 5e-05,
                    "total_loss": 2.018286139676065,
                    "policy_loss": -0.06453919574674784,
                    "vf_loss": 2.0836824400858447,
                    "vf_explained_var": 0.07960061665737268,
                    "kl": 0.00831080728873184,
                    "entropy": 0.25454761444619206,
                    "entropy_coeff": 0.01
                },
                "model": {},
                "custom_metrics": {},
                "num_agent_steps_trained": 121.18181818181819,
                "num_grad_updates_lifetime": 328515.5,
                "diff_num_grad_updates_vs_sampler_policy": 164.5
            },
            "policy_1": {
                "learner_stats": {
                    "allreduce_latency": 0.0,
                    "grad_gnorm": 2.6830077171325684,
                    "cur_kl_coeff": 0.19243383854627605,
                    "cur_lr": 5e-05,
                    "total_loss": 1.6008114131111086,
                    "policy_loss": -0.059002395595818984,
                    "vf_loss": 1.6828436517354213,
                    "vf_explained_var": 0.004149734070806792,
                    "kl": 0.008945578571014337,
                    "entropy": 0.4950255544799747,
                    "entropy_coeff": 0.04999999999999999
                },
                "model": {},
                "custom_metrics": {},
                "num_agent_steps_trained": 121.36363636363636,
                "num_grad_updates_lifetime": 328515.5,
                "diff_num_grad_updates_vs_sampler_policy": 164.5
            },
            "policy_2": {
                "learner_stats": {
                    "allreduce_latency": 0.0,
                    "grad_gnorm": 2.5461857318878174,
                    "cur_kl_coeff": 0.3796875000000002,
                    "cur_lr": 5e-05,
                    "total_loss": 3.6841721672000305,
                    "policy_loss": -0.10112673967060717,
                    "vf_loss": 3.899361616192442,
                    "vf_explained_var": 0.020822445912794633,
                    "kl": 0.014594846958471804,
                    "entropy": 1.1960421524264595,
                    "entropy_coeff": 0.09999999999999998
                },
                "model": {},
                "custom_metrics": {},
                "num_agent_steps_trained": 121.0909090909091,
                "num_grad_updates_lifetime": 328515.5,
                "diff_num_grad_updates_vs_sampler_policy": 164.5
            }
        },
        "num_env_steps_sampled": 3984000,
        "num_env_steps_trained": 3984000,
        "num_agent_steps_sampled": 3983998,
        "num_agent_steps_trained": 3983998
    },
    "env_runners": {
        "episode_reward_max": -68.0,
        "episode_reward_min": -621.0,
        "episode_reward_mean": -402.74,
        "episode_len_mean": 671.44,
        "episode_media": {},
        "episodes_timesteps_total": 67144,
        "policy_reward_min": {
            "policy_0": -415.0,
            "policy_1": -380.0,
            "policy_2": -360.0
        },
        "policy_reward_max": {
            "policy_0": 9.0,
            "policy_1": -2.0,
            "policy_2": -3.0
        },
        "policy_reward_mean": {
            "policy_0": -101.55,
            "policy_1": -123.94,
            "policy_2": -177.25
        },
        "custom_metrics": {},
        "hist_stats": {
            "episode_reward": [
                -614.0,
                -68.0,
                -408.0,
                -384.0,
                -421.0,
                -166.0,
                -321.0,
                -258.0,
                -386.0,
                -398.0,
                -419.0,
                -480.0,
                -559.0,
                -445.0,
                -562.0,
                -621.0,
                -223.0,
                -456.0,
                -376.0,
                -473.0,
                -476.0,
                -474.0,
                -509.0,
                -382.0,
                -483.0,
                -457.0,
                -335.0,
                -213.0,
                -530.0,
                -335.0,
                -424.0,
                -352.0,
                -442.0,
                -353.0,
                -307.0,
                -584.0,
                -308.0,
                -284.0,
                -340.0,
                -530.0,
                -498.0,
                -496.0,
                -294.0,
                -239.0,
                -235.0,
                -500.0,
                -156.0,
                -376.0,
                -503.0,
                -358.0,
                -133.0,
                -153.0,
                -571.0,
                -467.0,
                -398.0,
                -504.0,
                -469.0,
                -426.0,
                -312.0,
                -342.0,
                -587.0,
                -441.0,
                -285.0,
                -578.0,
                -392.0,
                -335.0,
                -586.0,
                -374.0,
                -454.0,
                -254.0,
                -387.0,
                -438.0,
                -299.0,
                -393.0,
                -346.0,
                -496.0,
                -412.0,
                -532.0,
                -291.0,
                -565.0,
                -522.0,
                -604.0,
                -576.0,
                -425.0,
                -460.0,
                -80.0,
                -474.0,
                -310.0,
                -369.0,
                -448.0,
                -568.0,
                -478.0,
                -397.0,
                -509.0,
                -323.0,
                -252.0,
                -197.0,
                -477.0,
                -193.0,
                -581.0
            ],