{
    "custom_metrics": {},
    "episode_media": {},
    "info": {
        "learner": {
            "policy_0": {
                "learner_stats": {
                    "allreduce_latency": 0.0,
                    "grad_gnorm": 1.7449923753738403,
                    "cur_kl_coeff": 0.2565784513950349,
                    "cur_lr": 5e-05,
                    "total_loss": 9.656612014770507,
                    "policy_loss": -0.1010117017600516,
                    "vf_loss": 9.763379695198752,
                    "vf_explained_var": 0.04858023000485969,
                    "kl": 0.018838281841576508,
                    "entropy": 1.058946353377718,
                    "entropy_coeff": 0.01
                },
                "model": {},
                "custom_metrics": {},
                "num_agent_steps_trained": 121.18181818181819,
                "num_grad_updates_lifetime": 135465.5,
                "diff_num_grad_updates_vs_sampler_policy": 164.5
            },
            "policy_1": {
                "learner_stats": {
                    "allreduce_latency": 0.0,
                    "grad_gnorm": 1.7845510244369507,
                    "cur_kl_coeff": 0.4500000000000002,
                    "cur_lr": 5e-05,
                    "total_loss": 9.601857795137347,
                    "policy_loss": -0.09270764660146652,
                    "vf_loss": 9.750011322715066,
                    "vf_explained_var": -0.003964143268989794,
                    "kl": 0.01194535832290681,
                    "entropy": 1.2164258974971194,
                    "entropy_coeff": 0.04999999999999999
                },
                "model": {},
                "custom_metrics": {},
                "num_agent_steps_trained": 121.54545454545455,
                "num_grad_updates_lifetime": 135465.5,
                "diff_num_grad_updates_vs_sampler_policy": 164.5
            },
            "policy_2": {
                "learner_stats": {
                    "allreduce_latency": 0.0,
                    "grad_gnorm": 1.9995810985565186,
                    "cur_kl_coeff": 0.3,
                    "cur_lr": 5e-05,
                    "total_loss": 8.399423303026142,
                    "policy_loss": -0.09672561640653646,
                    "vf_loss": 8.630568200891668,
                    "vf_explained_var": -0.010492255109729188,
                    "kl": 0.015917905656773323,
                    "entropy": 1.3919465321483033,
                    "entropy_coeff": 0.09999999999999998
                },
                "model": {},
                "custom_metrics": {},
                "num_agent_steps_trained": 120.9090909090909,
                "num_grad_updates_lifetime": 135465.5,
                "diff_num_grad_updates_vs_sampler_policy": 164.5
            }
        },
        "num_env_steps_sampled": 1644000,
        "num_env_steps_trained": 1644000,
        "num_agent_steps_sampled": 1643998,
        "num_agent_steps_trained": 1643998
    },
    "env_runners": {
        "episode_reward_max": -187.0,
        "episode_reward_min": -640.0,
        "episode_reward_mean": -443.78,
        "episode_len_mean": 390.96,
        "episode_media": {},
        "episodes_timesteps_total": 39096,
        "policy_reward_min": {
            "policy_2": -450.0,
            "policy_0": -415.0,
            "policy_1": -390.0
        },
        "policy_reward_max": {
            "policy_2": -23.0,
            "policy_0": -3.0,
            "policy_1": -13.0
        },
        "policy_reward_mean": {
            "policy_2": -173.31,
            "policy_0": -143.56,
            "policy_1": -126.91
        },
        "custom_metrics": {},
        "hist_stats": {
            "episode_reward": [
                -383.0,
                -488.0,
                -423.0,
                -478.0,
                -428.0,
                -380.0,
                -420.0,
                -488.0,
                -438.0,
                -640.0,
                -509.0,
                -520.0,
                -187.0,
                -380.0,
                -448.0,
                -465.0,
                -553.0,
                -495.0,
                -211.0,
                -495.0,
                -509.0,
                -598.0,
                -481.0,
                -446.0,
                -438.0,
                -190.0,
                -357.0,
                -526.0,
                -315.0,
                -462.0,
                -375.0,
                -348.0,
                -490.0,
                -492.0,
                -448.0,
                -456.0,
                -458.0,
                -208.0,
                -400.0,
                -455.0,
                -492.0,
                -414.0,
                -510.0,
                -434.0,
                -460.0,
                -625.0,
                -515.0,
                -402.0,
                -550.0,
                -368.0,
                -329.0,
                -311.0,
                -465.0,
                -481.0,
                -622.0,
                -393.0,
                -520.0,
                -299.0,
                -563.0,
                -455.0,
                -397.0,
                -526.0,
                -496.0,
                -550.0,
                -491.0,
                -432.0,
                -308.0,
                -497.0,
                -519.0,
                -371.0,
                -528.0,
                -326.0,
                -568.0,
                -361.0,
                -507.0,
                -449.0,
                -241.0,
                -326.0,
                -444.0,
                -389.0,
                -508.0,
                -432.0,
                -474.0,
                -469.0,
                -431.0,
                -424.0,
                -299.0,
                -368.0,
                -382.0,
                -385.0,
                -549.0,
                -323.0,
                -521.0,
                -610.0,
                -559.0,
                -478.0,
                -491.0,
                -513.0,
                -414.0,
                -533.0
            ],