{
    "custom_metrics": {},
    "episode_media": {},
    "info": {
        "learner": {
            "policy_0": {
                "learner_stats": {
                    "allreduce_latency": 0.0,
                    "grad_gnorm": 4.765870571136475,
                    "cur_kl_coeff": 0.2082981499743051,
                    "cur_lr": 5e-05,
                    "total_loss": 5.250565640854113,
                    "policy_loss": -0.05867510189189378,
                    "vf_loss": 5.310777110041994,
                    "vf_explained_var": 0.013697861180160986,
                    "kl": 0.009740049377824285,
                    "entropy": 0.3565215415123737,
                    "entropy_coeff": 0.01
                },
                "model": {},
                "custom_metrics": {},
                "num_agent_steps_trained": 121.18181818181819,
                "num_grad_updates_lifetime": 241065.5,
                "diff_num_grad_updates_vs_sampler_policy": 164.5
            },
            "policy_1": {
                "learner_stats": {
                    "allreduce_latency": 0.0,
                    "grad_gnorm": 2.9668056964874268,
                    "cur_kl_coeff": 0.4805419921874998,
                    "cur_lr": 5e-05,
                    "total_loss": 4.709077697811705,
                    "policy_loss": -0.07041153501733348,
                    "vf_loss": 4.81078831282529,
                    "vf_explained_var": -0.00044036579854560623,
                    "kl": 0.008236489478211689,
                    "entropy": 0.7051412472219178,
                    "entropy_coeff": 0.04999999999999999
                },
                "model": {},
                "custom_metrics": {},
                "num_agent_steps_trained": 121.45454545454545,
                "num_grad_updates_lifetime": 241065.5,
                "diff_num_grad_updates_vs_sampler_policy": 164.5
            },
            "policy_2": {
                "learner_stats": {
                    "allreduce_latency": 0.0,
                    "grad_gnorm": 2.6302528381347656,
                    "cur_kl_coeff": 0.3796875000000002,
                    "cur_lr": 5e-05,
                    "total_loss": 5.350370363755659,
                    "policy_loss": -0.1016276960289388,
                    "vf_loss": 5.561872413664153,
                    "vf_explained_var": 0.0032818899010166975,
                    "kl": 0.015725600656999936,
                    "entropy": 1.158452036525264,
                    "entropy_coeff": 0.09999999999999998
                },
                "model": {},
                "custom_metrics": {},
                "num_agent_steps_trained": 121.0,
                "num_grad_updates_lifetime": 241065.5,
                "diff_num_grad_updates_vs_sampler_policy": 164.5
            }
        },
        "num_env_steps_sampled": 2924000,
        "num_env_steps_trained": 2924000,
        "num_agent_steps_sampled": 2923998,
        "num_agent_steps_trained": 2923998
    },
    "env_runners": {
        "episode_reward_max": -140.0,
        "episode_reward_min": -652.0,
        "episode_reward_mean": -405.94,
        "episode_len_mean": 473.24,
        "episode_media": {},
        "episodes_timesteps_total": 47324,
        "policy_reward_min": {
            "policy_1": -370.0,
            "policy_2": -385.0,
            "policy_0": -345.0
        },
        "policy_reward_max": {
            "policy_1": -7.0,
            "policy_2": -24.0,
            "policy_0": 6.0
        },
        "policy_reward_mean": {
            "policy_1": -115.98,
            "policy_2": -189.6,
            "policy_0": -100.36
        },
        "custom_metrics": {},
        "hist_stats": {
            "episode_reward": [
                -186.0,
                -239.0,
                -377.0,
                -424.0,
                -441.0,
                -355.0,
                -451.0,
                -519.0,
                -407.0,
                -534.0,
                -348.0,
                -384.0,
                -217.0,
                -616.0,
                -466.0,
                -395.0,
                -371.0,
                -466.0,
                -306.0,
                -477.0,
                -307.0,
                -402.0,
                -515.0,
                -538.0,
                -445.0,
                -346.0,
                -444.0,
                -652.0,
                -523.0,
                -393.0,
                -362.0,
                -592.0,
                -609.0,
                -471.0,
                -438.0,
                -524.0,
                -476.0,
                -543.0,
                -450.0,
                -323.0,
                -266.0,
                -584.0,
                -511.0,
                -265.0,
                -319.0,
                -414.0,
                -325.0,
                -378.0,
                -469.0,
                -411.0,
                -516.0,
                -361.0,
                -293.0,
                -330.0,
                -504.0,
                -315.0,
                -493.0,
                -274.0,
                -348.0,
                -535.0,
                -314.0,
                -371.0,
                -500.0,
                -638.0,
                -367.0,
                -309.0,
                -200.0,
                -551.0,
                -418.0,
                -374.0,
                -544.0,
                -460.0,
                -436.0,
                -391.0,
                -459.0,
                -140.0,
                -316.0,
                -233.0,
                -248.0,
                -425.0,
                -219.0,
                -487.0,
                -410.0,
                -416.0,
                -425.0,
                -303.0,
                -294.0,
                -509.0,
                -274.0,
                -482.0,
                -425.0,
                -258.0,
                -394.0,
                -336.0,
                -443.0,
                -213.0,
                -415.0,
                -410.0,
                -417.0,
                -527.0
            ],