{
    "custom_metrics": {},
    "episode_media": {},
    "info": {
        "learner": {
            "policy_0": {
                "learner_stats": {
                    "allreduce_latency": 0.0,
                    "grad_gnorm": 2.777050018310547,
                    "cur_kl_coeff": 0.19999999999999996,
                    "cur_lr": 5e-05,
                    "total_loss": 8.161827630707712,
                    "policy_loss": -0.06239419262856245,
                    "vf_loss": 8.23349524266792,
                    "vf_explained_var": 0.060448924519798976,
                    "kl": 0.01230528227352985,
                    "entropy": 1.1734427546009873,
                    "entropy_coeff": 0.01
                },
                "model": {},
                "custom_metrics": {},
                "num_agent_steps_trained": 121.54545454545455,
                "num_grad_updates_lifetime": 15015.5,
                "diff_num_grad_updates_vs_sampler_policy": 164.5
            },
            "policy_1": {
                "learner_stats": {
                    "allreduce_latency": 0.0,
                    "grad_gnorm": 1.7264435291290283,
                    "cur_kl_coeff": 0.19999999999999996,
                    "cur_lr": 5e-05,
                    "total_loss": 7.658616604949489,
                    "policy_loss": -0.0797910312416427,
                    "vf_loss": 7.8001655737559,
                    "vf_explained_var": 0.004696281931617043,
                    "kl": 0.01550076763026285,
                    "entropy": 1.2971613212065263,
                    "entropy_coeff": 0.04999999999999999
                },
                "model": {},
                "custom_metrics": {},
                "num_agent_steps_trained": 121.0,
                "num_grad_updates_lifetime": 15015.5,
                "diff_num_grad_updates_vs_sampler_policy": 164.5
            },
            "policy_2": {
                "learner_stats": {
                    "allreduce_latency": 0.0,
                    "grad_gnorm": 2.125429391860962,
                    "cur_kl_coeff": 0.19999999999999996,
                    "cur_lr": 5e-05,
                    "total_loss": 6.374449636719444,
                    "policy_loss": -0.06406370734048047,
                    "vf_loss": 6.5750292763565525,
                    "vf_explained_var": 0.0030696247563217626,
                    "kl": 0.013679703117329176,
                    "entropy": 1.3925189032699123,
                    "entropy_coeff": 0.09999999999999998
                },
                "model": {},
                "custom_metrics": {},
                "num_agent_steps_trained": 121.0909090909091,
                "num_grad_updates_lifetime": 15015.5,
                "diff_num_grad_updates_vs_sampler_policy": 164.5
            }
        },
        "num_env_steps_sampled": 184000,
        "num_env_steps_trained": 184000,
        "num_agent_steps_sampled": 183998,
        "num_agent_steps_trained": 183998
    },
    "env_runners": {
        "episode_reward_max": -216.0,
        "episode_reward_min": -613.0,
        "episode_reward_mean": -420.97,
        "episode_len_mean": 362.98,
        "episode_media": {},
        "episodes_timesteps_total": 36298,
        "policy_reward_min": {
            "policy_2": -390.0,
            "policy_0": -320.0,
            "policy_1": -415.0
        },
        "policy_reward_max": {
            "policy_2": 0.0,
            "policy_0": -10.0,
            "policy_1": -13.0
        },
        "policy_reward_mean": {
            "policy_2": -162.94,
            "policy_0": -122.93,
            "policy_1": -135.1
        },
        "custom_metrics": {},
        "hist_stats": {
            "episode_reward": [
                -431.0,
                -316.0,
                -410.0,
                -320.0,
                -450.0,
                -316.0,
                -310.0,
                -315.0,
                -501.0,
                -449.0,
                -427.0,
                -449.0,
                -446.0,
                -488.0,
                -315.0,
                -344.0,
                -554.0,
                -416.0,
                -388.0,
                -334.0,
                -458.0,
                -374.0,
                -315.0,
                -444.0,
                -429.0,
                -434.0,
                -356.0,
                -434.0,
                -373.0,
                -599.0,
                -349.0,
                -482.0,
                -487.0,
                -567.0,
                -517.0,
                -503.0,
                -466.0,
                -545.0,
                -472.0,
                -328.0,
                -613.0,
                -520.0,
                -362.0,
                -435.0,
                -292.0,
                -331.0,
                -436.0,
                -522.0,
                -402.0,
                -491.0,
                -385.0,
                -419.0,
                -273.0,
                -521.0,
                -452.0,
                -292.0,
                -382.0,
                -333.0,
                -452.0,
                -295.0,
                -529.0,
                -345.0,
                -551.0,
                -409.0,
                -336.0,
                -375.0,
                -445.0,
                -403.0,
                -324.0,
                -216.0,
                -462.0,
                -464.0,
                -437.0,
                -462.0,
                -559.0,
                -366.0,
                -483.0,
                -398.0,
                -408.0,
                -354.0,
                -401.0,
                -499.0,
                -506.0,
                -424.0,
                -506.0,
                -346.0,
                -426.0,
                -455.0,
                -301.0,
                -468.0,
                -580.0,
                -460.0,
                -269.0,
                -234.0,
                -433.0,
                -505.0,
                -433.0,
                -585.0,
                -365.0,
                -456.0
            ],