{
    "custom_metrics": {},
    "episode_media": {},
    "info": {
        "learner": {
            "policy_0": {
                "learner_stats": {
                    "allreduce_latency": 0.0,
                    "grad_gnorm": 3.275520086288452,
                    "cur_kl_coeff": 0.2847656249999999,
                    "cur_lr": 5e-05,
                    "total_loss": 7.7239158529223815,
                    "policy_loss": -0.07212664277987753,
                    "vf_loss": 7.800878049388077,
                    "vf_explained_var": 0.03651398655140039,
                    "kl": 0.011597972250291636,
                    "entropy": 0.8138255437215169,
                    "entropy_coeff": 0.01
                },
                "model": {},
                "custom_metrics": {},
                "num_agent_steps_trained": 121.27272727272727,
                "num_grad_updates_lifetime": 74415.5,
                "diff_num_grad_updates_vs_sampler_policy": 164.5
            },
            "policy_1": {
                "learner_stats": {
                    "allreduce_latency": 0.0,
                    "grad_gnorm": 2.7047338485717773,
                    "cur_kl_coeff": 0.3,
                    "cur_lr": 5e-05,
                    "total_loss": 7.718506385340835,
                    "policy_loss": -0.0812415317725743,
                    "vf_loss": 7.856887418573553,
                    "vf_explained_var": -0.0020566127517006615,
                    "kl": 0.015327266579953074,
                    "entropy": 1.2347537730679368,
                    "entropy_coeff": 0.04999999999999999
                },
                "model": {},
                "custom_metrics": {},
                "num_agent_steps_trained": 121.36363636363636,
                "num_grad_updates_lifetime": 74415.5,
                "diff_num_grad_updates_vs_sampler_policy": 164.5
            },
            "policy_2": {
                "learner_stats": {
                    "allreduce_latency": 0.0,
                    "grad_gnorm": 1.7741936445236206,
                    "cur_kl_coeff": 0.19999999999999996,
                    "cur_lr": 5e-05,
                    "total_loss": 7.234559153065537,
                    "policy_loss": -0.08371418544345281,
                    "vf_loss": 7.454074742577292,
                    "vf_explained_var": 0.0010077751044071082,
                    "kl": 0.013064186094252915,
                    "entropy": 1.3841422904621472,
                    "entropy_coeff": 0.09999999999999998
                },
                "model": {},
                "custom_metrics": {},
                "num_agent_steps_trained": 121.0,
                "num_grad_updates_lifetime": 74415.5,
                "diff_num_grad_updates_vs_sampler_policy": 164.5
            }
        },
        "num_env_steps_sampled": 904000,
        "num_env_steps_trained": 904000,
        "num_agent_steps_sampled": 903998,
        "num_agent_steps_trained": 903998
    },
    "env_runners": {
        "episode_reward_max": -158.0,
        "episode_reward_min": -644.0,
        "episode_reward_mean": -434.94,
        "episode_len_mean": 376.34,
        "episode_media": {},
        "episodes_timesteps_total": 37634,
        "policy_reward_min": {
            "policy_2": -420.0,
            "policy_0": -360.0,
            "policy_1": -355.0
        },
        "policy_reward_max": {
            "policy_2": -34.0,
            "policy_0": 0.0,
            "policy_1": -10.0
        },
        "policy_reward_mean": {
            "policy_2": -172.98,
            "policy_0": -135.87,
            "policy_1": -126.09
        },
        "custom_metrics": {},
        "hist_stats": {
            "episode_reward": [
                -508.0,
                -535.0,
                -439.0,
                -457.0,
                -340.0,
                -275.0,
                -506.0,
                -553.0,
                -383.0,
                -445.0,
                -393.0,
                -378.0,
                -373.0,
                -482.0,
                -450.0,
                -506.0,
                -412.0,
                -453.0,
                -377.0,
                -202.0,
                -541.0,
                -494.0,
                -472.0,
                -345.0,
                -353.0,
                -445.0,
                -367.0,
                -561.0,
                -588.0,
                -322.0,
                -384.0,
                -312.0,
                -441.0,
                -506.0,
                -549.0,
                -461.0,
                -402.0,
                -532.0,
                -497.0,
                -445.0,
                -404.0,
                -322.0,
                -511.0,
                -603.0,
                -456.0,
                -504.0,
                -509.0,
                -386.0,
                -281.0,
                -403.0,
                -311.0,
                -406.0,
                -336.0,
                -426.0,
                -236.0,
                -536.0,
                -285.0,
                -478.0,
                -308.0,
                -311.0,
                -466.0,
                -483.0,
                -614.0,
                -523.0,
                -644.0,
                -317.0,
                -449.0,
                -158.0,
                -377.0,
                -431.0,
                -379.0,
                -356.0,
                -524.0,
                -323.0,
                -485.0,
                -498.0,
                -453.0,
                -386.0,
                -323.0,
                -474.0,
                -563.0,
                -496.0,
                -533.0,
                -406.0,
                -267.0,
                -515.0,
                -393.0,
                -485.0,
                -440.0,
                -408.0,
                -449.0,
                -406.0,
                -511.0,
                -560.0,
                -520.0,
                -550.0,
                -434.0,
                -423.0,
                -474.0,
                -502.0
            ],