{
    "custom_metrics": {},
    "episode_media": {},
    "info": {
        "learner": {
            "policy_0": {
                "learner_stats": {
                    "allreduce_latency": 0.0,
                    "grad_gnorm": 1.4640862941741943,
                    "cur_kl_coeff": 0.3,
                    "cur_lr": 5e-05,
                    "total_loss": 8.761902083772602,
                    "policy_loss": -0.07241926697774254,
                    "vf_loss": 8.839136614943996,
                    "vf_explained_var": 0.03484149864225677,
                    "kl": 0.015046652595135357,
                    "entropy": 0.9329270803567135,
                    "entropy_coeff": 0.01
                },
                "model": {},
                "custom_metrics": {},
                "num_agent_steps_trained": 121.0,
                "num_grad_updates_lifetime": 33165.5,
                "diff_num_grad_updates_vs_sampler_policy": 164.5
            },
            "policy_1": {
                "learner_stats": {
                    "allreduce_latency": 0.0,
                    "grad_gnorm": 3.7864575386047363,
                    "cur_kl_coeff": 0.19999999999999996,
                    "cur_lr": 5e-05,
                    "total_loss": 8.265128924629906,
                    "policy_loss": -0.07483560552707676,
                    "vf_loss": 8.399654381202929,
                    "vf_explained_var": -0.00811519893732938,
                    "kl": 0.01130105329962578,
                    "entropy": 1.2390011220267325,
                    "entropy_coeff": 0.04999999999999999
                },
                "model": {},
                "custom_metrics": {},
                "num_agent_steps_trained": 121.81818181818181,
                "num_grad_updates_lifetime": 33165.5,
                "diff_num_grad_updates_vs_sampler_policy": 164.5
            },
            "policy_2": {
                "learner_stats": {
                    "allreduce_latency": 0.0,
                    "grad_gnorm": 4.037710666656494,
                    "cur_kl_coeff": 0.19999999999999996,
                    "cur_lr": 5e-05,
                    "total_loss": 7.893819287329009,
                    "policy_loss": -0.07848544984378598,
                    "vf_loss": 8.10865031444665,
                    "vf_explained_var": -0.012062360843022665,
                    "kl": 0.011785424472694785,
                    "entropy": 1.3870264486833053,
                    "entropy_coeff": 0.09999999999999998
                },
                "model": {},
                "custom_metrics": {},
                "num_agent_steps_trained": 120.81818181818181,
                "num_grad_updates_lifetime": 33165.5,
                "diff_num_grad_updates_vs_sampler_policy": 164.5
            }
        },
        "num_env_steps_sampled": 404000,
        "num_env_steps_trained": 404000,
        "num_agent_steps_sampled": 403998,
        "num_agent_steps_trained": 403998
    },
    "env_runners": {
        "episode_reward_max": -203.0,
        "episode_reward_min": -652.0,
        "episode_reward_mean": -419.54,
        "episode_len_mean": 361.1,
        "episode_media": {},
        "episodes_timesteps_total": 36110,
        "policy_reward_min": {
            "policy_1": -390.0,
            "policy_2": -445.0,
            "policy_0": -420.0
        },
        "policy_reward_max": {
            "policy_1": -17.0,
            "policy_2": -19.0,
            "policy_0": -3.0
        },
        "policy_reward_mean": {
            "policy_1": -118.41,
            "policy_2": -178.39,
            "policy_0": -122.74
        },
        "custom_metrics": {},
        "hist_stats": {
            "episode_reward": [
                -458.0,
                -412.0,
                -606.0,
                -350.0,
                -423.0,
                -452.0,
                -429.0,
                -263.0,
                -263.0,
                -576.0,
                -456.0,
                -282.0,
                -537.0,
                -411.0,
                -512.0,
                -421.0,
                -407.0,
                -482.0,
                -449.0,
                -270.0,
                -415.0,
                -441.0,
                -323.0,
                -382.0,
                -308.0,
                -347.0,
                -277.0,
                -368.0,
                -602.0,
                -408.0,
                -305.0,
                -403.0,
                -438.0,
                -493.0,
                -442.0,
                -421.0,
                -301.0,
                -355.0,
                -593.0,
                -351.0,
                -430.0,
                -363.0,
                -307.0,
                -581.0,
                -368.0,
                -441.0,
                -494.0,
                -522.0,
                -526.0,
                -508.0,
                -454.0,
                -483.0,
                -463.0,
                -436.0,
                -318.0,
                -514.0,
                -433.0,
                -471.0,
                -354.0,
                -262.0,
                -481.0,
                -257.0,
                -489.0,
                -395.0,
                -429.0,
                -544.0,
                -494.0,
                -251.0,
                -203.0,
                -391.0,
                -464.0,
                -394.0,
                -514.0,
                -304.0,
                -359.0,
                -400.0,
                -390.0,
                -238.0,
                -326.0,
                -386.0,
                -509.0,
                -453.0,
                -319.0,
                -437.0,
                -453.0,
                -385.0,
                -404.0,
                -269.0,
                -513.0,
                -462.0,
                -402.0,
                -524.0,
                -470.0,
                -463.0,
                -505.0,
                -456.0,
                -588.0,
                -458.0,
                -363.0,
                -652.0
            ],