{
    "custom_metrics": {},
    "episode_media": {},
    "info": {
        "learner": {
            "policy_0": {
                "learner_stats": {
                    "allreduce_latency": 0.0,
                    "grad_gnorm": 6.159114360809326,
                    "cur_kl_coeff": 0.2140206559382671,
                    "cur_lr": 5e-05,
                    "total_loss": 6.231418034524628,
                    "policy_loss": -0.08184508324008097,
                    "vf_loss": 6.313673111886689,
                    "vf_explained_var": 0.016747631990548337,
                    "kl": 0.021760466600232127,
                    "entropy": 0.5067185363986275,
                    "entropy_coeff": 0.01
                },
                "model": {},
                "custom_metrics": {},
                "num_agent_steps_trained": 121.45454545454545,
                "num_grad_updates_lifetime": 308715.5,
                "diff_num_grad_updates_vs_sampler_policy": 164.5
            },
            "policy_1": {
                "learner_stats": {
                    "allreduce_latency": 0.0,
                    "grad_gnorm": 2.9834237098693848,
                    "cur_kl_coeff": 0.22806973457336427,
                    "cur_lr": 5e-05,
                    "total_loss": 5.9630852988272,
                    "policy_loss": -0.0695895345013758,
                    "vf_loss": 6.070820227536288,
                    "vf_explained_var": 0.0005246734980380896,
                    "kl": 0.011618356411722156,
                    "entropy": 0.8159035980701447,
                    "entropy_coeff": 0.04999999999999999
                },
                "model": {},
                "custom_metrics": {},
                "num_agent_steps_trained": 121.27272727272727,
                "num_grad_updates_lifetime": 308715.5,
                "diff_num_grad_updates_vs_sampler_policy": 164.5
            },
            "policy_2": {
                "learner_stats": {
                    "allreduce_latency": 0.0,
                    "grad_gnorm": 2.9441945552825928,
                    "cur_kl_coeff": 0.3796875000000002,
                    "cur_lr": 5e-05,
                    "total_loss": 5.85613309542338,
                    "policy_loss": -0.10780439218153444,
                    "vf_loss": 6.083190435351748,
                    "vf_explained_var": -0.005235259821920684,
                    "kl": 0.015379927096621173,
                    "entropy": 1.2509249488512675,
                    "entropy_coeff": 0.09999999999999998
                },
                "model": {},
                "custom_metrics": {},
                "num_agent_steps_trained": 120.9090909090909,
                "num_grad_updates_lifetime": 308715.5,
                "diff_num_grad_updates_vs_sampler_policy": 164.5
            }
        },
        "num_env_steps_sampled": 3744000,
        "num_env_steps_trained": 3744000,
        "num_agent_steps_sampled": 3743998,
        "num_agent_steps_trained": 3743998
    },
    "env_runners": {
        "episode_reward_max": -104.0,
        "episode_reward_min": -681.0,
        "episode_reward_mean": -419.21,
        "episode_len_mean": 401.06,
        "episode_media": {},
        "episodes_timesteps_total": 40106,
        "policy_reward_min": {
            "policy_1": -425.0,
            "policy_2": -430.0,
            "policy_0": -335.0
        },
        "policy_reward_max": {
            "policy_1": -4.0,
            "policy_2": -27.0,
            "policy_0": 9.0
        },
        "policy_reward_mean": {
            "policy_1": -127.23,
            "policy_2": -190.93,
            "policy_0": -101.05
        },
        "custom_metrics": {},
        "hist_stats": {
            "episode_reward": [
                -401.0,
                -441.0,
                -166.0,
                -427.0,
                -469.0,
                -422.0,
                -390.0,
                -497.0,
                -556.0,
                -502.0,
                -104.0,
                -466.0,
                -492.0,
                -434.0,
                -378.0,
                -560.0,
                -425.0,
                -468.0,
                -537.0,
                -378.0,
                -442.0,
                -308.0,
                -543.0,
                -544.0,
                -603.0,
                -344.0,
                -399.0,
                -496.0,
                -563.0,
                -265.0,
                -433.0,
                -385.0,
                -342.0,
                -232.0,
                -548.0,
                -455.0,
                -259.0,
                -450.0,
                -316.0,
                -555.0,
                -404.0,
                -166.0,
                -305.0,
                -271.0,
                -547.0,
                -453.0,
                -488.0,
                -506.0,
                -422.0,
                -452.0,
                -515.0,
                -536.0,
                -341.0,
                -390.0,
                -472.0,
                -260.0,
                -604.0,
                -373.0,
                -441.0,
                -553.0,
                -628.0,
                -330.0,
                -481.0,
                -300.0,
                -396.0,
                -391.0,
                -461.0,
                -548.0,
                -275.0,
                -304.0,
                -490.0,
                -333.0,
                -436.0,
                -681.0,
                -429.0,
                -127.0,
                -445.0,
                -350.0,
                -484.0,
                -404.0,
                -436.0,
                -376.0,
                -561.0,
                -334.0,
                -310.0,
                -521.0,
                -457.0,
                -110.0,
                -447.0,
                -157.0,
                -351.0,
                -439.0,
                -431.0,
                -420.0,
                -469.0,
                -579.0,
                -524.0,
                -534.0,
                -251.0,
                -427.0
            ],