{
    "custom_metrics": {},
    "episode_media": {},
    "info": {
        "learner": {
            "policy_0": {
                "learner_stats": {
                    "allreduce_latency": 0.0,
                    "grad_gnorm": 1.9017541408538818,
                    "cur_kl_coeff": 0.2886507578194141,
                    "cur_lr": 5e-05,
                    "total_loss": 9.40650053024292,
                    "policy_loss": -0.08671217314108755,
                    "vf_loss": 9.498533352938566,
                    "vf_explained_var": 0.005527178085211551,
                    "kl": 0.01380643777023681,
                    "entropy": 0.9305881370197643,
                    "entropy_coeff": 0.01
                },
                "model": {},
                "custom_metrics": {},
                "num_agent_steps_trained": 121.0909090909091,
                "num_grad_updates_lifetime": 143715.5,
                "diff_num_grad_updates_vs_sampler_policy": 164.5
            },
            "policy_1": {
                "learner_stats": {
                    "allreduce_latency": 0.0,
                    "grad_gnorm": 2.7246835231781006,
                    "cur_kl_coeff": 0.50625,
                    "cur_lr": 5e-05,
                    "total_loss": 8.151759709733906,
                    "policy_loss": -0.09736179010977855,
                    "vf_loss": 8.299195169680047,
                    "vf_explained_var": -0.00020239515738053755,
                    "kl": 0.014717437473670783,
                    "entropy": 1.150486787882718,
                    "entropy_coeff": 0.04999999999999999
                },
                "model": {},
                "custom_metrics": {},
                "num_agent_steps_trained": 121.72727272727273,
                "num_grad_updates_lifetime": 143715.5,
                "diff_num_grad_updates_vs_sampler_policy": 164.5
            },
            "policy_2": {
                "learner_stats": {
                    "allreduce_latency": 0.0,
                    "grad_gnorm": 2.001138687133789,
                    "cur_kl_coeff": 0.4500000000000002,
                    "cur_lr": 5e-05,
                    "total_loss": 9.019738405401057,
                    "policy_loss": -0.09427905218132461,
                    "vf_loss": 9.2428435903607,
                    "vf_explained_var": 0.0011927174799370042,
                    "kl": 0.011771358810218596,
                    "entropy": 1.3412325342496236,
                    "entropy_coeff": 0.09999999999999998
                },
                "model": {},
                "custom_metrics": {},
                "num_agent_steps_trained": 120.81818181818181,
                "num_grad_updates_lifetime": 143715.5,
                "diff_num_grad_updates_vs_sampler_policy": 164.5
            }
        },
        "num_env_steps_sampled": 1744000,
        "num_env_steps_trained": 1744000,
        "num_agent_steps_sampled": 1743998,
        "num_agent_steps_trained": 1743998
    },
    "env_runners": {
        "episode_reward_max": -181.0,
        "episode_reward_min": -719.0,
        "episode_reward_mean": -414.35,
        "episode_len_mean": 480.14,
        "episode_media": {},
        "episodes_timesteps_total": 48014,
        "policy_reward_min": {
            "policy_2": -410.0,
            "policy_0": -395.0,
            "policy_1": -445.0
        },
        "policy_reward_max": {
            "policy_2": -8.0,
            "policy_0": -6.0,
            "policy_1": -20.0
        },
        "policy_reward_mean": {
            "policy_2": -156.51,
            "policy_0": -117.33,
            "policy_1": -140.51
        },
        "custom_metrics": {},
        "hist_stats": {
            "episode_reward": [
                -258.0,
                -405.0,
                -356.0,
                -512.0,
                -508.0,
                -507.0,
                -537.0,
                -501.0,
                -343.0,
                -334.0,
                -400.0,
                -398.0,
                -250.0,
                -480.0,
                -196.0,
                -486.0,
                -228.0,
                -459.0,
                -240.0,
                -436.0,
                -308.0,
                -279.0,
                -497.0,
                -489.0,
                -463.0,
                -463.0,
                -439.0,
                -461.0,
                -395.0,
                -526.0,
                -582.0,
                -291.0,
                -584.0,
                -238.0,
                -460.0,
                -538.0,
                -350.0,
                -420.0,
                -282.0,
                -579.0,
                -371.0,
                -453.0,
                -506.0,
                -278.0,
                -381.0,
                -440.0,
                -507.0,
                -461.0,
                -676.0,
                -324.0,
                -299.0,
                -218.0,
                -482.0,
                -476.0,
                -416.0,
                -485.0,
                -532.0,
                -423.0,
                -276.0,
                -719.0,
                -522.0,
                -186.0,
                -250.0,
                -333.0,
                -242.0,
                -504.0,
                -258.0,
                -343.0,
                -560.0,
                -468.0,
                -457.0,
                -489.0,
                -293.0,
                -357.0,
                -365.0,
                -181.0,
                -300.0,
                -380.0,
                -346.0,
                -568.0,
                -281.0,
                -575.0,
                -407.0,
                -414.0,
                -468.0,
                -309.0,
                -383.0,
                -569.0,
                -581.0,
                -491.0,
                -606.0,
                -467.0,
                -423.0,
                -303.0,
                -485.0,
                -278.0,
                -476.0,
                -388.0,
                -454.0,
                -474.0
            ],