{
    "custom_metrics": {},
    "episode_media": {},
    "info": {
        "learner": {
            "policy_0": {
                "learner_stats": {
                    "allreduce_latency": 0.0,
                    "grad_gnorm": 8.148391723632812,
                    "cur_kl_coeff": 0.16458125430068557,
                    "cur_lr": 5e-05,
                    "total_loss": 3.5799399751605407,
                    "policy_loss": -0.07123623339346412,
                    "vf_loss": 3.652132346052112,
                    "vf_explained_var": 0.0032475070519880815,
                    "kl": 0.008752123986010222,
                    "entropy": 0.2396592318560138,
                    "entropy_coeff": 0.01
                },
                "model": {},
                "custom_metrics": {},
                "num_agent_steps_trained": 121.45454545454545,
                "num_grad_updates_lifetime": 227865.5,
                "diff_num_grad_updates_vs_sampler_policy": 164.5
            },
            "policy_1": {
                "learner_stats": {
                    "allreduce_latency": 0.0,
                    "grad_gnorm": 2.3884940147399902,
                    "cur_kl_coeff": 0.4271484375,
                    "cur_lr": 5e-05,
                    "total_loss": 2.2204108261700832,
                    "policy_loss": -0.07735439047330257,
                    "vf_loss": 2.334615504741669,
                    "vf_explained_var": -0.002721781080419367,
                    "kl": 0.009824014174243688,
                    "entropy": 0.8209319147196683,
                    "entropy_coeff": 0.04999999999999999
                },
                "model": {},
                "custom_metrics": {},
                "num_agent_steps_trained": 121.27272727272727,
                "num_grad_updates_lifetime": 227865.5,
                "diff_num_grad_updates_vs_sampler_policy": 164.5
            },
            "policy_2": {
                "learner_stats": {
                    "allreduce_latency": 0.0,
                    "grad_gnorm": 2.358105182647705,
                    "cur_kl_coeff": 0.3374999999999999,
                    "cur_lr": 5e-05,
                    "total_loss": 4.720550688107808,
                    "policy_loss": -0.08537743516746119,
                    "vf_loss": 4.928196227189266,
                    "vf_explained_var": 0.0016029780561273748,
                    "kl": 0.015227541057429936,
                    "entropy": 1.274074217406186,
                    "entropy_coeff": 0.09999999999999998
                },
                "model": {},
                "custom_metrics": {},
                "num_agent_steps_trained": 120.9090909090909,
                "num_grad_updates_lifetime": 227865.5,
                "diff_num_grad_updates_vs_sampler_policy": 164.5
            }
        },
        "num_env_steps_sampled": 2764000,
        "num_env_steps_trained": 2764000,
        "num_agent_steps_sampled": 2763998,
        "num_agent_steps_trained": 2763998
    },
    "env_runners": {
        "episode_reward_max": -170.0,
        "episode_reward_min": -611.0,
        "episode_reward_mean": -438.78,
        "episode_len_mean": 340.96,
        "episode_media": {},
        "episodes_timesteps_total": 34096,
        "policy_reward_min": {
            "policy_0": -365.0,
            "policy_1": -395.0,
            "policy_2": -420.0
        },
        "policy_reward_max": {
            "policy_0": 9.0,
            "policy_1": -7.0,
            "policy_2": -15.0
        },
        "policy_reward_mean": {
            "policy_0": -99.96,
            "policy_1": -152.68,
            "policy_2": -186.14
        },
        "custom_metrics": {},
        "hist_stats": {
            "episode_reward": [
                -397.0,
                -447.0,
                -336.0,
                -393.0,
                -401.0,
                -566.0,
                -507.0,
                -490.0,
                -334.0,
                -436.0,
                -471.0,
                -511.0,
                -432.0,
                -574.0,
                -490.0,
                -573.0,
                -450.0,
                -350.0,
                -523.0,
                -503.0,
                -532.0,
                -475.0,
                -577.0,
                -597.0,
                -494.0,
                -437.0,
                -376.0,
                -170.0,
                -326.0,
                -279.0,
                -318.0,
                -515.0,
                -172.0,
                -463.0,
                -521.0,
                -488.0,
                -405.0,
                -366.0,
                -359.0,
                -437.0,
                -480.0,
                -468.0,
                -558.0,
                -569.0,
                -451.0,
                -349.0,
                -567.0,
                -553.0,
                -322.0,
                -430.0,
                -524.0,
                -470.0,
                -284.0,
                -321.0,
                -392.0,
                -603.0,
                -376.0,
                -338.0,
                -440.0,
                -284.0,
                -179.0,
                -533.0,
                -473.0,
                -558.0,
                -611.0,
                -592.0,
                -388.0,
                -385.0,
                -438.0,
                -420.0,
                -547.0,
                -405.0,
                -299.0,
                -538.0,
                -383.0,
                -514.0,
                -498.0,
                -335.0,
                -436.0,
                -409.0,
                -413.0,
                -418.0,
                -406.0,
                -458.0,
                -472.0,
                -415.0,
                -474.0,
                -476.0,
                -355.0,
                -524.0,
                -350.0,
                -439.0,
                -329.0,
                -191.0,
                -312.0,
                -476.0,
                -539.0,
                -488.0,
                -542.0,
                -590.0
            ],