{
    "custom_metrics": {},
    "episode_media": {},
    "info": {
        "learner": {
            "policy_0": {
                "learner_stats": {
                    "allreduce_latency": 0.0,
                    "grad_gnorm": 6.036712646484375,
                    "cur_kl_coeff": 0.3082418004643842,
                    "cur_lr": 5e-05,
                    "total_loss": 5.623050004063231,
                    "policy_loss": -0.07366738351993263,
                    "vf_loss": 5.698774626038292,
                    "vf_explained_var": 0.033855760097503663,
                    "kl": 0.010719352000076027,
                    "entropy": 0.5361392511562868,
                    "entropy_coeff": 0.01
                },
                "model": {},
                "custom_metrics": {},
                "num_agent_steps_trained": 121.0,
                "num_grad_updates_lifetime": 201465.5,
                "diff_num_grad_updates_vs_sampler_policy": 164.5
            },
            "policy_1": {
                "learner_stats": {
                    "allreduce_latency": 0.0,
                    "grad_gnorm": 2.724543571472168,
                    "cur_kl_coeff": 0.3796875000000002,
                    "cur_lr": 5e-05,
                    "total_loss": 5.716968961917993,
                    "policy_loss": -0.08818191255435742,
                    "vf_loss": 5.849661423943259,
                    "vf_explained_var": -0.015794947291865494,
                    "kl": 0.014320726148231657,
                    "entropy": 0.9989591423309211,
                    "entropy_coeff": 0.04999999999999999
                },
                "model": {},
                "custom_metrics": {},
                "num_agent_steps_trained": 121.36363636363636,
                "num_grad_updates_lifetime": 201465.5,
                "diff_num_grad_updates_vs_sampler_policy": 164.5
            },
            "policy_2": {
                "learner_stats": {
                    "allreduce_latency": 0.0,
                    "grad_gnorm": 2.5571162700653076,
                    "cur_kl_coeff": 0.6749999999999998,
                    "cur_lr": 5e-05,
                    "total_loss": 6.3737636421666,
                    "policy_loss": -0.09139998421887867,
                    "vf_loss": 6.583566175807606,
                    "vf_explained_var": -0.008114820899385394,
                    "kl": 0.011563824602879622,
                    "entropy": 1.2620811773068976,
                    "entropy_coeff": 0.09999999999999998
                },
                "model": {},
                "custom_metrics": {},
                "num_agent_steps_trained": 121.27272727272727,
                "num_grad_updates_lifetime": 201465.5,
                "diff_num_grad_updates_vs_sampler_policy": 164.5
            }
        },
        "num_env_steps_sampled": 2444000,
        "num_env_steps_trained": 2444000,
        "num_agent_steps_sampled": 2443998,
        "num_agent_steps_trained": 2443998
    },
    "env_runners": {
        "episode_reward_max": -34.0,
        "episode_reward_min": -717.0,
        "episode_reward_mean": -435.95,
        "episode_len_mean": 457.4,
        "episode_media": {},
        "episodes_timesteps_total": 45740,
        "policy_reward_min": {
            "policy_2": -480.0,
            "policy_0": -395.0,
            "policy_1": -400.0
        },
        "policy_reward_max": {
            "policy_2": -5.0,
            "policy_0": 6.0,
            "policy_1": -13.0
        },
        "policy_reward_mean": {
            "policy_2": -183.56,
            "policy_0": -123.84,
            "policy_1": -128.55
        },
        "custom_metrics": {},
        "hist_stats": {
            "episode_reward": [
                -179.0,
                -114.0,
                -410.0,
                -510.0,
                -579.0,
                -500.0,
                -600.0,
                -494.0,
                -339.0,
                -404.0,
                -248.0,
                -416.0,
                -438.0,
                -360.0,
                -559.0,
                -417.0,
                -393.0,
                -461.0,
                -717.0,
                -504.0,
                -482.0,
                -384.0,
                -323.0,
                -407.0,
                -264.0,
                -644.0,
                -474.0,
                -377.0,
                -604.0,
                -34.0,
                -524.0,
                -337.0,
                -499.0,
                -358.0,
                -513.0,
                -355.0,
                -368.0,
                -551.0,
                -444.0,
                -417.0,
                -520.0,
                -423.0,
                -439.0,
                -335.0,
                -420.0,
                -301.0,
                -508.0,
                -407.0,
                -570.0,
                -559.0,
                -466.0,
                -520.0,
                -357.0,
                -332.0,
                -459.0,
                -449.0,
                -458.0,
                -469.0,
                -434.0,
                -483.0,
                -350.0,
                -341.0,
                -279.0,
                -535.0,
                -525.0,
                -444.0,
                -330.0,
                -705.0,
                -559.0,
                -344.0,
                -435.0,
                -465.0,
                -400.0,
                -516.0,
                -477.0,
                -294.0,
                -461.0,
                -424.0,
                -179.0,
                -512.0,
                -435.0,
                -372.0,
                -526.0,
                -505.0,
                -415.0,
                -402.0,
                -386.0,
                -497.0,
                -558.0,
                -424.0,
                -545.0,
                -448.0,
                -515.0,
                -525.0,
                -192.0,
                -688.0,
                -495.0,
                -459.0,
                -280.0,
                -443.0
            ],