{
    "custom_metrics": {},
    "episode_media": {},
    "info": {
        "learner": {
            "policy_0": {
                "learner_stats": {
                    "allreduce_latency": 0.0,
                    "grad_gnorm": 7.3599772453308105,
                    "cur_kl_coeff": 0.4109890672858455,
                    "cur_lr": 5e-05,
                    "total_loss": 4.618836990992228,
                    "policy_loss": -0.058622152955936285,
                    "vf_loss": 4.677816685040792,
                    "vf_explained_var": -0.03800149180672385,
                    "kl": 0.005313316007511856,
                    "entropy": 0.2541240368828629,
                    "entropy_coeff": 0.01
                },
                "model": {},
                "custom_metrics": {},
                "num_agent_steps_trained": 121.0909090909091,
                "num_grad_updates_lifetime": 183315.5,
                "diff_num_grad_updates_vs_sampler_policy": 164.5
            },
            "policy_1": {
                "learner_stats": {
                    "allreduce_latency": 0.0,
                    "grad_gnorm": 2.327909469604492,
                    "cur_kl_coeff": 0.7593750000000004,
                    "cur_lr": 5e-05,
                    "total_loss": 3.516649787353747,
                    "policy_loss": -0.06871983673931523,
                    "vf_loss": 3.617004726149819,
                    "vf_explained_var": -0.017479775710539384,
                    "kl": 0.006174578608661167,
                    "entropy": 0.7264783420346,
                    "entropy_coeff": 0.04999999999999999
                },
                "model": {},
                "custom_metrics": {},
                "num_agent_steps_trained": 121.27272727272727,
                "num_grad_updates_lifetime": 183315.5,
                "diff_num_grad_updates_vs_sampler_policy": 164.5
            },
            "policy_2": {
                "learner_stats": {
                    "allreduce_latency": 0.0,
                    "grad_gnorm": 1.7000553607940674,
                    "cur_kl_coeff": 0.4500000000000002,
                    "cur_lr": 5e-05,
                    "total_loss": 3.0591047713250825,
                    "policy_loss": -0.0707997114402877,
                    "vf_loss": 3.252298287189368,
                    "vf_explained_var": 0.0006221473217010498,
                    "kl": 0.009193190435888527,
                    "entropy": 1.2653075525254913,
                    "entropy_coeff": 0.09999999999999998
                },
                "model": {},
                "custom_metrics": {},
                "num_agent_steps_trained": 121.27272727272727,
                "num_grad_updates_lifetime": 183315.5,
                "diff_num_grad_updates_vs_sampler_policy": 164.5
            }
        },
        "num_env_steps_sampled": 2224000,
        "num_env_steps_trained": 2224000,
        "num_agent_steps_sampled": 2223998,
        "num_agent_steps_trained": 2223998
    },
    "env_runners": {
        "episode_reward_max": -83.0,
        "episode_reward_min": -627.0,
        "episode_reward_mean": -414.79,
        "episode_len_mean": 417.12,
        "episode_media": {},
        "episodes_timesteps_total": 41712,
        "policy_reward_min": {
            "policy_0": -405.0,
            "policy_1": -400.0,
            "policy_2": -430.0
        },
        "policy_reward_max": {
            "policy_0": 0.0,
            "policy_1": -9.0,
            "policy_2": 0.0
        },
        "policy_reward_mean": {
            "policy_0": -109.08,
            "policy_1": -137.17,
            "policy_2": -168.54
        },
        "custom_metrics": {},
        "hist_stats": {
            "episode_reward": [
                -592.0,
                -135.0,
                -464.0,
                -551.0,
                -627.0,
                -589.0,
                -376.0,
                -445.0,
                -464.0,
                -473.0,
                -420.0,
                -165.0,
                -448.0,
                -427.0,
                -226.0,
                -424.0,
                -357.0,
                -320.0,
                -584.0,
                -100.0,
                -366.0,
                -473.0,
                -511.0,
                -459.0,
                -487.0,
                -161.0,
                -510.0,
                -421.0,
                -443.0,
                -539.0,
                -440.0,
                -445.0,
                -306.0,
                -238.0,
                -389.0,
                -499.0,
                -423.0,
                -290.0,
                -591.0,
                -284.0,
                -357.0,
                -207.0,
                -460.0,
                -412.0,
                -468.0,
                -482.0,
                -404.0,
                -523.0,
                -370.0,
                -355.0,
                -533.0,
                -368.0,
                -310.0,
                -576.0,
                -424.0,
                -395.0,
                -525.0,
                -396.0,
                -396.0,
                -508.0,
                -514.0,
                -208.0,
                -448.0,
                -485.0,
                -264.0,
                -474.0,
                -311.0,
                -515.0,
                -334.0,
                -444.0,
                -83.0,
                -435.0,
                -449.0,
                -467.0,
                -518.0,
                -447.0,
                -433.0,
                -287.0,
                -389.0,
                -494.0,
                -495.0,
                -352.0,
                -417.0,
                -369.0,
                -475.0,
                -246.0,
                -403.0,
                -338.0,
                -339.0,
                -588.0,
                -394.0,
                -599.0,
                -567.0,
                -518.0,
                -291.0,
                -423.0,
                -179.0,
                -529.0,
                -419.0,
                -608.0
            ],