{
    "custom_metrics": {},
    "episode_media": {},
    "info": {
        "learner": {
            "policy_0": {
                "learner_stats": {
                    "allreduce_latency": 0.0,
                    "grad_gnorm": 4.415074348449707,
                    "cur_kl_coeff": 0.3,
                    "cur_lr": 5e-05,
                    "total_loss": 4.749586155920317,
                    "policy_loss": -0.062255282877859745,
                    "vf_loss": 4.813262369415977,
                    "vf_explained_var": -0.0014348075245365951,
                    "kl": 0.008139731038351626,
                    "entropy": 0.38628413632060543,
                    "entropy_coeff": 0.01
                },
                "model": {},
                "custom_metrics": {},
                "num_agent_steps_trained": 121.0909090909091,
                "num_grad_updates_lifetime": 49665.5,
                "diff_num_grad_updates_vs_sampler_policy": 164.5
            },
            "policy_1": {
                "learner_stats": {
                    "allreduce_latency": 0.0,
                    "grad_gnorm": 2.274055004119873,
                    "cur_kl_coeff": 0.19999999999999996,
                    "cur_lr": 5e-05,
                    "total_loss": 8.453758374127474,
                    "policy_loss": -0.0754340604342746,
                    "vf_loss": 8.583707858576918,
                    "vf_explained_var": -0.012573975505250874,
                    "kl": 0.016224073642333983,
                    "entropy": 1.1552049197933891,
                    "entropy_coeff": 0.04999999999999999
                },
                "model": {},
                "custom_metrics": {},
                "num_agent_steps_trained": 121.18181818181819,
                "num_grad_updates_lifetime": 49665.5,
                "diff_num_grad_updates_vs_sampler_policy": 164.5
            },
            "policy_2": {
                "learner_stats": {
                    "allreduce_latency": 0.0,
                    "grad_gnorm": 3.6416563987731934,
                    "cur_kl_coeff": 0.19999999999999996,
                    "cur_lr": 5e-05,
                    "total_loss": 4.980273785013141,
                    "policy_loss": -0.07193072611222637,
                    "vf_loss": 5.171182758880384,
                    "vf_explained_var": -0.012359939380125567,
                    "kl": 0.012242862691308982,
                    "entropy": 1.2142683841965416,
                    "entropy_coeff": 0.09999999999999998
                },
                "model": {},
                "custom_metrics": {},
                "num_agent_steps_trained": 121.36363636363636,
                "num_grad_updates_lifetime": 49665.5,
                "diff_num_grad_updates_vs_sampler_policy": 164.5
            }
        },
        "num_env_steps_sampled": 604000,
        "num_env_steps_trained": 604000,
        "num_agent_steps_sampled": 603998,
        "num_agent_steps_trained": 603998
    },
    "env_runners": {
        "episode_reward_max": -137.0,
        "episode_reward_min": -646.0,
        "episode_reward_mean": -437.6,
        "episode_len_mean": 339.92,
        "episode_media": {},
        "episodes_timesteps_total": 33992,
        "policy_reward_min": {
            "policy_1": -430.0,
            "policy_2": -460.0,
            "policy_0": -410.0
        },
        "policy_reward_max": {
            "policy_1": -4.0,
            "policy_2": -25.0,
            "policy_0": -2.0
        },
        "policy_reward_mean": {
            "policy_1": -133.18,
            "policy_2": -164.72,
            "policy_0": -139.7
        },
        "custom_metrics": {},
        "hist_stats": {
            "episode_reward": [
                -395.0,
                -454.0,
                -279.0,
                -429.0,
                -381.0,
                -357.0,
                -593.0,
                -531.0,
                -533.0,
                -418.0,
                -549.0,
                -362.0,
                -410.0,
                -524.0,
                -305.0,
                -526.0,
                -405.0,
                -481.0,
                -254.0,
                -526.0,
                -482.0,
                -556.0,
                -442.0,
                -431.0,
                -422.0,
                -560.0,
                -443.0,
                -517.0,
                -342.0,
                -551.0,
                -444.0,
                -369.0,
                -484.0,
                -398.0,
                -559.0,
                -509.0,
                -427.0,
                -398.0,
                -380.0,
                -431.0,
                -298.0,
                -429.0,
                -501.0,
                -490.0,
                -597.0,
                -524.0,
                -452.0,
                -561.0,
                -418.0,
                -464.0,
                -462.0,
                -418.0,
                -500.0,
                -267.0,
                -401.0,
                -380.0,
                -584.0,
                -480.0,
                -464.0,
                -504.0,
                -503.0,
                -433.0,
                -430.0,
                -379.0,
                -331.0,
                -137.0,
                -474.0,
                -424.0,
                -511.0,
                -335.0,
                -308.0,
                -482.0,
                -465.0,
                -382.0,
                -471.0,
                -409.0,
                -175.0,
                -512.0,
                -646.0,
                -421.0,
                -630.0,
                -348.0,
                -426.0,
                -344.0,
                -422.0,
                -444.0,
                -404.0,
                -375.0,
                -475.0,
                -421.0,
                -486.0,
                -355.0,
                -149.0,
                -428.0,
                -588.0,
                -485.0,
                -587.0,
                -300.0,
                -398.0,
                -416.0
            ],