{
    "custom_metrics": {},
    "episode_media": {},
    "info": {
        "learner": {
            "policy_0": {
                "learner_stats": {
                    "allreduce_latency": 0.0,
                    "grad_gnorm": 1.7084994316101074,
                    "cur_kl_coeff": 0.1300395095709121,
                    "cur_lr": 5e-05,
                    "total_loss": 0.03197345525029849,
                    "policy_loss": -4.172977060079574e-06,
                    "vf_loss": 0.032075201130161685,
                    "vf_explained_var": -0.7657162653677392,
                    "kl": 6.143144774089083e-05,
                    "entropy": 0.010556144989095628,
                    "entropy_coeff": 0.01
                },
                "model": {},
                "custom_metrics": {},
                "num_agent_steps_trained": 121.18181818181819,
                "num_grad_updates_lifetime": 209715.5,
                "diff_num_grad_updates_vs_sampler_policy": 164.5
            },
            "policy_1": {
                "learner_stats": {
                    "allreduce_latency": 0.0,
                    "grad_gnorm": 3.3334438800811768,
                    "cur_kl_coeff": 0.4271484375,
                    "cur_lr": 5e-05,
                    "total_loss": 0.27134191822542836,
                    "policy_loss": -0.06484269825741648,
                    "vf_loss": 0.3537900054432226,
                    "vf_explained_var": 0.13262511871077798,
                    "kl": 0.01692683043522684,
                    "entropy": 0.4967131459351742,
                    "entropy_coeff": 0.04999999999999999
                },
                "model": {},
                "custom_metrics": {},
                "num_agent_steps_trained": 121.27272727272727,
                "num_grad_updates_lifetime": 209715.5,
                "diff_num_grad_updates_vs_sampler_policy": 164.5
            },
            "policy_2": {
                "learner_stats": {
                    "allreduce_latency": 0.0,
                    "grad_gnorm": 4.099415302276611,
                    "cur_kl_coeff": 0.3374999999999999,
                    "cur_lr": 5e-05,
                    "total_loss": 0.2185376240236854,
                    "policy_loss": -0.09405978587738266,
                    "vf_loss": 0.42037284101049105,
                    "vf_explained_var": 0.3555195584441676,
                    "kl": 0.018980088416056654,
                    "entropy": 1.1418121153658087,
                    "entropy_coeff": 0.09999999999999998
                },
                "model": {},
                "custom_metrics": {},
                "num_agent_steps_trained": 121.18181818181819,
                "num_grad_updates_lifetime": 209715.5,
                "diff_num_grad_updates_vs_sampler_policy": 164.5
            }
        },
        "num_env_steps_sampled": 2544000,
        "num_env_steps_trained": 2544000,
        "num_agent_steps_sampled": 2543998,
        "num_agent_steps_trained": 2543998
    },
    "env_runners": {
        "episode_reward_max": -157.0,
        "episode_reward_min": -655.0,
        "episode_reward_mean": -446.59,
        "episode_len_mean": 387.24,
        "episode_media": {},
        "episodes_timesteps_total": 38724,
        "policy_reward_min": {
            "policy_1": -380.0,
            "policy_2": -435.0,
            "policy_0": -370.0
        },
        "policy_reward_max": {
            "policy_1": -16.0,
            "policy_2": -22.0,
            "policy_0": 6.0
        },
        "policy_reward_mean": {
            "policy_1": -114.36,
            "policy_2": -201.83,
            "policy_0": -130.4
        },
        "custom_metrics": {},
        "hist_stats": {
            "episode_reward": [
                -471.0,
                -525.0,
                -399.0,
                -608.0,
                -412.0,
                -463.0,
                -547.0,
                -448.0,
                -600.0,
                -361.0,
                -442.0,
                -157.0,
                -241.0,
                -183.0,
                -502.0,
                -602.0,
                -440.0,
                -593.0,
                -442.0,
                -525.0,
                -498.0,
                -355.0,
                -330.0,
                -357.0,
                -541.0,
                -591.0,
                -534.0,
                -482.0,
                -465.0,
                -341.0,
                -323.0,
                -435.0,
                -538.0,
                -481.0,
                -475.0,
                -498.0,
                -526.0,
                -388.0,
                -248.0,
                -518.0,
                -530.0,
                -351.0,
                -428.0,
                -475.0,
                -373.0,
                -545.0,
                -391.0,
                -468.0,
                -517.0,
                -326.0,
                -582.0,
                -437.0,
                -500.0,
                -460.0,
                -432.0,
                -479.0,
                -385.0,
                -556.0,
                -455.0,
                -372.0,
                -447.0,
                -655.0,
                -295.0,
                -450.0,
                -458.0,
                -366.0,
                -475.0,
                -498.0,
                -447.0,
                -637.0,
                -460.0,
                -415.0,
                -287.0,
                -596.0,
                -506.0,
                -526.0,
                -184.0,
                -481.0,
                -450.0,
                -253.0,
                -379.0,
                -454.0,
                -534.0,
                -516.0,
                -515.0,
                -349.0,
                -491.0,
                -562.0,
                -558.0,
                -454.0,
                -539.0,
                -472.0,
                -490.0,
                -230.0,
                -283.0,
                -261.0,
                -378.0,
                -400.0,
                -493.0,
                -468.0
            ],