{
    "custom_metrics": {},
    "episode_media": {},
    "info": {
        "learner": {
            "policy_0": {
                "learner_stats": {
                    "allreduce_latency": 0.0,
                    "grad_gnorm": 4.1139817237854,
                    "cur_kl_coeff": 0.2847656249999999,
                    "cur_lr": 5e-05,
                    "total_loss": 5.298948188984033,
                    "policy_loss": -0.06466166465472656,
                    "vf_loss": 5.366082725380406,
                    "vf_explained_var": 0.0043484068278110384,
                    "kl": 0.012093016093008786,
                    "entropy": 0.5916545693621491,
                    "entropy_coeff": 0.01
                },
                "model": {},
                "custom_metrics": {},
                "num_agent_steps_trained": 121.0909090909091,
                "num_grad_updates_lifetime": 77715.5,
                "diff_num_grad_updates_vs_sampler_policy": 164.5
            },
            "policy_1": {
                "learner_stats": {
                    "allreduce_latency": 0.0,
                    "grad_gnorm": 2.855830430984497,
                    "cur_kl_coeff": 0.3,
                    "cur_lr": 5e-05,
                    "total_loss": 5.735709920074001,
                    "policy_loss": -0.06328665602945187,
                    "vf_loss": 5.8502606724247785,
                    "vf_explained_var": -0.02092001438140869,
                    "kl": 0.009816129074830902,
                    "entropy": 1.0841789617682949,
                    "entropy_coeff": 0.04999999999999999
                },
                "model": {},
                "custom_metrics": {},
                "num_agent_steps_trained": 121.54545454545455,
                "num_grad_updates_lifetime": 77715.5,
                "diff_num_grad_updates_vs_sampler_policy": 164.5
            },
            "policy_2": {
                "learner_stats": {
                    "allreduce_latency": 0.0,
                    "grad_gnorm": 2.039531946182251,
                    "cur_kl_coeff": 0.19999999999999996,
                    "cur_lr": 5e-05,
                    "total_loss": 6.906437855055838,
                    "policy_loss": -0.09143055823109479,
                    "vf_loss": 7.129926051515522,
                    "vf_explained_var": 0.006865511157295921,
                    "kl": 0.015186600061782173,
                    "entropy": 1.3509491248564287,
                    "entropy_coeff": 0.09999999999999998
                },
                "model": {},
                "custom_metrics": {},
                "num_agent_steps_trained": 121.0,
                "num_grad_updates_lifetime": 77715.5,
                "diff_num_grad_updates_vs_sampler_policy": 164.5
            }
        },
        "num_env_steps_sampled": 944000,
        "num_env_steps_trained": 944000,
        "num_agent_steps_sampled": 943998,
        "num_agent_steps_trained": 943998
    },
    "env_runners": {
        "episode_reward_max": -96.0,
        "episode_reward_min": -717.0,
        "episode_reward_mean": -425.97,
        "episode_len_mean": 405.86,
        "episode_media": {},
        "episodes_timesteps_total": 40586,
        "policy_reward_min": {
            "policy_2": -420.0,
            "policy_0": -435.0,
            "policy_1": -375.0
        },
        "policy_reward_max": {
            "policy_2": -3.0,
            "policy_0": -1.0,
            "policy_1": -15.0
        },
        "policy_reward_mean": {
            "policy_2": -162.39,
            "policy_0": -127.18,
            "policy_1": -136.4
        },
        "custom_metrics": {},
        "hist_stats": {
            "episode_reward": [
                -170.0,
                -425.0,
                -525.0,
                -404.0,
                -426.0,
                -490.0,
                -355.0,
                -439.0,
                -242.0,
                -451.0,
                -485.0,
                -457.0,
                -283.0,
                -332.0,
                -479.0,
                -401.0,
                -509.0,
                -409.0,
                -441.0,
                -351.0,
                -382.0,
                -439.0,
                -490.0,
                -379.0,
                -368.0,
                -127.0,
                -356.0,
                -370.0,
                -438.0,
                -527.0,
                -610.0,
                -390.0,
                -338.0,
                -457.0,
                -477.0,
                -504.0,
                -429.0,
                -373.0,
                -570.0,
                -378.0,
                -543.0,
                -475.0,
                -454.0,
                -464.0,
                -483.0,
                -367.0,
                -717.0,
                -210.0,
                -521.0,
                -457.0,
                -287.0,
                -581.0,
                -416.0,
                -490.0,
                -558.0,
                -488.0,
                -316.0,
                -547.0,
                -425.0,
                -96.0,
                -374.0,
                -362.0,
                -424.0,
                -527.0,
                -415.0,
                -531.0,
                -393.0,
                -454.0,
                -458.0,
                -381.0,
                -470.0,
                -424.0,
                -423.0,
                -294.0,
                -343.0,
                -458.0,
                -429.0,
                -473.0,
                -297.0,
                -601.0,
                -430.0,
                -222.0,
                -297.0,
                -380.0,
                -512.0,
                -417.0,
                -497.0,
                -519.0,
                -410.0,
                -433.0,
                -424.0,
                -522.0,
                -534.0,
                -415.0,
                -461.0,
                -472.0,
                -587.0,
                -518.0,
                -234.0,
                -411.0
            ],