{
    "custom_metrics": {},
    "episode_media": {},
    "info": {
        "learner": {
            "policy_0": {
                "learner_stats": {
                    "allreduce_latency": 0.0,
                    "grad_gnorm": 2.1188950538635254,
                    "cur_kl_coeff": 0.4008361256164345,
                    "cur_lr": 5e-05,
                    "total_loss": 8.920643319505634,
                    "policy_loss": -0.0830929143671793,
                    "vf_loss": 9.004740498282693,
                    "vf_explained_var": -0.014345957113034798,
                    "kl": 0.015020252555970356,
                    "entropy": 0.7024904388369936,
                    "entropy_coeff": 0.01
                },
                "model": {},
                "custom_metrics": {},
                "num_agent_steps_trained": 121.63636363636364,
                "num_grad_updates_lifetime": 283965.5,
                "diff_num_grad_updates_vs_sampler_policy": 164.5
            },
            "policy_1": {
                "learner_stats": {
                    "allreduce_latency": 0.0,
                    "grad_gnorm": 2.206674575805664,
                    "cur_kl_coeff": 0.40545730590820295,
                    "cur_lr": 5e-05,
                    "total_loss": 7.406603469270649,
                    "policy_loss": -0.09768447060081543,
                    "vf_loss": 7.548796558380127,
                    "vf_explained_var": -0.00822396892489809,
                    "kl": 0.016059643977729698,
                    "entropy": 1.0204015506036355,
                    "entropy_coeff": 0.04999999999999999
                },
                "model": {},
                "custom_metrics": {},
                "num_agent_steps_trained": 121.27272727272727,
                "num_grad_updates_lifetime": 283965.5,
                "diff_num_grad_updates_vs_sampler_policy": 164.5
            },
            "policy_2": {
                "learner_stats": {
                    "allreduce_latency": 0.0,
                    "grad_gnorm": 1.9576987028121948,
                    "cur_kl_coeff": 0.3796875000000002,
                    "cur_lr": 5e-05,
                    "total_loss": 8.402466078960535,
                    "policy_loss": -0.10185654794966632,
                    "vf_loss": 8.62047252221541,
                    "vf_explained_var": -0.01851226777741403,
                    "kl": 0.016583406342764076,
                    "entropy": 1.2244639454465924,
                    "entropy_coeff": 0.09999999999999998
                },
                "model": {},
                "custom_metrics": {},
                "num_agent_steps_trained": 120.72727272727273,
                "num_grad_updates_lifetime": 283965.5,
                "diff_num_grad_updates_vs_sampler_policy": 164.5
            }
        },
        "num_env_steps_sampled": 3444000,
        "num_env_steps_trained": 3444000,
        "num_agent_steps_sampled": 3443998,
        "num_agent_steps_trained": 3443998
    },
    "env_runners": {
        "episode_reward_max": -198.0,
        "episode_reward_min": -639.0,
        "episode_reward_mean": -431.78,
        "episode_len_mean": 476.16,
        "episode_media": {},
        "episodes_timesteps_total": 47616,
        "policy_reward_min": {
            "policy_1": -385.0,
            "policy_2": -450.0,
            "policy_0": -365.0
        },
        "policy_reward_max": {
            "policy_1": -17.0,
            "policy_2": -20.0,
            "policy_0": 4.0
        },
        "policy_reward_mean": {
            "policy_1": -148.63,
            "policy_2": -180.36,
            "policy_0": -102.79
        },
        "custom_metrics": {},
        "hist_stats": {
            "episode_reward": [
                -381.0,
                -389.0,
                -248.0,
                -200.0,
                -385.0,
                -620.0,
                -329.0,
                -465.0,
                -531.0,
                -514.0,
                -482.0,
                -523.0,
                -327.0,
                -427.0,
                -383.0,
                -442.0,
                -375.0,
                -454.0,
                -500.0,
                -413.0,
                -425.0,
                -383.0,
                -616.0,
                -518.0,
                -417.0,
                -534.0,
                -373.0,
                -252.0,
                -433.0,
                -515.0,
                -411.0,
                -535.0,
                -425.0,
                -290.0,
                -228.0,
                -461.0,
                -372.0,
                -436.0,
                -277.0,
                -333.0,
                -333.0,
                -198.0,
                -556.0,
                -268.0,
                -566.0,
                -355.0,
                -474.0,
                -366.0,
                -375.0,
                -324.0,
                -448.0,
                -474.0,
                -459.0,
                -611.0,
                -477.0,
                -324.0,
                -396.0,
                -639.0,
                -406.0,
                -448.0,
                -379.0,
                -478.0,
                -326.0,
                -454.0,
                -600.0,
                -535.0,
                -349.0,
                -485.0,
                -554.0,
                -423.0,
                -464.0,
                -355.0,
                -587.0,
                -484.0,
                -526.0,
                -481.0,
                -418.0,
                -327.0,
                -500.0,
                -397.0,
                -351.0,
                -482.0,
                -417.0,
                -393.0,
                -435.0,
                -349.0,
                -499.0,
                -459.0,
                -232.0,
                -478.0,
                -501.0,
                -590.0,
                -344.0,
                -558.0,
                -574.0,
                -424.0,
                -629.0,
                -208.0,
                -500.0,
                -514.0
            ],