{
    "custom_metrics": {},
    "episode_media": {},
    "info": {
        "learner": {
            "policy_0": {
                "learner_stats": {
                    "allreduce_latency": 0.0,
                    "grad_gnorm": 3.0172150135040283,
                    "cur_kl_coeff": 0.32103098390740054,
                    "cur_lr": 5e-05,
                    "total_loss": 2.8791455323045905,
                    "policy_loss": -0.05523016134446317,
                    "vf_loss": 2.9344963763699385,
                    "vf_explained_var": 0.005256971265330459,
                    "kl": 0.004927203927285614,
                    "entropy": 0.17024931293545348,
                    "entropy_coeff": 0.01
                },
                "model": {},
                "custom_metrics": {},
                "num_agent_steps_trained": 121.63636363636364,
                "num_grad_updates_lifetime": 310365.5,
                "diff_num_grad_updates_vs_sampler_policy": 164.5
            },
            "policy_1": {
                "learner_stats": {
                    "allreduce_latency": 0.0,
                    "grad_gnorm": 2.6364855766296387,
                    "cur_kl_coeff": 0.22806973457336427,
                    "cur_lr": 5e-05,
                    "total_loss": 2.478900264790564,
                    "policy_loss": -0.06873562366165446,
                    "vf_loss": 2.571802491310871,
                    "vf_explained_var": -0.010046041011810303,
                    "kl": 0.008548226615120443,
                    "entropy": 0.5223237201119915,
                    "entropy_coeff": 0.04999999999999999
                },
                "model": {},
                "custom_metrics": {},
                "num_agent_steps_trained": 121.18181818181819,
                "num_grad_updates_lifetime": 310365.5,
                "diff_num_grad_updates_vs_sampler_policy": 164.5
            },
            "policy_2": {
                "learner_stats": {
                    "allreduce_latency": 0.0,
                    "grad_gnorm": 2.6797051429748535,
                    "cur_kl_coeff": 0.3796875000000002,
                    "cur_lr": 5e-05,
                    "total_loss": 3.4722955841006655,
                    "policy_loss": -0.09566628044245369,
                    "vf_loss": 3.678975408004992,
                    "vf_explained_var": 0.0029528164502346152,
                    "kl": 0.015039042783716015,
                    "entropy": 1.167236640778455,
                    "entropy_coeff": 0.09999999999999998
                },
                "model": {},
                "custom_metrics": {},
                "num_agent_steps_trained": 120.81818181818181,
                "num_grad_updates_lifetime": 310365.5,
                "diff_num_grad_updates_vs_sampler_policy": 164.5
            }
        },
        "num_env_steps_sampled": 3764000,
        "num_env_steps_trained": 3764000,
        "num_agent_steps_sampled": 3763998,
        "num_agent_steps_trained": 3763998
    },
    "env_runners": {
        "episode_reward_max": -110.0,
        "episode_reward_min": -681.0,
        "episode_reward_mean": -403.39,
        "episode_len_mean": 496.84,
        "episode_media": {},
        "episodes_timesteps_total": 49684,
        "policy_reward_min": {
            "policy_0": -360.0,
            "policy_1": -425.0,
            "policy_2": -420.0
        },
        "policy_reward_max": {
            "policy_0": 9.0,
            "policy_1": -4.0,
            "policy_2": -27.0
        },
        "policy_reward_mean": {
            "policy_0": -114.62,
            "policy_1": -113.36,
            "policy_2": -175.41
        },
        "custom_metrics": {},
        "hist_stats": {
            "episode_reward": [
                -385.0,
                -342.0,
                -232.0,
                -548.0,
                -455.0,
                -259.0,
                -450.0,
                -316.0,
                -555.0,
                -404.0,
                -166.0,
                -305.0,
                -271.0,
                -547.0,
                -453.0,
                -488.0,
                -506.0,
                -422.0,
                -452.0,
                -515.0,
                -536.0,
                -341.0,
                -390.0,
                -472.0,
                -260.0,
                -604.0,
                -373.0,
                -441.0,
                -553.0,
                -628.0,
                -330.0,
                -481.0,
                -300.0,
                -396.0,
                -391.0,
                -461.0,
                -548.0,
                -275.0,
                -304.0,
                -490.0,
                -333.0,
                -436.0,
                -681.0,
                -429.0,
                -127.0,
                -445.0,
                -350.0,
                -484.0,
                -404.0,
                -436.0,
                -376.0,
                -561.0,
                -334.0,
                -310.0,
                -521.0,
                -457.0,
                -110.0,
                -447.0,
                -157.0,
                -351.0,
                -439.0,
                -431.0,
                -420.0,
                -469.0,
                -579.0,
                -524.0,
                -534.0,
                -251.0,
                -427.0,
                -309.0,
                -243.0,
                -243.0,
                -216.0,
                -208.0,
                -395.0,
                -430.0,
                -531.0,
                -410.0,
                -537.0,
                -443.0,
                -155.0,
                -612.0,
                -528.0,
                -521.0,
                -321.0,
                -202.0,
                -134.0,
                -265.0,
                -247.0,
                -491.0,
                -505.0,
                -443.0,
                -463.0,
                -221.0,
                -398.0,
                -511.0,
                -315.0,
                -468.0,
                -560.0,
                -546.0
            ],