{
    "custom_metrics": {},
    "episode_media": {},
    "info": {
        "learner": {
            "policy_0": {
                "learner_stats": {
                    "allreduce_latency": 0.0,
                    "grad_gnorm": 6.110836029052734,
                    "cur_kl_coeff": 0.07515677355308148,
                    "cur_lr": 5e-05,
                    "total_loss": 2.7202308123761956,
                    "policy_loss": -0.058797096153439,
                    "vf_loss": 2.781459699977528,
                    "vf_explained_var": 0.03282865809671807,
                    "kl": 0.00874131065527474,
                    "entropy": 0.30887616005810825,
                    "entropy_coeff": 0.01
                },
                "model": {},
                "custom_metrics": {},
                "num_agent_steps_trained": 121.45454545454545,
                "num_grad_updates_lifetime": 293865.5,
                "diff_num_grad_updates_vs_sampler_policy": 164.5
            },
            "policy_1": {
                "learner_stats": {
                    "allreduce_latency": 0.0,
                    "grad_gnorm": 3.5674235820770264,
                    "cur_kl_coeff": 0.30409297943115243,
                    "cur_lr": 5e-05,
                    "total_loss": 8.456727743148804,
                    "policy_loss": -0.08718334668541722,
                    "vf_loss": 8.574351695089629,
                    "vf_explained_var": -0.10964995116898507,
                    "kl": 0.01405482326955701,
                    "entropy": 0.6942916201822685,
                    "entropy_coeff": 0.04999999999999999
                },
                "model": {},
                "custom_metrics": {},
                "num_agent_steps_trained": 121.0909090909091,
                "num_grad_updates_lifetime": 293865.5,
                "diff_num_grad_updates_vs_sampler_policy": 164.5
            },
            "policy_2": {
                "learner_stats": {
                    "allreduce_latency": 0.0,
                    "grad_gnorm": 2.5852813720703125,
                    "cur_kl_coeff": 0.3796875000000002,
                    "cur_lr": 5e-05,
                    "total_loss": 5.834564550717672,
                    "policy_loss": -0.10621765271167863,
                    "vf_loss": 6.055077286922571,
                    "vf_explained_var": -0.004603239261742794,
                    "kl": 0.0184856254997929,
                    "entropy": 1.2131384668928205,
                    "entropy_coeff": 0.09999999999999998
                },
                "model": {},
                "custom_metrics": {},
                "num_agent_steps_trained": 121.0909090909091,
                "num_grad_updates_lifetime": 293865.5,
                "diff_num_grad_updates_vs_sampler_policy": 164.5
            }
        },
        "num_env_steps_sampled": 3564000,
        "num_env_steps_trained": 3564000,
        "num_agent_steps_sampled": 3563998,
        "num_agent_steps_trained": 3563998
    },
    "env_runners": {
        "episode_reward_max": -158.0,
        "episode_reward_min": -668.0,
        "episode_reward_mean": -418.13,
        "episode_len_mean": 461.58,
        "episode_media": {},
        "episodes_timesteps_total": 46158,
        "policy_reward_min": {
            "policy_0": -465.0,
            "policy_1": -440.0,
            "policy_2": -405.0
        },
        "policy_reward_max": {
            "policy_0": 0.0,
            "policy_1": -7.0,
            "policy_2": -17.0
        },
        "policy_reward_mean": {
            "policy_0": -99.14,
            "policy_1": -135.15,
            "policy_2": -183.84
        },
        "custom_metrics": {},
        "hist_stats": {
            "episode_reward": [
                -289.0,
                -306.0,
                -522.0,
                -430.0,
                -515.0,
                -613.0,
                -448.0,
                -320.0,
                -375.0,
                -434.0,
                -400.0,
                -438.0,
                -324.0,
                -369.0,
                -516.0,
                -544.0,
                -561.0,
                -656.0,
                -350.0,
                -374.0,
                -501.0,
                -393.0,
                -485.0,
                -401.0,
                -418.0,
                -328.0,
                -408.0,
                -215.0,
                -547.0,
                -544.0,
                -403.0,
                -668.0,
                -339.0,
                -310.0,
                -481.0,
                -507.0,
                -196.0,
                -474.0,
                -550.0,
                -283.0,
                -541.0,
                -522.0,
                -468.0,
                -478.0,
                -503.0,
                -417.0,
                -236.0,
                -374.0,
                -530.0,
                -274.0,
                -415.0,
                -560.0,
                -522.0,
                -463.0,
                -570.0,
                -406.0,
                -284.0,
                -412.0,
                -421.0,
                -436.0,
                -238.0,
                -487.0,
                -367.0,
                -211.0,
                -228.0,
                -331.0,
                -457.0,
                -587.0,
                -387.0,
                -437.0,
                -533.0,
                -335.0,
                -264.0,
                -174.0,
                -443.0,
                -517.0,
                -158.0,
                -433.0,
                -553.0,
                -354.0,
                -279.0,
                -538.0,
                -530.0,
                -183.0,
                -604.0,
                -483.0,
                -364.0,
                -523.0,
                -200.0,
                -461.0,
                -480.0,
                -589.0,
                -349.0,
                -267.0,
                -512.0,
                -269.0,
                -492.0,
                -353.0,
                -448.0,
                -328.0
            ],