{
    "custom_metrics": {},
    "episode_media": {},
    "info": {
        "learner": {
            "policy_0": {
                "learner_stats": {
                    "allreduce_latency": 0.0,
                    "grad_gnorm": 2.304591655731201,
                    "cur_kl_coeff": 0.19999999999999996,
                    "cur_lr": 5e-05,
                    "total_loss": 7.258966840397228,
                    "policy_loss": -0.0610693503044207,
                    "vf_loss": 7.330417826681426,
                    "vf_explained_var": 0.010688806121999567,
                    "kl": 0.00825894543363526,
                    "entropy": 1.2033416453636054,
                    "entropy_coeff": 0.01
                },
                "model": {},
                "custom_metrics": {},
                "num_agent_steps_trained": 121.45454545454545,
                "num_grad_updates_lifetime": 11715.5,
                "diff_num_grad_updates_vs_sampler_policy": 164.5
            },
            "policy_1": {
                "learner_stats": {
                    "allreduce_latency": 0.0,
                    "grad_gnorm": 1.2430484294891357,
                    "cur_kl_coeff": 0.19999999999999996,
                    "cur_lr": 5e-05,
                    "total_loss": 8.890716931314179,
                    "policy_loss": -0.07205733466698527,
                    "vf_loss": 9.024298191070557,
                    "vf_explained_var": 0.0102109741080891,
                    "kl": 0.0135795070072955,
                    "entropy": 1.2847966302524914,
                    "entropy_coeff": 0.04999999999999999
                },
                "model": {},
                "custom_metrics": {},
                "num_agent_steps_trained": 121.27272727272727,
                "num_grad_updates_lifetime": 11715.5,
                "diff_num_grad_updates_vs_sampler_policy": 164.5
            },
            "policy_2": {
                "learner_stats": {
                    "allreduce_latency": 0.0,
                    "grad_gnorm": 1.010804295539856,
                    "cur_kl_coeff": 0.19999999999999996,
                    "cur_lr": 5e-05,
                    "total_loss": 9.580547277855151,
                    "policy_loss": -0.059524188220684386,
                    "vf_loss": 9.782802891008782,
                    "vf_explained_var": -0.0007992424748160623,
                    "kl": 0.01078158551374538,
                    "entropy": 1.4488771164056027,
                    "entropy_coeff": 0.09999999999999998
                },
                "model": {},
                "custom_metrics": {},
                "num_agent_steps_trained": 120.9090909090909,
                "num_grad_updates_lifetime": 11715.5,
                "diff_num_grad_updates_vs_sampler_policy": 164.5
            }
        },
        "num_env_steps_sampled": 144000,
        "num_env_steps_trained": 144000,
        "num_agent_steps_sampled": 143998,
        "num_agent_steps_trained": 143998
    },
    "env_runners": {
        "episode_reward_max": -153.0,
        "episode_reward_min": -607.0,
        "episode_reward_mean": -435.86,
        "episode_len_mean": 310.44,
        "episode_media": {},
        "episodes_timesteps_total": 31044,
        "policy_reward_min": {
            "policy_1": -360.0,
            "policy_2": -435.0,
            "policy_0": -340.0
        },
        "policy_reward_max": {
            "policy_1": -13.0,
            "policy_2": -8.0,
            "policy_0": -13.0
        },
        "policy_reward_mean": {
            "policy_1": -125.35,
            "policy_2": -183.31,
            "policy_0": -127.2
        },
        "custom_metrics": {},
        "hist_stats": {
            "episode_reward": [
                -362.0,
                -572.0,
                -415.0,
                -571.0,
                -495.0,
                -463.0,
                -463.0,
                -573.0,
                -446.0,
                -306.0,
                -442.0,
                -440.0,
                -348.0,
                -371.0,
                -450.0,
                -562.0,
                -422.0,
                -344.0,
                -597.0,
                -440.0,
                -408.0,
                -495.0,
                -411.0,
                -458.0,
                -453.0,
                -548.0,
                -377.0,
                -567.0,
                -383.0,
                -453.0,
                -483.0,
                -516.0,
                -433.0,
                -440.0,
                -286.0,
                -487.0,
                -427.0,
                -529.0,
                -409.0,
                -360.0,
                -513.0,
                -378.0,
                -448.0,
                -511.0,
                -431.0,
                -422.0,
                -383.0,
                -265.0,
                -491.0,
                -429.0,
                -531.0,
                -452.0,
                -317.0,
                -451.0,
                -470.0,
                -253.0,
                -471.0,
                -354.0,
                -373.0,
                -561.0,
                -410.0,
                -413.0,
                -454.0,
                -291.0,
                -517.0,
                -425.0,
                -274.0,
                -471.0,
                -589.0,
                -579.0,
                -413.0,
                -400.0,
                -538.0,
                -303.0,
                -409.0,
                -379.0,
                -429.0,
                -384.0,
                -505.0,
                -569.0,
                -374.0,
                -486.0,
                -362.0,
                -430.0,
                -448.0,
                -414.0,
                -272.0,
                -355.0,
                -548.0,
                -387.0,
                -382.0,
                -396.0,
                -383.0,
                -153.0,
                -498.0,
                -525.0,
                -372.0,
                -599.0,
                -607.0,
                -334.0
            ],