{
    "custom_metrics": {},
    "episode_media": {},
    "info": {
        "learner": {
            "policy_0": {
                "learner_stats": {
                    "allreduce_latency": 0.0,
                    "grad_gnorm": 7.091429233551025,
                    "cur_kl_coeff": 0.4063048390078038,
                    "cur_lr": 5e-05,
                    "total_loss": 4.518430639758255,
                    "policy_loss": -0.06420741370688617,
                    "vf_loss": 4.581709518577114,
                    "vf_explained_var": 0.03658902970227328,
                    "kl": 0.012380606136379025,
                    "entropy": 0.41017644585985125,
                    "entropy_coeff": 0.01
                },
                "model": {},
                "custom_metrics": {},
                "num_agent_steps_trained": 121.18181818181819,
                "num_grad_updates_lifetime": 325215.5,
                "diff_num_grad_updates_vs_sampler_policy": 164.5
            },
            "policy_1": {
                "learner_stats": {
                    "allreduce_latency": 0.0,
                    "grad_gnorm": 2.5625803470611572,
                    "cur_kl_coeff": 0.3421046018600464,
                    "cur_lr": 5e-05,
                    "total_loss": 4.515117028265289,
                    "policy_loss": -0.0628790347498249,
                    "vf_loss": 4.609967160224914,
                    "vf_explained_var": 0.011924614870187008,
                    "kl": 0.008926697390419928,
                    "entropy": 0.7004995206088731,
                    "entropy_coeff": 0.04999999999999999
                },
                "model": {},
                "custom_metrics": {},
                "num_agent_steps_trained": 121.45454545454545,
                "num_grad_updates_lifetime": 325215.5,
                "diff_num_grad_updates_vs_sampler_policy": 164.5
            },
            "policy_2": {
                "learner_stats": {
                    "allreduce_latency": 0.0,
                    "grad_gnorm": 2.9521644115448,
                    "cur_kl_coeff": 0.3796875000000002,
                    "cur_lr": 5e-05,
                    "total_loss": 5.474833424163587,
                    "policy_loss": -0.10564756602556868,
                    "vf_loss": 5.6975609027978145,
                    "vf_explained_var": -0.02192325610103029,
                    "kl": 0.014946187223412788,
                    "entropy": 1.2275476795254332,
                    "entropy_coeff": 0.09999999999999998
                },
                "model": {},
                "custom_metrics": {},
                "num_agent_steps_trained": 121.0,
                "num_grad_updates_lifetime": 325215.5,
                "diff_num_grad_updates_vs_sampler_policy": 164.5
            }
        },
        "num_env_steps_sampled": 3944000,
        "num_env_steps_trained": 3944000,
        "num_agent_steps_sampled": 3943998,
        "num_agent_steps_trained": 3943998
    },
    "env_runners": {
        "episode_reward_max": -68.0,
        "episode_reward_min": -646.0,
        "episode_reward_mean": -405.5,
        "episode_len_mean": 558.4,
        "episode_media": {},
        "episodes_timesteps_total": 55840,
        "policy_reward_min": {
            "policy_2": -410.0,
            "policy_0": -420.0,
            "policy_1": -385.0
        },
        "policy_reward_max": {
            "policy_2": 5.0,
            "policy_0": -3.0,
            "policy_1": 0.0
        },
        "policy_reward_mean": {
            "policy_2": -159.83,
            "policy_0": -116.83,
            "policy_1": -128.84
        },
        "custom_metrics": {},
        "hist_stats": {
            "episode_reward": [
                -135.0,
                -182.0,
                -507.0,
                -646.0,
                -310.0,
                -476.0,
                -249.0,
                -403.0,
                -514.0,
                -603.0,
                -382.0,
                -484.0,
                -310.0,
                -177.0,
                -466.0,
                -406.0,
                -477.0,
                -470.0,
                -451.0,
                -393.0,
                -557.0,
                -406.0,
                -559.0,
                -555.0,
                -355.0,
                -521.0,
                -614.0,
                -344.0,
                -272.0,
                -592.0,
                -365.0,
                -477.0,
                -348.0,
                -134.0,
                -445.0,
                -391.0,
                -537.0,
                -446.0,
                -309.0,
                -597.0,
                -260.0,
                -499.0,
                -447.0,
                -176.0,
                -466.0,
                -455.0,
                -472.0,
                -347.0,
                -286.0,
                -294.0,
                -320.0,
                -235.0,
                -482.0,
                -261.0,
                -458.0,
                -368.0,
                -415.0,
                -614.0,
                -68.0,
                -408.0,
                -384.0,
                -421.0,
                -166.0,
                -321.0,
                -258.0,
                -386.0,
                -398.0,
                -419.0,
                -480.0,
                -559.0,
                -445.0,
                -562.0,
                -621.0,
                -223.0,
                -456.0,
                -376.0,
                -473.0,
                -476.0,
                -474.0,
                -509.0,
                -382.0,
                -483.0,
                -457.0,
                -335.0,
                -213.0,
                -530.0,
                -335.0,
                -424.0,
                -352.0,
                -442.0,
                -353.0,
                -307.0,
                -584.0,
                -308.0,
                -284.0,
                -340.0,
                -530.0,
                -498.0,
                -496.0,
                -294.0
            ],