{
    "custom_metrics": {},
    "episode_media": {},
    "info": {
        "learner": {
            "policy_0": {
                "learner_stats": {
                    "allreduce_latency": 0.0,
                    "grad_gnorm": 7.595324516296387,
                    "cur_kl_coeff": 0.18057992844791282,
                    "cur_lr": 5e-05,
                    "total_loss": 3.5910167087208142,
                    "policy_loss": -0.07969685267215193,
                    "vf_loss": 3.6719723491957694,
                    "vf_explained_var": 0.0303685800595717,
                    "kl": 0.012733786155603747,
                    "entropy": 0.35582564400904104,
                    "entropy_coeff": 0.01
                },
                "model": {},
                "custom_metrics": {},
                "num_agent_steps_trained": 121.0,
                "num_grad_updates_lifetime": 315315.5,
                "diff_num_grad_updates_vs_sampler_policy": 164.5
            },
            "policy_1": {
                "learner_stats": {
                    "allreduce_latency": 0.0,
                    "grad_gnorm": 3.009420871734619,
                    "cur_kl_coeff": 0.3421046018600464,
                    "cur_lr": 5e-05,
                    "total_loss": 5.1617664250460535,
                    "policy_loss": -0.0738588751787602,
                    "vf_loss": 5.263809915022416,
                    "vf_explained_var": 0.025526918786944765,
                    "kl": 0.013213875726192072,
                    "entropy": 0.6541029116421034,
                    "entropy_coeff": 0.04999999999999999
                },
                "model": {},
                "custom_metrics": {},
                "num_agent_steps_trained": 121.36363636363636,
                "num_grad_updates_lifetime": 315315.5,
                "diff_num_grad_updates_vs_sampler_policy": 164.5
            },
            "policy_2": {
                "learner_stats": {
                    "allreduce_latency": 0.0,
                    "grad_gnorm": 2.8528223037719727,
                    "cur_kl_coeff": 0.3796875000000002,
                    "cur_lr": 5e-05,
                    "total_loss": 5.706977779215032,
                    "policy_loss": -0.09482263160700148,
                    "vf_loss": 5.923637713808002,
                    "vf_explained_var": -0.00649418830871582,
                    "kl": 0.0145807299469707,
                    "entropy": 1.27373400962714,
                    "entropy_coeff": 0.09999999999999998
                },
                "model": {},
                "custom_metrics": {},
                "num_agent_steps_trained": 121.27272727272727,
                "num_grad_updates_lifetime": 315315.5,
                "diff_num_grad_updates_vs_sampler_policy": 164.5
            }
        },
        "num_env_steps_sampled": 3824000,
        "num_env_steps_trained": 3824000,
        "num_agent_steps_sampled": 3823998,
        "num_agent_steps_trained": 3823998
    },
    "env_runners": {
        "episode_reward_max": -54.0,
        "episode_reward_min": -688.0,
        "episode_reward_mean": -400.68,
        "episode_len_mean": 497.56,
        "episode_media": {},
        "episodes_timesteps_total": 49756,
        "policy_reward_min": {
            "policy_2": -395.0,
            "policy_0": -465.0,
            "policy_1": -395.0
        },
        "policy_reward_max": {
            "policy_2": -10.0,
            "policy_0": 0.0,
            "policy_1": -10.0
        },
        "policy_reward_mean": {
            "policy_2": -162.47,
            "policy_0": -99.46,
            "policy_1": -138.75
        },
        "custom_metrics": {},
        "hist_stats": {
            "episode_reward": [
                -414.0,
                -389.0,
                -266.0,
                -232.0,
                -376.0,
                -464.0,
                -433.0,
                -500.0,
                -71.0,
                -198.0,
                -365.0,
                -515.0,
                -487.0,
                -523.0,
                -360.0,
                -522.0,
                -198.0,
                -410.0,
                -417.0,
                -341.0,
                -395.0,
                -450.0,
                -378.0,
                -422.0,
                -458.0,
                -460.0,
                -347.0,
                -525.0,
                -538.0,
                -353.0,
                -322.0,
                -688.0,
                -388.0,
                -367.0,
                -429.0,
                -480.0,
                -515.0,
                -400.0,
                -459.0,
                -323.0,
                -364.0,
                -547.0,
                -398.0,
                -352.0,
                -275.0,
                -206.0,
                -559.0,
                -515.0,
                -294.0,
                -397.0,
                -480.0,
                -54.0,
                -258.0,
                -335.0,
                -372.0,
                -476.0,
                -241.0,
                -506.0,
                -358.0,
                -349.0,
                -585.0,
                -332.0,
                -565.0,
                -432.0,
                -311.0,
                -317.0,
                -295.0,
                -410.0,
                -394.0,
                -410.0,
                -431.0,
                -633.0,
                -159.0,
                -538.0,
                -423.0,
                -495.0,
                -556.0,
                -554.0,
                -526.0,
                -490.0,
                -488.0,
                -259.0,
                -335.0,
                -316.0,
                -343.0,
                -541.0,
                -562.0,
                -438.0,
                -305.0,
                -486.0,
                -302.0,
                -450.0,
                -134.0,
                -484.0,
                -465.0,
                -199.0,
                -509.0,
                -560.0,
                -317.0,
                -205.0
            ],