{
    "custom_metrics": {},
    "episode_media": {},
    "info": {
        "learner": {
            "policy_0": {
                "learner_stats": {
                    "allreduce_latency": 0.0,
                    "grad_gnorm": 3.3746581077575684,
                    "cur_kl_coeff": 0.4109890672858455,
                    "cur_lr": 5e-05,
                    "total_loss": 5.806461094364975,
                    "policy_loss": -0.053110356341031464,
                    "vf_loss": 5.861947056741426,
                    "vf_explained_var": 0.028869938489162562,
                    "kl": 0.007917540114245558,
                    "entropy": 0.562959389072476,
                    "entropy_coeff": 0.01
                },
                "model": {},
                "custom_metrics": {},
                "num_agent_steps_trained": 121.63636363636364,
                "num_grad_updates_lifetime": 171765.5,
                "diff_num_grad_updates_vs_sampler_policy": 164.5
            },
            "policy_1": {
                "learner_stats": {
                    "allreduce_latency": 0.0,
                    "grad_gnorm": 2.2824320793151855,
                    "cur_kl_coeff": 0.50625,
                    "cur_lr": 5e-05,
                    "total_loss": 8.97672956351078,
                    "policy_loss": -0.10207223366155768,
                    "vf_loss": 9.125416920401832,
                    "vf_explained_var": -0.014675243153716579,
                    "kl": 0.014582029302505716,
                    "entropy": 1.0799453887072477,
                    "entropy_coeff": 0.04999999999999999
                },
                "model": {},
                "custom_metrics": {},
                "num_agent_steps_trained": 120.63636363636364,
                "num_grad_updates_lifetime": 171765.5,
                "diff_num_grad_updates_vs_sampler_policy": 164.5
            },
            "policy_2": {
                "learner_stats": {
                    "allreduce_latency": 0.0,
                    "grad_gnorm": 2.3030214309692383,
                    "cur_kl_coeff": 0.4500000000000002,
                    "cur_lr": 5e-05,
                    "total_loss": 7.865513829028967,
                    "policy_loss": -0.09790072832256555,
                    "vf_loss": 8.092023037419175,
                    "vf_explained_var": -0.016248442187453763,
                    "kl": 0.012906878128767597,
                    "entropy": 1.3441659660050362,
                    "entropy_coeff": 0.09999999999999998
                },
                "model": {},
                "custom_metrics": {},
                "num_agent_steps_trained": 121.36363636363636,
                "num_grad_updates_lifetime": 171765.5,
                "diff_num_grad_updates_vs_sampler_policy": 164.5
            }
        },
        "num_env_steps_sampled": 2084000,
        "num_env_steps_trained": 2084000,
        "num_agent_steps_sampled": 2083998,
        "num_agent_steps_trained": 2083998
    },
    "env_runners": {
        "episode_reward_max": -128.0,
        "episode_reward_min": -675.0,
        "episode_reward_mean": -423.25,
        "episode_len_mean": 473.14,
        "episode_media": {},
        "episodes_timesteps_total": 47314,
        "policy_reward_min": {
            "policy_0": -405.0,
            "policy_1": -410.0,
            "policy_2": -375.0
        },
        "policy_reward_max": {
            "policy_0": 12.0,
            "policy_1": -2.0,
            "policy_2": -15.0
        },
        "policy_reward_mean": {
            "policy_0": -106.98,
            "policy_1": -140.0,
            "policy_2": -176.27
        },
        "custom_metrics": {},
        "hist_stats": {
            "episode_reward": [
                -545.0,
                -350.0,
                -415.0,
                -462.0,
                -424.0,
                -340.0,
                -559.0,
                -418.0,
                -390.0,
                -376.0,
                -291.0,
                -503.0,
                -526.0,
                -430.0,
                -372.0,
                -422.0,
                -422.0,
                -424.0,
                -170.0,
                -128.0,
                -318.0,
                -378.0,
                -518.0,
                -230.0,
                -405.0,
                -346.0,
                -198.0,
                -429.0,
                -486.0,
                -565.0,
                -355.0,
                -485.0,
                -516.0,
                -416.0,
                -390.0,
                -344.0,
                -404.0,
                -483.0,
                -522.0,
                -460.0,
                -558.0,
                -445.0,
                -323.0,
                -485.0,
                -578.0,
                -400.0,
                -339.0,
                -364.0,
                -460.0,
                -221.0,
                -457.0,
                -250.0,
                -421.0,
                -487.0,
                -394.0,
                -512.0,
                -315.0,
                -487.0,
                -190.0,
                -396.0,
                -457.0,
                -436.0,
                -440.0,
                -545.0,
                -470.0,
                -575.0,
                -549.0,
                -587.0,
                -491.0,
                -675.0,
                -407.0,
                -540.0,
                -556.0,
                -534.0,
                -348.0,
                -600.0,
                -543.0,
                -414.0,
                -393.0,
                -273.0,
                -491.0,
                -235.0,
                -454.0,
                -469.0,
                -256.0,
                -418.0,
                -512.0,
                -548.0,
                -159.0,
                -560.0,
                -436.0,
                -434.0,
                -468.0,
                -307.0,
                -552.0,
                -388.0,
                -527.0,
                -334.0,
                -235.0,
                -412.0
            ],