{
    "custom_metrics": {},
    "episode_media": {},
    "info": {
        "learner": {
            "policy_0": {
                "learner_stats": {
                    "allreduce_latency": 0.0,
                    "grad_gnorm": 2.775564193725586,
                    "cur_kl_coeff": 0.4329761367291214,
                    "cur_lr": 5e-05,
                    "total_loss": 7.428267202955304,
                    "policy_loss": -0.09129010369493203,
                    "vf_loss": 7.522898486166289,
                    "vf_explained_var": -1.633384011008523e-05,
                    "kl": 0.016285515871169373,
                    "entropy": 1.0392411488475222,
                    "entropy_coeff": 0.01
                },
                "model": {},
                "custom_metrics": {},
                "num_agent_steps_trained": 121.45454545454545,
                "num_grad_updates_lifetime": 145365.5,
                "diff_num_grad_updates_vs_sampler_policy": 164.5
            },
            "policy_1": {
                "learner_stats": {
                    "allreduce_latency": 0.0,
                    "grad_gnorm": 1.893298864364624,
                    "cur_kl_coeff": 0.50625,
                    "cur_lr": 5e-05,
                    "total_loss": 7.31484319080006,
                    "policy_loss": -0.09150266775184057,
                    "vf_loss": 7.461507031411836,
                    "vf_explained_var": -0.0018251229416240346,
                    "kl": 0.013071407272648829,
                    "entropy": 1.2355714837710063,
                    "entropy_coeff": 0.04999999999999999
                },
                "model": {},
                "custom_metrics": {},
                "num_agent_steps_trained": 121.36363636363636,
                "num_grad_updates_lifetime": 145365.5,
                "diff_num_grad_updates_vs_sampler_policy": 164.5
            },
            "policy_2": {
                "learner_stats": {
                    "allreduce_latency": 0.0,
                    "grad_gnorm": 2.20536470413208,
                    "cur_kl_coeff": 0.4500000000000002,
                    "cur_lr": 5e-05,
                    "total_loss": 7.34754849058209,
                    "policy_loss": -0.0908612110793139,
                    "vf_loss": 7.563387701728127,
                    "vf_explained_var": -0.008035926746599602,
                    "kl": 0.013690311503506046,
                    "entropy": 1.3113863735487967,
                    "entropy_coeff": 0.09999999999999998
                },
                "model": {},
                "custom_metrics": {},
                "num_agent_steps_trained": 120.81818181818181,
                "num_grad_updates_lifetime": 145365.5,
                "diff_num_grad_updates_vs_sampler_policy": 164.5
            }
        },
        "num_env_steps_sampled": 1764000,
        "num_env_steps_trained": 1764000,
        "num_agent_steps_sampled": 1763998,
        "num_agent_steps_trained": 1763998
    },
    "env_runners": {
        "episode_reward_max": -138.0,
        "episode_reward_min": -719.0,
        "episode_reward_mean": -403.09,
        "episode_len_mean": 492.72,
        "episode_media": {},
        "episodes_timesteps_total": 49272,
        "policy_reward_min": {
            "policy_0": -400.0,
            "policy_1": -445.0,
            "policy_2": -410.0
        },
        "policy_reward_max": {
            "policy_0": -3.0,
            "policy_1": -10.0,
            "policy_2": -30.0
        },
        "policy_reward_mean": {
            "policy_0": -109.23,
            "policy_1": -118.25,
            "policy_2": -175.61
        },
        "custom_metrics": {},
        "hist_stats": {
            "episode_reward": [
                -238.0,
                -460.0,
                -538.0,
                -350.0,
                -420.0,
                -282.0,
                -579.0,
                -371.0,
                -453.0,
                -506.0,
                -278.0,
                -381.0,
                -440.0,
                -507.0,
                -461.0,
                -676.0,
                -324.0,
                -299.0,
                -218.0,
                -482.0,
                -476.0,
                -416.0,
                -485.0,
                -532.0,
                -423.0,
                -276.0,
                -719.0,
                -522.0,
                -186.0,
                -250.0,
                -333.0,
                -242.0,
                -504.0,
                -258.0,
                -343.0,
                -560.0,
                -468.0,
                -457.0,
                -489.0,
                -293.0,
                -357.0,
                -365.0,
                -181.0,
                -300.0,
                -380.0,
                -346.0,
                -568.0,
                -281.0,
                -575.0,
                -407.0,
                -414.0,
                -468.0,
                -309.0,
                -383.0,
                -569.0,
                -581.0,
                -491.0,
                -606.0,
                -467.0,
                -423.0,
                -303.0,
                -485.0,
                -278.0,
                -476.0,
                -388.0,
                -454.0,
                -474.0,
                -413.0,
                -525.0,
                -376.0,
                -523.0,
                -365.0,
                -281.0,
                -518.0,
                -542.0,
                -513.0,
                -277.0,
                -513.0,
                -249.0,
                -343.0,
                -525.0,
                -338.0,
                -202.0,
                -175.0,
                -372.0,
                -260.0,
                -344.0,
                -332.0,
                -363.0,
                -138.0,
                -246.0,
                -407.0,
                -264.0,
                -403.0,
                -478.0,
                -483.0,
                -413.0,
                -541.0,
                -463.0,
                -300.0
            ],