{
    "custom_metrics": {},
    "episode_media": {},
    "info": {
        "learner": {
            "policy_0": {
                "learner_stats": {
                    "allreduce_latency": 0.0,
                    "grad_gnorm": 2.907386064529419,
                    "cur_kl_coeff": 0.042275685123608304,
                    "cur_lr": 5e-05,
                    "total_loss": 2.118734812375271,
                    "policy_loss": -0.05845869521568106,
                    "vf_loss": 2.1788789666060246,
                    "vf_explained_var": 0.029127527366984974,
                    "kl": 0.008486219278156338,
                    "entropy": 0.20442207834937356,
                    "entropy_coeff": 0.01
                },
                "model": {},
                "custom_metrics": {},
                "num_agent_steps_trained": 121.27272727272727,
                "num_grad_updates_lifetime": 302115.5,
                "diff_num_grad_updates_vs_sampler_policy": 164.5
            },
            "policy_1": {
                "learner_stats": {
                    "allreduce_latency": 0.0,
                    "grad_gnorm": 2.5937798023223877,
                    "cur_kl_coeff": 0.22806973457336427,
                    "cur_lr": 5e-05,
                    "total_loss": 3.137476496624224,
                    "policy_loss": -0.07494757132830493,
                    "vf_loss": 3.24499029860352,
                    "vf_explained_var": 0.0019663341117627693,
                    "kl": 0.010941723499544259,
                    "entropy": 0.7012340933987589,
                    "entropy_coeff": 0.04999999999999999
                },
                "model": {},
                "custom_metrics": {},
                "num_agent_steps_trained": 121.18181818181819,
                "num_grad_updates_lifetime": 302115.5,
                "diff_num_grad_updates_vs_sampler_policy": 164.5
            },
            "policy_2": {
                "learner_stats": {
                    "allreduce_latency": 0.0,
                    "grad_gnorm": 2.716323137283325,
                    "cur_kl_coeff": 0.3796875000000002,
                    "cur_lr": 5e-05,
                    "total_loss": 3.474619584372549,
                    "policy_loss": -0.08558834085283293,
                    "vf_loss": 3.6719437230717054,
                    "vf_explained_var": -0.0022488518194718793,
                    "kl": 0.012671056529032543,
                    "entropy": 1.1654684287129027,
                    "entropy_coeff": 0.09999999999999998
                },
                "model": {},
                "custom_metrics": {},
                "num_agent_steps_trained": 121.18181818181819,
                "num_grad_updates_lifetime": 302115.5,
                "diff_num_grad_updates_vs_sampler_policy": 164.5
            }
        },
        "num_env_steps_sampled": 3664000,
        "num_env_steps_trained": 3664000,
        "num_agent_steps_sampled": 3663998,
        "num_agent_steps_trained": 3663998
    },
    "env_runners": {
        "episode_reward_max": -41.0,
        "episode_reward_min": -716.0,
        "episode_reward_mean": -434.49,
        "episode_len_mean": 488.28,
        "episode_media": {},
        "episodes_timesteps_total": 48828,
        "policy_reward_min": {
            "policy_2": -425.0,
            "policy_0": -485.0,
            "policy_1": -375.0
        },
        "policy_reward_max": {
            "policy_2": -15.0,
            "policy_0": -3.0,
            "policy_1": -10.0
        },
        "policy_reward_mean": {
            "policy_2": -173.18,
            "policy_0": -110.51,
            "policy_1": -150.8
        },
        "custom_metrics": {},
        "hist_stats": {
            "episode_reward": [
                -505.0,
                -441.0,
                -268.0,
                -430.0,
                -448.0,
                -450.0,
                -286.0,
                -484.0,
                -535.0,
                -332.0,
                -213.0,
                -91.0,
                -388.0,
                -461.0,
                -412.0,
                -496.0,
                -470.0,
                -241.0,
                -367.0,
                -525.0,
                -352.0,
                -489.0,
                -358.0,
                -560.0,
                -386.0,
                -622.0,
                -451.0,
                -569.0,
                -231.0,
                -406.0,
                -560.0,
                -365.0,
                -473.0,
                -389.0,
                -428.0,
                -375.0,
                -492.0,
                -137.0,
                -508.0,
                -405.0,
                -528.0,
                -348.0,
                -537.0,
                -548.0,
                -591.0,
                -488.0,
                -343.0,
                -515.0,
                -353.0,
                -653.0,
                -338.0,
                -422.0,
                -125.0,
                -541.0,
                -534.0,
                -496.0,
                -512.0,
                -437.0,
                -491.0,
                -420.0,
                -437.0,
                -589.0,
                -497.0,
                -389.0,
                -590.0,
                -463.0,
                -477.0,
                -447.0,
                -526.0,
                -41.0,
                -472.0,
                -364.0,
                -376.0,
                -262.0,
                -653.0,
                -259.0,
                -113.0,
                -565.0,
                -483.0,
                -408.0,
                -716.0,
                -424.0,
                -453.0,
                -396.0,
                -373.0,
                -381.0,
                -592.0,
                -503.0,
                -517.0,
                -479.0,
                -443.0,
                -401.0,
                -563.0,
                -524.0,
                -68.0,
                -511.0,
                -363.0,
                -613.0,
                -596.0,
                -503.0
            ],