{
    "custom_metrics": {},
    "episode_media": {},
    "info": {
        "learner": {
            "policy_0": {
                "learner_stats": {
                    "allreduce_latency": 0.0,
                    "grad_gnorm": 6.0867180824279785,
                    "cur_kl_coeff": 0.07515677355308148,
                    "cur_lr": 5e-05,
                    "total_loss": 0.2981891995955569,
                    "policy_loss": -0.03429551585859647,
                    "vf_loss": 0.33306336677209897,
                    "vf_explained_var": 0.9673094370148398,
                    "kl": 0.009129486103382344,
                    "entropy": 0.1264795411095926,
                    "entropy_coeff": 0.01
                },
                "model": {},
                "custom_metrics": {},
                "num_agent_steps_trained": 121.36363636363636,
                "num_grad_updates_lifetime": 295515.5,
                "diff_num_grad_updates_vs_sampler_policy": 164.5
            },
            "policy_1": {
                "learner_stats": {
                    "allreduce_latency": 0.0,
                    "grad_gnorm": 2.6669554710388184,
                    "cur_kl_coeff": 0.30409297943115243,
                    "cur_lr": 5e-05,
                    "total_loss": 5.42602917208816,
                    "policy_loss": -0.04658320362002335,
                    "vf_loss": 5.49080734686418,
                    "vf_explained_var": -0.22769576545917627,
                    "kl": 0.014331995873356856,
                    "entropy": 0.4510644700491067,
                    "entropy_coeff": 0.04999999999999999
                },
                "model": {},
                "custom_metrics": {},
                "num_agent_steps_trained": 121.18181818181819,
                "num_grad_updates_lifetime": 295515.5,
                "diff_num_grad_updates_vs_sampler_policy": 164.5
            },
            "policy_2": {
                "learner_stats": {
                    "allreduce_latency": 0.0,
                    "grad_gnorm": 3.8452203273773193,
                    "cur_kl_coeff": 0.3796875000000002,
                    "cur_lr": 5e-05,
                    "total_loss": 2.123776153904019,
                    "policy_loss": -0.08638544468505477,
                    "vf_loss": 2.319938256523826,
                    "vf_explained_var": 0.020845798831997497,
                    "kl": 0.014658730889432859,
                    "entropy": 1.1534239398710655,
                    "entropy_coeff": 0.09999999999999998
                },
                "model": {},
                "custom_metrics": {},
                "num_agent_steps_trained": 121.0909090909091,
                "num_grad_updates_lifetime": 295515.5,
                "diff_num_grad_updates_vs_sampler_policy": 164.5
            }
        },
        "num_env_steps_sampled": 3584000,
        "num_env_steps_trained": 3584000,
        "num_agent_steps_sampled": 3583998,
        "num_agent_steps_trained": 3583998
    },
    "env_runners": {
        "episode_reward_max": -111.0,
        "episode_reward_min": -665.0,
        "episode_reward_mean": -405.53,
        "episode_len_mean": 561.32,
        "episode_media": {},
        "episodes_timesteps_total": 56132,
        "policy_reward_min": {
            "policy_0": -340.0,
            "policy_1": -385.0,
            "policy_2": -420.0
        },
        "policy_reward_max": {
            "policy_0": 0.0,
            "policy_1": -7.0,
            "policy_2": -23.0
        },
        "policy_reward_mean": {
            "policy_0": -99.83,
            "policy_1": -130.39,
            "policy_2": -175.31
        },
        "custom_metrics": {},
        "hist_stats": {
            "episode_reward": [
                -339.0,
                -310.0,
                -481.0,
                -507.0,
                -196.0,
                -474.0,
                -550.0,
                -283.0,
                -541.0,
                -522.0,
                -468.0,
                -478.0,
                -503.0,
                -417.0,
                -236.0,
                -374.0,
                -530.0,
                -274.0,
                -415.0,
                -560.0,
                -522.0,
                -463.0,
                -570.0,
                -406.0,
                -284.0,
                -412.0,
                -421.0,
                -436.0,
                -238.0,
                -487.0,
                -367.0,
                -211.0,
                -228.0,
                -331.0,
                -457.0,
                -587.0,
                -387.0,
                -437.0,
                -533.0,
                -335.0,
                -264.0,
                -174.0,
                -443.0,
                -517.0,
                -158.0,
                -433.0,
                -553.0,
                -354.0,
                -279.0,
                -538.0,
                -530.0,
                -183.0,
                -604.0,
                -483.0,
                -364.0,
                -523.0,
                -200.0,
                -461.0,
                -480.0,
                -589.0,
                -349.0,
                -267.0,
                -512.0,
                -269.0,
                -492.0,
                -353.0,
                -448.0,
                -328.0,
                -247.0,
                -547.0,
                -213.0,
                -426.0,
                -665.0,
                -204.0,
                -472.0,
                -329.0,
                -364.0,
                -490.0,
                -498.0,
                -460.0,
                -499.0,
                -141.0,
                -522.0,
                -349.0,
                -552.0,
                -508.0,
                -549.0,
                -378.0,
                -405.0,
                -478.0,
                -515.0,
                -549.0,
                -276.0,
                -394.0,
                -427.0,
                -458.0,
                -305.0,
                -120.0,
                -384.0,
                -111.0
            ],