{
    "custom_metrics": {},
    "episode_media": {},
    "info": {
        "learner": {
            "policy_0": {
                "learner_stats": {
                    "allreduce_latency": 0.0,
                    "grad_gnorm": 5.28658390045166,
                    "cur_kl_coeff": 0.09752963217818404,
                    "cur_lr": 5e-05,
                    "total_loss": 4.6545905712879065,
                    "policy_loss": -0.07567056213985339,
                    "vf_loss": 4.734372111522791,
                    "vf_explained_var": 0.007291914116252553,
                    "kl": 0.012721619688171811,
                    "entropy": 0.5351701455585884,
                    "entropy_coeff": 0.01
                },
                "model": {},
                "custom_metrics": {},
                "num_agent_steps_trained": 121.45454545454545,
                "num_grad_updates_lifetime": 214665.5,
                "diff_num_grad_updates_vs_sampler_policy": 164.5
            },
            "policy_1": {
                "learner_stats": {
                    "allreduce_latency": 0.0,
                    "grad_gnorm": 3.2248876094818115,
                    "cur_kl_coeff": 0.4271484375,
                    "cur_lr": 5e-05,
                    "total_loss": 6.786666965484619,
                    "policy_loss": -0.09991648087637837,
                    "vf_loss": 6.931200553431656,
                    "vf_explained_var": -0.03203888264569369,
                    "kl": 0.014488876602384905,
                    "entropy": 1.0161212689948804,
                    "entropy_coeff": 0.04999999999999999
                },
                "model": {},
                "custom_metrics": {},
                "num_agent_steps_trained": 121.27272727272727,
                "num_grad_updates_lifetime": 214665.5,
                "diff_num_grad_updates_vs_sampler_policy": 164.5
            },
            "policy_2": {
                "learner_stats": {
                    "allreduce_latency": 0.0,
                    "grad_gnorm": 2.002962350845337,
                    "cur_kl_coeff": 0.3374999999999999,
                    "cur_lr": 5e-05,
                    "total_loss": 8.575640033953118,
                    "policy_loss": -0.09993839680612313,
                    "vf_loss": 8.80018028490471,
                    "vf_explained_var": -0.019724397587053702,
                    "kl": 0.012156310507870768,
                    "entropy": 1.2870461510889457,
                    "entropy_coeff": 0.09999999999999998
                },
                "model": {},
                "custom_metrics": {},
                "num_agent_steps_trained": 120.9090909090909,
                "num_grad_updates_lifetime": 214665.5,
                "diff_num_grad_updates_vs_sampler_policy": 164.5
            }
        },
        "num_env_steps_sampled": 2604000,
        "num_env_steps_trained": 2604000,
        "num_agent_steps_sampled": 2603998,
        "num_agent_steps_trained": 2603998
    },
    "env_runners": {
        "episode_reward_max": -57.0,
        "episode_reward_min": -697.0,
        "episode_reward_mean": -417.96,
        "episode_len_mean": 375.2,
        "episode_media": {},
        "episodes_timesteps_total": 37520,
        "policy_reward_min": {
            "policy_1": -400.0,
            "policy_2": -435.0,
            "policy_0": -370.0
        },
        "policy_reward_max": {
            "policy_1": -4.0,
            "policy_2": -5.0,
            "policy_0": 4.0
        },
        "policy_reward_mean": {
            "policy_1": -120.12,
            "policy_2": -199.04,
            "policy_0": -98.8
        },
        "custom_metrics": {},
        "hist_stats": {
            "episode_reward": [
                -352.0,
                -440.0,
                -306.0,
                -481.0,
                -382.0,
                -340.0,
                -181.0,
                -281.0,
                -438.0,
                -546.0,
                -457.0,
                -501.0,
                -261.0,
                -568.0,
                -498.0,
                -504.0,
                -393.0,
                -452.0,
                -258.0,
                -427.0,
                -509.0,
                -413.0,
                -396.0,
                -555.0,
                -375.0,
                -417.0,
                -224.0,
                -425.0,
                -367.0,
                -571.0,
                -423.0,
                -318.0,
                -474.0,
                -554.0,
                -481.0,
                -355.0,
                -489.0,
                -254.0,
                -418.0,
                -57.0,
                -507.0,
                -389.0,
                -385.0,
                -504.0,
                -179.0,
                -475.0,
                -509.0,
                -497.0,
                -555.0,
                -116.0,
                -266.0,
                -349.0,
                -381.0,
                -526.0,
                -312.0,
                -320.0,
                -502.0,
                -605.0,
                -426.0,
                -697.0,
                -500.0,
                -490.0,
                -364.0,
                -456.0,
                -435.0,
                -563.0,
                -394.0,
                -471.0,
                -335.0,
                -602.0,
                -420.0,
                -357.0,
                -651.0,
                -516.0,
                -358.0,
                -393.0,
                -465.0,
                -427.0,
                -431.0,
                -256.0,
                -578.0,
                -467.0,
                -260.0,
                -315.0,
                -383.0,
                -440.0,
                -407.0,
                -318.0,
                -385.0,
                -193.0,
                -592.0,
                -546.0,
                -438.0,
                -251.0,
                -490.0,
                -541.0,
                -334.0,
                -363.0,
                -547.0,
                -423.0
            ],