{
    "custom_metrics": {},
    "episode_media": {},
    "info": {
        "learner": {
            "policy_0": {
                "learner_stats": {
                    "allreduce_latency": 0.0,
                    "grad_gnorm": 3.01454496383667,
                    "cur_kl_coeff": 0.3374999999999999,
                    "cur_lr": 5e-05,
                    "total_loss": 7.245770343144735,
                    "policy_loss": -0.06658846998991176,
                    "vf_loss": 7.315367048436945,
                    "vf_explained_var": -0.0006317732912121397,
                    "kl": 0.009348701029907083,
                    "entropy": 0.6163415975642926,
                    "entropy_coeff": 0.01
                },
                "model": {},
                "custom_metrics": {},
                "num_agent_steps_trained": 121.27272727272727,
                "num_grad_updates_lifetime": 61215.5,
                "diff_num_grad_updates_vs_sampler_policy": 164.5
            },
            "policy_1": {
                "learner_stats": {
                    "allreduce_latency": 0.0,
                    "grad_gnorm": 1.9524905681610107,
                    "cur_kl_coeff": 0.19999999999999996,
                    "cur_lr": 5e-05,
                    "total_loss": 6.716123875704679,
                    "policy_loss": -0.08111575417605116,
                    "vf_loss": 6.854834810892741,
                    "vf_explained_var": -0.0029893923889506946,
                    "kl": 0.014485046388013375,
                    "entropy": 1.2098425644816775,
                    "entropy_coeff": 0.04999999999999999
                },
                "model": {},
                "custom_metrics": {},
                "num_agent_steps_trained": 121.36363636363636,
                "num_grad_updates_lifetime": 61215.5,
                "diff_num_grad_updates_vs_sampler_policy": 164.5
            },
            "policy_2": {
                "learner_stats": {
                    "allreduce_latency": 0.0,
                    "grad_gnorm": 1.4246715307235718,
                    "cur_kl_coeff": 0.19999999999999996,
                    "cur_lr": 5e-05,
                    "total_loss": 9.697749461549702,
                    "policy_loss": -0.08611753836669253,
                    "vf_loss": 9.91954181844538,
                    "vf_explained_var": 0.00917417804400126,
                    "kl": 0.014743673951126326,
                    "entropy": 1.3862352107510423,
                    "entropy_coeff": 0.09999999999999998
                },
                "model": {},
                "custom_metrics": {},
                "num_agent_steps_trained": 121.0,
                "num_grad_updates_lifetime": 61215.5,
                "diff_num_grad_updates_vs_sampler_policy": 164.5
            }
        },
        "num_env_steps_sampled": 744000,
        "num_env_steps_trained": 744000,
        "num_agent_steps_sampled": 743998,
        "num_agent_steps_trained": 743998
    },
    "env_runners": {
        "episode_reward_max": -207.0,
        "episode_reward_min": -655.0,
        "episode_reward_mean": -432.71,
        "episode_len_mean": 304.42,
        "episode_media": {},
        "episodes_timesteps_total": 30442,
        "policy_reward_min": {
            "policy_0": -405.0,
            "policy_1": -460.0,
            "policy_2": -410.0
        },
        "policy_reward_max": {
            "policy_0": -6.0,
            "policy_1": -20.0,
            "policy_2": -18.0
        },
        "policy_reward_mean": {
            "policy_0": -144.47,
            "policy_1": -134.24,
            "policy_2": -154.0
        },
        "custom_metrics": {},
        "hist_stats": {
            "episode_reward": [
                -450.0,
                -490.0,
                -429.0,
                -570.0,
                -352.0,
                -464.0,
                -508.0,
                -422.0,
                -262.0,
                -547.0,
                -485.0,
                -587.0,
                -361.0,
                -403.0,
                -210.0,
                -486.0,
                -303.0,
                -360.0,
                -207.0,
                -504.0,
                -404.0,
                -550.0,
                -350.0,
                -409.0,
                -432.0,
                -522.0,
                -364.0,
                -415.0,
                -410.0,
                -410.0,
                -547.0,
                -446.0,
                -358.0,
                -526.0,
                -589.0,
                -400.0,
                -211.0,
                -337.0,
                -330.0,
                -431.0,
                -275.0,
                -577.0,
                -399.0,
                -296.0,
                -497.0,
                -356.0,
                -547.0,
                -550.0,
                -363.0,
                -449.0,
                -350.0,
                -402.0,
                -312.0,
                -356.0,
                -475.0,
                -253.0,
                -587.0,
                -400.0,
                -498.0,
                -574.0,
                -269.0,
                -464.0,
                -467.0,
                -414.0,
                -452.0,
                -394.0,
                -244.0,
                -537.0,
                -533.0,
                -391.0,
                -475.0,
                -345.0,
                -534.0,
                -504.0,
                -399.0,
                -642.0,
                -555.0,
                -407.0,
                -425.0,
                -440.0,
                -364.0,
                -320.0,
                -371.0,
                -503.0,
                -431.0,
                -549.0,
                -507.0,
                -426.0,
                -516.0,
                -238.0,
                -526.0,
                -483.0,
                -655.0,
                -259.0,
                -380.0,
                -476.0,
                -567.0,
                -469.0,
                -383.0,
                -600.0
            ],