{
    "custom_metrics": {},
    "episode_media": {},
    "info": {
        "learner": {
            "policy_0": {
                "learner_stats": {
                    "allreduce_latency": 0.0,
                    "grad_gnorm": 3.8040058612823486,
                    "cur_kl_coeff": 0.21357421875,
                    "cur_lr": 5e-05,
                    "total_loss": 5.660726515452067,
                    "policy_loss": -0.0813102782289427,
                    "vf_loss": 5.743646569685502,
                    "vf_explained_var": -0.02919497453805172,
                    "kl": 0.016628614877579304,
                    "entropy": 0.5161226820765119,
                    "entropy_coeff": 0.01
                },
                "model": {},
                "custom_metrics": {},
                "num_agent_steps_trained": 121.45454545454545,
                "num_grad_updates_lifetime": 104115.5,
                "diff_num_grad_updates_vs_sampler_policy": 164.5
            },
            "policy_1": {
                "learner_stats": {
                    "allreduce_latency": 0.0,
                    "grad_gnorm": 1.9149706363677979,
                    "cur_kl_coeff": 0.3,
                    "cur_lr": 5e-05,
                    "total_loss": 7.584639351295702,
                    "policy_loss": -0.09579230547797951,
                    "vf_loss": 7.735060804540461,
                    "vf_explained_var": -0.0012048174034465444,
                    "kl": 0.016030642882305136,
                    "entropy": 1.1887668719797424,
                    "entropy_coeff": 0.04999999999999999
                },
                "model": {},
                "custom_metrics": {},
                "num_agent_steps_trained": 121.27272727272727,
                "num_grad_updates_lifetime": 104115.5,
                "diff_num_grad_updates_vs_sampler_policy": 164.5
            },
            "policy_2": {
                "learner_stats": {
                    "allreduce_latency": 0.0,
                    "grad_gnorm": 2.0535378456115723,
                    "cur_kl_coeff": 0.3,
                    "cur_lr": 5e-05,
                    "total_loss": 8.208935769399007,
                    "policy_loss": -0.08340511588647849,
                    "vf_loss": 8.421172429576064,
                    "vf_explained_var": 0.01154332702810114,
                    "kl": 0.010942724984639338,
                    "entropy": 1.3211436333078326,
                    "entropy_coeff": 0.09999999999999998
                },
                "model": {},
                "custom_metrics": {},
                "num_agent_steps_trained": 120.9090909090909,
                "num_grad_updates_lifetime": 104115.5,
                "diff_num_grad_updates_vs_sampler_policy": 164.5
            }
        },
        "num_env_steps_sampled": 1264000,
        "num_env_steps_trained": 1264000,
        "num_agent_steps_sampled": 1263998,
        "num_agent_steps_trained": 1263998
    },
    "env_runners": {
        "episode_reward_max": -160.0,
        "episode_reward_min": -665.0,
        "episode_reward_mean": -422.1,
        "episode_len_mean": 381.7,
        "episode_media": {},
        "episodes_timesteps_total": 38170,
        "policy_reward_min": {
            "policy_0": -455.0,
            "policy_1": -380.0,
            "policy_2": -520.0
        },
        "policy_reward_max": {
            "policy_0": 15.0,
            "policy_1": -11.0,
            "policy_2": -21.0
        },
        "policy_reward_mean": {
            "policy_0": -104.69,
            "policy_1": -138.24,
            "policy_2": -179.17
        },
        "custom_metrics": {},
        "hist_stats": {
            "episode_reward": [
                -565.0,
                -183.0,
                -375.0,
                -417.0,
                -255.0,
                -282.0,
                -398.0,
                -487.0,
                -438.0,
                -222.0,
                -584.0,
                -415.0,
                -462.0,
                -474.0,
                -400.0,
                -520.0,
                -564.0,
                -457.0,
                -397.0,
                -350.0,
                -452.0,
                -415.0,
                -573.0,
                -433.0,
                -394.0,
                -407.0,
                -460.0,
                -460.0,
                -395.0,
                -504.0,
                -498.0,
                -364.0,
                -461.0,
                -406.0,
                -463.0,
                -377.0,
                -323.0,
                -331.0,
                -418.0,
                -519.0,
                -513.0,
                -278.0,
                -305.0,
                -160.0,
                -479.0,
                -185.0,
                -465.0,
                -309.0,
                -468.0,
                -531.0,
                -377.0,
                -289.0,
                -395.0,
                -665.0,
                -513.0,
                -560.0,
                -400.0,
                -524.0,
                -407.0,
                -282.0,
                -341.0,
                -555.0,
                -594.0,
                -432.0,
                -453.0,
                -279.0,
                -478.0,
                -346.0,
                -404.0,
                -501.0,
                -527.0,
                -320.0,
                -530.0,
                -228.0,
                -572.0,
                -376.0,
                -593.0,
                -346.0,
                -526.0,
                -417.0,
                -521.0,
                -383.0,
                -391.0,
                -502.0,
                -484.0,
                -346.0,
                -359.0,
                -448.0,
                -534.0,
                -525.0,
                -455.0,
                -330.0,
                -202.0,
                -357.0,
                -460.0,
                -239.0,
                -392.0,
                -449.0,
                -558.0,
                -454.0
            ],