{
    "custom_metrics": {},
    "episode_media": {},
    "info": {
        "learner": {
            "policy_0": {
                "learner_stats": {
                    "allreduce_latency": 0.0,
                    "grad_gnorm": 5.323620319366455,
                    "cur_kl_coeff": 0.4109890672858455,
                    "cur_lr": 5e-05,
                    "total_loss": 7.83647813652501,
                    "policy_loss": -0.07709112124461116,
                    "vf_loss": 7.915605539264101,
                    "vf_explained_var": -0.01853324192942995,
                    "kl": 0.013002108474490709,
                    "entropy": 0.7380005253083778,
                    "entropy_coeff": 0.01
                },
                "model": {},
                "custom_metrics": {},
                "num_agent_steps_trained": 121.36363636363636,
                "num_grad_updates_lifetime": 173415.5,
                "diff_num_grad_updates_vs_sampler_policy": 164.5
            },
            "policy_1": {
                "learner_stats": {
                    "allreduce_latency": 0.0,
                    "grad_gnorm": 2.0667805671691895,
                    "cur_kl_coeff": 0.50625,
                    "cur_lr": 5e-05,
                    "total_loss": 9.356470758264715,
                    "policy_loss": -0.09701606327046951,
                    "vf_loss": 9.501804661028313,
                    "vf_explained_var": 0.0030225311264847265,
                    "kl": 0.013723194145623617,
                    "entropy": 1.1053045364943417,
                    "entropy_coeff": 0.04999999999999999
                },
                "model": {},
                "custom_metrics": {},
                "num_agent_steps_trained": 121.45454545454545,
                "num_grad_updates_lifetime": 173415.5,
                "diff_num_grad_updates_vs_sampler_policy": 164.5
            },
            "policy_2": {
                "learner_stats": {
                    "allreduce_latency": 0.0,
                    "grad_gnorm": 2.1179237365722656,
                    "cur_kl_coeff": 0.4500000000000002,
                    "cur_lr": 5e-05,
                    "total_loss": 8.137249689391165,
                    "policy_loss": -0.10215614724950159,
                    "vf_loss": 8.366530281124692,
                    "vf_explained_var": -0.007279357043179599,
                    "kl": 0.014867512456600689,
                    "entropy": 1.3381487716328013,
                    "entropy_coeff": 0.09999999999999998
                },
                "model": {},
                "custom_metrics": {},
                "num_agent_steps_trained": 120.81818181818181,
                "num_grad_updates_lifetime": 173415.5,
                "diff_num_grad_updates_vs_sampler_policy": 164.5
            }
        },
        "num_env_steps_sampled": 2104000,
        "num_env_steps_trained": 2104000,
        "num_agent_steps_sampled": 2103998,
        "num_agent_steps_trained": 2103998
    },
    "env_runners": {
        "episode_reward_max": -82.0,
        "episode_reward_min": -675.0,
        "episode_reward_mean": -416.71,
        "episode_len_mean": 458.52,
        "episode_media": {},
        "episodes_timesteps_total": 45852,
        "policy_reward_min": {
            "policy_2": -410.0,
            "policy_0": -405.0,
            "policy_1": -375.0
        },
        "policy_reward_max": {
            "policy_2": -15.0,
            "policy_0": 12.0,
            "policy_1": -2.0
        },
        "policy_reward_mean": {
            "policy_2": -176.23,
            "policy_0": -105.34,
            "policy_1": -135.14
        },
        "custom_metrics": {},
        "hist_stats": {
            "episode_reward": [
                -221.0,
                -457.0,
                -250.0,
                -421.0,
                -487.0,
                -394.0,
                -512.0,
                -315.0,
                -487.0,
                -190.0,
                -396.0,
                -457.0,
                -436.0,
                -440.0,
                -545.0,
                -470.0,
                -575.0,
                -549.0,
                -587.0,
                -491.0,
                -675.0,
                -407.0,
                -540.0,
                -556.0,
                -534.0,
                -348.0,
                -600.0,
                -543.0,
                -414.0,
                -393.0,
                -273.0,
                -491.0,
                -235.0,
                -454.0,
                -469.0,
                -256.0,
                -418.0,
                -512.0,
                -548.0,
                -159.0,
                -560.0,
                -436.0,
                -434.0,
                -468.0,
                -307.0,
                -552.0,
                -388.0,
                -527.0,
                -334.0,
                -235.0,
                -412.0,
                -401.0,
                -492.0,
                -262.0,
                -395.0,
                -322.0,
                -335.0,
                -495.0,
                -469.0,
                -378.0,
                -410.0,
                -557.0,
                -82.0,
                -361.0,
                -482.0,
                -363.0,
                -244.0,
                -339.0,
                -357.0,
                -463.0,
                -399.0,
                -450.0,
                -318.0,
                -448.0,
                -308.0,
                -521.0,
                -519.0,
                -423.0,
                -363.0,
                -551.0,
                -298.0,
                -589.0,
                -381.0,
                -350.0,
                -431.0,
                -334.0,
                -442.0,
                -202.0,
                -362.0,
                -580.0,
                -427.0,
                -302.0,
                -257.0,
                -219.0,
                -543.0,
                -603.0,
                -444.0,
                -300.0,
                -409.0,
                -533.0
            ],