{
    "custom_metrics": {},
    "episode_media": {},
    "info": {
        "learner": {
            "policy_0": {
                "learner_stats": {
                    "allreduce_latency": 0.0,
                    "grad_gnorm": 1.6007912158966064,
                    "cur_kl_coeff": 0.4008361256164345,
                    "cur_lr": 5e-05,
                    "total_loss": 9.632195611433549,
                    "policy_loss": -0.09566756442302105,
                    "vf_loss": 9.731964833808668,
                    "vf_explained_var": 0.013005493807070183,
                    "kl": 0.014743612556189677,
                    "entropy": 1.0011396632050023,
                    "entropy_coeff": 0.01
                },
                "model": {},
                "custom_metrics": {},
                "num_agent_steps_trained": 121.63636363636364,
                "num_grad_updates_lifetime": 280665.5,
                "diff_num_grad_updates_vs_sampler_policy": 164.5
            },
            "policy_1": {
                "learner_stats": {
                    "allreduce_latency": 0.0,
                    "grad_gnorm": 1.7326996326446533,
                    "cur_kl_coeff": 0.40545730590820295,
                    "cur_lr": 5e-05,
                    "total_loss": 9.55908996697628,
                    "policy_loss": -0.10641936766491696,
                    "vf_loss": 9.722675733855276,
                    "vf_explained_var": 0.003590219309835723,
                    "kl": 0.015226436976581976,
                    "entropy": 1.2668017661932742,
                    "entropy_coeff": 0.04999999999999999
                },
                "model": {},
                "custom_metrics": {},
                "num_agent_steps_trained": 120.9090909090909,
                "num_grad_updates_lifetime": 280665.5,
                "diff_num_grad_updates_vs_sampler_policy": 164.5
            },
            "policy_2": {
                "learner_stats": {
                    "allreduce_latency": 0.0,
                    "grad_gnorm": 1.5054198503494263,
                    "cur_kl_coeff": 0.3796875000000002,
                    "cur_lr": 5e-05,
                    "total_loss": 9.48373243447506,
                    "policy_loss": -0.10842013385598406,
                    "vf_loss": 9.724037644357391,
                    "vf_explained_var": -0.002278214151209051,
                    "kl": 0.01441290175510775,
                    "entropy": 1.3735755013697075,
                    "entropy_coeff": 0.09999999999999998
                },
                "model": {},
                "custom_metrics": {},
                "num_agent_steps_trained": 121.0909090909091,
                "num_grad_updates_lifetime": 280665.5,
                "diff_num_grad_updates_vs_sampler_policy": 164.5
            }
        },
        "num_env_steps_sampled": 3404000,
        "num_env_steps_trained": 3404000,
        "num_agent_steps_sampled": 3403998,
        "num_agent_steps_trained": 3403998
    },
    "env_runners": {
        "episode_reward_max": -39.0,
        "episode_reward_min": -620.0,
        "episode_reward_mean": -432.41,
        "episode_len_mean": 347.04,
        "episode_media": {},
        "episodes_timesteps_total": 34704,
        "policy_reward_min": {
            "policy_2": -450.0,
            "policy_0": -375.0,
            "policy_1": -390.0
        },
        "policy_reward_max": {
            "policy_2": -20.0,
            "policy_0": 3.0,
            "policy_1": -20.0
        },
        "policy_reward_mean": {
            "policy_2": -176.97,
            "policy_0": -106.68,
            "policy_1": -148.76
        },
        "custom_metrics": {},
        "hist_stats": {
            "episode_reward": [
                -330.0,
                -275.0,
                -351.0,
                -421.0,
                -451.0,
                -596.0,
                -386.0,
                -326.0,
                -596.0,
                -406.0,
                -472.0,
                -555.0,
                -468.0,
                -456.0,
                -430.0,
                -509.0,
                -584.0,
                -564.0,
                -526.0,
                -540.0,
                -565.0,
                -565.0,
                -526.0,
                -561.0,
                -479.0,
                -455.0,
                -317.0,
                -529.0,
                -524.0,
                -541.0,
                -392.0,
                -467.0,
                -555.0,
                -469.0,
                -465.0,
                -431.0,
                -488.0,
                -212.0,
                -488.0,
                -201.0,
                -467.0,
                -502.0,
                -374.0,
                -339.0,
                -404.0,
                -504.0,
                -388.0,
                -338.0,
                -401.0,
                -353.0,
                -508.0,
                -480.0,
                -325.0,
                -39.0,
                -277.0,
                -432.0,
                -454.0,
                -341.0,
                -512.0,
                -469.0,
                -493.0,
                -547.0,
                -435.0,
                -371.0,
                -606.0,
                -467.0,
                -396.0,
                -431.0,
                -366.0,
                -418.0,
                -614.0,
                -377.0,
                -530.0,
                -422.0,
                -555.0,
                -306.0,
                -201.0,
                -192.0,
                -322.0,
                -381.0,
                -389.0,
                -248.0,
                -200.0,
                -385.0,
                -620.0,
                -329.0,
                -465.0,
                -531.0,
                -514.0,
                -482.0,
                -523.0,
                -327.0,
                -427.0,
                -383.0,
                -442.0,
                -375.0,
                -454.0,
                -500.0,
                -413.0,
                -425.0
            ],