{
    "custom_metrics": {},
    "episode_media": {},
    "info": {
        "learner": {
            "policy_0": {
                "learner_stats": {
                    "allreduce_latency": 0.0,
                    "grad_gnorm": 3.312373399734497,
                    "cur_kl_coeff": 0.13886543331620343,
                    "cur_lr": 5e-05,
                    "total_loss": 6.961495890761867,
                    "policy_loss": -0.07988196346824142,
                    "vf_loss": 7.046864873712713,
                    "vf_explained_var": -0.00875431913318056,
                    "kl": 0.012949683788776622,
                    "entropy": 0.7285261040384119,
                    "entropy_coeff": 0.01
                },
                "model": {},
                "custom_metrics": {},
                "num_agent_steps_trained": 121.27272727272727,
                "num_grad_updates_lifetime": 236115.5,
                "diff_num_grad_updates_vs_sampler_policy": 164.5
            },
            "policy_1": {
                "learner_stats": {
                    "allreduce_latency": 0.0,
                    "grad_gnorm": 2.561678886413574,
                    "cur_kl_coeff": 0.4805419921874998,
                    "cur_lr": 5e-05,
                    "total_loss": 8.395577303568523,
                    "policy_loss": -0.09323841921604153,
                    "vf_loss": 8.53220569003712,
                    "vf_explained_var": -0.0185220302957477,
                    "kl": 0.014469893212336644,
                    "entropy": 1.0068681821678624,
                    "entropy_coeff": 0.04999999999999999
                },
                "model": {},
                "custom_metrics": {},
                "num_agent_steps_trained": 121.0909090909091,
                "num_grad_updates_lifetime": 236115.5,
                "diff_num_grad_updates_vs_sampler_policy": 164.5
            },
            "policy_2": {
                "learner_stats": {
                    "allreduce_latency": 0.0,
                    "grad_gnorm": 2.394784688949585,
                    "cur_kl_coeff": 0.3796875000000002,
                    "cur_lr": 5e-05,
                    "total_loss": 8.960422563552857,
                    "policy_loss": -0.09793552234204429,
                    "vf_loss": 9.182810520403313,
                    "vf_explained_var": -0.01751227378845215,
                    "kl": 0.01457860518141309,
                    "entropy": 1.2998769532550465,
                    "entropy_coeff": 0.09999999999999998
                },
                "model": {},
                "custom_metrics": {},
                "num_agent_steps_trained": 121.27272727272727,
                "num_grad_updates_lifetime": 236115.5,
                "diff_num_grad_updates_vs_sampler_policy": 164.5
            }
        },
        "num_env_steps_sampled": 2864000,
        "num_env_steps_trained": 2864000,
        "num_agent_steps_sampled": 2863998,
        "num_agent_steps_trained": 2863998
    },
    "env_runners": {
        "episode_reward_max": -140.0,
        "episode_reward_min": -676.0,
        "episode_reward_mean": -434.09,
        "episode_len_mean": 411.56,
        "episode_media": {},
        "episodes_timesteps_total": 41156,
        "policy_reward_min": {
            "policy_0": -460.0,
            "policy_1": -355.0,
            "policy_2": -430.0
        },
        "policy_reward_max": {
            "policy_0": 9.0,
            "policy_1": -18.0,
            "policy_2": -20.0
        },
        "policy_reward_mean": {
            "policy_0": -145.63,
            "policy_1": -128.04,
            "policy_2": -160.42
        },
        "custom_metrics": {},
        "hist_stats": {
            "episode_reward": [
                -363.0,
                -510.0,
                -610.0,
                -284.0,
                -636.0,
                -570.0,
                -411.0,
                -522.0,
                -453.0,
                -319.0,
                -499.0,
                -518.0,
                -202.0,
                -444.0,
                -405.0,
                -430.0,
                -431.0,
                -450.0,
                -440.0,
                -676.0,
                -426.0,
                -471.0,
                -467.0,
                -467.0,
                -473.0,
                -518.0,
                -375.0,
                -471.0,
                -431.0,
                -541.0,
                -474.0,
                -483.0,
                -426.0,
                -489.0,
                -524.0,
                -458.0,
                -424.0,
                -171.0,
                -331.0,
                -511.0,
                -181.0,
                -381.0,
                -490.0,
                -561.0,
                -504.0,
                -405.0,
                -319.0,
                -189.0,
                -290.0,
                -459.0,
                -553.0,
                -309.0,
                -601.0,
                -323.0,
                -670.0,
                -216.0,
                -431.0,
                -440.0,
                -395.0,
                -269.0,
                -502.0,
                -459.0,
                -296.0,
                -438.0,
                -431.0,
                -410.0,
                -499.0,
                -521.0,
                -565.0,
                -324.0,
                -447.0,
                -223.0,
                -508.0,
                -538.0,
                -231.0,
                -567.0,
                -388.0,
                -416.0,
                -405.0,
                -463.0,
                -330.0,
                -377.0,
                -565.0,
                -491.0,
                -385.0,
                -488.0,
                -203.0,
                -140.0,
                -564.0,
                -460.0,
                -323.0,
                -512.0,
                -426.0,
                -441.0,
                -489.0,
                -529.0,
                -519.0,
                -580.0,
                -212.0,
                -654.0
            ],