{
    "custom_metrics": {},
    "episode_media": {},
    "info": {
        "learner": {
            "policy_0": {
                "learner_stats": {
                    "allreduce_latency": 0.0,
                    "grad_gnorm": 4.352972030639648,
                    "cur_kl_coeff": 0.3082418004643842,
                    "cur_lr": 5e-05,
                    "total_loss": 4.475039299329122,
                    "policy_loss": -0.07465719126207246,
                    "vf_loss": 4.552021349560131,
                    "vf_explained_var": 0.09988153287858674,
                    "kl": 0.010757709024871815,
                    "entropy": 0.5640820065231035,
                    "entropy_coeff": 0.01
                },
                "model": {},
                "custom_metrics": {},
                "num_agent_steps_trained": 121.45454545454545,
                "num_grad_updates_lifetime": 199815.5,
                "diff_num_grad_updates_vs_sampler_policy": 164.5
            },
            "policy_1": {
                "learner_stats": {
                    "allreduce_latency": 0.0,
                    "grad_gnorm": 2.373615264892578,
                    "cur_kl_coeff": 0.3796875000000002,
                    "cur_lr": 5e-05,
                    "total_loss": 5.360214412573612,
                    "policy_loss": -0.0831785335678212,
                    "vf_loss": 5.495100758292458,
                    "vf_explained_var": -0.007519794774777961,
                    "kl": 0.01071029752995056,
                    "entropy": 1.1154880680821158,
                    "entropy_coeff": 0.04999999999999999
                },
                "model": {},
                "custom_metrics": {},
                "num_agent_steps_trained": 121.27272727272727,
                "num_grad_updates_lifetime": 199815.5,
                "diff_num_grad_updates_vs_sampler_policy": 164.5
            },
            "policy_2": {
                "learner_stats": {
                    "allreduce_latency": 0.0,
                    "grad_gnorm": 2.4863133430480957,
                    "cur_kl_coeff": 0.6749999999999998,
                    "cur_lr": 5e-05,
                    "total_loss": 6.972591596661192,
                    "policy_loss": -0.0946259380230527,
                    "vf_loss": 7.194315132950291,
                    "vf_explained_var": 0.0024687561121853915,
                    "kl": 0.010958848540579408,
                    "entropy": 1.3449484341072313,
                    "entropy_coeff": 0.09999999999999998
                },
                "model": {},
                "custom_metrics": {},
                "num_agent_steps_trained": 120.9090909090909,
                "num_grad_updates_lifetime": 199815.5,
                "diff_num_grad_updates_vs_sampler_policy": 164.5
            }
        },
        "num_env_steps_sampled": 2424000,
        "num_env_steps_trained": 2424000,
        "num_agent_steps_sampled": 2423998,
        "num_agent_steps_trained": 2423998
    },
    "env_runners": {
        "episode_reward_max": -34.0,
        "episode_reward_min": -717.0,
        "episode_reward_mean": -420.7,
        "episode_len_mean": 547.26,
        "episode_media": {},
        "episodes_timesteps_total": 54726,
        "policy_reward_min": {
            "policy_0": -440.0,
            "policy_1": -405.0,
            "policy_2": -465.0
        },
        "policy_reward_max": {
            "policy_0": 6.0,
            "policy_1": -12.0,
            "policy_2": -5.0
        },
        "policy_reward_mean": {
            "policy_0": -115.57,
            "policy_1": -125.82,
            "policy_2": -179.31
        },
        "custom_metrics": {},
        "hist_stats": {
            "episode_reward": [
                -480.0,
                -575.0,
                -410.0,
                -285.0,
                -166.0,
                -334.0,
                -426.0,
                -395.0,
                -96.0,
                -466.0,
                -521.0,
                -551.0,
                -443.0,
                -412.0,
                -276.0,
                -502.0,
                -413.0,
                -445.0,
                -668.0,
                -415.0,
                -473.0,
                -432.0,
                -441.0,
                -438.0,
                -299.0,
                -441.0,
                -528.0,
                -208.0,
                -408.0,
                -639.0,
                -434.0,
                -469.0,
                -384.0,
                -390.0,
                -373.0,
                -616.0,
                -200.0,
                -521.0,
                -178.0,
                -435.0,
                -418.0,
                -523.0,
                -581.0,
                -324.0,
                -329.0,
                -361.0,
                -254.0,
                -409.0,
                -485.0,
                -509.0,
                -524.0,
                -523.0,
                -457.0,
                -161.0,
                -438.0,
                -437.0,
                -446.0,
                -391.0,
                -429.0,
                -484.0,
                -179.0,
                -114.0,
                -410.0,
                -510.0,
                -579.0,
                -500.0,
                -600.0,
                -494.0,
                -339.0,
                -404.0,
                -248.0,
                -416.0,
                -438.0,
                -360.0,
                -559.0,
                -417.0,
                -393.0,
                -461.0,
                -717.0,
                -504.0,
                -482.0,
                -384.0,
                -323.0,
                -407.0,
                -264.0,
                -644.0,
                -474.0,
                -377.0,
                -604.0,
                -34.0,
                -524.0,
                -337.0,
                -499.0,
                -358.0,
                -513.0,
                -355.0,
                -368.0,
                -551.0,
                -444.0,
                -417.0
            ],