{
    "custom_metrics": {},
    "episode_media": {},
    "info": {
        "learner": {
            "policy_0": {
                "learner_stats": {
                    "allreduce_latency": 0.0,
                    "grad_gnorm": 4.032295227050781,
                    "cur_kl_coeff": 0.2164880683645607,
                    "cur_lr": 5e-05,
                    "total_loss": 2.094169409527923,
                    "policy_loss": -0.06692338032563301,
                    "vf_loss": 2.1626802944775783,
                    "vf_explained_var": -0.028774786717963942,
                    "kl": 0.008618126798709765,
                    "entropy": 0.3453217301856388,
                    "entropy_coeff": 0.01
                },
                "model": {},
                "custom_metrics": {},
                "num_agent_steps_trained": 121.36363636363636,
                "num_grad_updates_lifetime": 148665.5,
                "diff_num_grad_updates_vs_sampler_policy": 164.5
            },
            "policy_1": {
                "learner_stats": {
                    "allreduce_latency": 0.0,
                    "grad_gnorm": 2.1658689975738525,
                    "cur_kl_coeff": 0.50625,
                    "cur_lr": 5e-05,
                    "total_loss": 3.73874403852405,
                    "policy_loss": -0.06464346751119152,
                    "vf_loss": 3.845885672713771,
                    "vf_explained_var": 0.09427399707562996,
                    "kl": 0.01654244772599285,
                    "entropy": 1.0174556289658403,
                    "entropy_coeff": 0.04999999999999999
                },
                "model": {},
                "custom_metrics": {},
                "num_agent_steps_trained": 121.27272727272727,
                "num_grad_updates_lifetime": 148665.5,
                "diff_num_grad_updates_vs_sampler_policy": 164.5
            },
            "policy_2": {
                "learner_stats": {
                    "allreduce_latency": 0.0,
                    "grad_gnorm": 2.301558017730713,
                    "cur_kl_coeff": 0.4500000000000002,
                    "cur_lr": 5e-05,
                    "total_loss": 3.214626962849588,
                    "policy_loss": -0.07287238128624404,
                    "vf_loss": 3.4106884053259185,
                    "vf_explained_var": 0.013773160089146008,
                    "kl": 0.010153433351119503,
                    "entropy": 1.2775810100815512,
                    "entropy_coeff": 0.09999999999999998
                },
                "model": {},
                "custom_metrics": {},
                "num_agent_steps_trained": 121.0,
                "num_grad_updates_lifetime": 148665.5,
                "diff_num_grad_updates_vs_sampler_policy": 164.5
            }
        },
        "num_env_steps_sampled": 1804000,
        "num_env_steps_trained": 1804000,
        "num_agent_steps_sampled": 1803998,
        "num_agent_steps_trained": 1803998
    },
    "env_runners": {
        "episode_reward_max": -138.0,
        "episode_reward_min": -685.0,
        "episode_reward_mean": -400.25,
        "episode_len_mean": 563.5,
        "episode_media": {},
        "episodes_timesteps_total": 56350,
        "policy_reward_min": {
            "policy_0": -400.0,
            "policy_1": -400.0,
            "policy_2": -440.0
        },
        "policy_reward_max": {
            "policy_0": -3.0,
            "policy_1": -9.0,
            "policy_2": -15.0
        },
        "policy_reward_mean": {
            "policy_0": -98.67,
            "policy_1": -116.7,
            "policy_2": -184.88
        },
        "custom_metrics": {},
        "hist_stats": {
            "episode_reward": [
                -542.0,
                -513.0,
                -277.0,
                -513.0,
                -249.0,
                -343.0,
                -525.0,
                -338.0,
                -202.0,
                -175.0,
                -372.0,
                -260.0,
                -344.0,
                -332.0,
                -363.0,
                -138.0,
                -246.0,
                -407.0,
                -264.0,
                -403.0,
                -478.0,
                -483.0,
                -413.0,
                -541.0,
                -463.0,
                -300.0,
                -243.0,
                -493.0,
                -367.0,
                -440.0,
                -438.0,
                -263.0,
                -428.0,
                -431.0,
                -451.0,
                -417.0,
                -485.0,
                -343.0,
                -404.0,
                -685.0,
                -426.0,
                -337.0,
                -534.0,
                -381.0,
                -476.0,
                -456.0,
                -298.0,
                -600.0,
                -322.0,
                -308.0,
                -525.0,
                -494.0,
                -446.0,
                -545.0,
                -262.0,
                -468.0,
                -223.0,
                -360.0,
                -408.0,
                -571.0,
                -546.0,
                -370.0,
                -451.0,
                -485.0,
                -454.0,
                -270.0,
                -498.0,
                -434.0,
                -474.0,
                -156.0,
                -584.0,
                -523.0,
                -269.0,
                -452.0,
                -323.0,
                -345.0,
                -447.0,
                -192.0,
                -468.0,
                -415.0,
                -419.0,
                -222.0,
                -201.0,
                -357.0,
                -382.0,
                -600.0,
                -360.0,
                -304.0,
                -580.0,
                -481.0,
                -520.0,
                -306.0,
                -491.0,
                -421.0,
                -484.0,
                -314.0,
                -386.0,
                -333.0,
                -489.0,
                -407.0
            ],