{
    "custom_metrics": {},
    "episode_media": {},
    "info": {
        "learner": {
            "policy_0": {
                "learner_stats": {
                    "allreduce_latency": 0.0,
                    "grad_gnorm": 2.7836532592773438,
                    "cur_kl_coeff": 0.19999999999999996,
                    "cur_lr": 5e-05,
                    "total_loss": 9.032241775050307,
                    "policy_loss": -0.07429944012405802,
                    "vf_loss": 9.113984570358738,
                    "vf_explained_var": 0.0027448184562451914,
                    "kl": 0.014870611648382027,
                    "entropy": 1.0417435425700563,
                    "entropy_coeff": 0.01
                },
                "model": {},
                "custom_metrics": {},
                "num_agent_steps_trained": 121.72727272727273,
                "num_grad_updates_lifetime": 23265.5,
                "diff_num_grad_updates_vs_sampler_policy": 164.5
            },
            "policy_1": {
                "learner_stats": {
                    "allreduce_latency": 0.0,
                    "grad_gnorm": 1.8109004497528076,
                    "cur_kl_coeff": 0.19999999999999996,
                    "cur_lr": 5e-05,
                    "total_loss": 8.70046348138289,
                    "policy_loss": -0.07229169449825404,
                    "vf_loss": 8.831270291588524,
                    "vf_explained_var": 0.03394397442991083,
                    "kl": 0.013174113130022896,
                    "entropy": 1.2229994347601225,
                    "entropy_coeff": 0.04999999999999999
                },
                "model": {},
                "custom_metrics": {},
                "num_agent_steps_trained": 121.27272727272727,
                "num_grad_updates_lifetime": 23265.5,
                "diff_num_grad_updates_vs_sampler_policy": 164.5
            },
            "policy_2": {
                "learner_stats": {
                    "allreduce_latency": 0.0,
                    "grad_gnorm": 1.577255368232727,
                    "cur_kl_coeff": 0.19999999999999996,
                    "cur_lr": 5e-05,
                    "total_loss": 9.184778372446695,
                    "policy_loss": -0.0746747727805059,
                    "vf_loss": 9.390486962867506,
                    "vf_explained_var": -0.005389775110013558,
                    "kl": 0.01567743865260916,
                    "entropy": 1.3416927720561171,
                    "entropy_coeff": 0.09999999999999998
                },
                "model": {},
                "custom_metrics": {},
                "num_agent_steps_trained": 120.63636363636364,
                "num_grad_updates_lifetime": 23265.5,
                "diff_num_grad_updates_vs_sampler_policy": 164.5
            }
        },
        "num_env_steps_sampled": 284000,
        "num_env_steps_trained": 284000,
        "num_agent_steps_sampled": 283998,
        "num_agent_steps_trained": 283998
    },
    "env_runners": {
        "episode_reward_max": -156.0,
        "episode_reward_min": -616.0,
        "episode_reward_mean": -419.99,
        "episode_len_mean": 336.04,
        "episode_media": {},
        "episodes_timesteps_total": 33604,
        "policy_reward_min": {
            "policy_0": -350.0,
            "policy_1": -415.0,
            "policy_2": -400.0
        },
        "policy_reward_max": {
            "policy_0": -10.0,
            "policy_1": -4.0,
            "policy_2": -24.0
        },
        "policy_reward_mean": {
            "policy_0": -93.95,
            "policy_1": -139.37,
            "policy_2": -186.67
        },
        "custom_metrics": {},
        "hist_stats": {
            "episode_reward": [
                -261.0,
                -362.0,
                -258.0,
                -522.0,
                -337.0,
                -282.0,
                -539.0,
                -456.0,
                -468.0,
                -510.0,
                -390.0,
                -465.0,
                -365.0,
                -322.0,
                -248.0,
                -387.0,
                -412.0,
                -440.0,
                -247.0,
                -452.0,
                -559.0,
                -559.0,
                -262.0,
                -476.0,
                -405.0,
                -371.0,
                -398.0,
                -403.0,
                -438.0,
                -579.0,
                -513.0,
                -464.0,
                -409.0,
                -501.0,
                -545.0,
                -436.0,
                -380.0,
                -283.0,
                -379.0,
                -506.0,
                -382.0,
                -392.0,
                -435.0,
                -461.0,
                -354.0,
                -402.0,
                -345.0,
                -430.0,
                -390.0,
                -436.0,
                -502.0,
                -393.0,
                -483.0,
                -181.0,
                -317.0,
                -517.0,
                -601.0,
                -447.0,
                -378.0,
                -443.0,
                -448.0,
                -326.0,
                -317.0,
                -437.0,
                -474.0,
                -156.0,
                -478.0,
                -520.0,
                -458.0,
                -459.0,
                -616.0,
                -487.0,
                -427.0,
                -417.0,
                -574.0,
                -464.0,
                -558.0,
                -510.0,
                -484.0,
                -494.0,
                -452.0,
                -388.0,
                -438.0,
                -320.0,
                -432.0,
                -494.0,
                -342.0,
                -322.0,
                -269.0,
                -556.0,
                -247.0,
                -429.0,
                -436.0,
                -382.0,
                -387.0,
                -494.0,
                -319.0,
                -392.0,
                -325.0,
                -593.0
            ],