{
    "custom_metrics": {},
    "episode_media": {},
    "info": {
        "learner": {
            "policy_0": {
                "learner_stats": {
                    "allreduce_latency": 0.0,
                    "grad_gnorm": 5.209973335266113,
                    "cur_kl_coeff": 0.2965807643188837,
                    "cur_lr": 5e-05,
                    "total_loss": 3.927629574139913,
                    "policy_loss": -0.01208607916097125,
                    "vf_loss": 3.939192887508508,
                    "vf_explained_var": -0.03611260941534331,
                    "kl": 0.004380582316271898,
                    "entropy": 0.07764306299839958,
                    "entropy_coeff": 0.01
                },
                "model": {},
                "custom_metrics": {},
                "num_agent_steps_trained": 121.27272727272727,
                "num_grad_updates_lifetime": 259215.5,
                "diff_num_grad_updates_vs_sampler_policy": 164.5
            },
            "policy_1": {
                "learner_stats": {
                    "allreduce_latency": 0.0,
                    "grad_gnorm": 3.186974048614502,
                    "cur_kl_coeff": 0.2402709960937499,
                    "cur_lr": 5e-05,
                    "total_loss": 3.1679416533672446,
                    "policy_loss": -0.07853556250814688,
                    "vf_loss": 3.2730976296193672,
                    "vf_explained_var": -0.02544652566765294,
                    "kl": 0.02589138700326089,
                    "entropy": 0.6568274451927705,
                    "entropy_coeff": 0.04999999999999999
                },
                "model": {},
                "custom_metrics": {},
                "num_agent_steps_trained": 121.45454545454545,
                "num_grad_updates_lifetime": 259215.5,
                "diff_num_grad_updates_vs_sampler_policy": 164.5
            },
            "policy_2": {
                "learner_stats": {
                    "allreduce_latency": 0.0,
                    "grad_gnorm": 3.0363171100616455,
                    "cur_kl_coeff": 0.3796875000000002,
                    "cur_lr": 5e-05,
                    "total_loss": 4.7336865844148575,
                    "policy_loss": -0.07753811108907967,
                    "vf_loss": 4.914168154109608,
                    "vf_explained_var": -0.008380947691021544,
                    "kl": 0.012671983564324727,
                    "entropy": 1.0775484679323255,
                    "entropy_coeff": 0.09999999999999998
                },
                "model": {},
                "custom_metrics": {},
                "num_agent_steps_trained": 120.9090909090909,
                "num_grad_updates_lifetime": 259215.5,
                "diff_num_grad_updates_vs_sampler_policy": 164.5
            }
        },
        "num_env_steps_sampled": 3144000,
        "num_env_steps_trained": 3144000,
        "num_agent_steps_sampled": 3143998,
        "num_agent_steps_trained": 3143998
    },
    "env_runners": {
        "episode_reward_max": -90.0,
        "episode_reward_min": -672.0,
        "episode_reward_mean": -418.74,
        "episode_len_mean": 411.0,
        "episode_media": {},
        "episodes_timesteps_total": 41100,
        "policy_reward_min": {
            "policy_2": -425.0,
            "policy_0": -440.0,
            "policy_1": -390.0
        },
        "policy_reward_max": {
            "policy_2": -20.0,
            "policy_0": 6.0,
            "policy_1": -9.0
        },
        "policy_reward_mean": {
            "policy_2": -173.61,
            "policy_0": -101.63,
            "policy_1": -143.5
        },
        "custom_metrics": {},
        "hist_stats": {
            "episode_reward": [
                -475.0,
                -423.0,
                -511.0,
                -529.0,
                -545.0,
                -492.0,
                -320.0,
                -594.0,
                -407.0,
                -431.0,
                -472.0,
                -152.0,
                -395.0,
                -224.0,
                -447.0,
                -446.0,
                -361.0,
                -347.0,
                -489.0,
                -437.0,
                -527.0,
                -202.0,
                -516.0,
                -342.0,
                -401.0,
                -523.0,
                -411.0,
                -411.0,
                -622.0,
                -497.0,
                -420.0,
                -315.0,
                -441.0,
                -393.0,
                -445.0,
                -452.0,
                -457.0,
                -368.0,
                -575.0,
                -445.0,
                -399.0,
                -429.0,
                -456.0,
                -234.0,
                -672.0,
                -502.0,
                -635.0,
                -487.0,
                -529.0,
                -470.0,
                -326.0,
                -488.0,
                -312.0,
                -456.0,
                -386.0,
                -143.0,
                -419.0,
                -323.0,
                -430.0,
                -572.0,
                -207.0,
                -637.0,
                -560.0,
                -508.0,
                -478.0,
                -335.0,
                -537.0,
                -348.0,
                -339.0,
                -377.0,
                -486.0,
                -306.0,
                -422.0,
                -219.0,
                -369.0,
                -450.0,
                -398.0,
                -347.0,
                -297.0,
                -360.0,
                -489.0,
                -357.0,
                -461.0,
                -583.0,
                -266.0,
                -503.0,
                -531.0,
                -391.0,
                -438.0,
                -562.0,
                -428.0,
                -449.0,
                -629.0,
                -413.0,
                -155.0,
                -526.0,
                -306.0,
                -90.0,
                -249.0,
                -140.0
            ],