{
    "custom_metrics": {},
    "episode_media": {},
    "info": {
        "learner": {
            "policy_0": {
                "learner_stats": {
                    "allreduce_latency": 0.0,
                    "grad_gnorm": 2.0192108154296875,
                    "cur_kl_coeff": 0.19999999999999996,
                    "cur_lr": 5e-05,
                    "total_loss": 9.005858210361366,
                    "policy_loss": -0.06601589341633812,
                    "vf_loss": 9.080702877044677,
                    "vf_explained_var": 0.012325275124925556,
                    "kl": 0.014042577787917024,
                    "entropy": 1.1637288747411785,
                    "entropy_coeff": 0.01
                },
                "model": {},
                "custom_metrics": {},
                "num_agent_steps_trained": 121.27272727272727,
                "num_grad_updates_lifetime": 13365.5,
                "diff_num_grad_updates_vs_sampler_policy": 164.5
            },
            "policy_1": {
                "learner_stats": {
                    "allreduce_latency": 0.0,
                    "grad_gnorm": 1.830753207206726,
                    "cur_kl_coeff": 0.19999999999999996,
                    "cur_lr": 5e-05,
                    "total_loss": 8.135877288471569,
                    "policy_loss": -0.06718456902908104,
                    "vf_loss": 8.265457401853618,
                    "vf_explained_var": 0.0016909839528979676,
                    "kl": 0.010319438646737726,
                    "entropy": 1.289188614397338,
                    "entropy_coeff": 0.04999999999999999
                },
                "model": {},
                "custom_metrics": {},
                "num_agent_steps_trained": 121.0909090909091,
                "num_grad_updates_lifetime": 13365.5,
                "diff_num_grad_updates_vs_sampler_policy": 164.5
            },
            "policy_2": {
                "learner_stats": {
                    "allreduce_latency": 0.0,
                    "grad_gnorm": 1.6053111553192139,
                    "cur_kl_coeff": 0.19999999999999996,
                    "cur_lr": 5e-05,
                    "total_loss": 8.529975040031202,
                    "policy_loss": -0.06325347744295318,
                    "vf_loss": 8.735990678902828,
                    "vf_explained_var": -0.003782734003933993,
                    "kl": 0.011810730745294635,
                    "entropy": 1.4512434099659774,
                    "entropy_coeff": 0.09999999999999998
                },
                "model": {},
                "custom_metrics": {},
                "num_agent_steps_trained": 121.27272727272727,
                "num_grad_updates_lifetime": 13365.5,
                "diff_num_grad_updates_vs_sampler_policy": 164.5
            }
        },
        "num_env_steps_sampled": 164000,
        "num_env_steps_trained": 164000,
        "num_agent_steps_sampled": 163998,
        "num_agent_steps_trained": 163998
    },
    "env_runners": {
        "episode_reward_max": -153.0,
        "episode_reward_min": -613.0,
        "episode_reward_mean": -425.3,
        "episode_len_mean": 325.68,
        "episode_media": {},
        "episodes_timesteps_total": 32568,
        "policy_reward_min": {
            "policy_0": -320.0,
            "policy_1": -415.0,
            "policy_2": -435.0
        },
        "policy_reward_max": {
            "policy_0": -10.0,
            "policy_1": -13.0,
            "policy_2": -8.0
        },
        "policy_reward_mean": {
            "policy_0": -125.4,
            "policy_1": -140.97,
            "policy_2": -158.93
        },
        "custom_metrics": {},
        "hist_stats": {
            "episode_reward": [
                -373.0,
                -561.0,
                -410.0,
                -413.0,
                -454.0,
                -291.0,
                -517.0,
                -425.0,
                -274.0,
                -471.0,
                -589.0,
                -579.0,
                -413.0,
                -400.0,
                -538.0,
                -303.0,
                -409.0,
                -379.0,
                -429.0,
                -384.0,
                -505.0,
                -569.0,
                -374.0,
                -486.0,
                -362.0,
                -430.0,
                -448.0,
                -414.0,
                -272.0,
                -355.0,
                -548.0,
                -387.0,
                -382.0,
                -396.0,
                -383.0,
                -153.0,
                -498.0,
                -525.0,
                -372.0,
                -599.0,
                -607.0,
                -334.0,
                -425.0,
                -413.0,
                -553.0,
                -346.0,
                -474.0,
                -548.0,
                -314.0,
                -368.0,
                -372.0,
                -284.0,
                -431.0,
                -316.0,
                -410.0,
                -320.0,
                -450.0,
                -316.0,
                -310.0,
                -315.0,
                -501.0,
                -449.0,
                -427.0,
                -449.0,
                -446.0,
                -488.0,
                -315.0,
                -344.0,
                -554.0,
                -416.0,
                -388.0,
                -334.0,
                -458.0,
                -374.0,
                -315.0,
                -444.0,
                -429.0,
                -434.0,
                -356.0,
                -434.0,
                -373.0,
                -599.0,
                -349.0,
                -482.0,
                -487.0,
                -567.0,
                -517.0,
                -503.0,
                -466.0,
                -545.0,
                -472.0,
                -328.0,
                -613.0,
                -520.0,
                -362.0,
                -435.0,
                -292.0,
                -331.0,
                -436.0,
                -522.0
            ],