{
    "custom_metrics": {},
    "episode_media": {},
    "info": {
        "learner": {
            "policy_0": {
                "learner_stats": {
                    "allreduce_latency": 0.0,
                    "grad_gnorm": 5.800846576690674,
                    "cur_kl_coeff": 0.18057992844791282,
                    "cur_lr": 5e-05,
                    "total_loss": 2.9979984185912394,
                    "policy_loss": -0.07290151355731668,
                    "vf_loss": 3.073735551039378,
                    "vf_explained_var": -0.020594533465125343,
                    "kl": 0.013469513472747077,
                    "entropy": 0.5267948306871183,
                    "entropy_coeff": 0.01
                },
                "model": {},
                "custom_metrics": {},
                "num_agent_steps_trained": 121.18181818181819,
                "num_grad_updates_lifetime": 316965.5,
                "diff_num_grad_updates_vs_sampler_policy": 164.5
            },
            "policy_1": {
                "learner_stats": {
                    "allreduce_latency": 0.0,
                    "grad_gnorm": 3.6710968017578125,
                    "cur_kl_coeff": 0.3421046018600464,
                    "cur_lr": 5e-05,
                    "total_loss": 1.8054041040666176,
                    "policy_loss": -0.07233065948398276,
                    "vf_loss": 1.9071703892765624,
                    "vf_explained_var": 0.0785728161985224,
                    "kl": 0.014712915239503464,
                    "entropy": 0.6893795112768809,
                    "entropy_coeff": 0.04999999999999999
                },
                "model": {},
                "custom_metrics": {},
                "num_agent_steps_trained": 121.54545454545455,
                "num_grad_updates_lifetime": 316965.5,
                "diff_num_grad_updates_vs_sampler_policy": 164.5
            },
            "policy_2": {
                "learner_stats": {
                    "allreduce_latency": 0.0,
                    "grad_gnorm": 2.2751684188842773,
                    "cur_kl_coeff": 0.3796875000000002,
                    "cur_lr": 5e-05,
                    "total_loss": 3.0487072348594664,
                    "policy_loss": -0.08643218742288424,
                    "vf_loss": 3.253212147770506,
                    "vf_explained_var": -0.00461346579320503,
                    "kl": 0.011940480362066092,
                    "entropy": 1.2260636336875685,
                    "entropy_coeff": 0.09999999999999998
                },
                "model": {},
                "custom_metrics": {},
                "num_agent_steps_trained": 120.9090909090909,
                "num_grad_updates_lifetime": 316965.5,
                "diff_num_grad_updates_vs_sampler_policy": 164.5
            }
        },
        "num_env_steps_sampled": 3844000,
        "num_env_steps_trained": 3844000,
        "num_agent_steps_sampled": 3843998,
        "num_agent_steps_trained": 3843998
    },
    "env_runners": {
        "episode_reward_max": -54.0,
        "episode_reward_min": -638.0,
        "episode_reward_mean": -399.34,
        "episode_len_mean": 522.82,
        "episode_media": {},
        "episodes_timesteps_total": 52282,
        "policy_reward_min": {
            "policy_0": -370.0,
            "policy_1": -395.0,
            "policy_2": -405.0
        },
        "policy_reward_max": {
            "policy_0": 0.0,
            "policy_1": -4.0,
            "policy_2": -10.0
        },
        "policy_reward_mean": {
            "policy_0": -93.77,
            "policy_1": -130.01,
            "policy_2": -175.56
        },
        "custom_metrics": {},
        "hist_stats": {
            "episode_reward": [
                -515.0,
                -400.0,
                -459.0,
                -323.0,
                -364.0,
                -547.0,
                -398.0,
                -352.0,
                -275.0,
                -206.0,
                -559.0,
                -515.0,
                -294.0,
                -397.0,
                -480.0,
                -54.0,
                -258.0,
                -335.0,
                -372.0,
                -476.0,
                -241.0,
                -506.0,
                -358.0,
                -349.0,
                -585.0,
                -332.0,
                -565.0,
                -432.0,
                -311.0,
                -317.0,
                -295.0,
                -410.0,
                -394.0,
                -410.0,
                -431.0,
                -633.0,
                -159.0,
                -538.0,
                -423.0,
                -495.0,
                -556.0,
                -554.0,
                -526.0,
                -490.0,
                -488.0,
                -259.0,
                -335.0,
                -316.0,
                -343.0,
                -541.0,
                -562.0,
                -438.0,
                -305.0,
                -486.0,
                -302.0,
                -450.0,
                -134.0,
                -484.0,
                -465.0,
                -199.0,
                -509.0,
                -560.0,
                -317.0,
                -205.0,
                -170.0,
                -526.0,
                -296.0,
                -312.0,
                -459.0,
                -374.0,
                -519.0,
                -507.0,
                -524.0,
                -638.0,
                -474.0,
                -565.0,
                -447.0,
                -341.0,
                -328.0,
                -129.0,
                -458.0,
                -473.0,
                -548.0,
                -332.0,
                -483.0,
                -495.0,
                -482.0,
                -56.0,
                -466.0,
                -432.0,
                -393.0,
                -501.0,
                -373.0,
                -80.0,
                -348.0,
                -453.0,
                -323.0,
                -387.0,
                -164.0,
                -491.0
            ],