{
    "custom_metrics": {},
    "episode_media": {},
    "info": {
        "learner": {
            "policy_0": {
                "learner_stats": {
                    "allreduce_latency": 0.0,
                    "grad_gnorm": 5.290828227996826,
                    "cur_kl_coeff": 0.19999999999999996,
                    "cur_lr": 5e-05,
                    "total_loss": 7.9202177726861205,
                    "policy_loss": -0.0715714965213203,
                    "vf_loss": 8.000055522629708,
                    "vf_explained_var": 0.030123981923768015,
                    "kl": 0.01352292255248323,
                    "entropy": 1.0970876023624883,
                    "entropy_coeff": 0.01
                },
                "model": {},
                "custom_metrics": {},
                "num_agent_steps_trained": 121.81818181818181,
                "num_grad_updates_lifetime": 21615.5,
                "diff_num_grad_updates_vs_sampler_policy": 164.5
            },
            "policy_1": {
                "learner_stats": {
                    "allreduce_latency": 0.0,
                    "grad_gnorm": 1.3931111097335815,
                    "cur_kl_coeff": 0.19999999999999996,
                    "cur_lr": 5e-05,
                    "total_loss": 9.565041438016024,
                    "policy_loss": -0.06942159704807581,
                    "vf_loss": 9.691827245192094,
                    "vf_explained_var": 0.03995390660835035,
                    "kl": 0.011111631998111379,
                    "entropy": 1.1917301362211055,
                    "entropy_coeff": 0.04999999999999999
                },
                "model": {},
                "custom_metrics": {},
                "num_agent_steps_trained": 121.54545454545455,
                "num_grad_updates_lifetime": 21615.5,
                "diff_num_grad_updates_vs_sampler_policy": 164.5
            },
            "policy_2": {
                "learner_stats": {
                    "allreduce_latency": 0.0,
                    "grad_gnorm": 1.8389123678207397,
                    "cur_kl_coeff": 0.19999999999999996,
                    "cur_lr": 5e-05,
                    "total_loss": 9.01099391706062,
                    "policy_loss": -0.06956681588833982,
                    "vf_loss": 9.218965868516403,
                    "vf_explained_var": -0.027810707236781265,
                    "kl": 0.011977234364347368,
                    "entropy": 1.4080061182831274,
                    "entropy_coeff": 0.09999999999999998
                },
                "model": {},
                "custom_metrics": {},
                "num_agent_steps_trained": 120.27272727272727,
                "num_grad_updates_lifetime": 21615.5,
                "diff_num_grad_updates_vs_sampler_policy": 164.5
            }
        },
        "num_env_steps_sampled": 264000,
        "num_env_steps_trained": 264000,
        "num_agent_steps_sampled": 263998,
        "num_agent_steps_trained": 263998
    },
    "env_runners": {
        "episode_reward_max": -226.0,
        "episode_reward_min": -621.0,
        "episode_reward_mean": -412.56,
        "episode_len_mean": 373.46,
        "episode_media": {},
        "episodes_timesteps_total": 37346,
        "policy_reward_min": {
            "policy_2": -400.0,
            "policy_0": -350.0,
            "policy_1": -385.0
        },
        "policy_reward_max": {
            "policy_2": -33.0,
            "policy_0": -18.0,
            "policy_1": -4.0
        },
        "policy_reward_mean": {
            "policy_2": -171.92,
            "policy_0": -91.36,
            "policy_1": -149.28
        },
        "custom_metrics": {},
        "hist_stats": {
            "episode_reward": [
                -473.0,
                -359.0,
                -344.0,
                -360.0,
                -321.0,
                -621.0,
                -565.0,
                -516.0,
                -476.0,
                -323.0,
                -342.0,
                -499.0,
                -477.0,
                -269.0,
                -398.0,
                -523.0,
                -539.0,
                -408.0,
                -509.0,
                -259.0,
                -406.0,
                -499.0,
                -453.0,
                -478.0,
                -415.0,
                -459.0,
                -299.0,
                -229.0,
                -507.0,
                -497.0,
                -501.0,
                -307.0,
                -483.0,
                -432.0,
                -465.0,
                -233.0,
                -363.0,
                -471.0,
                -314.0,
                -438.0,
                -427.0,
                -326.0,
                -292.0,
                -256.0,
                -379.0,
                -455.0,
                -350.0,
                -512.0,
                -347.0,
                -456.0,
                -226.0,
                -451.0,
                -563.0,
                -508.0,
                -228.0,
                -412.0,
                -336.0,
                -489.0,
                -472.0,
                -352.0,
                -261.0,
                -362.0,
                -258.0,
                -522.0,
                -337.0,
                -282.0,
                -539.0,
                -456.0,
                -468.0,
                -510.0,
                -390.0,
                -465.0,
                -365.0,
                -322.0,
                -248.0,
                -387.0,
                -412.0,
                -440.0,
                -247.0,
                -452.0,
                -559.0,
                -559.0,
                -262.0,
                -476.0,
                -405.0,
                -371.0,
                -398.0,
                -403.0,
                -438.0,
                -579.0,
                -513.0,
                -464.0,
                -409.0,
                -501.0,
                -545.0,
                -436.0,
                -380.0,
                -283.0,
                -379.0,
                -506.0
            ],