{
    "custom_metrics": {},
    "episode_media": {},
    "info": {
        "learner": {
            "policy_0": {
                "learner_stats": {
                    "allreduce_latency": 0.0,
                    "grad_gnorm": 3.7347960472106934,
                    "cur_kl_coeff": 0.26362734606122995,
                    "cur_lr": 5e-05,
                    "total_loss": 7.90241070805174,
                    "policy_loss": -0.050871266356923364,
                    "vf_loss": 7.954450724341653,
                    "vf_explained_var": 0.06967772913701606,
                    "kl": 0.008080073902235169,
                    "entropy": 0.3298901530829343,
                    "entropy_coeff": 0.01
                },
                "model": {},
                "custom_metrics": {},
                "num_agent_steps_trained": 121.18181818181819,
                "num_grad_updates_lifetime": 252615.5,
                "diff_num_grad_updates_vs_sampler_policy": 164.5
            },
            "policy_1": {
                "learner_stats": {
                    "allreduce_latency": 0.0,
                    "grad_gnorm": 2.2698171138763428,
                    "cur_kl_coeff": 0.4805419921874998,
                    "cur_lr": 5e-05,
                    "total_loss": 6.055692954496904,
                    "policy_loss": -0.08452792442262624,
                    "vf_loss": 6.174726571458759,
                    "vf_explained_var": 0.006727684989120021,
                    "kl": 0.011065857518601901,
                    "entropy": 0.796466055241498,
                    "entropy_coeff": 0.04999999999999999
                },
                "model": {},
                "custom_metrics": {},
                "num_agent_steps_trained": 121.45454545454545,
                "num_grad_updates_lifetime": 252615.5,
                "diff_num_grad_updates_vs_sampler_policy": 164.5
            },
            "policy_2": {
                "learner_stats": {
                    "allreduce_latency": 0.0,
                    "grad_gnorm": 2.162362575531006,
                    "cur_kl_coeff": 0.3796875000000002,
                    "cur_lr": 5e-05,
                    "total_loss": 6.93965035496336,
                    "policy_loss": -0.10819607689327589,
                    "vf_loss": 7.1633249022743914,
                    "vf_explained_var": -0.021828863295641814,
                    "kl": 0.01923424522864011,
                    "entropy": 1.2278147675774314,
                    "entropy_coeff": 0.09999999999999998
                },
                "model": {},
                "custom_metrics": {},
                "num_agent_steps_trained": 121.0,
                "num_grad_updates_lifetime": 252615.5,
                "diff_num_grad_updates_vs_sampler_policy": 164.5
            }
        },
        "num_env_steps_sampled": 3064000,
        "num_env_steps_trained": 3064000,
        "num_agent_steps_sampled": 3063998,
        "num_agent_steps_trained": 3063998
    },
    "env_runners": {
        "episode_reward_max": -156.0,
        "episode_reward_min": -628.0,
        "episode_reward_mean": -432.95,
        "episode_len_mean": 409.52,
        "episode_media": {},
        "episodes_timesteps_total": 40952,
        "policy_reward_min": {
            "policy_2": -425.0,
            "policy_0": -405.0,
            "policy_1": -380.0
        },
        "policy_reward_max": {
            "policy_2": -27.0,
            "policy_0": 4.0,
            "policy_1": 2.0
        },
        "policy_reward_mean": {
            "policy_2": -171.39,
            "policy_0": -128.27,
            "policy_1": -133.29
        },
        "custom_metrics": {},
        "hist_stats": {
            "episode_reward": [
                -519.0,
                -563.0,
                -177.0,
                -555.0,
                -466.0,
                -607.0,
                -593.0,
                -515.0,
                -501.0,
                -484.0,
                -503.0,
                -384.0,
                -400.0,
                -349.0,
                -414.0,
                -439.0,
                -498.0,
                -525.0,
                -204.0,
                -311.0,
                -395.0,
                -381.0,
                -523.0,
                -526.0,
                -421.0,
                -488.0,
                -316.0,
                -378.0,
                -301.0,
                -355.0,
                -461.0,
                -275.0,
                -454.0,
                -499.0,
                -463.0,
                -431.0,
                -430.0,
                -561.0,
                -412.0,
                -392.0,
                -562.0,
                -593.0,
                -500.0,
                -349.0,
                -294.0,
                -512.0,
                -296.0,
                -210.0,
                -191.0,
                -477.0,
                -481.0,
                -531.0,
                -466.0,
                -368.0,
                -357.0,
                -628.0,
                -412.0,
                -623.0,
                -545.0,
                -561.0,
                -431.0,
                -377.0,
                -569.0,
                -352.0,
                -375.0,
                -447.0,
                -381.0,
                -476.0,
                -607.0,
                -529.0,
                -156.0,
                -451.0,
                -401.0,
                -359.0,
                -461.0,
                -595.0,
                -336.0,
                -437.0,
                -567.0,
                -510.0,
                -456.0,
                -360.0,
                -395.0,
                -520.0,
                -298.0,
                -579.0,
                -558.0,
                -483.0,
                -484.0,
                -366.0,
                -225.0,
                -456.0,
                -509.0,
                -370.0,
                -162.0,
                -462.0,
                -362.0,
                -294.0,
                -277.0,
                -437.0
            ],