{
    "custom_metrics": {},
    "episode_media": {},
    "info": {
        "learner": {
            "policy_0": {
                "learner_stats": {
                    "allreduce_latency": 0.0,
                    "grad_gnorm": 3.7544782161712646,
                    "cur_kl_coeff": 0.4008361256164345,
                    "cur_lr": 5e-05,
                    "total_loss": 2.0542591085939694,
                    "policy_loss": -0.06443753001759901,
                    "vf_loss": 2.11875078569759,
                    "vf_explained_var": 0.018827168146769206,
                    "kl": 0.006875461270697862,
                    "entropy": 0.2810068060954412,
                    "entropy_coeff": 0.01
                },
                "model": {},
                "custom_metrics": {},
                "num_agent_steps_trained": 121.36363636363636,
                "num_grad_updates_lifetime": 282315.5,
                "diff_num_grad_updates_vs_sampler_policy": 164.5
            },
            "policy_1": {
                "learner_stats": {
                    "allreduce_latency": 0.0,
                    "grad_gnorm": 1.5837106704711914,
                    "cur_kl_coeff": 0.40545730590820295,
                    "cur_lr": 5e-05,
                    "total_loss": 1.8955107386365082,
                    "policy_loss": -0.08403325043900899,
                    "vf_loss": 2.0068499743938446,
                    "vf_explained_var": -0.00016208309115785542,
                    "kl": 0.009636318415560398,
                    "entropy": 0.624262136311242,
                    "entropy_coeff": 0.04999999999999999
                },
                "model": {},
                "custom_metrics": {},
                "num_agent_steps_trained": 121.0909090909091,
                "num_grad_updates_lifetime": 282315.5,
                "diff_num_grad_updates_vs_sampler_policy": 164.5
            },
            "policy_2": {
                "learner_stats": {
                    "allreduce_latency": 0.0,
                    "grad_gnorm": 3.2905285358428955,
                    "cur_kl_coeff": 0.3796875000000002,
                    "cur_lr": 5e-05,
                    "total_loss": 1.9937320456811876,
                    "policy_loss": -0.08423561199116662,
                    "vf_loss": 2.1877728352040955,
                    "vf_explained_var": -0.004071661378398086,
                    "kl": 0.009622080484265291,
                    "entropy": 1.1345856054262682,
                    "entropy_coeff": 0.09999999999999998
                },
                "model": {},
                "custom_metrics": {},
                "num_agent_steps_trained": 121.18181818181819,
                "num_grad_updates_lifetime": 282315.5,
                "diff_num_grad_updates_vs_sampler_policy": 164.5
            }
        },
        "num_env_steps_sampled": 3424000,
        "num_env_steps_trained": 3424000,
        "num_agent_steps_sampled": 3423998,
        "num_agent_steps_trained": 3423998
    },
    "env_runners": {
        "episode_reward_max": -39.0,
        "episode_reward_min": -620.0,
        "episode_reward_mean": -413.02,
        "episode_len_mean": 450.0,
        "episode_media": {},
        "episodes_timesteps_total": 45000,
        "policy_reward_min": {
            "policy_0": -375.0,
            "policy_1": -365.0,
            "policy_2": -450.0
        },
        "policy_reward_max": {
            "policy_0": 4.0,
            "policy_1": -17.0,
            "policy_2": -20.0
        },
        "policy_reward_mean": {
            "policy_0": -100.59,
            "policy_1": -142.1,
            "policy_2": -170.33
        },
        "custom_metrics": {},
        "hist_stats": {
            "episode_reward": [
                -524.0,
                -541.0,
                -392.0,
                -467.0,
                -555.0,
                -469.0,
                -465.0,
                -431.0,
                -488.0,
                -212.0,
                -488.0,
                -201.0,
                -467.0,
                -502.0,
                -374.0,
                -339.0,
                -404.0,
                -504.0,
                -388.0,
                -338.0,
                -401.0,
                -353.0,
                -508.0,
                -480.0,
                -325.0,
                -39.0,
                -277.0,
                -432.0,
                -454.0,
                -341.0,
                -512.0,
                -469.0,
                -493.0,
                -547.0,
                -435.0,
                -371.0,
                -606.0,
                -467.0,
                -396.0,
                -431.0,
                -366.0,
                -418.0,
                -614.0,
                -377.0,
                -530.0,
                -422.0,
                -555.0,
                -306.0,
                -201.0,
                -192.0,
                -322.0,
                -381.0,
                -389.0,
                -248.0,
                -200.0,
                -385.0,
                -620.0,
                -329.0,
                -465.0,
                -531.0,
                -514.0,
                -482.0,
                -523.0,
                -327.0,
                -427.0,
                -383.0,
                -442.0,
                -375.0,
                -454.0,
                -500.0,
                -413.0,
                -425.0,
                -383.0,
                -616.0,
                -518.0,
                -417.0,
                -534.0,
                -373.0,
                -252.0,
                -433.0,
                -515.0,
                -411.0,
                -535.0,
                -425.0,
                -290.0,
                -228.0,
                -461.0,
                -372.0,
                -436.0,
                -277.0,
                -333.0,
                -333.0,
                -198.0,
                -556.0,
                -268.0,
                -566.0,
                -355.0,
                -474.0,
                -366.0,
                -375.0
            ],