{
    "custom_metrics": {},
    "episode_media": {},
    "info": {
        "learner": {
            "policy_0": {
                "learner_stats": {
                    "allreduce_latency": 0.0,
                    "grad_gnorm": 3.2943007946014404,
                    "cur_kl_coeff": 0.12177453845506533,
                    "cur_lr": 5e-05,
                    "total_loss": 3.3097051378452416,
                    "policy_loss": -0.06369472291603002,
                    "vf_loss": 3.3757950558806913,
                    "vf_explained_var": 0.04294206662611528,
                    "kl": 0.014066557720135972,
                    "entropy": 0.41081556804252395,
                    "entropy_coeff": 0.01
                },
                "model": {},
                "custom_metrics": {},
                "num_agent_steps_trained": 121.36363636363636,
                "num_grad_updates_lifetime": 161865.5,
                "diff_num_grad_updates_vs_sampler_policy": 164.5
            },
            "policy_1": {
                "learner_stats": {
                    "allreduce_latency": 0.0,
                    "grad_gnorm": 3.0796892642974854,
                    "cur_kl_coeff": 0.50625,
                    "cur_lr": 5e-05,
                    "total_loss": 3.8337938792777786,
                    "policy_loss": -0.09180725571050337,
                    "vf_loss": 3.96669068553231,
                    "vf_explained_var": 0.03304005554228118,
                    "kl": 0.013221352546109053,
                    "entropy": 0.9556572397549947,
                    "entropy_coeff": 0.04999999999999999
                },
                "model": {},
                "custom_metrics": {},
                "num_agent_steps_trained": 121.18181818181819,
                "num_grad_updates_lifetime": 161865.5,
                "diff_num_grad_updates_vs_sampler_policy": 164.5
            },
            "policy_2": {
                "learner_stats": {
                    "allreduce_latency": 0.0,
                    "grad_gnorm": 4.252923488616943,
                    "cur_kl_coeff": 0.4500000000000002,
                    "cur_lr": 5e-05,
                    "total_loss": 2.6576196372509004,
                    "policy_loss": -0.07098437305469292,
                    "vf_loss": 2.850419748913158,
                    "vf_explained_var": -0.017853096398440273,
                    "kl": 0.00900046112266927,
                    "entropy": 1.2586594780286153,
                    "entropy_coeff": 0.09999999999999998
                },
                "model": {},
                "custom_metrics": {},
                "num_agent_steps_trained": 121.0909090909091,
                "num_grad_updates_lifetime": 161865.5,
                "diff_num_grad_updates_vs_sampler_policy": 164.5
            }
        },
        "num_env_steps_sampled": 1964000,
        "num_env_steps_trained": 1964000,
        "num_agent_steps_sampled": 1963998,
        "num_agent_steps_trained": 1963998
    },
    "env_runners": {
        "episode_reward_max": -158.0,
        "episode_reward_min": -632.0,
        "episode_reward_mean": -398.31,
        "episode_len_mean": 548.56,
        "episode_media": {},
        "episodes_timesteps_total": 54856,
        "policy_reward_min": {
            "policy_2": -490.0,
            "policy_0": -350.0,
            "policy_1": -380.0
        },
        "policy_reward_max": {
            "policy_2": -16.0,
            "policy_0": -4.0,
            "policy_1": -16.0
        },
        "policy_reward_mean": {
            "policy_2": -176.41,
            "policy_0": -97.07,
            "policy_1": -124.83
        },
        "custom_metrics": {},
        "hist_stats": {
            "episode_reward": [
                -474.0,
                -296.0,
                -496.0,
                -556.0,
                -586.0,
                -464.0,
                -614.0,
                -446.0,
                -536.0,
                -628.0,
                -434.0,
                -583.0,
                -473.0,
                -258.0,
                -196.0,
                -530.0,
                -362.0,
                -398.0,
                -453.0,
                -472.0,
                -328.0,
                -448.0,
                -253.0,
                -220.0,
                -313.0,
                -161.0,
                -402.0,
                -556.0,
                -540.0,
                -344.0,
                -271.0,
                -422.0,
                -439.0,
                -512.0,
                -438.0,
                -158.0,
                -244.0,
                -224.0,
                -177.0,
                -222.0,
                -299.0,
                -500.0,
                -384.0,
                -571.0,
                -404.0,
                -397.0,
                -477.0,
                -298.0,
                -428.0,
                -507.0,
                -276.0,
                -510.0,
                -395.0,
                -257.0,
                -360.0,
                -405.0,
                -200.0,
                -365.0,
                -375.0,
                -364.0,
                -476.0,
                -540.0,
                -490.0,
                -487.0,
                -534.0,
                -632.0,
                -551.0,
                -403.0,
                -413.0,
                -382.0,
                -247.0,
                -362.0,
                -250.0,
                -411.0,
                -469.0,
                -396.0,
                -398.0,
                -484.0,
                -322.0,
                -266.0,
                -296.0,
                -443.0,
                -515.0,
                -327.0,
                -346.0,
                -429.0,
                -393.0,
                -418.0,
                -261.0,
                -450.0,
                -398.0,
                -357.0,
                -325.0,
                -411.0,
                -387.0,
                -324.0,
                -316.0,
                -392.0,
                -376.0,
                -455.0
            ],