{
    "custom_metrics": {},
    "episode_media": {},
    "info": {
        "learner": {
            "policy_0": {
                "learner_stats": {
                    "allreduce_latency": 0.0,
                    "grad_gnorm": 3.6520681381225586,
                    "cur_kl_coeff": 0.10136432647705074,
                    "cur_lr": 5e-05,
                    "total_loss": 2.678195493149035,
                    "policy_loss": -0.055129149273235464,
                    "vf_loss": 2.734151644417734,
                    "vf_explained_var": 0.03774745030836626,
                    "kl": 0.011689848065716175,
                    "entropy": 0.20119345197171876,
                    "entropy_coeff": 0.01
                },
                "model": {},
                "custom_metrics": {},
                "num_agent_steps_trained": 121.27272727272727,
                "num_grad_updates_lifetime": 122265.5,
                "diff_num_grad_updates_vs_sampler_policy": 164.5
            },
            "policy_1": {
                "learner_stats": {
                    "allreduce_latency": 0.0,
                    "grad_gnorm": 2.8010239601135254,
                    "cur_kl_coeff": 0.4500000000000002,
                    "cur_lr": 5e-05,
                    "total_loss": 3.6307954239122795,
                    "policy_loss": -0.08355623455012612,
                    "vf_loss": 3.757360750256163,
                    "vf_explained_var": -0.010693568713737257,
                    "kl": 0.011922119661401094,
                    "entropy": 0.9674806538856391,
                    "entropy_coeff": 0.04999999999999999
                },
                "model": {},
                "custom_metrics": {},
                "num_agent_steps_trained": 121.0,
                "num_grad_updates_lifetime": 122265.5,
                "diff_num_grad_updates_vs_sampler_policy": 164.5
            },
            "policy_2": {
                "learner_stats": {
                    "allreduce_latency": 0.0,
                    "grad_gnorm": 2.806879997253418,
                    "cur_kl_coeff": 0.3,
                    "cur_lr": 5e-05,
                    "total_loss": 3.0952256813193815,
                    "policy_loss": -0.09090200125620786,
                    "vf_loss": 3.300765172279242,
                    "vf_explained_var": -0.029556434082262443,
                    "kl": 0.014948254314412109,
                    "entropy": 1.1912194967269898,
                    "entropy_coeff": 0.09999999999999998
                },
                "model": {},
                "custom_metrics": {},
                "num_agent_steps_trained": 121.36363636363636,
                "num_grad_updates_lifetime": 122265.5,
                "diff_num_grad_updates_vs_sampler_policy": 164.5
            }
        },
        "num_env_steps_sampled": 1484000,
        "num_env_steps_trained": 1484000,
        "num_agent_steps_sampled": 1483998,
        "num_agent_steps_trained": 1483998
    },
    "env_runners": {
        "episode_reward_max": -73.0,
        "episode_reward_min": -577.0,
        "episode_reward_mean": -412.47,
        "episode_len_mean": 517.36,
        "episode_media": {},
        "episodes_timesteps_total": 51736,
        "policy_reward_min": {
            "policy_2": -380.0,
            "policy_0": -390.0,
            "policy_1": -355.0
        },
        "policy_reward_max": {
            "policy_2": -29.0,
            "policy_0": -1.0,
            "policy_1": -21.0
        },
        "policy_reward_mean": {
            "policy_2": -169.21,
            "policy_0": -109.84,
            "policy_1": -133.42
        },
        "custom_metrics": {},
        "hist_stats": {
            "episode_reward": [
                -330.0,
                -378.0,
                -545.0,
                -569.0,
                -573.0,
                -546.0,
                -452.0,
                -262.0,
                -388.0,
                -515.0,
                -494.0,
                -511.0,
                -400.0,
                -357.0,
                -458.0,
                -470.0,
                -520.0,
                -472.0,
                -414.0,
                -507.0,
                -572.0,
                -291.0,
                -429.0,
                -355.0,
                -328.0,
                -423.0,
                -295.0,
                -238.0,
                -306.0,
                -550.0,
                -128.0,
                -443.0,
                -346.0,
                -434.0,
                -205.0,
                -279.0,
                -344.0,
                -73.0,
                -495.0,
                -326.0,
                -318.0,
                -463.0,
                -484.0,
                -383.0,
                -482.0,
                -463.0,
                -331.0,
                -309.0,
                -468.0,
                -365.0,
                -260.0,
                -505.0,
                -372.0,
                -546.0,
                -420.0,
                -369.0,
                -361.0,
                -477.0,
                -485.0,
                -230.0,
                -405.0,
                -490.0,
                -460.0,
                -471.0,
                -530.0,
                -413.0,
                -453.0,
                -391.0,
                -531.0,
                -495.0,
                -388.0,
                -473.0,
                -396.0,
                -234.0,
                -448.0,
                -443.0,
                -365.0,
                -530.0,
                -233.0,
                -469.0,
                -517.0,
                -516.0,
                -577.0,
                -324.0,
                -282.0,
                -409.0,
                -486.0,
                -476.0,
                -481.0,
                -340.0,
                -426.0,
                -475.0,
                -426.0,
                -439.0,
                -535.0,
                -485.0,
                -143.0,
                -404.0,
                -425.0,
                -351.0
            ],