{
    "custom_metrics": {},
    "episode_media": {},
    "info": {
        "learner": {
            "policy_0": {
                "learner_stats": {
                    "allreduce_latency": 0.0,
                    "grad_gnorm": 6.42223596572876,
                    "cur_kl_coeff": 0.2739927115238969,
                    "cur_lr": 5e-05,
                    "total_loss": 3.2974132765423168,
                    "policy_loss": -0.06767542303405759,
                    "vf_loss": 3.366136570410295,
                    "vf_explained_var": 0.04512805505232378,
                    "kl": 0.011041887195153812,
                    "entropy": 0.40732807431257134,
                    "entropy_coeff": 0.01
                },
                "model": {},
                "custom_metrics": {},
                "num_agent_steps_trained": 121.72727272727273,
                "num_grad_updates_lifetime": 170115.5,
                "diff_num_grad_updates_vs_sampler_policy": 164.5
            },
            "policy_1": {
                "learner_stats": {
                    "allreduce_latency": 0.0,
                    "grad_gnorm": 1.8480550050735474,
                    "cur_kl_coeff": 0.50625,
                    "cur_lr": 5e-05,
                    "total_loss": 7.5978874726728955,
                    "policy_loss": -0.10461113086026726,
                    "vf_loss": 7.747016477584839,
                    "vf_explained_var": -0.004645914561820752,
                    "kl": 0.01514374761074688,
                    "entropy": 1.0436880897391927,
                    "entropy_coeff": 0.04999999999999999
                },
                "model": {},
                "custom_metrics": {},
                "num_agent_steps_trained": 120.9090909090909,
                "num_grad_updates_lifetime": 170115.5,
                "diff_num_grad_updates_vs_sampler_policy": 164.5
            },
            "policy_2": {
                "learner_stats": {
                    "allreduce_latency": 0.0,
                    "grad_gnorm": 2.1580970287323,
                    "cur_kl_coeff": 0.4500000000000002,
                    "cur_lr": 5e-05,
                    "total_loss": 6.152603304024899,
                    "policy_loss": -0.09447367328195304,
                    "vf_loss": 6.368549173528498,
                    "vf_explained_var": -0.016969710407835063,
                    "kl": 0.01276587324237636,
                    "entropy": 1.2721682252305926,
                    "entropy_coeff": 0.09999999999999998
                },
                "model": {},
                "custom_metrics": {},
                "num_agent_steps_trained": 121.0,
                "num_grad_updates_lifetime": 170115.5,
                "diff_num_grad_updates_vs_sampler_policy": 164.5
            }
        },
        "num_env_steps_sampled": 2064000,
        "num_env_steps_trained": 2064000,
        "num_agent_steps_sampled": 2063998,
        "num_agent_steps_trained": 2063998
    },
    "env_runners": {
        "episode_reward_max": -97.0,
        "episode_reward_min": -582.0,
        "episode_reward_mean": -396.52,
        "episode_len_mean": 472.98,
        "episode_media": {},
        "episodes_timesteps_total": 47298,
        "policy_reward_min": {
            "policy_0": -410.0,
            "policy_1": -410.0,
            "policy_2": -375.0
        },
        "policy_reward_max": {
            "policy_0": 0.0,
            "policy_1": -4.0,
            "policy_2": -20.0
        },
        "policy_reward_mean": {
            "policy_0": -112.06,
            "policy_1": -121.95,
            "policy_2": -162.51
        },
        "custom_metrics": {},
        "hist_stats": {
            "episode_reward": [
                -349.0,
                -405.0,
                -403.0,
                -448.0,
                -267.0,
                -549.0,
                -391.0,
                -447.0,
                -582.0,
                -187.0,
                -366.0,
                -523.0,
                -318.0,
                -473.0,
                -478.0,
                -346.0,
                -561.0,
                -400.0,
                -349.0,
                -558.0,
                -394.0,
                -403.0,
                -430.0,
                -416.0,
                -351.0,
                -333.0,
                -320.0,
                -369.0,
                -147.0,
                -349.0,
                -154.0,
                -351.0,
                -537.0,
                -495.0,
                -248.0,
                -374.0,
                -97.0,
                -457.0,
                -210.0,
                -247.0,
                -305.0,
                -554.0,
                -545.0,
                -350.0,
                -415.0,
                -462.0,
                -424.0,
                -340.0,
                -559.0,
                -418.0,
                -390.0,
                -376.0,
                -291.0,
                -503.0,
                -526.0,
                -430.0,
                -372.0,
                -422.0,
                -422.0,
                -424.0,
                -170.0,
                -128.0,
                -318.0,
                -378.0,
                -518.0,
                -230.0,
                -405.0,
                -346.0,
                -198.0,
                -429.0,
                -486.0,
                -565.0,
                -355.0,
                -485.0,
                -516.0,
                -416.0,
                -390.0,
                -344.0,
                -404.0,
                -483.0,
                -522.0,
                -460.0,
                -558.0,
                -445.0,
                -323.0,
                -485.0,
                -578.0,
                -400.0,
                -339.0,
                -364.0,
                -460.0,
                -221.0,
                -457.0,
                -250.0,
                -421.0,
                -487.0,
                -394.0,
                -512.0,
                -315.0,
                -487.0
            ],