{
    "custom_metrics": {},
    "episode_media": {},
    "info": {
        "learner": {
            "policy_0": {
                "learner_stats": {
                    "allreduce_latency": 0.0,
                    "grad_gnorm": 3.1896772384643555,
                    "cur_kl_coeff": 0.19999999999999996,
                    "cur_lr": 5e-05,
                    "total_loss": 7.983616632403749,
                    "policy_loss": -0.06274908689330473,
                    "vf_loss": 8.05506244283734,
                    "vf_explained_var": 0.049126466476556024,
                    "kl": 0.010830692959908133,
                    "entropy": 1.0862901160211273,
                    "entropy_coeff": 0.01
                },
                "model": {},
                "custom_metrics": {},
                "num_agent_steps_trained": 121.63636363636364,
                "num_grad_updates_lifetime": 18315.5,
                "diff_num_grad_updates_vs_sampler_policy": 164.5
            },
            "policy_1": {
                "learner_stats": {
                    "allreduce_latency": 0.0,
                    "grad_gnorm": 1.7595325708389282,
                    "cur_kl_coeff": 0.19999999999999996,
                    "cur_lr": 5e-05,
                    "total_loss": 8.375672068740382,
                    "policy_loss": -0.06610529062789723,
                    "vf_loss": 8.50072820258863,
                    "vf_explained_var": 0.032485749685403076,
                    "kl": 0.011420407134666896,
                    "entropy": 1.2246978199843204,
                    "entropy_coeff": 0.04999999999999999
                },
                "model": {},
                "custom_metrics": {},
                "num_agent_steps_trained": 121.18181818181819,
                "num_grad_updates_lifetime": 18315.5,
                "diff_num_grad_updates_vs_sampler_policy": 164.5
            },
            "policy_2": {
                "learner_stats": {
                    "allreduce_latency": 0.0,
                    "grad_gnorm": 1.3678900003433228,
                    "cur_kl_coeff": 0.19999999999999996,
                    "cur_lr": 5e-05,
                    "total_loss": 8.103124501488425,
                    "policy_loss": -0.07610299807521656,
                    "vf_loss": 8.316832676800814,
                    "vf_explained_var": -0.0012931148211161295,
                    "kl": 0.011797634763963715,
                    "entropy": 1.3996475064393246,
                    "entropy_coeff": 0.09999999999999998
                },
                "model": {},
                "custom_metrics": {},
                "num_agent_steps_trained": 120.81818181818181,
                "num_grad_updates_lifetime": 18315.5,
                "diff_num_grad_updates_vs_sampler_policy": 164.5
            }
        },
        "num_env_steps_sampled": 224000,
        "num_env_steps_trained": 224000,
        "num_agent_steps_sampled": 223998,
        "num_agent_steps_trained": 223998
    },
    "env_runners": {
        "episode_reward_max": -213.0,
        "episode_reward_min": -610.0,
        "episode_reward_mean": -419.85,
        "episode_len_mean": 347.74,
        "episode_media": {},
        "episodes_timesteps_total": 34774,
        "policy_reward_min": {
            "policy_2": -395.0,
            "policy_0": -290.0,
            "policy_1": -355.0
        },
        "policy_reward_max": {
            "policy_2": -18.0,
            "policy_0": -17.0,
            "policy_1": -11.0
        },
        "policy_reward_mean": {
            "policy_2": -190.75,
            "policy_0": -107.7,
            "policy_1": -121.4
        },
        "custom_metrics": {},
        "hist_stats": {
            "episode_reward": [
                -428.0,
                -366.0,
                -415.0,
                -580.0,
                -435.0,
                -535.0,
                -387.0,
                -379.0,
                -417.0,
                -213.0,
                -373.0,
                -343.0,
                -323.0,
                -509.0,
                -295.0,
                -488.0,
                -427.0,
                -454.0,
                -553.0,
                -527.0,
                -323.0,
                -275.0,
                -456.0,
                -344.0,
                -333.0,
                -322.0,
                -610.0,
                -464.0,
                -436.0,
                -484.0,
                -467.0,
                -538.0,
                -355.0,
                -401.0,
                -470.0,
                -334.0,
                -544.0,
                -365.0,
                -500.0,
                -217.0,
                -411.0,
                -439.0,
                -486.0,
                -432.0,
                -375.0,
                -272.0,
                -502.0,
                -404.0,
                -429.0,
                -446.0,
                -452.0,
                -512.0,
                -360.0,
                -463.0,
                -337.0,
                -359.0,
                -503.0,
                -412.0,
                -543.0,
                -395.0,
                -449.0,
                -446.0,
                -453.0,
                -360.0,
                -453.0,
                -509.0,
                -561.0,
                -435.0,
                -517.0,
                -504.0,
                -334.0,
                -493.0,
                -420.0,
                -434.0,
                -374.0,
                -484.0,
                -463.0,
                -467.0,
                -404.0,
                -475.0,
                -299.0,
                -411.0,
                -264.0,
                -381.0,
                -413.0,
                -570.0,
                -241.0,
                -399.0,
                -570.0,
                -336.0,
                -482.0,
                -433.0,
                -420.0,
                -282.0,
                -407.0,
                -411.0,
                -460.0,
                -372.0,
                -342.0,
                -240.0
            ],