{
    "custom_metrics": {},
    "episode_media": {},
    "info": {
        "learner": {
            "policy_0": {
                "learner_stats": {
                    "allreduce_latency": 0.0,
                    "grad_gnorm": 2.565037488937378,
                    "cur_kl_coeff": 0.3,
                    "cur_lr": 5e-05,
                    "total_loss": 8.063028913555723,
                    "policy_loss": -0.07529496970501813,
                    "vf_loss": 8.141615556948112,
                    "vf_explained_var": 0.03154578588225625,
                    "kl": 0.015087281675894744,
                    "entropy": 0.781782693754543,
                    "entropy_coeff": 0.01
                },
                "model": {},
                "custom_metrics": {},
                "num_agent_steps_trained": 121.0,
                "num_grad_updates_lifetime": 31515.5,
                "diff_num_grad_updates_vs_sampler_policy": 164.5
            },
            "policy_1": {
                "learner_stats": {
                    "allreduce_latency": 0.0,
                    "grad_gnorm": 2.216571807861328,
                    "cur_kl_coeff": 0.19999999999999996,
                    "cur_lr": 5e-05,
                    "total_loss": 8.493351368470625,
                    "policy_loss": -0.08023522100834683,
                    "vf_loss": 8.633331151442095,
                    "vf_explained_var": 0.04540221474387429,
                    "kl": 0.013683800838745756,
                    "entropy": 1.2496259999997688,
                    "entropy_coeff": 0.04999999999999999
                },
                "model": {},
                "custom_metrics": {},
                "num_agent_steps_trained": 121.45454545454545,
                "num_grad_updates_lifetime": 31515.5,
                "diff_num_grad_updates_vs_sampler_policy": 164.5
            },
            "policy_2": {
                "learner_stats": {
                    "allreduce_latency": 0.0,
                    "grad_gnorm": 4.641372203826904,
                    "cur_kl_coeff": 0.19999999999999996,
                    "cur_lr": 5e-05,
                    "total_loss": 6.745550652706262,
                    "policy_loss": -0.07218323514768571,
                    "vf_loss": 6.9540892181974465,
                    "vf_explained_var": -0.0387685497601827,
                    "kl": 0.011541885558404517,
                    "entropy": 1.3866371151172754,
                    "entropy_coeff": 0.09999999999999998
                },
                "model": {},
                "custom_metrics": {},
                "num_agent_steps_trained": 121.18181818181819,
                "num_grad_updates_lifetime": 31515.5,
                "diff_num_grad_updates_vs_sampler_policy": 164.5
            }
        },
        "num_env_steps_sampled": 384000,
        "num_env_steps_trained": 384000,
        "num_agent_steps_sampled": 383998,
        "num_agent_steps_trained": 383998
    },
    "env_runners": {
        "episode_reward_max": -263.0,
        "episode_reward_min": -650.0,
        "episode_reward_mean": -431.26,
        "episode_len_mean": 340.14,
        "episode_media": {},
        "episodes_timesteps_total": 34014,
        "policy_reward_min": {
            "policy_2": -420.0,
            "policy_0": -420.0,
            "policy_1": -415.0
        },
        "policy_reward_max": {
            "policy_2": -22.0,
            "policy_0": -3.0,
            "policy_1": -15.0
        },
        "policy_reward_mean": {
            "policy_2": -173.36,
            "policy_0": -122.1,
            "policy_1": -135.8
        },
        "custom_metrics": {},
        "hist_stats": {
            "episode_reward": [
                -370.0,
                -440.0,
                -312.0,
                -472.0,
                -376.0,
                -312.0,
                -417.0,
                -556.0,
                -429.0,
                -577.0,
                -338.0,
                -528.0,
                -311.0,
                -394.0,
                -411.0,
                -394.0,
                -369.0,
                -650.0,
                -386.0,
                -319.0,
                -511.0,
                -326.0,
                -628.0,
                -426.0,
                -449.0,
                -277.0,
                -505.0,
                -393.0,
                -534.0,
                -635.0,
                -375.0,
                -557.0,
                -429.0,
                -487.0,
                -483.0,
                -581.0,
                -449.0,
                -535.0,
                -307.0,
                -505.0,
                -454.0,
                -333.0,
                -558.0,
                -409.0,
                -526.0,
                -423.0,
                -318.0,
                -495.0,
                -461.0,
                -544.0,
                -467.0,
                -414.0,
                -552.0,
                -406.0,
                -521.0,
                -379.0,
                -458.0,
                -412.0,
                -606.0,
                -350.0,
                -423.0,
                -452.0,
                -429.0,
                -263.0,
                -263.0,
                -576.0,
                -456.0,
                -282.0,
                -537.0,
                -411.0,
                -512.0,
                -421.0,
                -407.0,
                -482.0,
                -449.0,
                -270.0,
                -415.0,
                -441.0,
                -323.0,
                -382.0,
                -308.0,
                -347.0,
                -277.0,
                -368.0,
                -602.0,
                -408.0,
                -305.0,
                -403.0,
                -438.0,
                -493.0,
                -442.0,
                -421.0,
                -301.0,
                -355.0,
                -593.0,
                -351.0,
                -430.0,
                -363.0,
                -307.0,
                -581.0
            ],