{
    "custom_metrics": {},
    "episode_media": {},
    "info": {
        "learner": {
            "policy_0": {
                "learner_stats": {
                    "allreduce_latency": 0.0,
                    "grad_gnorm": 5.162460803985596,
                    "cur_kl_coeff": 0.2847656249999999,
                    "cur_lr": 5e-05,
                    "total_loss": 7.117397067041108,
                    "policy_loss": -0.08517602917484261,
                    "vf_loss": 7.207245987111872,
                    "vf_explained_var": -0.03818014318292791,
                    "kl": 0.015264950893252086,
                    "entropy": 0.9019790396545873,
                    "entropy_coeff": 0.01
                },
                "model": {},
                "custom_metrics": {},
                "num_agent_steps_trained": 121.36363636363636,
                "num_grad_updates_lifetime": 79365.5,
                "diff_num_grad_updates_vs_sampler_policy": 164.5
            },
            "policy_1": {
                "learner_stats": {
                    "allreduce_latency": 0.0,
                    "grad_gnorm": 1.5420323610305786,
                    "cur_kl_coeff": 0.3,
                    "cur_lr": 5e-05,
                    "total_loss": 9.031194415236964,
                    "policy_loss": -0.09119792443895924,
                    "vf_loss": 9.180078812801476,
                    "vf_explained_var": 0.04847860119559548,
                    "kl": 0.01592544416865678,
                    "entropy": 1.2492831701582128,
                    "entropy_coeff": 0.04999999999999999
                },
                "model": {},
                "custom_metrics": {},
                "num_agent_steps_trained": 121.18181818181819,
                "num_grad_updates_lifetime": 79365.5,
                "diff_num_grad_updates_vs_sampler_policy": 164.5
            },
            "policy_2": {
                "learner_stats": {
                    "allreduce_latency": 0.0,
                    "grad_gnorm": 1.7205320596694946,
                    "cur_kl_coeff": 0.19999999999999996,
                    "cur_lr": 5e-05,
                    "total_loss": 8.964711736910271,
                    "policy_loss": -0.08446306414394215,
                    "vf_loss": 9.184216155427874,
                    "vf_explained_var": 0.0051741865548220545,
                    "kl": 0.01452466230758084,
                    "entropy": 1.3794636906999531,
                    "entropy_coeff": 0.09999999999999998
                },
                "model": {},
                "custom_metrics": {},
                "num_agent_steps_trained": 121.0909090909091,
                "num_grad_updates_lifetime": 79365.5,
                "diff_num_grad_updates_vs_sampler_policy": 164.5
            }
        },
        "num_env_steps_sampled": 964000,
        "num_env_steps_trained": 964000,
        "num_agent_steps_sampled": 963998,
        "num_agent_steps_trained": 963998
    },
    "env_runners": {
        "episode_reward_max": -96.0,
        "episode_reward_min": -717.0,
        "episode_reward_mean": -427.94,
        "episode_len_mean": 413.48,
        "episode_media": {},
        "episodes_timesteps_total": 41348,
        "policy_reward_min": {
            "policy_0": -435.0,
            "policy_1": -375.0,
            "policy_2": -420.0
        },
        "policy_reward_max": {
            "policy_0": -10.0,
            "policy_1": -15.0,
            "policy_2": -28.0
        },
        "policy_reward_mean": {
            "policy_0": -127.0,
            "policy_1": -120.17,
            "policy_2": -180.77
        },
        "custom_metrics": {},
        "hist_stats": {
            "episode_reward": [
                -378.0,
                -543.0,
                -475.0,
                -454.0,
                -464.0,
                -483.0,
                -367.0,
                -717.0,
                -210.0,
                -521.0,
                -457.0,
                -287.0,
                -581.0,
                -416.0,
                -490.0,
                -558.0,
                -488.0,
                -316.0,
                -547.0,
                -425.0,
                -96.0,
                -374.0,
                -362.0,
                -424.0,
                -527.0,
                -415.0,
                -531.0,
                -393.0,
                -454.0,
                -458.0,
                -381.0,
                -470.0,
                -424.0,
                -423.0,
                -294.0,
                -343.0,
                -458.0,
                -429.0,
                -473.0,
                -297.0,
                -601.0,
                -430.0,
                -222.0,
                -297.0,
                -380.0,
                -512.0,
                -417.0,
                -497.0,
                -519.0,
                -410.0,
                -433.0,
                -424.0,
                -522.0,
                -534.0,
                -415.0,
                -461.0,
                -472.0,
                -587.0,
                -518.0,
                -234.0,
                -411.0,
                -540.0,
                -456.0,
                -346.0,
                -415.0,
                -337.0,
                -507.0,
                -492.0,
                -645.0,
                -538.0,
                -403.0,
                -417.0,
                -448.0,
                -350.0,
                -548.0,
                -407.0,
                -284.0,
                -587.0,
                -382.0,
                -296.0,
                -374.0,
                -347.0,
                -314.0,
                -315.0,
                -182.0,
                -473.0,
                -247.0,
                -380.0,
                -438.0,
                -514.0,
                -384.0,
                -293.0,
                -370.0,
                -601.0,
                -504.0,
                -612.0,
                -569.0,
                -377.0,
                -301.0,
                -302.0
            ],