{
    "custom_metrics": {},
    "episode_media": {},
    "info": {
        "learner": {
            "policy_0": {
                "learner_stats": {
                    "allreduce_latency": 0.0,
                    "grad_gnorm": 4.014971733093262,
                    "cur_kl_coeff": 0.4109890672858455,
                    "cur_lr": 5e-05,
                    "total_loss": 2.348497278401346,
                    "policy_loss": -0.07123633119503431,
                    "vf_loss": 2.41841378067479,
                    "vf_explained_var": 0.058921347242413144,
                    "kl": 0.009642715680548562,
                    "entropy": 0.26432115706530485,
                    "entropy_coeff": 0.01
                },
                "model": {},
                "custom_metrics": {},
                "num_agent_steps_trained": 121.0909090909091,
                "num_grad_updates_lifetime": 175065.5,
                "diff_num_grad_updates_vs_sampler_policy": 164.5
            },
            "policy_1": {
                "learner_stats": {
                    "allreduce_latency": 0.0,
                    "grad_gnorm": 2.288170099258423,
                    "cur_kl_coeff": 0.50625,
                    "cur_lr": 5e-05,
                    "total_loss": 5.266671321608803,
                    "policy_loss": -0.09023290840118672,
                    "vf_loss": 5.40119916453506,
                    "vf_explained_var": 0.013286322535890521,
                    "kl": 0.013253101975608802,
                    "entropy": 1.0200860045172953,
                    "entropy_coeff": 0.04999999999999999
                },
                "model": {},
                "custom_metrics": {},
                "num_agent_steps_trained": 121.18181818181819,
                "num_grad_updates_lifetime": 175065.5,
                "diff_num_grad_updates_vs_sampler_policy": 164.5
            },
            "policy_2": {
                "learner_stats": {
                    "allreduce_latency": 0.0,
                    "grad_gnorm": 1.9570560455322266,
                    "cur_kl_coeff": 0.4500000000000002,
                    "cur_lr": 5e-05,
                    "total_loss": 5.885961516698202,
                    "policy_loss": -0.07583449969463277,
                    "vf_loss": 6.078716668215665,
                    "vf_explained_var": 0.005873450727173777,
                    "kl": 0.011174871019424446,
                    "entropy": 1.2194929711746447,
                    "entropy_coeff": 0.09999999999999998
                },
                "model": {},
                "custom_metrics": {},
                "num_agent_steps_trained": 121.36363636363636,
                "num_grad_updates_lifetime": 175065.5,
                "diff_num_grad_updates_vs_sampler_policy": 164.5
            }
        },
        "num_env_steps_sampled": 2124000,
        "num_env_steps_trained": 2124000,
        "num_agent_steps_sampled": 2123998,
        "num_agent_steps_trained": 2123998
    },
    "env_runners": {
        "episode_reward_max": -82.0,
        "episode_reward_min": -673.0,
        "episode_reward_mean": -404.39,
        "episode_len_mean": 374.42,
        "episode_media": {},
        "episodes_timesteps_total": 37442,
        "policy_reward_min": {
            "policy_0": -380.0,
            "policy_1": -420.0,
            "policy_2": -410.0
        },
        "policy_reward_max": {
            "policy_0": 15.0,
            "policy_1": -5.0,
            "policy_2": -32.0
        },
        "policy_reward_mean": {
            "policy_0": -100.95,
            "policy_1": -125.84,
            "policy_2": -177.6
        },
        "custom_metrics": {},
        "hist_stats": {
            "episode_reward": [
                -495.0,
                -469.0,
                -378.0,
                -410.0,
                -557.0,
                -82.0,
                -361.0,
                -482.0,
                -363.0,
                -244.0,
                -339.0,
                -357.0,
                -463.0,
                -399.0,
                -450.0,
                -318.0,
                -448.0,
                -308.0,
                -521.0,
                -519.0,
                -423.0,
                -363.0,
                -551.0,
                -298.0,
                -589.0,
                -381.0,
                -350.0,
                -431.0,
                -334.0,
                -442.0,
                -202.0,
                -362.0,
                -580.0,
                -427.0,
                -302.0,
                -257.0,
                -219.0,
                -543.0,
                -603.0,
                -444.0,
                -300.0,
                -409.0,
                -533.0,
                -571.0,
                -523.0,
                -444.0,
                -246.0,
                -130.0,
                -479.0,
                -480.0,
                -326.0,
                -314.0,
                -479.0,
                -191.0,
                -442.0,
                -505.0,
                -432.0,
                -337.0,
                -255.0,
                -440.0,
                -456.0,
                -162.0,
                -427.0,
                -309.0,
                -507.0,
                -584.0,
                -401.0,
                -429.0,
                -432.0,
                -499.0,
                -325.0,
                -217.0,
                -294.0,
                -381.0,
                -429.0,
                -673.0,
                -480.0,
                -397.0,
                -419.0,
                -488.0,
                -514.0,
                -426.0,
                -432.0,
                -401.0,
                -333.0,
                -556.0,
                -472.0,
                -323.0,
                -512.0,
                -485.0,
                -506.0,
                -480.0,
                -444.0,
                -233.0,
                -325.0,
                -222.0,
                -221.0,
                -503.0,
                -388.0,
                -454.0
            ],