{
    "custom_metrics": {},
    "episode_media": {},
    "info": {
        "learner": {
            "policy_0": {
                "learner_stats": {
                    "allreduce_latency": 0.0,
                    "grad_gnorm": 2.5371880531311035,
                    "cur_kl_coeff": 0.20549453364292275,
                    "cur_lr": 5e-05,
                    "total_loss": 2.3802925608374856,
                    "policy_loss": -0.060115106582331164,
                    "vf_loss": 2.441024577256405,
                    "vf_explained_var": 0.04025704752315174,
                    "kl": 0.006974997227168512,
                    "entropy": 0.2050233928768924,
                    "entropy_coeff": 0.01
                },
                "model": {},
                "custom_metrics": {},
                "num_agent_steps_trained": 121.36363636363636,
                "num_grad_updates_lifetime": 194865.5,
                "diff_num_grad_updates_vs_sampler_policy": 164.5
            },
            "policy_1": {
                "learner_stats": {
                    "allreduce_latency": 0.0,
                    "grad_gnorm": 3.5861597061157227,
                    "cur_kl_coeff": 0.3796875000000002,
                    "cur_lr": 5e-05,
                    "total_loss": 3.88381136041699,
                    "policy_loss": -0.09389034725732706,
                    "vf_loss": 4.022855573711973,
                    "vf_explained_var": -0.010747645118019797,
                    "kl": 0.013615574008148673,
                    "entropy": 1.0064707456213056,
                    "entropy_coeff": 0.04999999999999999
                },
                "model": {},
                "custom_metrics": {},
                "num_agent_steps_trained": 121.36363636363636,
                "num_grad_updates_lifetime": 194865.5,
                "diff_num_grad_updates_vs_sampler_policy": 164.5
            },
            "policy_2": {
                "learner_stats": {
                    "allreduce_latency": 0.0,
                    "grad_gnorm": 1.8389341831207275,
                    "cur_kl_coeff": 0.6749999999999998,
                    "cur_lr": 5e-05,
                    "total_loss": 8.929451338450114,
                    "policy_loss": -0.08433900637495699,
                    "vf_loss": 9.135525891275117,
                    "vf_explained_var": -0.014117205504215125,
                    "kl": 0.010721647673501748,
                    "entropy": 1.2897266962311484,
                    "entropy_coeff": 0.09999999999999998
                },
                "model": {},
                "custom_metrics": {},
                "num_agent_steps_trained": 120.9090909090909,
                "num_grad_updates_lifetime": 194865.5,
                "diff_num_grad_updates_vs_sampler_policy": 164.5
            }
        },
        "num_env_steps_sampled": 2364000,
        "num_env_steps_trained": 2364000,
        "num_agent_steps_sampled": 2363998,
        "num_agent_steps_trained": 2363998
    },
    "env_runners": {
        "episode_reward_max": -44.0,
        "episode_reward_min": -618.0,
        "episode_reward_mean": -399.41,
        "episode_len_mean": 504.44,
        "episode_media": {},
        "episodes_timesteps_total": 50444,
        "policy_reward_min": {
            "policy_1": -385.0,
            "policy_2": -445.0,
            "policy_0": -425.0
        },
        "policy_reward_max": {
            "policy_1": -17.0,
            "policy_2": -24.0,
            "policy_0": 6.0
        },
        "policy_reward_mean": {
            "policy_1": -120.0,
            "policy_2": -174.56,
            "policy_0": -104.85
        },
        "custom_metrics": {},
        "hist_stats": {
            "episode_reward": [
                -401.0,
                -306.0,
                -539.0,
                -415.0,
                -459.0,
                -556.0,
                -461.0,
                -523.0,
                -443.0,
                -427.0,
                -211.0,
                -201.0,
                -537.0,
                -126.0,
                -367.0,
                -522.0,
                -454.0,
                -469.0,
                -390.0,
                -425.0,
                -396.0,
                -416.0,
                -239.0,
                -395.0,
                -476.0,
                -448.0,
                -518.0,
                -447.0,
                -291.0,
                -504.0,
                -336.0,
                -476.0,
                -230.0,
                -451.0,
                -313.0,
                -583.0,
                -321.0,
                -504.0,
                -294.0,
                -479.0,
                -478.0,
                -506.0,
                -159.0,
                -474.0,
                -136.0,
                -386.0,
                -287.0,
                -158.0,
                -345.0,
                -325.0,
                -475.0,
                -247.0,
                -276.0,
                -342.0,
                -498.0,
                -462.0,
                -458.0,
                -384.0,
                -581.0,
                -443.0,
                -283.0,
                -427.0,
                -384.0,
                -396.0,
                -608.0,
                -494.0,
                -376.0,
                -603.0,
                -312.0,
                -578.0,
                -349.0,
                -532.0,
                -378.0,
                -459.0,
                -323.0,
                -314.0,
                -329.0,
                -83.0,
                -357.0,
                -212.0,
                -402.0,
                -590.0,
                -238.0,
                -540.0,
                -618.0,
                -554.0,
                -398.0,
                -518.0,
                -417.0,
                -44.0,
                -475.0,
                -358.0,
                -460.0,
                -513.0,
                -439.0,
                -443.0,
                -364.0,
                -340.0,
                -257.0,
                -407.0
            ],