{
    "custom_metrics": {},
    "episode_media": {},
    "info": {
        "learner": {
            "policy_0": {
                "learner_stats": {
                    "allreduce_latency": 0.0,
                    "grad_gnorm": 2.056896686553955,
                    "cur_kl_coeff": 0.106787109375,
                    "cur_lr": 5e-05,
                    "total_loss": 8.667709564440178,
                    "policy_loss": -0.07368137617172166,
                    "vf_loss": 8.746869150797526,
                    "vf_explained_var": -0.03979621601827217,
                    "kl": 0.015453734042694123,
                    "entropy": 0.7128452530412963,
                    "entropy_coeff": 0.01
                },
                "model": {},
                "custom_metrics": {},
                "num_agent_steps_trained": 121.54545454545455,
                "num_grad_updates_lifetime": 107415.5,
                "diff_num_grad_updates_vs_sampler_policy": 164.5
            },
            "policy_1": {
                "learner_stats": {
                    "allreduce_latency": 0.0,
                    "grad_gnorm": 2.8818247318267822,
                    "cur_kl_coeff": 0.3,
                    "cur_lr": 5e-05,
                    "total_loss": 7.099093333157626,
                    "policy_loss": -0.0939683158670298,
                    "vf_loss": 7.246546333486384,
                    "vf_explained_var": 0.0013030286991234982,
                    "kl": 0.017644770936140686,
                    "entropy": 1.1755622775265664,
                    "entropy_coeff": 0.04999999999999999
                },
                "model": {},
                "custom_metrics": {},
                "num_agent_steps_trained": 121.18181818181819,
                "num_grad_updates_lifetime": 107415.5,
                "diff_num_grad_updates_vs_sampler_policy": 164.5
            },
            "policy_2": {
                "learner_stats": {
                    "allreduce_latency": 0.0,
                    "grad_gnorm": 1.9880874156951904,
                    "cur_kl_coeff": 0.3,
                    "cur_lr": 5e-05,
                    "total_loss": 6.774028938466852,
                    "policy_loss": -0.1027204929376515,
                    "vf_loss": 7.004304726918538,
                    "vf_explained_var": -0.04138369596365726,
                    "kl": 0.015871817382107023,
                    "entropy": 1.3231681812893261,
                    "entropy_coeff": 0.09999999999999998
                },
                "model": {},
                "custom_metrics": {},
                "num_agent_steps_trained": 120.9090909090909,
                "num_grad_updates_lifetime": 107415.5,
                "diff_num_grad_updates_vs_sampler_policy": 164.5
            }
        },
        "num_env_steps_sampled": 1304000,
        "num_env_steps_trained": 1304000,
        "num_agent_steps_sampled": 1303998,
        "num_agent_steps_trained": 1303998
    },
    "env_runners": {
        "episode_reward_max": -152.0,
        "episode_reward_min": -641.0,
        "episode_reward_mean": -422.75,
        "episode_len_mean": 325.72,
        "episode_media": {},
        "episodes_timesteps_total": 32572,
        "policy_reward_min": {
            "policy_1": -450.0,
            "policy_2": -420.0,
            "policy_0": -345.0
        },
        "policy_reward_max": {
            "policy_1": -11.0,
            "policy_2": -11.0,
            "policy_0": -2.0
        },
        "policy_reward_mean": {
            "policy_1": -151.07,
            "policy_2": -184.83,
            "policy_0": -86.85
        },
        "custom_metrics": {},
        "hist_stats": {
            "episode_reward": [
                -152.0,
                -481.0,
                -280.0,
                -452.0,
                -333.0,
                -493.0,
                -346.0,
                -549.0,
                -402.0,
                -524.0,
                -584.0,
                -511.0,
                -568.0,
                -512.0,
                -454.0,
                -449.0,
                -457.0,
                -382.0,
                -429.0,
                -273.0,
                -445.0,
                -297.0,
                -391.0,
                -442.0,
                -353.0,
                -410.0,
                -405.0,
                -283.0,
                -436.0,
                -454.0,
                -437.0,
                -423.0,
                -550.0,
                -529.0,
                -427.0,
                -510.0,
                -438.0,
                -426.0,
                -464.0,
                -427.0,
                -467.0,
                -310.0,
                -569.0,
                -453.0,
                -202.0,
                -463.0,
                -467.0,
                -433.0,
                -417.0,
                -456.0,
                -497.0,
                -428.0,
                -439.0,
                -507.0,
                -440.0,
                -305.0,
                -213.0,
                -317.0,
                -440.0,
                -620.0,
                -384.0,
                -598.0,
                -355.0,
                -493.0,
                -451.0,
                -473.0,
                -487.0,
                -461.0,
                -437.0,
                -606.0,
                -439.0,
                -641.0,
                -588.0,
                -404.0,
                -313.0,
                -397.0,
                -271.0,
                -367.0,
                -371.0,
                -421.0,
                -399.0,
                -467.0,
                -309.0,
                -375.0,
                -493.0,
                -326.0,
                -407.0,
                -401.0,
                -377.0,
                -549.0,
                -349.0,
                -388.0,
                -294.0,
                -209.0,
                -308.0,
                -522.0,
                -557.0,
                -319.0,
                -420.0,
                -228.0
            ],