{
    "custom_metrics": {},
    "episode_media": {},
    "info": {
        "learner": {
            "policy_0": {
                "learner_stats": {
                    "allreduce_latency": 0.0,
                    "grad_gnorm": 5.04482364654541,
                    "cur_kl_coeff": 0.26362734606122995,
                    "cur_lr": 5e-05,
                    "total_loss": 7.626664954965765,
                    "policy_loss": -0.08108190424514539,
                    "vf_loss": 7.712405379613241,
                    "vf_explained_var": 0.0011804670998544404,
                    "kl": 0.013056071117431274,
                    "entropy": 0.8100525738614979,
                    "entropy_coeff": 0.01
                },
                "model": {},
                "custom_metrics": {},
                "num_agent_steps_trained": 121.18181818181819,
                "num_grad_updates_lifetime": 254265.5,
                "diff_num_grad_updates_vs_sampler_policy": 164.5
            },
            "policy_1": {
                "learner_stats": {
                    "allreduce_latency": 0.0,
                    "grad_gnorm": 2.3979010581970215,
                    "cur_kl_coeff": 0.4805419921874998,
                    "cur_lr": 5e-05,
                    "total_loss": 7.4061220342462715,
                    "policy_loss": -0.07970520999056824,
                    "vf_loss": 7.531889377940785,
                    "vf_explained_var": -0.0182568913156336,
                    "kl": 0.01167007122460056,
                    "entropy": 1.0334025590708762,
                    "entropy_coeff": 0.04999999999999999
                },
                "model": {},
                "custom_metrics": {},
                "num_agent_steps_trained": 121.81818181818181,
                "num_grad_updates_lifetime": 254265.5,
                "diff_num_grad_updates_vs_sampler_policy": 164.5
            },
            "policy_2": {
                "learner_stats": {
                    "allreduce_latency": 0.0,
                    "grad_gnorm": 3.0606982707977295,
                    "cur_kl_coeff": 0.3796875000000002,
                    "cur_lr": 5e-05,
                    "total_loss": 7.763011082735929,
                    "policy_loss": -0.1090713277064038,
                    "vf_loss": 7.991445869388002,
                    "vf_explained_var": -0.015116358706445406,
                    "kl": 0.016374372892140842,
                    "entropy": 1.255806164488648,
                    "entropy_coeff": 0.09999999999999998
                },
                "model": {},
                "custom_metrics": {},
                "num_agent_steps_trained": 120.63636363636364,
                "num_grad_updates_lifetime": 254265.5,
                "diff_num_grad_updates_vs_sampler_policy": 164.5
            }
        },
        "num_env_steps_sampled": 3084000,
        "num_env_steps_trained": 3084000,
        "num_agent_steps_sampled": 3083998,
        "num_agent_steps_trained": 3083998
    },
    "env_runners": {
        "episode_reward_max": -90.0,
        "episode_reward_min": -686.0,
        "episode_reward_mean": -423.11,
        "episode_len_mean": 486.1,
        "episode_media": {},
        "episodes_timesteps_total": 48610,
        "policy_reward_min": {
            "policy_1": -380.0,
            "policy_2": -425.0,
            "policy_0": -445.0
        },
        "policy_reward_max": {
            "policy_1": 2.0,
            "policy_2": -27.0,
            "policy_0": 4.0
        },
        "policy_reward_mean": {
            "policy_1": -132.95,
            "policy_2": -175.82,
            "policy_0": -114.34
        },
        "custom_metrics": {},
        "hist_stats": {
            "episode_reward": [
                -463.0,
                -431.0,
                -430.0,
                -561.0,
                -412.0,
                -392.0,
                -562.0,
                -593.0,
                -500.0,
                -349.0,
                -294.0,
                -512.0,
                -296.0,
                -210.0,
                -191.0,
                -477.0,
                -481.0,
                -531.0,
                -466.0,
                -368.0,
                -357.0,
                -628.0,
                -412.0,
                -623.0,
                -545.0,
                -561.0,
                -431.0,
                -377.0,
                -569.0,
                -352.0,
                -375.0,
                -447.0,
                -381.0,
                -476.0,
                -607.0,
                -529.0,
                -156.0,
                -451.0,
                -401.0,
                -359.0,
                -461.0,
                -595.0,
                -336.0,
                -437.0,
                -567.0,
                -510.0,
                -456.0,
                -360.0,
                -395.0,
                -520.0,
                -298.0,
                -579.0,
                -558.0,
                -483.0,
                -484.0,
                -366.0,
                -225.0,
                -456.0,
                -509.0,
                -370.0,
                -162.0,
                -462.0,
                -362.0,
                -294.0,
                -277.0,
                -437.0,
                -226.0,
                -260.0,
                -298.0,
                -686.0,
                -575.0,
                -476.0,
                -90.0,
                -295.0,
                -394.0,
                -258.0,
                -459.0,
                -207.0,
                -416.0,
                -541.0,
                -504.0,
                -507.0,
                -572.0,
                -578.0,
                -205.0,
                -401.0,
                -527.0,
                -111.0,
                -330.0,
                -465.0,
                -607.0,
                -464.0,
                -439.0,
                -483.0,
                -363.0,
                -356.0,
                -330.0,
                -356.0,
                -465.0,
                -552.0
            ],