{
    "custom_metrics": {},
    "episode_media": {},
    "info": {
        "learner": {
            "policy_0": {
                "learner_stats": {
                    "allreduce_latency": 0.0,
                    "grad_gnorm": 4.763733863830566,
                    "cur_kl_coeff": 0.3,
                    "cur_lr": 5e-05,
                    "total_loss": 6.858309336864587,
                    "policy_loss": -0.07522013304105989,
                    "vf_loss": 6.939240498976274,
                    "vf_explained_var": -0.0735688485882499,
                    "kl": 0.013242346481976766,
                    "entropy": 0.9683712556506648,
                    "entropy_coeff": 0.01
                },
                "model": {},
                "custom_metrics": {},
                "num_agent_steps_trained": 121.63636363636364,
                "num_grad_updates_lifetime": 26565.5,
                "diff_num_grad_updates_vs_sampler_policy": 164.5
            },
            "policy_1": {
                "learner_stats": {
                    "allreduce_latency": 0.0,
                    "grad_gnorm": 1.9767311811447144,
                    "cur_kl_coeff": 0.19999999999999996,
                    "cur_lr": 5e-05,
                    "total_loss": 9.429235406355424,
                    "policy_loss": -0.08203487700754494,
                    "vf_loss": 9.572408216649835,
                    "vf_explained_var": 0.004810305075211958,
                    "kl": 0.01404385114519582,
                    "entropy": 1.2789330491513917,
                    "entropy_coeff": 0.04999999999999999
                },
                "model": {},
                "custom_metrics": {},
                "num_agent_steps_trained": 121.0,
                "num_grad_updates_lifetime": 26565.5,
                "diff_num_grad_updates_vs_sampler_policy": 164.5
            },
            "policy_2": {
                "learner_stats": {
                    "allreduce_latency": 0.0,
                    "grad_gnorm": 2.7707178592681885,
                    "cur_kl_coeff": 0.19999999999999996,
                    "cur_lr": 5e-05,
                    "total_loss": 8.667520056348858,
                    "policy_loss": -0.0817524427519829,
                    "vf_loss": 8.886828996195938,
                    "vf_explained_var": -0.003091740788835468,
                    "kl": 0.012918586147193916,
                    "entropy": 1.4014019445939498,
                    "entropy_coeff": 0.09999999999999998
                },
                "model": {},
                "custom_metrics": {},
                "num_agent_steps_trained": 121.0,
                "num_grad_updates_lifetime": 26565.5,
                "diff_num_grad_updates_vs_sampler_policy": 164.5
            }
        },
        "num_env_steps_sampled": 324000,
        "num_env_steps_trained": 324000,
        "num_agent_steps_sampled": 323998,
        "num_agent_steps_trained": 323998
    },
    "env_runners": {
        "episode_reward_max": -161.0,
        "episode_reward_min": -661.0,
        "episode_reward_mean": -433.5,
        "episode_len_mean": 381.04,
        "episode_media": {},
        "episodes_timesteps_total": 38104,
        "policy_reward_min": {
            "policy_0": -375.0,
            "policy_1": -405.0,
            "policy_2": -410.0
        },
        "policy_reward_max": {
            "policy_0": -3.0,
            "policy_1": -17.0,
            "policy_2": -15.0
        },
        "policy_reward_mean": {
            "policy_0": -117.72,
            "policy_1": -134.05,
            "policy_2": -181.73
        },
        "custom_metrics": {},
        "hist_stats": {
            "episode_reward": [
                -449.0,
                -268.0,
                -581.0,
                -495.0,
                -407.0,
                -513.0,
                -346.0,
                -401.0,
                -373.0,
                -428.0,
                -338.0,
                -406.0,
                -461.0,
                -392.0,
                -490.0,
                -296.0,
                -503.0,
                -403.0,
                -374.0,
                -431.0,
                -355.0,
                -296.0,
                -513.0,
                -458.0,
                -441.0,
                -305.0,
                -474.0,
                -403.0,
                -389.0,
                -432.0,
                -386.0,
                -543.0,
                -408.0,
                -316.0,
                -390.0,
                -431.0,
                -504.0,
                -161.0,
                -607.0,
                -253.0,
                -401.0,
                -452.0,
                -534.0,
                -305.0,
                -516.0,
                -440.0,
                -429.0,
                -550.0,
                -453.0,
                -405.0,
                -377.0,
                -593.0,
                -396.0,
                -374.0,
                -280.0,
                -381.0,
                -367.0,
                -470.0,
                -533.0,
                -661.0,
                -441.0,
                -374.0,
                -431.0,
                -554.0,
                -382.0,
                -499.0,
                -393.0,
                -647.0,
                -577.0,
                -409.0,
                -335.0,
                -462.0,
                -565.0,
                -437.0,
                -291.0,
                -419.0,
                -382.0,
                -525.0,
                -489.0,
                -458.0,
                -375.0,
                -422.0,
                -334.0,
                -333.0,
                -474.0,
                -364.0,
                -478.0,
                -433.0,
                -477.0,
                -402.0,
                -428.0,
                -603.0,
                -427.0,
                -434.0,
                -462.0,
                -476.0,
                -613.0,
                -382.0,
                -514.0,
                -512.0
            ],