{
    "custom_metrics": {},
    "episode_media": {},
    "info": {
        "learner": {
            "policy_0": {
                "learner_stats": {
                    "allreduce_latency": 0.0,
                    "grad_gnorm": 2.576791763305664,
                    "cur_kl_coeff": 0.19772050954592252,
                    "cur_lr": 5e-05,
                    "total_loss": 7.560656098163489,
                    "policy_loss": -0.08137123744201027,
                    "vf_loss": 7.646058650450273,
                    "vf_explained_var": 0.016835042924591988,
                    "kl": 0.01665048798936546,
                    "entropy": 0.7323464545336636,
                    "entropy_coeff": 0.01
                },
                "model": {},
                "custom_metrics": {},
                "num_agent_steps_trained": 121.45454545454545,
                "num_grad_updates_lifetime": 257565.5,
                "diff_num_grad_updates_vs_sampler_policy": 164.5
            },
            "policy_1": {
                "learner_stats": {
                    "allreduce_latency": 0.0,
                    "grad_gnorm": 2.526994466781616,
                    "cur_kl_coeff": 0.2402709960937499,
                    "cur_lr": 5e-05,
                    "total_loss": 6.983381777098685,
                    "policy_loss": -0.09986114233774557,
                    "vf_loss": 7.131407685713334,
                    "vf_explained_var": -0.030503483613332112,
                    "kl": 0.017584364313839126,
                    "entropy": 1.0477952993277349,
                    "entropy_coeff": 0.04999999999999999
                },
                "model": {},
                "custom_metrics": {},
                "num_agent_steps_trained": 121.18181818181819,
                "num_grad_updates_lifetime": 257565.5,
                "diff_num_grad_updates_vs_sampler_policy": 164.5
            },
            "policy_2": {
                "learner_stats": {
                    "allreduce_latency": 0.0,
                    "grad_gnorm": 2.104443311691284,
                    "cur_kl_coeff": 0.3796875000000002,
                    "cur_lr": 5e-05,
                    "total_loss": 8.973824334867073,
                    "policy_loss": -0.10042908079516509,
                    "vf_loss": 9.199970242471405,
                    "vf_explained_var": -0.005457412835323449,
                    "kl": 0.015280071563221894,
                    "entropy": 1.3151850711215627,
                    "entropy_coeff": 0.09999999999999998
                },
                "model": {},
                "custom_metrics": {},
                "num_agent_steps_trained": 121.0,
                "num_grad_updates_lifetime": 257565.5,
                "diff_num_grad_updates_vs_sampler_policy": 164.5
            }
        },
        "num_env_steps_sampled": 3124000,
        "num_env_steps_trained": 3124000,
        "num_agent_steps_sampled": 3123998,
        "num_agent_steps_trained": 3123998
    },
    "env_runners": {
        "episode_reward_max": -24.0,
        "episode_reward_min": -672.0,
        "episode_reward_mean": -424.86,
        "episode_len_mean": 398.76,
        "episode_media": {},
        "episodes_timesteps_total": 39876,
        "policy_reward_min": {
            "policy_1": -350.0,
            "policy_2": -425.0,
            "policy_0": -400.0
        },
        "policy_reward_max": {
            "policy_1": -3.0,
            "policy_2": -10.0,
            "policy_0": 6.0
        },
        "policy_reward_mean": {
            "policy_1": -152.78,
            "policy_2": -175.25,
            "policy_0": -96.83
        },
        "custom_metrics": {},
        "hist_stats": {
            "episode_reward": [
                -348.0,
                -24.0,
                -469.0,
                -448.0,
                -506.0,
                -264.0,
                -360.0,
                -279.0,
                -408.0,
                -465.0,
                -55.0,
                -444.0,
                -484.0,
                -267.0,
                -531.0,
                -567.0,
                -266.0,
                -427.0,
                -439.0,
                -477.0,
                -382.0,
                -410.0,
                -418.0,
                -549.0,
                -541.0,
                -440.0,
                -500.0,
                -436.0,
                -542.0,
                -475.0,
                -423.0,
                -511.0,
                -529.0,
                -545.0,
                -492.0,
                -320.0,
                -594.0,
                -407.0,
                -431.0,
                -472.0,
                -152.0,
                -395.0,
                -224.0,
                -447.0,
                -446.0,
                -361.0,
                -347.0,
                -489.0,
                -437.0,
                -527.0,
                -202.0,
                -516.0,
                -342.0,
                -401.0,
                -523.0,
                -411.0,
                -411.0,
                -622.0,
                -497.0,
                -420.0,
                -315.0,
                -441.0,
                -393.0,
                -445.0,
                -452.0,
                -457.0,
                -368.0,
                -575.0,
                -445.0,
                -399.0,
                -429.0,
                -456.0,
                -234.0,
                -672.0,
                -502.0,
                -635.0,
                -487.0,
                -529.0,
                -470.0,
                -326.0,
                -488.0,
                -312.0,
                -456.0,
                -386.0,
                -143.0,
                -419.0,
                -323.0,
                -430.0,
                -572.0,
                -207.0,
                -637.0,
                -560.0,
                -508.0,
                -478.0,
                -335.0,
                -537.0,
                -348.0,
                -339.0,
                -377.0,
                -486.0
            ],