{
    "custom_metrics": {},
    "episode_media": {},
    "info": {
        "learner": {
            "policy_0": {
                "learner_stats": {
                    "allreduce_latency": 0.0,
                    "grad_gnorm": 1.0179505348205566,
                    "cur_kl_coeff": 0.19999999999999996,
                    "cur_lr": 5e-05,
                    "total_loss": 9.876580694949988,
                    "policy_loss": -0.06107015113318057,
                    "vf_loss": 9.948267962715843,
                    "vf_explained_var": -4.6504266334302495e-06,
                    "kl": 0.011374175473550342,
                    "entropy": 1.2891935485782045,
                    "entropy_coeff": 0.01
                },
                "model": {},
                "custom_metrics": {},
                "num_agent_steps_trained": 122.0,
                "num_grad_updates_lifetime": 8415.5,
                "diff_num_grad_updates_vs_sampler_policy": 164.5
            },
            "policy_1": {
                "learner_stats": {
                    "allreduce_latency": 0.0,
                    "grad_gnorm": 1.067918300628662,
                    "cur_kl_coeff": 0.19999999999999996,
                    "cur_lr": 5e-05,
                    "total_loss": 9.807672269416578,
                    "policy_loss": -0.06383160277777775,
                    "vf_loss": 9.93896163593639,
                    "vf_explained_var": 6.047523382938269e-06,
                    "kl": 0.009753782374840031,
                    "entropy": 1.3881713130257347,
                    "entropy_coeff": 0.04999999999999999
                },
                "model": {},
                "custom_metrics": {},
                "num_agent_steps_trained": 120.54545454545455,
                "num_grad_updates_lifetime": 8415.5,
                "diff_num_grad_updates_vs_sampler_policy": 164.5
            },
            "policy_2": {
                "learner_stats": {
                    "allreduce_latency": 0.0,
                    "grad_gnorm": 0.9243532419204712,
                    "cur_kl_coeff": 0.19999999999999996,
                    "cur_lr": 5e-05,
                    "total_loss": 9.736019137411407,
                    "policy_loss": -0.06420342596247793,
                    "vf_loss": 9.946132001009854,
                    "vf_explained_var": 1.5791618462764855e-06,
                    "kl": 0.012119146345910471,
                    "entropy": 1.4833329475287236,
                    "entropy_coeff": 0.09999999999999998
                },
                "model": {},
                "custom_metrics": {},
                "num_agent_steps_trained": 121.0909090909091,
                "num_grad_updates_lifetime": 8415.5,
                "diff_num_grad_updates_vs_sampler_policy": 164.5
            }
        },
        "num_env_steps_sampled": 104000,
        "num_env_steps_trained": 104000,
        "num_agent_steps_sampled": 103998,
        "num_agent_steps_trained": 103998
    },
    "env_runners": {
        "episode_reward_max": -243.0,
        "episode_reward_min": -615.0,
        "episode_reward_mean": -416.06,
        "episode_len_mean": 242.26,
        "episode_media": {},
        "episodes_timesteps_total": 24226,
        "policy_reward_min": {
            "policy_1": -455.0,
            "policy_2": -380.0,
            "policy_0": -410.0
        },
        "policy_reward_max": {
            "policy_1": -14.0,
            "policy_2": -29.0,
            "policy_0": -17.0
        },
        "policy_reward_mean": {
            "policy_1": -140.24,
            "policy_2": -166.19,
            "policy_0": -109.63
        },
        "custom_metrics": {},
        "hist_stats": {
            "episode_reward": [
                -459.0,
                -400.0,
                -427.0,
                -353.0,
                -424.0,
                -407.0,
                -445.0,
                -333.0,
                -255.0,
                -487.0,
                -529.0,
                -363.0,
                -512.0,
                -379.0,
                -352.0,
                -333.0,
                -361.0,
                -395.0,
                -471.0,
                -584.0,
                -330.0,
                -469.0,
                -390.0,
                -246.0,
                -412.0,
                -568.0,
                -405.0,
                -434.0,
                -482.0,
                -435.0,
                -487.0,
                -369.0,
                -379.0,
                -419.0,
                -348.0,
                -392.0,
                -519.0,
                -590.0,
                -460.0,
                -373.0,
                -551.0,
                -377.0,
                -494.0,
                -427.0,
                -303.0,
                -512.0,
                -326.0,
                -476.0,
                -542.0,
                -436.0,
                -379.0,
                -428.0,
                -378.0,
                -615.0,
                -490.0,
                -540.0,
                -420.0,
                -494.0,
                -404.0,
                -243.0,
                -382.0,
                -523.0,
                -393.0,
                -357.0,
                -540.0,
                -275.0,
                -341.0,
                -452.0,
                -387.0,
                -367.0,
                -542.0,
                -427.0,
                -327.0,
                -367.0,
                -430.0,
                -415.0,
                -403.0,
                -408.0,
                -433.0,
                -394.0,
                -288.0,
                -490.0,
                -447.0,
                -276.0,
                -463.0,
                -379.0,
                -420.0,
                -402.0,
                -443.0,
                -387.0,
                -355.0,
                -297.0,
                -339.0,
                -399.0,
                -351.0,
                -557.0,
                -366.0,
                -413.0,
                -344.0,
                -416.0
            ],