{
    "custom_metrics": {},
    "episode_media": {},
    "info": {
        "learner": {
            "policy_0": {
                "learner_stats": {
                    "allreduce_latency": 0.0,
                    "grad_gnorm": 4.317141056060791,
                    "cur_kl_coeff": 0.21357421875,
                    "cur_lr": 5e-05,
                    "total_loss": 5.531496133948817,
                    "policy_loss": -0.05607455556737753,
                    "vf_loss": 5.589279212373675,
                    "vf_explained_var": 0.005651298436251554,
                    "kl": 0.007654434636677021,
                    "entropy": 0.3343341870741411,
                    "entropy_coeff": 0.01
                },
                "model": {},
                "custom_metrics": {},
                "num_agent_steps_trained": 121.27272727272727,
                "num_grad_updates_lifetime": 102465.5,
                "diff_num_grad_updates_vs_sampler_policy": 164.5
            },
            "policy_1": {
                "learner_stats": {
                    "allreduce_latency": 0.0,
                    "grad_gnorm": 2.9682669639587402,
                    "cur_kl_coeff": 0.3,
                    "cur_lr": 5e-05,
                    "total_loss": 4.582269628842671,
                    "policy_loss": -0.07174476602284069,
                    "vf_loss": 4.706033406113133,
                    "vf_explained_var": -0.0034465578469363126,
                    "kl": 0.011375033829671411,
                    "entropy": 1.1086308963371045,
                    "entropy_coeff": 0.04999999999999999
                },
                "model": {},
                "custom_metrics": {},
                "num_agent_steps_trained": 121.45454545454545,
                "num_grad_updates_lifetime": 102465.5,
                "diff_num_grad_updates_vs_sampler_policy": 164.5
            },
            "policy_2": {
                "learner_stats": {
                    "allreduce_latency": 0.0,
                    "grad_gnorm": 2.0683541297912598,
                    "cur_kl_coeff": 0.3,
                    "cur_lr": 5e-05,
                    "total_loss": 5.597996048493819,
                    "policy_loss": -0.0876029464656092,
                    "vf_loss": 5.810815844391332,
                    "vf_explained_var": -0.007085211710496382,
                    "kl": 0.013318273724766256,
                    "entropy": 1.292123293876648,
                    "entropy_coeff": 0.09999999999999998
                },
                "model": {},
                "custom_metrics": {},
                "num_agent_steps_trained": 120.9090909090909,
                "num_grad_updates_lifetime": 102465.5,
                "diff_num_grad_updates_vs_sampler_policy": 164.5
            }
        },
        "num_env_steps_sampled": 1244000,
        "num_env_steps_trained": 1244000,
        "num_agent_steps_sampled": 1243998,
        "num_agent_steps_trained": 1243998
    },
    "env_runners": {
        "episode_reward_max": -160.0,
        "episode_reward_min": -602.0,
        "episode_reward_mean": -419.43,
        "episode_len_mean": 433.86,
        "episode_media": {},
        "episodes_timesteps_total": 43386,
        "policy_reward_min": {
            "policy_2": -390.0,
            "policy_0": -410.0,
            "policy_1": -385.0
        },
        "policy_reward_max": {
            "policy_2": -17.0,
            "policy_0": 15.0,
            "policy_1": -23.0
        },
        "policy_reward_mean": {
            "policy_2": -158.56,
            "policy_0": -121.64,
            "policy_1": -139.23
        },
        "custom_metrics": {},
        "hist_stats": {
            "episode_reward": [
                -535.0,
                -375.0,
                -195.0,
                -387.0,
                -520.0,
                -536.0,
                -486.0,
                -436.0,
                -509.0,
                -417.0,
                -252.0,
                -374.0,
                -388.0,
                -520.0,
                -315.0,
                -344.0,
                -487.0,
                -308.0,
                -178.0,
                -541.0,
                -490.0,
                -397.0,
                -499.0,
                -492.0,
                -412.0,
                -237.0,
                -320.0,
                -406.0,
                -445.0,
                -473.0,
                -439.0,
                -514.0,
                -453.0,
                -571.0,
                -349.0,
                -542.0,
                -321.0,
                -602.0,
                -303.0,
                -500.0,
                -473.0,
                -413.0,
                -497.0,
                -462.0,
                -507.0,
                -445.0,
                -267.0,
                -602.0,
                -397.0,
                -403.0,
                -462.0,
                -548.0,
                -376.0,
                -405.0,
                -565.0,
                -183.0,
                -375.0,
                -417.0,
                -255.0,
                -282.0,
                -398.0,
                -487.0,
                -438.0,
                -222.0,
                -584.0,
                -415.0,
                -462.0,
                -474.0,
                -400.0,
                -520.0,
                -564.0,
                -457.0,
                -397.0,
                -350.0,
                -452.0,
                -415.0,
                -573.0,
                -433.0,
                -394.0,
                -407.0,
                -460.0,
                -460.0,
                -395.0,
                -504.0,
                -498.0,
                -364.0,
                -461.0,
                -406.0,
                -463.0,
                -377.0,
                -323.0,
                -331.0,
                -418.0,
                -519.0,
                -513.0,
                -278.0,
                -305.0,
                -160.0,
                -479.0,
                -185.0
            ],