{
    "custom_metrics": {},
    "episode_media": {},
    "info": {
        "learner": {
            "policy_0": {
                "learner_stats": {
                    "allreduce_latency": 0.0,
                    "grad_gnorm": 4.906054496765137,
                    "cur_kl_coeff": 0.12038661896527522,
                    "cur_lr": 5e-05,
                    "total_loss": 2.3766395579684865,
                    "policy_loss": -0.05250959868796847,
                    "vf_loss": 2.429867356112509,
                    "vf_explained_var": 0.12217920007127704,
                    "kl": 0.005977870707739568,
                    "entropy": 0.14378510899841784,
                    "entropy_coeff": 0.01
                },
                "model": {},
                "custom_metrics": {},
                "num_agent_steps_trained": 121.27272727272727,
                "num_grad_updates_lifetime": 313665.5,
                "diff_num_grad_updates_vs_sampler_policy": 164.5
            },
            "policy_1": {
                "learner_stats": {
                    "allreduce_latency": 0.0,
                    "grad_gnorm": 5.661820888519287,
                    "cur_kl_coeff": 0.3421046018600464,
                    "cur_lr": 5e-05,
                    "total_loss": 1.7410450064774716,
                    "policy_loss": -0.05806654050071357,
                    "vf_loss": 1.8192905151482783,
                    "vf_explained_var": 0.024996266762415568,
                    "kl": 0.00596429754279489,
                    "entropy": 0.4443879133824146,
                    "entropy_coeff": 0.04999999999999999
                },
                "model": {},
                "custom_metrics": {},
                "num_agent_steps_trained": 121.0909090909091,
                "num_grad_updates_lifetime": 313665.5,
                "diff_num_grad_updates_vs_sampler_policy": 164.5
            },
            "policy_2": {
                "learner_stats": {
                    "allreduce_latency": 0.0,
                    "grad_gnorm": 2.6299681663513184,
                    "cur_kl_coeff": 0.3796875000000002,
                    "cur_lr": 5e-05,
                    "total_loss": 3.706825827468525,
                    "policy_loss": -0.09312068439286315,
                    "vf_loss": 3.910993231426586,
                    "vf_explained_var": -0.001825055931553696,
                    "kl": 0.017309726551067082,
                    "entropy": 1.1761900869282809,
                    "entropy_coeff": 0.09999999999999998
                },
                "model": {},
                "custom_metrics": {},
                "num_agent_steps_trained": 121.27272727272727,
                "num_grad_updates_lifetime": 313665.5,
                "diff_num_grad_updates_vs_sampler_policy": 164.5
            }
        },
        "num_env_steps_sampled": 3804000,
        "num_env_steps_trained": 3804000,
        "num_agent_steps_sampled": 3803998,
        "num_agent_steps_trained": 3803998
    },
    "env_runners": {
        "episode_reward_max": -54.0,
        "episode_reward_min": -688.0,
        "episode_reward_mean": -390.81,
        "episode_len_mean": 538.4,
        "episode_media": {},
        "episodes_timesteps_total": 53840,
        "policy_reward_min": {
            "policy_2": -380.0,
            "policy_0": -465.0,
            "policy_1": -405.0
        },
        "policy_reward_max": {
            "policy_2": -10.0,
            "policy_0": 0.0,
            "policy_1": -13.0
        },
        "policy_reward_mean": {
            "policy_2": -157.91,
            "policy_0": -90.52,
            "policy_1": -142.38
        },
        "custom_metrics": {},
        "hist_stats": {
            "episode_reward": [
                -202.0,
                -134.0,
                -265.0,
                -247.0,
                -491.0,
                -505.0,
                -443.0,
                -463.0,
                -221.0,
                -398.0,
                -511.0,
                -315.0,
                -468.0,
                -560.0,
                -546.0,
                -95.0,
                -470.0,
                -488.0,
                -411.0,
                -311.0,
                -406.0,
                -391.0,
                -386.0,
                -370.0,
                -352.0,
                -370.0,
                -280.0,
                -433.0,
                -552.0,
                -338.0,
                -606.0,
                -403.0,
                -349.0,
                -365.0,
                -502.0,
                -404.0,
                -241.0,
                -462.0,
                -505.0,
                -174.0,
                -483.0,
                -414.0,
                -389.0,
                -266.0,
                -232.0,
                -376.0,
                -464.0,
                -433.0,
                -500.0,
                -71.0,
                -198.0,
                -365.0,
                -515.0,
                -487.0,
                -523.0,
                -360.0,
                -522.0,
                -198.0,
                -410.0,
                -417.0,
                -341.0,
                -395.0,
                -450.0,
                -378.0,
                -422.0,
                -458.0,
                -460.0,
                -347.0,
                -525.0,
                -538.0,
                -353.0,
                -322.0,
                -688.0,
                -388.0,
                -367.0,
                -429.0,
                -480.0,
                -515.0,
                -400.0,
                -459.0,
                -323.0,
                -364.0,
                -547.0,
                -398.0,
                -352.0,
                -275.0,
                -206.0,
                -559.0,
                -515.0,
                -294.0,
                -397.0,
                -480.0,
                -54.0,
                -258.0,
                -335.0,
                -372.0,
                -476.0,
                -241.0,
                -506.0,
                -358.0
            ],