{
    "custom_metrics": {},
    "episode_media": {},
    "info": {
        "learner": {
            "policy_0": {
                "learner_stats": {
                    "allreduce_latency": 0.0,
                    "grad_gnorm": 5.460455894470215,
                    "cur_kl_coeff": 0.4008361256164345,
                    "cur_lr": 5e-05,
                    "total_loss": 5.597474369858251,
                    "policy_loss": -0.0727709789689856,
                    "vf_loss": 5.672436821099484,
                    "vf_explained_var": 0.04483046188498988,
                    "kl": 0.011892760857307921,
                    "entropy": 0.6958543190450379,
                    "entropy_coeff": 0.01
                },
                "model": {},
                "custom_metrics": {},
                "num_agent_steps_trained": 121.27272727272727,
                "num_grad_updates_lifetime": 285615.5,
                "diff_num_grad_updates_vs_sampler_policy": 164.5
            },
            "policy_1": {
                "learner_stats": {
                    "allreduce_latency": 0.0,
                    "grad_gnorm": 2.09028959274292,
                    "cur_kl_coeff": 0.40545730590820295,
                    "cur_lr": 5e-05,
                    "total_loss": 7.4986586729685465,
                    "policy_loss": -0.09820493977996662,
                    "vf_loss": 7.639610174930457,
                    "vf_explained_var": -0.0019531213875972862,
                    "kl": 0.013648345534134906,
                    "entropy": 0.9656069762779005,
                    "entropy_coeff": 0.04999999999999999
                },
                "model": {},
                "custom_metrics": {},
                "num_agent_steps_trained": 121.18181818181819,
                "num_grad_updates_lifetime": 285615.5,
                "diff_num_grad_updates_vs_sampler_policy": 164.5
            },
            "policy_2": {
                "learner_stats": {
                    "allreduce_latency": 0.0,
                    "grad_gnorm": 2.0702617168426514,
                    "cur_kl_coeff": 0.3796875000000002,
                    "cur_lr": 5e-05,
                    "total_loss": 6.887150986989339,
                    "policy_loss": -0.10748052413956347,
                    "vf_loss": 7.1164817434368715,
                    "vf_explained_var": -0.02178578449018074,
                    "kl": 0.01609954274459034,
                    "entropy": 1.279630260034041,
                    "entropy_coeff": 0.09999999999999998
                },
                "model": {},
                "custom_metrics": {},
                "num_agent_steps_trained": 121.18181818181819,
                "num_grad_updates_lifetime": 285615.5,
                "diff_num_grad_updates_vs_sampler_policy": 164.5
            }
        },
        "num_env_steps_sampled": 3464000,
        "num_env_steps_trained": 3464000,
        "num_agent_steps_sampled": 3463998,
        "num_agent_steps_trained": 3463998
    },
    "env_runners": {
        "episode_reward_max": -122.0,
        "episode_reward_min": -639.0,
        "episode_reward_mean": -438.78,
        "episode_len_mean": 368.36,
        "episode_media": {},
        "episodes_timesteps_total": 36836,
        "policy_reward_min": {
            "policy_1": -385.0,
            "policy_2": -415.0,
            "policy_0": -420.0
        },
        "policy_reward_max": {
            "policy_1": -7.0,
            "policy_2": -20.0,
            "policy_0": -3.0
        },
        "policy_reward_mean": {
            "policy_1": -131.93,
            "policy_2": -198.09,
            "policy_0": -108.76
        },
        "custom_metrics": {},
        "hist_stats": {
            "episode_reward": [
                -639.0,
                -406.0,
                -448.0,
                -379.0,
                -478.0,
                -326.0,
                -454.0,
                -600.0,
                -535.0,
                -349.0,
                -485.0,
                -554.0,
                -423.0,
                -464.0,
                -355.0,
                -587.0,
                -484.0,
                -526.0,
                -481.0,
                -418.0,
                -327.0,
                -500.0,
                -397.0,
                -351.0,
                -482.0,
                -417.0,
                -393.0,
                -435.0,
                -349.0,
                -499.0,
                -459.0,
                -232.0,
                -478.0,
                -501.0,
                -590.0,
                -344.0,
                -558.0,
                -574.0,
                -424.0,
                -629.0,
                -208.0,
                -500.0,
                -514.0,
                -475.0,
                -438.0,
                -528.0,
                -596.0,
                -391.0,
                -304.0,
                -416.0,
                -435.0,
                -498.0,
                -442.0,
                -557.0,
                -341.0,
                -535.0,
                -562.0,
                -480.0,
                -489.0,
                -532.0,
                -534.0,
                -446.0,
                -498.0,
                -289.0,
                -354.0,
                -469.0,
                -452.0,
                -466.0,
                -412.0,
                -205.0,
                -364.0,
                -122.0,
                -272.0,
                -489.0,
                -535.0,
                -347.0,
                -470.0,
                -429.0,
                -506.0,
                -425.0,
                -564.0,
                -509.0,
                -412.0,
                -460.0,
                -353.0,
                -378.0,
                -321.0,
                -441.0,
                -381.0,
                -421.0,
                -531.0,
                -482.0,
                -315.0,
                -371.0,
                -430.0,
                -356.0,
                -400.0,
                -298.0,
                -487.0,
                -313.0
            ],