{
    "custom_metrics": {},
    "episode_media": {},
    "info": {
        "learner": {
            "policy_0": {
                "learner_stats": {
                    "allreduce_latency": 0.0,
                    "grad_gnorm": 3.926698684692383,
                    "cur_kl_coeff": 0.18266180768259804,
                    "cur_lr": 5e-05,
                    "total_loss": 4.9353060194940275,
                    "policy_loss": -0.06956267304238722,
                    "vf_loss": 5.007151400681698,
                    "vf_explained_var": 0.007126524231650612,
                    "kl": 0.01640816750203448,
                    "entropy": 0.5279843802704955,
                    "entropy_coeff": 0.01
                },
                "model": {},
                "custom_metrics": {},
                "num_agent_steps_trained": 121.36363636363636,
                "num_grad_updates_lifetime": 165165.5,
                "diff_num_grad_updates_vs_sampler_policy": 164.5
            },
            "policy_1": {
                "learner_stats": {
                    "allreduce_latency": 0.0,
                    "grad_gnorm": 2.1070797443389893,
                    "cur_kl_coeff": 0.50625,
                    "cur_lr": 5e-05,
                    "total_loss": 5.801598622582175,
                    "policy_loss": -0.0908718714515227,
                    "vf_loss": 5.935879347541116,
                    "vf_explained_var": 0.0043139248183279326,
                    "kl": 0.013567012117805996,
                    "entropy": 1.0055429619370084,
                    "entropy_coeff": 0.04999999999999999
                },
                "model": {},
                "custom_metrics": {},
                "num_agent_steps_trained": 121.0,
                "num_grad_updates_lifetime": 165165.5,
                "diff_num_grad_updates_vs_sampler_policy": 164.5
            },
            "policy_2": {
                "learner_stats": {
                    "allreduce_latency": 0.0,
                    "grad_gnorm": 2.2578954696655273,
                    "cur_kl_coeff": 0.4500000000000002,
                    "cur_lr": 5e-05,
                    "total_loss": 5.950172362183079,
                    "policy_loss": -0.09833350829130998,
                    "vf_loss": 6.173447528029933,
                    "vf_explained_var": -4.953543345133464e-05,
                    "kl": 0.014817303761028024,
                    "entropy": 1.316094570087664,
                    "entropy_coeff": 0.09999999999999998
                },
                "model": {},
                "custom_metrics": {},
                "num_agent_steps_trained": 121.27272727272727,
                "num_grad_updates_lifetime": 165165.5,
                "diff_num_grad_updates_vs_sampler_policy": 164.5
            }
        },
        "num_env_steps_sampled": 2004000,
        "num_env_steps_trained": 2004000,
        "num_agent_steps_sampled": 2003998,
        "num_agent_steps_trained": 2003998
    },
    "env_runners": {
        "episode_reward_max": -27.0,
        "episode_reward_min": -613.0,
        "episode_reward_mean": -427.7,
        "episode_len_mean": 417.74,
        "episode_media": {},
        "episodes_timesteps_total": 41774,
        "policy_reward_min": {
            "policy_0": -405.0,
            "policy_1": -360.0,
            "policy_2": -450.0
        },
        "policy_reward_max": {
            "policy_0": -3.0,
            "policy_1": -5.0,
            "policy_2": 10.0
        },
        "policy_reward_mean": {
            "policy_0": -112.12,
            "policy_1": -133.41,
            "policy_2": -182.17
        },
        "custom_metrics": {},
        "hist_stats": {
            "episode_reward": [
                -455.0,
                -197.0,
                -472.0,
                -613.0,
                -428.0,
                -434.0,
                -319.0,
                -313.0,
                -395.0,
                -407.0,
                -431.0,
                -432.0,
                -354.0,
                -447.0,
                -363.0,
                -563.0,
                -422.0,
                -476.0,
                -450.0,
                -583.0,
                -345.0,
                -368.0,
                -388.0,
                -535.0,
                -536.0,
                -450.0,
                -359.0,
                -262.0,
                -540.0,
                -473.0,
                -538.0,
                -382.0,
                -573.0,
                -464.0,
                -514.0,
                -516.0,
                -27.0,
                -388.0,
                -380.0,
                -494.0,
                -346.0,
                -372.0,
                -351.0,
                -444.0,
                -383.0,
                -451.0,
                -256.0,
                -429.0,
                -325.0,
                -428.0,
                -257.0,
                -490.0,
                -388.0,
                -430.0,
                -421.0,
                -601.0,
                -480.0,
                -521.0,
                -477.0,
                -295.0,
                -433.0,
                -452.0,
                -543.0,
                -468.0,
                -418.0,
                -380.0,
                -384.0,
                -306.0,
                -494.0,
                -356.0,
                -401.0,
                -275.0,
                -381.0,
                -583.0,
                -390.0,
                -608.0,
                -334.0,
                -591.0,
                -192.0,
                -608.0,
                -349.0,
                -365.0,
                -567.0,
                -502.0,
                -486.0,
                -380.0,
                -565.0,
                -423.0,
                -369.0,
                -435.0,
                -570.0,
                -373.0,
                -527.0,
                -406.0,
                -556.0,
                -393.0,
                -470.0,
                -381.0,
                -352.0,
                -473.0
            ],