{
    "custom_metrics": {},
    "episode_media": {},
    "info": {
        "learner": {
            "policy_0": {
                "learner_stats": {
                    "allreduce_latency": 0.0,
                    "grad_gnorm": 1.8875939846038818,
                    "cur_kl_coeff": 0.15,
                    "cur_lr": 5e-05,
                    "total_loss": 9.199345357490309,
                    "policy_loss": -0.0789120109653044,
                    "vf_loss": 9.284852042342678,
                    "vf_explained_var": 0.008703086412314213,
                    "kl": 0.015449250412931704,
                    "entropy": 0.8912002763964914,
                    "entropy_coeff": 0.01
                },
                "model": {},
                "custom_metrics": {},
                "num_agent_steps_trained": 121.0909090909091,
                "num_grad_updates_lifetime": 54615.5,
                "diff_num_grad_updates_vs_sampler_policy": 164.5
            },
            "policy_1": {
                "learner_stats": {
                    "allreduce_latency": 0.0,
                    "grad_gnorm": 1.7507696151733398,
                    "cur_kl_coeff": 0.19999999999999996,
                    "cur_lr": 5e-05,
                    "total_loss": 9.134703543691923,
                    "policy_loss": -0.08421293319957895,
                    "vf_loss": 9.282116190592449,
                    "vf_explained_var": 0.00521633317976287,
                    "kl": 0.0163733496551649,
                    "entropy": 1.329488722483317,
                    "entropy_coeff": 0.04999999999999999
                },
                "model": {},
                "custom_metrics": {},
                "num_agent_steps_trained": 121.81818181818181,
                "num_grad_updates_lifetime": 54615.5,
                "diff_num_grad_updates_vs_sampler_policy": 164.5
            },
            "policy_2": {
                "learner_stats": {
                    "allreduce_latency": 0.0,
                    "grad_gnorm": 1.5459280014038086,
                    "cur_kl_coeff": 0.19999999999999996,
                    "cur_lr": 5e-05,
                    "total_loss": 9.050782449317701,
                    "policy_loss": -0.08760821659146159,
                    "vf_loss": 9.272850689743505,
                    "vf_explained_var": -0.003412654363747799,
                    "kl": 0.015223221799132745,
                    "entropy": 1.3750465606198166,
                    "entropy_coeff": 0.09999999999999998
                },
                "model": {},
                "custom_metrics": {},
                "num_agent_steps_trained": 120.72727272727273,
                "num_grad_updates_lifetime": 54615.5,
                "diff_num_grad_updates_vs_sampler_policy": 164.5
            }
        },
        "num_env_steps_sampled": 664000,
        "num_env_steps_trained": 664000,
        "num_agent_steps_sampled": 663998,
        "num_agent_steps_trained": 663998
    },
    "env_runners": {
        "episode_reward_max": -92.0,
        "episode_reward_min": -650.0,
        "episode_reward_mean": -431.39,
        "episode_len_mean": 408.44,
        "episode_media": {},
        "episodes_timesteps_total": 40844,
        "policy_reward_min": {
            "policy_0": -365.0,
            "policy_1": -410.0,
            "policy_2": -460.0
        },
        "policy_reward_max": {
            "policy_0": 2.0,
            "policy_1": -18.0,
            "policy_2": -19.0
        },
        "policy_reward_mean": {
            "policy_0": -114.66,
            "policy_1": -114.37,
            "policy_2": -202.36
        },
        "custom_metrics": {},
        "hist_stats": {
            "episode_reward": [
                -335.0,
                -466.0,
                -467.0,
                -599.0,
                -430.0,
                -453.0,
                -501.0,
                -424.0,
                -489.0,
                -510.0,
                -614.0,
                -559.0,
                -398.0,
                -351.0,
                -364.0,
                -483.0,
                -433.0,
                -377.0,
                -364.0,
                -372.0,
                -520.0,
                -452.0,
                -230.0,
                -422.0,
                -394.0,
                -337.0,
                -515.0,
                -339.0,
                -650.0,
                -614.0,
                -274.0,
                -473.0,
                -245.0,
                -318.0,
                -431.0,
                -494.0,
                -214.0,
                -468.0,
                -472.0,
                -229.0,
                -289.0,
                -314.0,
                -444.0,
                -447.0,
                -582.0,
                -345.0,
                -345.0,
                -553.0,
                -332.0,
                -401.0,
                -350.0,
                -537.0,
                -463.0,
                -422.0,
                -461.0,
                -495.0,
                -484.0,
                -563.0,
                -480.0,
                -475.0,
                -509.0,
                -441.0,
                -428.0,
                -302.0,
                -479.0,
                -458.0,
                -222.0,
                -254.0,
                -610.0,
                -457.0,
                -518.0,
                -382.0,
                -379.0,
                -344.0,
                -447.0,
                -320.0,
                -524.0,
                -420.0,
                -364.0,
                -384.0,
                -559.0,
                -356.0,
                -469.0,
                -565.0,
                -505.0,
                -92.0,
                -486.0,
                -589.0,
                -503.0,
                -412.0,
                -371.0,
                -595.0,
                -473.0,
                -502.0,
                -529.0,
                -343.0,
                -606.0,
                -336.0,
                -392.0,
                -352.0
            ],