{
    "custom_metrics": {},
    "episode_media": {},
    "info": {
        "learner": {
            "policy_0": {
                "learner_stats": {
                    "allreduce_latency": 0.0,
                    "grad_gnorm": 2.888424873352051,
                    "cur_kl_coeff": 0.3,
                    "cur_lr": 5e-05,
                    "total_loss": 8.44321511586507,
                    "policy_loss": -0.06732877369892473,
                    "vf_loss": 8.515881328871757,
                    "vf_explained_var": 0.0030731311350157766,
                    "kl": 0.010588679527659925,
                    "entropy": 0.8514040540565144,
                    "entropy_coeff": 0.01
                },
                "model": {},
                "custom_metrics": {},
                "num_agent_steps_trained": 121.0909090909091,
                "num_grad_updates_lifetime": 36465.5,
                "diff_num_grad_updates_vs_sampler_policy": 164.5
            },
            "policy_1": {
                "learner_stats": {
                    "allreduce_latency": 0.0,
                    "grad_gnorm": 2.8458497524261475,
                    "cur_kl_coeff": 0.19999999999999996,
                    "cur_lr": 5e-05,
                    "total_loss": 8.967204476847794,
                    "policy_loss": -0.07890434025321155,
                    "vf_loss": 9.104883254658093,
                    "vf_explained_var": -0.022941437815174912,
                    "kl": 0.013883756866604237,
                    "entropy": 1.2310241477055983,
                    "entropy_coeff": 0.04999999999999999
                },
                "model": {},
                "custom_metrics": {},
                "num_agent_steps_trained": 121.27272727272727,
                "num_grad_updates_lifetime": 36465.5,
                "diff_num_grad_updates_vs_sampler_policy": 164.5
            },
            "policy_2": {
                "learner_stats": {
                    "allreduce_latency": 0.0,
                    "grad_gnorm": 1.8468513488769531,
                    "cur_kl_coeff": 0.19999999999999996,
                    "cur_lr": 5e-05,
                    "total_loss": 9.314086188692036,
                    "policy_loss": -0.08089161184616386,
                    "vf_loss": 9.531096105864554,
                    "vf_explained_var": 0.01600603081963279,
                    "kl": 0.01297674978772321,
                    "entropy": 1.387136194561467,
                    "entropy_coeff": 0.09999999999999998
                },
                "model": {},
                "custom_metrics": {},
                "num_agent_steps_trained": 121.27272727272727,
                "num_grad_updates_lifetime": 36465.5,
                "diff_num_grad_updates_vs_sampler_policy": 164.5
            }
        },
        "num_env_steps_sampled": 444000,
        "num_env_steps_trained": 444000,
        "num_agent_steps_sampled": 443998,
        "num_agent_steps_trained": 443998
    },
    "env_runners": {
        "episode_reward_max": -139.0,
        "episode_reward_min": -652.0,
        "episode_reward_mean": -414.83,
        "episode_len_mean": 429.8,
        "episode_media": {},
        "episodes_timesteps_total": 42980,
        "policy_reward_min": {
            "policy_1": -385.0,
            "policy_2": -445.0,
            "policy_0": -420.0
        },
        "policy_reward_max": {
            "policy_1": -19.0,
            "policy_2": -15.0,
            "policy_0": -7.0
        },
        "policy_reward_mean": {
            "policy_1": -130.47,
            "policy_2": -155.58,
            "policy_0": -128.78
        },
        "custom_metrics": {},
        "hist_stats": {
            "episode_reward": [
                -513.0,
                -462.0,
                -402.0,
                -524.0,
                -470.0,
                -463.0,
                -505.0,
                -456.0,
                -588.0,
                -458.0,
                -363.0,
                -652.0,
                -413.0,
                -346.0,
                -383.0,
                -212.0,
                -449.0,
                -336.0,
                -240.0,
                -307.0,
                -343.0,
                -325.0,
                -343.0,
                -506.0,
                -333.0,
                -504.0,
                -414.0,
                -424.0,
                -458.0,
                -317.0,
                -397.0,
                -396.0,
                -303.0,
                -479.0,
                -442.0,
                -510.0,
                -404.0,
                -336.0,
                -487.0,
                -583.0,
                -502.0,
                -319.0,
                -589.0,
                -464.0,
                -300.0,
                -353.0,
                -139.0,
                -319.0,
                -361.0,
                -392.0,
                -413.0,
                -341.0,
                -549.0,
                -390.0,
                -455.0,
                -384.0,
                -485.0,
                -446.0,
                -430.0,
                -396.0,
                -486.0,
                -329.0,
                -422.0,
                -485.0,
                -289.0,
                -546.0,
                -427.0,
                -547.0,
                -450.0,
                -303.0,
                -439.0,
                -288.0,
                -419.0,
                -486.0,
                -409.0,
                -265.0,
                -383.0,
                -400.0,
                -366.0,
                -496.0,
                -289.0,
                -532.0,
                -425.0,
                -299.0,
                -554.0,
                -477.0,
                -546.0,
                -396.0,
                -361.0,
                -347.0,
                -488.0,
                -308.0,
                -509.0,
                -402.0,
                -337.0,
                -364.0,
                -346.0,
                -459.0,
                -444.0,
                -492.0
            ],