{
    "custom_metrics": {},
    "episode_media": {},
    "info": {
        "learner": {
            "policy_0": {
                "learner_stats": {
                    "allreduce_latency": 0.0,
                    "grad_gnorm": 3.6446096897125244,
                    "cur_kl_coeff": 0.20549453364292275,
                    "cur_lr": 5e-05,
                    "total_loss": 8.44227602265098,
                    "policy_loss": -0.0920036598736646,
                    "vf_loss": 8.53973922584996,
                    "vf_explained_var": -0.00315145163825064,
                    "kl": 0.016447708055316465,
                    "entropy": 0.8839429436307965,
                    "entropy_coeff": 0.01
                },
                "model": {},
                "custom_metrics": {},
                "num_agent_steps_trained": 121.45454545454545,
                "num_grad_updates_lifetime": 189915.5,
                "diff_num_grad_updates_vs_sampler_policy": 164.5
            },
            "policy_1": {
                "learner_stats": {
                    "allreduce_latency": 0.0,
                    "grad_gnorm": 2.6279139518737793,
                    "cur_kl_coeff": 0.7593750000000004,
                    "cur_lr": 5e-05,
                    "total_loss": 8.23418555837689,
                    "policy_loss": -0.09433853788295617,
                    "vf_loss": 8.377245323585742,
                    "vf_explained_var": -0.0215016068834247,
                    "kl": 0.011682304096727873,
                    "entropy": 1.1518490379506892,
                    "entropy_coeff": 0.04999999999999999
                },
                "model": {},
                "custom_metrics": {},
                "num_agent_steps_trained": 121.0909090909091,
                "num_grad_updates_lifetime": 189915.5,
                "diff_num_grad_updates_vs_sampler_policy": 164.5
            },
            "policy_2": {
                "learner_stats": {
                    "allreduce_latency": 0.0,
                    "grad_gnorm": 1.9117602109909058,
                    "cur_kl_coeff": 0.6749999999999998,
                    "cur_lr": 5e-05,
                    "total_loss": 8.446921604329889,
                    "policy_loss": -0.09257120318767248,
                    "vf_loss": 8.670026569655448,
                    "vf_explained_var": -0.008779550501794527,
                    "kl": 0.010108380912134486,
                    "entropy": 1.3735695882277055,
                    "entropy_coeff": 0.09999999999999998
                },
                "model": {},
                "custom_metrics": {},
                "num_agent_steps_trained": 121.0909090909091,
                "num_grad_updates_lifetime": 189915.5,
                "diff_num_grad_updates_vs_sampler_policy": 164.5
            }
        },
        "num_env_steps_sampled": 2304000,
        "num_env_steps_trained": 2304000,
        "num_agent_steps_sampled": 2303998,
        "num_agent_steps_trained": 2303998
    },
    "env_runners": {
        "episode_reward_max": -158.0,
        "episode_reward_min": -687.0,
        "episode_reward_mean": -433.27,
        "episode_len_mean": 419.84,
        "episode_media": {},
        "episodes_timesteps_total": 41984,
        "policy_reward_min": {
            "policy_1": -390.0,
            "policy_2": -440.0,
            "policy_0": -455.0
        },
        "policy_reward_max": {
            "policy_1": -14.0,
            "policy_2": -31.0,
            "policy_0": 2.0
        },
        "policy_reward_mean": {
            "policy_1": -142.97,
            "policy_2": -178.01,
            "policy_0": -112.29
        },
        "custom_metrics": {},
        "hist_stats": {
            "episode_reward": [
                -158.0,
                -286.0,
                -460.0,
                -416.0,
                -357.0,
                -472.0,
                -492.0,
                -478.0,
                -527.0,
                -447.0,
                -444.0,
                -499.0,
                -257.0,
                -451.0,
                -440.0,
                -339.0,
                -487.0,
                -583.0,
                -300.0,
                -493.0,
                -455.0,
                -456.0,
                -386.0,
                -441.0,
                -512.0,
                -567.0,
                -452.0,
                -495.0,
                -572.0,
                -372.0,
                -452.0,
                -368.0,
                -291.0,
                -391.0,
                -474.0,
                -420.0,
                -473.0,
                -472.0,
                -242.0,
                -489.0,
                -395.0,
                -551.0,
                -503.0,
                -456.0,
                -687.0,
                -548.0,
                -357.0,
                -531.0,
                -516.0,
                -552.0,
                -447.0,
                -522.0,
                -519.0,
                -335.0,
                -480.0,
                -624.0,
                -440.0,
                -555.0,
                -296.0,
                -308.0,
                -486.0,
                -256.0,
                -579.0,
                -256.0,
                -613.0,
                -495.0,
                -374.0,
                -484.0,
                -380.0,
                -490.0,
                -541.0,
                -288.0,
                -495.0,
                -387.0,
                -331.0,
                -496.0,
                -584.0,
                -449.0,
                -286.0,
                -443.0,
                -451.0,
                -432.0,
                -375.0,
                -218.0,
                -396.0,
                -352.0,
                -407.0,
                -345.0,
                -340.0,
                -351.0,
                -395.0,
                -267.0,
                -512.0,
                -434.0,
                -182.0,
                -436.0,
                -371.0,
                -414.0,
                -492.0,
                -656.0
            ],