{
    "custom_metrics": {},
    "episode_media": {},
    "info": {
        "learner": {
            "policy_0": {
                "learner_stats": {
                    "allreduce_latency": 0.0,
                    "grad_gnorm": 2.244161605834961,
                    "cur_kl_coeff": 0.19999999999999996,
                    "cur_lr": 5e-05,
                    "total_loss": 9.168263704126531,
                    "policy_loss": -0.06603298941344926,
                    "vf_loss": 9.24193742058494,
                    "vf_explained_var": 0.03765107971249205,
                    "kl": 0.015702553885760234,
                    "entropy": 1.0781175275643666,
                    "entropy_coeff": 0.01
                },
                "model": {},
                "custom_metrics": {},
                "num_agent_steps_trained": 121.54545454545455,
                "num_grad_updates_lifetime": 16665.5,
                "diff_num_grad_updates_vs_sampler_policy": 164.5
            },
            "policy_1": {
                "learner_stats": {
                    "allreduce_latency": 0.0,
                    "grad_gnorm": 1.2061567306518555,
                    "cur_kl_coeff": 0.19999999999999996,
                    "cur_lr": 5e-05,
                    "total_loss": 9.875706348997173,
                    "policy_loss": -0.06355054457389721,
                    "vf_loss": 10.0,
                    "vf_explained_var": 0.0055066170114459415,
                    "kl": 0.010599974979682776,
                    "entropy": 1.2572623722481004,
                    "entropy_coeff": 0.04999999999999999
                },
                "model": {},
                "custom_metrics": {},
                "num_agent_steps_trained": 121.63636363636364,
                "num_grad_updates_lifetime": 16665.5,
                "diff_num_grad_updates_vs_sampler_policy": 164.5
            },
            "policy_2": {
                "learner_stats": {
                    "allreduce_latency": 0.0,
                    "grad_gnorm": 1.9743036031723022,
                    "cur_kl_coeff": 0.19999999999999996,
                    "cur_lr": 5e-05,
                    "total_loss": 7.738359913681492,
                    "policy_loss": -0.06684115822603362,
                    "vf_loss": 7.941923543178674,
                    "vf_explained_var": -0.007020173289559104,
                    "kl": 0.012510491396764675,
                    "entropy": 1.392245478702314,
                    "entropy_coeff": 0.09999999999999998
                },
                "model": {},
                "custom_metrics": {},
                "num_agent_steps_trained": 120.63636363636364,
                "num_grad_updates_lifetime": 16665.5,
                "diff_num_grad_updates_vs_sampler_policy": 164.5
            }
        },
        "num_env_steps_sampled": 204000,
        "num_env_steps_trained": 204000,
        "num_agent_steps_sampled": 204000,
        "num_agent_steps_trained": 204000
    },
    "env_runners": {
        "episode_reward_max": -205.0,
        "episode_reward_min": -610.0,
        "episode_reward_mean": -421.34,
        "episode_len_mean": 342.98,
        "episode_media": {},
        "episodes_timesteps_total": 34298,
        "policy_reward_min": {
            "policy_1": -355.0,
            "policy_2": -395.0,
            "policy_0": -275.0
        },
        "policy_reward_max": {
            "policy_1": -13.0,
            "policy_2": 0.0,
            "policy_0": -17.0
        },
        "policy_reward_mean": {
            "policy_1": -132.16,
            "policy_2": -174.19,
            "policy_0": -114.99
        },
        "custom_metrics": {},
        "hist_stats": {
            "episode_reward": [
                -551.0,
                -409.0,
                -336.0,
                -375.0,
                -445.0,
                -403.0,
                -324.0,
                -216.0,
                -462.0,
                -464.0,
                -437.0,
                -462.0,
                -559.0,
                -366.0,
                -483.0,
                -398.0,
                -408.0,
                -354.0,
                -401.0,
                -499.0,
                -506.0,
                -424.0,
                -506.0,
                -346.0,
                -426.0,
                -455.0,
                -301.0,
                -468.0,
                -580.0,
                -460.0,
                -269.0,
                -234.0,
                -433.0,
                -505.0,
                -433.0,
                -585.0,
                -365.0,
                -456.0,
                -354.0,
                -497.0,
                -473.0,
                -506.0,
                -205.0,
                -449.0,
                -486.0,
                -515.0,
                -286.0,
                -339.0,
                -533.0,
                -503.0,
                -482.0,
                -507.0,
                -293.0,
                -428.0,
                -366.0,
                -415.0,
                -580.0,
                -435.0,
                -535.0,
                -387.0,
                -379.0,
                -417.0,
                -213.0,
                -373.0,
                -343.0,
                -323.0,
                -509.0,
                -295.0,
                -488.0,
                -427.0,
                -454.0,
                -553.0,
                -527.0,
                -323.0,
                -275.0,
                -456.0,
                -344.0,
                -333.0,
                -322.0,
                -610.0,
                -464.0,
                -436.0,
                -484.0,
                -467.0,
                -538.0,
                -355.0,
                -401.0,
                -470.0,
                -334.0,
                -544.0,
                -365.0,
                -500.0,
                -217.0,
                -411.0,
                -439.0,
                -486.0,
                -432.0,
                -375.0,
                -272.0,
                -502.0
            ],