{
    "custom_metrics": {},
    "episode_media": {},
    "info": {
        "learner": {
            "policy_0": {
                "learner_stats": {
                    "allreduce_latency": 0.0,
                    "grad_gnorm": 0.7751684188842773,
                    "cur_kl_coeff": 0.19999999999999996,
                    "cur_lr": 5e-05,
                    "total_loss": 9.738626023494836,
                    "policy_loss": -0.03638736021733194,
                    "vf_loss": 9.78978151552605,
                    "vf_explained_var": -3.718607353441643e-06,
                    "kl": 0.008788758300772425,
                    "entropy": 1.6525915857517357,
                    "entropy_coeff": 0.01
                },
                "model": {},
                "custom_metrics": {},
                "num_agent_steps_trained": 121.27272727272727,
                "num_grad_updates_lifetime": 165.5,
                "diff_num_grad_updates_vs_sampler_policy": 164.5
            },
            "policy_1": {
                "learner_stats": {
                    "allreduce_latency": 0.0,
                    "grad_gnorm": 0.8001434206962585,
                    "cur_kl_coeff": 0.19999999999999996,
                    "cur_lr": 5e-05,
                    "total_loss": 9.66559564706051,
                    "policy_loss": -0.0349120871079239,
                    "vf_loss": 9.781371050169973,
                    "vf_explained_var": 1.067212133696585e-05,
                    "kl": 0.008911200479567262,
                    "entropy": 1.6529120481375492,
                    "entropy_coeff": 0.04999999999999999
                },
                "model": {},
                "custom_metrics": {},
                "num_agent_steps_trained": 120.45454545454545,
                "num_grad_updates_lifetime": 165.5,
                "diff_num_grad_updates_vs_sampler_policy": 164.5
            },
            "policy_2": {
                "learner_stats": {
                    "allreduce_latency": 0.0,
                    "grad_gnorm": 0.7515297532081604,
                    "cur_kl_coeff": 0.19999999999999996,
                    "cur_lr": 5e-05,
                    "total_loss": 9.586673311753707,
                    "policy_loss": -0.03459800499011621,
                    "vf_loss": 9.784343713702578,
                    "vf_explained_var": -5.686102491436582e-06,
                    "kl": 0.011105575715401121,
                    "entropy": 1.652935270468394,
                    "entropy_coeff": 0.09999999999999998
                },
                "model": {},
                "custom_metrics": {},
                "num_agent_steps_trained": 121.72727272727273,
                "num_grad_updates_lifetime": 165.5,
                "diff_num_grad_updates_vs_sampler_policy": 164.5
            }
        },
        "num_env_steps_sampled": 4000,
        "num_env_steps_trained": 4000,
        "num_agent_steps_sampled": 3998,
        "num_agent_steps_trained": 3998
    },
    "env_runners": {
        "episode_reward_max": -323.0,
        "episode_reward_min": -618.0,
        "episode_reward_mean": -485.6764705882353,
        "episode_len_mean": 115.05882352941177,
        "episode_media": {},
        "episodes_timesteps_total": 3912,
        "policy_reward_min": {
            "policy_2": -370.0,
            "policy_0": -400.0,
            "policy_1": -340.0
        },
        "policy_reward_max": {
            "policy_2": -33.0,
            "policy_0": -34.0,
            "policy_1": -25.0
        },
        "policy_reward_mean": {
            "policy_2": -134.7058823529412,
            "policy_0": -188.2941176470588,
            "policy_1": -162.6764705882353
        },
        "custom_metrics": {},
        "hist_stats": {
            "episode_reward": [
                -618.0,
                -521.0,
                -363.0,
                -511.0,
                -476.0,
                -474.0,
                -483.0,
                -507.0,
                -462.0,
                -552.0,
                -537.0,
                -406.0,
                -470.0,
                -481.0,
                -323.0,
                -384.0,
                -338.0,
                -575.0,
                -542.0,
                -556.0,
                -534.0,
                -506.0,
                -480.0,
                -446.0,
                -565.0,
                -604.0,
                -542.0,
                -351.0,
                -412.0,
                -398.0,
                -497.0,
                -582.0,
                -496.0,
                -521.0
            ],
            "episode_lengths": [
                104,
                82,
                80,
                118,
                114,
                110,
                98,
                204,
                148,
                128,
                124,
                126,
                154,
                84,
                90,
                108,
                110,
                126,
                96,
                160,
                96,
                118,
                134,
                72,
                118,
                88,
                144,
                84,
                88,
                136,
                66,
                126,
                134,
                144
            ],
            "policy_policy_2_reward": [
                -59.0,
                -44.0,
                -200.0,
                -147.0,
                -310.0,
                -270.0,
                -67.0,
                -60.0,
                -35.0,
                -183.0,
                -222.0,
                -77.0,
                -165.0,
                -49.0,
                -33.0,
                -159.0,
                -50.0,
                -42.0,
                -64.0,
                -156.0,
                -64.0,
                -165.0,
                -46.0,
                -270.0,
                -165.0,
                -295.0,
                -62.0,
                -57.0,
                -205.0,
                -147.0,
                -177.0,
                -48.0,
                -117.0,
                -370.0
            ],
            "policy_policy_0_reward": [
                -400.0,
                -315.0,
                -93.0,
                -49.0,
                -120.0,
                -150.0,
                -275.0,
                -270.0,
                -295.0,
                -34.0,
                -40.0,
                -230.0,
                -60.0,
                -330.0,
                -185.0,
                -55.0,
                -180.0,
                -380.0,
                -310.0,
                -60.0,
                -395.0,
                -51.0,
                -335.0,
                -144.0,
                -70.0,
                -264.0,
                -300.0,
                -195.0,
                -156.0,
                -56.0,
                -45.0,
                -375.0,
                -59.0,
                -126.0
            ],
            "policy_policy_1_reward": [
                -159.0,
                -162.0,
                -70.0,
                -315.0,
                -46.0,
                -54.0,
                -141.0,
                -177.0,
                -132.0,
                -335.0,
                -275.0,
                -99.0,
                -245.0,
                -102.0,
                -105.0,
                -170.0,
                -108.0,
                -153.0,
                -168.0,
                -340.0,
                -75.0,
                -290.0,
                -99.0,
                -32.0,
                -330.0,
                -45.0,
                -180.0,
                -99.0,
                -51.0,
                -195.0,
                -275.0,
                -159.0,
                -320.0,
                -25.0
            ]
        },