{
    "custom_metrics": {},
    "episode_media": {},
    "info": {
        "learner": {
            "policy_0": {
                "learner_stats": {
                    "allreduce_latency": 0.0,
                    "grad_gnorm": 3.045682430267334,
                    "cur_kl_coeff": 0.11273516032962218,
                    "cur_lr": 5e-05,
                    "total_loss": 8.408197563344782,
                    "policy_loss": -0.08926206623048832,
                    "vf_loss": 8.501739178281841,
                    "vf_explained_var": -0.0008941879778197317,
                    "kl": 0.020542085684338362,
                    "entropy": 0.6595262872450279,
                    "entropy_coeff": 0.01
                },
                "model": {},
                "custom_metrics": {},
                "num_agent_steps_trained": 121.45454545454545,
                "num_grad_updates_lifetime": 297165.5,
                "diff_num_grad_updates_vs_sampler_policy": 164.5
            },
            "policy_1": {
                "learner_stats": {
                    "allreduce_latency": 0.0,
                    "grad_gnorm": 3.912656545639038,
                    "cur_kl_coeff": 0.30409297943115243,
                    "cur_lr": 5e-05,
                    "total_loss": 7.099334186496157,
                    "policy_loss": -0.10256565314661147,
                    "vf_loss": 7.253422839713819,
                    "vf_explained_var": -0.03173063270973437,
                    "kl": 0.01596945577696518,
                    "entropy": 1.1275842077804334,
                    "entropy_coeff": 0.04999999999999999
                },
                "model": {},
                "custom_metrics": {},
                "num_agent_steps_trained": 121.45454545454545,
                "num_grad_updates_lifetime": 297165.5,
                "diff_num_grad_updates_vs_sampler_policy": 164.5
            },
            "policy_2": {
                "learner_stats": {
                    "allreduce_latency": 0.0,
                    "grad_gnorm": 1.690792202949524,
                    "cur_kl_coeff": 0.3796875000000002,
                    "cur_lr": 5e-05,
                    "total_loss": 9.35832161469893,
                    "policy_loss": -0.10631374349097976,
                    "vf_loss": 9.591887604106557,
                    "vf_explained_var": 0.007339557192542336,
                    "kl": 0.01558841970317453,
                    "entropy": 1.3317096143057852,
                    "entropy_coeff": 0.09999999999999998
                },
                "model": {},
                "custom_metrics": {},
                "num_agent_steps_trained": 120.72727272727273,
                "num_grad_updates_lifetime": 297165.5,
                "diff_num_grad_updates_vs_sampler_policy": 164.5
            }
        },
        "num_env_steps_sampled": 3604000,
        "num_env_steps_trained": 3604000,
        "num_agent_steps_sampled": 3603998,
        "num_agent_steps_trained": 3603998
    },
    "env_runners": {
        "episode_reward_max": -57.0,
        "episode_reward_min": -665.0,
        "episode_reward_mean": -413.23,
        "episode_len_mean": 445.62,
        "episode_media": {},
        "episodes_timesteps_total": 44562,
        "policy_reward_min": {
            "policy_2": -420.0,
            "policy_0": -410.0,
            "policy_1": -390.0
        },
        "policy_reward_max": {
            "policy_2": -15.0,
            "policy_0": 2.0,
            "policy_1": -6.0
        },
        "policy_reward_mean": {
            "policy_2": -160.24,
            "policy_0": -118.92,
            "policy_1": -134.07
        },
        "custom_metrics": {},
        "hist_stats": {
            "episode_reward": [
                -267.0,
                -512.0,
                -269.0,
                -492.0,
                -353.0,
                -448.0,
                -328.0,
                -247.0,
                -547.0,
                -213.0,
                -426.0,
                -665.0,
                -204.0,
                -472.0,
                -329.0,
                -364.0,
                -490.0,
                -498.0,
                -460.0,
                -499.0,
                -141.0,
                -522.0,
                -349.0,
                -552.0,
                -508.0,
                -549.0,
                -378.0,
                -405.0,
                -478.0,
                -515.0,
                -549.0,
                -276.0,
                -394.0,
                -427.0,
                -458.0,
                -305.0,
                -120.0,
                -384.0,
                -111.0,
                -450.0,
                -642.0,
                -546.0,
                -507.0,
                -324.0,
                -355.0,
                -601.0,
                -57.0,
                -506.0,
                -528.0,
                -493.0,
                -525.0,
                -358.0,
                -373.0,
                -606.0,
                -448.0,
                -619.0,
                -514.0,
                -308.0,
                -496.0,
                -494.0,
                -587.0,
                -343.0,
                -541.0,
                -459.0,
                -338.0,
                -501.0,
                -530.0,
                -73.0,
                -466.0,
                -533.0,
                -464.0,
                -412.0,
                -424.0,
                -288.0,
                -352.0,
                -191.0,
                -479.0,
                -437.0,
                -426.0,
                -176.0,
                -440.0,
                -589.0,
                -346.0,
                -447.0,
                -480.0,
                -400.0,
                -326.0,
                -359.0,
                -218.0,
                -401.0,
                -370.0,
                -443.0,
                -367.0,
                -326.0,
                -541.0,
                -373.0,
                -424.0,
                -294.0,
                -342.0,
                -563.0
            ],