{
    "custom_metrics": {},
    "episode_media": {},
    "info": {
        "learner": {
            "policy_0": {
                "learner_stats": {
                    "allreduce_latency": 0.0,
                    "grad_gnorm": 3.655965805053711,
                    "cur_kl_coeff": 0.25024001989405814,
                    "cur_lr": 5e-05,
                    "total_loss": 0.5375204175160351,
                    "policy_loss": -0.04896515201509112,
                    "vf_loss": 0.5860459258497664,
                    "vf_explained_var": 0.02683535290486885,
                    "kl": 0.005367480573527495,
                    "entropy": 0.09035119273784485,
                    "entropy_coeff": 0.01
                },
                "model": {},
                "custom_metrics": {},
                "num_agent_steps_trained": 121.18181818181819,
                "num_grad_updates_lifetime": 264165.5,
                "diff_num_grad_updates_vs_sampler_policy": 164.5
            },
            "policy_1": {
                "learner_stats": {
                    "allreduce_latency": 0.0,
                    "grad_gnorm": 3.410261392593384,
                    "cur_kl_coeff": 0.3604064941406251,
                    "cur_lr": 5e-05,
                    "total_loss": 1.1425343517757331,
                    "policy_loss": -0.05374584623443132,
                    "vf_loss": 1.2255018892613325,
                    "vf_explained_var": 0.029864373170968257,
                    "kl": 0.00713824026869599,
                    "entropy": 0.6358870543313749,
                    "entropy_coeff": 0.04999999999999999
                },
                "model": {},
                "custom_metrics": {},
                "num_agent_steps_trained": 121.27272727272727,
                "num_grad_updates_lifetime": 264165.5,
                "diff_num_grad_updates_vs_sampler_policy": 164.5
            },
            "policy_2": {
                "learner_stats": {
                    "allreduce_latency": 0.0,
                    "grad_gnorm": 2.860714912414551,
                    "cur_kl_coeff": 0.3796875000000002,
                    "cur_lr": 5e-05,
                    "total_loss": 2.082932441975131,
                    "policy_loss": -0.0775196323601642,
                    "vf_loss": 2.262466636571017,
                    "vf_explained_var": 0.09387940565745036,
                    "kl": 0.0162120161001838,
                    "entropy": 1.0817005083416447,
                    "entropy_coeff": 0.09999999999999998
                },
                "model": {},
                "custom_metrics": {},
                "num_agent_steps_trained": 121.18181818181819,
                "num_grad_updates_lifetime": 264165.5,
                "diff_num_grad_updates_vs_sampler_policy": 164.5
            }
        },
        "num_env_steps_sampled": 3204000,
        "num_env_steps_trained": 3204000,
        "num_agent_steps_sampled": 3203998,
        "num_agent_steps_trained": 3203998
    },
    "env_runners": {
        "episode_reward_max": -51.0,
        "episode_reward_min": -635.0,
        "episode_reward_mean": -423.81,
        "episode_len_mean": 469.96,
        "episode_media": {},
        "episodes_timesteps_total": 46996,
        "policy_reward_min": {
            "policy_2": -400.0,
            "policy_0": -370.0,
            "policy_1": -380.0
        },
        "policy_reward_max": {
            "policy_2": -22.0,
            "policy_0": 9.0,
            "policy_1": -5.0
        },
        "policy_reward_mean": {
            "policy_2": -172.4,
            "policy_0": -95.98,
            "policy_1": -155.43
        },
        "custom_metrics": {},
        "hist_stats": {
            "episode_reward": [
                -575.0,
                -441.0,
                -461.0,
                -572.0,
                -591.0,
                -171.0,
                -526.0,
                -243.0,
                -427.0,
                -513.0,
                -589.0,
                -381.0,
                -467.0,
                -521.0,
                -529.0,
                -177.0,
                -438.0,
                -497.0,
                -458.0,
                -444.0,
                -525.0,
                -360.0,
                -453.0,
                -461.0,
                -452.0,
                -603.0,
                -388.0,
                -360.0,
                -221.0,
                -545.0,
                -594.0,
                -442.0,
                -517.0,
                -543.0,
                -481.0,
                -436.0,
                -457.0,
                -524.0,
                -424.0,
                -155.0,
                -543.0,
                -437.0,
                -451.0,
                -467.0,
                -512.0,
                -310.0,
                -423.0,
                -316.0,
                -266.0,
                -481.0,
                -480.0,
                -537.0,
                -548.0,
                -455.0,
                -412.0,
                -506.0,
                -283.0,
                -379.0,
                -542.0,
                -457.0,
                -470.0,
                -563.0,
                -525.0,
                -505.0,
                -362.0,
                -445.0,
                -412.0,
                -402.0,
                -377.0,
                -307.0,
                -443.0,
                -537.0,
                -470.0,
                -267.0,
                -239.0,
                -469.0,
                -437.0,
                -443.0,
                -124.0,
                -635.0,
                -243.0,
                -415.0,
                -471.0,
                -239.0,
                -533.0,
                -410.0,
                -328.0,
                -247.0,
                -448.0,
                -84.0,
                -481.0,
                -489.0,
                -474.0,
                -451.0,
                -51.0,
                -221.0,
                -497.0,
                -592.0,
                -148.0,
                -360.0
            ],