{
    "custom_metrics": {},
    "episode_media": {},
    "info": {
        "learner": {
            "policy_0": {
                "learner_stats": {
                    "allreduce_latency": 0.0,
                    "grad_gnorm": 4.617417335510254,
                    "cur_kl_coeff": 0.20041806280821725,
                    "cur_lr": 5e-05,
                    "total_loss": 3.611994248447996,
                    "policy_loss": -0.06322849407636871,
                    "vf_loss": 3.6768584547620833,
                    "vf_explained_var": 0.06018142935001489,
                    "kl": 0.010499139291173978,
                    "entropy": 0.37399268994728724,
                    "entropy_coeff": 0.01
                },
                "model": {},
                "custom_metrics": {},
                "num_agent_steps_trained": 121.27272727272727,
                "num_grad_updates_lifetime": 288915.5,
                "diff_num_grad_updates_vs_sampler_policy": 164.5
            },
            "policy_1": {
                "learner_stats": {
                    "allreduce_latency": 0.0,
                    "grad_gnorm": 2.9716267585754395,
                    "cur_kl_coeff": 0.40545730590820295,
                    "cur_lr": 5e-05,
                    "total_loss": 4.5426892815214215,
                    "policy_loss": -0.0968686980484618,
                    "vf_loss": 4.675278043024468,
                    "vf_explained_var": -0.028427102349021217,
                    "kl": 0.014890057134867074,
                    "entropy": 0.8351473279071576,
                    "entropy_coeff": 0.04999999999999999
                },
                "model": {},
                "custom_metrics": {},
                "num_agent_steps_trained": 121.0909090909091,
                "num_grad_updates_lifetime": 288915.5,
                "diff_num_grad_updates_vs_sampler_policy": 164.5
            },
            "policy_2": {
                "learner_stats": {
                    "allreduce_latency": 0.0,
                    "grad_gnorm": 2.4819679260253906,
                    "cur_kl_coeff": 0.3796875000000002,
                    "cur_lr": 5e-05,
                    "total_loss": 4.368221845771327,
                    "policy_loss": -0.10777844519523734,
                    "vf_loss": 4.585399883443659,
                    "vf_explained_var": -0.0046137262474406845,
                    "kl": 0.018131516806688248,
                    "entropy": 1.162838924292362,
                    "entropy_coeff": 0.09999999999999998
                },
                "model": {},
                "custom_metrics": {},
                "num_agent_steps_trained": 121.27272727272727,
                "num_grad_updates_lifetime": 288915.5,
                "diff_num_grad_updates_vs_sampler_policy": 164.5
            }
        },
        "num_env_steps_sampled": 3504000,
        "num_env_steps_trained": 3504000,
        "num_agent_steps_sampled": 3503998,
        "num_agent_steps_trained": 3503998
    },
    "env_runners": {
        "episode_reward_max": -44.0,
        "episode_reward_min": -681.0,
        "episode_reward_mean": -424.83,
        "episode_len_mean": 460.66,
        "episode_media": {},
        "episodes_timesteps_total": 46066,
        "policy_reward_min": {
            "policy_1": -430.0,
            "policy_2": -455.0,
            "policy_0": -380.0
        },
        "policy_reward_max": {
            "policy_1": -7.0,
            "policy_2": -10.0,
            "policy_0": 3.0
        },
        "policy_reward_mean": {
            "policy_1": -151.95,
            "policy_2": -172.81,
            "policy_0": -100.07
        },
        "custom_metrics": {},
        "hist_stats": {
            "episode_reward": [
                -353.0,
                -378.0,
                -321.0,
                -441.0,
                -381.0,
                -421.0,
                -531.0,
                -482.0,
                -315.0,
                -371.0,
                -430.0,
                -356.0,
                -400.0,
                -298.0,
                -487.0,
                -313.0,
                -211.0,
                -412.0,
                -505.0,
                -465.0,
                -437.0,
                -73.0,
                -359.0,
                -320.0,
                -476.0,
                -527.0,
                -449.0,
                -529.0,
                -489.0,
                -377.0,
                -485.0,
                -293.0,
                -618.0,
                -330.0,
                -469.0,
                -501.0,
                -300.0,
                -325.0,
                -267.0,
                -515.0,
                -577.0,
                -681.0,
                -504.0,
                -188.0,
                -583.0,
                -470.0,
                -262.0,
                -563.0,
                -495.0,
                -564.0,
                -409.0,
                -552.0,
                -661.0,
                -230.0,
                -439.0,
                -563.0,
                -453.0,
                -430.0,
                -426.0,
                -344.0,
                -427.0,
                -335.0,
                -620.0,
                -612.0,
                -333.0,
                -452.0,
                -511.0,
                -394.0,
                -390.0,
                -414.0,
                -538.0,
                -395.0,
                -502.0,
                -634.0,
                -529.0,
                -364.0,
                -479.0,
                -443.0,
                -460.0,
                -523.0,
                -324.0,
                -300.0,
                -357.0,
                -425.0,
                -559.0,
                -248.0,
                -319.0,
                -439.0,
                -428.0,
                -296.0,
                -475.0,
                -388.0,
                -414.0,
                -557.0,
                -500.0,
                -273.0,
                -509.0,
                -44.0,
                -519.0,
                -350.0
            ],