{
    "custom_metrics": {},
    "episode_media": {},
    "info": {
        "learner": {
            "policy_0": {
                "learner_stats": {
                    "allreduce_latency": 0.0,
                    "grad_gnorm": 4.26101016998291,
                    "cur_kl_coeff": 0.15,
                    "cur_lr": 5e-05,
                    "total_loss": 5.715461631254716,
                    "policy_loss": -0.06893293628977104,
                    "vf_loss": 5.786991016792529,
                    "vf_explained_var": -0.01011262373490767,
                    "kl": 0.015790339109816507,
                    "entropy": 0.4965002794157375,
                    "entropy_coeff": 0.01
                },
                "model": {},
                "custom_metrics": {},
                "num_agent_steps_trained": 120.9090909090909,
                "num_grad_updates_lifetime": 52965.5,
                "diff_num_grad_updates_vs_sampler_policy": 164.5
            },
            "policy_1": {
                "learner_stats": {
                    "allreduce_latency": 0.0,
                    "grad_gnorm": 2.871582269668579,
                    "cur_kl_coeff": 0.19999999999999996,
                    "cur_lr": 5e-05,
                    "total_loss": 8.315949217478435,
                    "policy_loss": -0.080398880046877,
                    "vf_loss": 8.452098993821577,
                    "vf_explained_var": -0.1035857612436468,
                    "kl": 0.013040078908543624,
                    "entropy": 1.1671777233932958,
                    "entropy_coeff": 0.04999999999999999
                },
                "model": {},
                "custom_metrics": {},
                "num_agent_steps_trained": 121.63636363636364,
                "num_grad_updates_lifetime": 52965.5,
                "diff_num_grad_updates_vs_sampler_policy": 164.5
            },
            "policy_2": {
                "learner_stats": {
                    "allreduce_latency": 0.0,
                    "grad_gnorm": 2.1825449466705322,
                    "cur_kl_coeff": 0.19999999999999996,
                    "cur_lr": 5e-05,
                    "total_loss": 7.469001598069162,
                    "policy_loss": -0.08370011300271885,
                    "vf_loss": 7.685333623308124,
                    "vf_explained_var": -0.007066665996204723,
                    "kl": 0.015696846843403264,
                    "entropy": 1.357712893413775,
                    "entropy_coeff": 0.09999999999999998
                },
                "model": {},
                "custom_metrics": {},
                "num_agent_steps_trained": 121.0909090909091,
                "num_grad_updates_lifetime": 52965.5,
                "diff_num_grad_updates_vs_sampler_policy": 164.5
            }
        },
        "num_env_steps_sampled": 644000,
        "num_env_steps_trained": 644000,
        "num_agent_steps_sampled": 643998,
        "num_agent_steps_trained": 643998
    },
    "env_runners": {
        "episode_reward_max": -200.0,
        "episode_reward_min": -650.0,
        "episode_reward_mean": -427.17,
        "episode_len_mean": 399.64,
        "episode_media": {},
        "episodes_timesteps_total": 39964,
        "policy_reward_min": {
            "policy_1": -410.0,
            "policy_2": -475.0,
            "policy_0": -365.0
        },
        "policy_reward_max": {
            "policy_1": -18.0,
            "policy_2": -19.0,
            "policy_0": 3.0
        },
        "policy_reward_mean": {
            "policy_1": -121.27,
            "policy_2": -184.21,
            "policy_0": -121.69
        },
        "custom_metrics": {},
        "hist_stats": {
            "episode_reward": [
                -398.0,
                -416.0,
                -304.0,
                -338.0,
                -250.0,
                -410.0,
                -342.0,
                -452.0,
                -479.0,
                -432.0,
                -290.0,
                -510.0,
                -398.0,
                -531.0,
                -405.0,
                -519.0,
                -372.0,
                -540.0,
                -460.0,
                -375.0,
                -605.0,
                -426.0,
                -420.0,
                -375.0,
                -397.0,
                -595.0,
                -210.0,
                -529.0,
                -388.0,
                -422.0,
                -532.0,
                -529.0,
                -437.0,
                -412.0,
                -474.0,
                -416.0,
                -487.0,
                -640.0,
                -531.0,
                -366.0,
                -551.0,
                -428.0,
                -449.0,
                -407.0,
                -356.0,
                -359.0,
                -402.0,
                -519.0,
                -403.0,
                -389.0,
                -200.0,
                -443.0,
                -335.0,
                -466.0,
                -467.0,
                -599.0,
                -430.0,
                -453.0,
                -501.0,
                -424.0,
                -489.0,
                -510.0,
                -614.0,
                -559.0,
                -398.0,
                -351.0,
                -364.0,
                -483.0,
                -433.0,
                -377.0,
                -364.0,
                -372.0,
                -520.0,
                -452.0,
                -230.0,
                -422.0,
                -394.0,
                -337.0,
                -515.0,
                -339.0,
                -650.0,
                -614.0,
                -274.0,
                -473.0,
                -245.0,
                -318.0,
                -431.0,
                -494.0,
                -214.0,
                -468.0,
                -472.0,
                -229.0,
                -289.0,
                -314.0,
                -444.0,
                -447.0,
                -582.0,
                -345.0,
                -345.0,
                -553.0
            ],