{
    "custom_metrics": {},
    "episode_media": {},
    "info": {
        "learner": {
            "policy_0": {
                "learner_stats": {
                    "allreduce_latency": 0.0,
                    "grad_gnorm": 4.589183807373047,
                    "cur_kl_coeff": 0.4063048390078038,
                    "cur_lr": 5e-05,
                    "total_loss": 3.3707427089864557,
                    "policy_loss": -0.05937082251660864,
                    "vf_loss": 3.4302188273632166,
                    "vf_explained_var": 0.033275652293002965,
                    "kl": 0.008647479253758122,
                    "entropy": 0.36188160835793526,
                    "entropy_coeff": 0.01
                },
                "model": {},
                "custom_metrics": {},
                "num_agent_steps_trained": 121.27272727272727,
                "num_grad_updates_lifetime": 320265.5,
                "diff_num_grad_updates_vs_sampler_policy": 164.5
            },
            "policy_1": {
                "learner_stats": {
                    "allreduce_latency": 0.0,
                    "grad_gnorm": 2.1783158779144287,
                    "cur_kl_coeff": 0.3421046018600464,
                    "cur_lr": 5e-05,
                    "total_loss": 6.245387425567165,
                    "policy_loss": -0.07485186846108373,
                    "vf_loss": 6.345806562539303,
                    "vf_explained_var": 0.007482682033018632,
                    "kl": 0.014107834563197119,
                    "entropy": 0.6078724480036534,
                    "entropy_coeff": 0.04999999999999999
                },
                "model": {},
                "custom_metrics": {},
                "num_agent_steps_trained": 121.0909090909091,
                "num_grad_updates_lifetime": 320265.5,
                "diff_num_grad_updates_vs_sampler_policy": 164.5
            },
            "policy_2": {
                "learner_stats": {
                    "allreduce_latency": 0.0,
                    "grad_gnorm": 3.4529426097869873,
                    "cur_kl_coeff": 0.3796875000000002,
                    "cur_lr": 5e-05,
                    "total_loss": 4.927334104162274,
                    "policy_loss": -0.0950793706108181,
                    "vf_loss": 5.137605566689462,
                    "vf_explained_var": -0.0033531438220630993,
                    "kl": 0.013971305863220882,
                    "entropy": 1.2049679972908713,
                    "entropy_coeff": 0.09999999999999998
                },
                "model": {},
                "custom_metrics": {},
                "num_agent_steps_trained": 121.27272727272727,
                "num_grad_updates_lifetime": 320265.5,
                "diff_num_grad_updates_vs_sampler_policy": 164.5
            }
        },
        "num_env_steps_sampled": 3884000,
        "num_env_steps_trained": 3884000,
        "num_agent_steps_sampled": 3883998,
        "num_agent_steps_trained": 3883998
    },
    "env_runners": {
        "episode_reward_max": -80.0,
        "episode_reward_min": -630.0,
        "episode_reward_mean": -410.01,
        "episode_len_mean": 470.18,
        "episode_media": {},
        "episodes_timesteps_total": 47018,
        "policy_reward_min": {
            "policy_0": -355.0,
            "policy_1": -380.0,
            "policy_2": -375.0
        },
        "policy_reward_max": {
            "policy_0": 0.0,
            "policy_1": -4.0,
            "policy_2": -15.0
        },
        "policy_reward_mean": {
            "policy_0": -102.19,
            "policy_1": -127.49,
            "policy_2": -180.33
        },
        "custom_metrics": {},
        "hist_stats": {
            "episode_reward": [
                -432.0,
                -393.0,
                -501.0,
                -373.0,
                -80.0,
                -348.0,
                -453.0,
                -323.0,
                -387.0,
                -164.0,
                -491.0,
                -217.0,
                -337.0,
                -502.0,
                -356.0,
                -588.0,
                -511.0,
                -470.0,
                -553.0,
                -505.0,
                -490.0,
                -593.0,
                -445.0,
                -456.0,
                -484.0,
                -417.0,
                -426.0,
                -435.0,
                -514.0,
                -556.0,
                -330.0,
                -346.0,
                -551.0,
                -498.0,
                -513.0,
                -435.0,
                -392.0,
                -384.0,
                -500.0,
                -423.0,
                -467.0,
                -403.0,
                -455.0,
                -327.0,
                -539.0,
                -311.0,
                -575.0,
                -344.0,
                -245.0,
                -350.0,
                -405.0,
                -309.0,
                -261.0,
                -525.0,
                -367.0,
                -235.0,
                -396.0,
                -415.0,
                -370.0,
                -303.0,
                -546.0,
                -445.0,
                -428.0,
                -284.0,
                -148.0,
                -303.0,
                -463.0,
                -441.0,
                -436.0,
                -477.0,
                -217.0,
                -438.0,
                -459.0,
                -470.0,
                -191.0,
                -382.0,
                -377.0,
                -361.0,
                -505.0,
                -447.0,
                -282.0,
                -509.0,
                -323.0,
                -367.0,
                -444.0,
                -525.0,
                -490.0,
                -224.0,
                -484.0,
                -367.0,
                -355.0,
                -308.0,
                -428.0,
                -630.0,
                -405.0,
                -372.0,
                -497.0,
                -545.0,
                -389.0,
                -465.0
            ],