{
    "custom_metrics": {},
    "episode_media": {},
    "info": {
        "learner": {
            "policy_0": {
                "learner_stats": {
                    "allreduce_latency": 0.0,
                    "grad_gnorm": 3.1720781326293945,
                    "cur_kl_coeff": 0.2565784513950349,
                    "cur_lr": 5e-05,
                    "total_loss": 7.5993933908867115,
                    "policy_loss": -0.08379607938907363,
                    "vf_loss": 7.689591438120062,
                    "vf_explained_var": 0.008980107849294488,
                    "kl": 0.013992315384681812,
                    "entropy": 0.9992109533512231,
                    "entropy_coeff": 0.01
                },
                "model": {},
                "custom_metrics": {},
                "num_agent_steps_trained": 121.54545454545455,
                "num_grad_updates_lifetime": 137115.5,
                "diff_num_grad_updates_vs_sampler_policy": 164.5
            },
            "policy_1": {
                "learner_stats": {
                    "allreduce_latency": 0.0,
                    "grad_gnorm": 2.417672872543335,
                    "cur_kl_coeff": 0.4500000000000002,
                    "cur_lr": 5e-05,
                    "total_loss": 7.195036334702463,
                    "policy_loss": -0.09334566079249436,
                    "vf_loss": 7.343250393145012,
                    "vf_explained_var": 0.0005435625712076823,
                    "kl": 0.012618118943948362,
                    "entropy": 1.2109312584905914,
                    "entropy_coeff": 0.04999999999999999
                },
                "model": {},
                "custom_metrics": {},
                "num_agent_steps_trained": 121.36363636363636,
                "num_grad_updates_lifetime": 137115.5,
                "diff_num_grad_updates_vs_sampler_policy": 164.5
            },
            "policy_2": {
                "learner_stats": {
                    "allreduce_latency": 0.0,
                    "grad_gnorm": 3.0823974609375,
                    "cur_kl_coeff": 0.3,
                    "cur_lr": 5e-05,
                    "total_loss": 6.840666468938192,
                    "policy_loss": -0.09421900465068492,
                    "vf_loss": 7.05581376913822,
                    "vf_explained_var": -0.04884232896747011,
                    "kl": 0.013266510262294702,
                    "entropy": 1.2490827078169042,
                    "entropy_coeff": 0.09999999999999998
                },
                "model": {},
                "custom_metrics": {},
                "num_agent_steps_trained": 120.72727272727273,
                "num_grad_updates_lifetime": 137115.5,
                "diff_num_grad_updates_vs_sampler_policy": 164.5
            }
        },
        "num_env_steps_sampled": 1664000,
        "num_env_steps_trained": 1664000,
        "num_agent_steps_sampled": 1663998,
        "num_agent_steps_trained": 1663998
    },
    "env_runners": {
        "episode_reward_max": -227.0,
        "episode_reward_min": -622.0,
        "episode_reward_mean": -436.22,
        "episode_len_mean": 352.62,
        "episode_media": {},
        "episodes_timesteps_total": 35262,
        "policy_reward_min": {
            "policy_1": -390.0,
            "policy_2": -450.0,
            "policy_0": -380.0
        },
        "policy_reward_max": {
            "policy_1": -6.0,
            "policy_2": -28.0,
            "policy_0": -3.0
        },
        "policy_reward_mean": {
            "policy_1": -123.42,
            "policy_2": -183.47,
            "policy_0": -129.33
        },
        "custom_metrics": {},
        "hist_stats": {
            "episode_reward": [
                -465.0,
                -481.0,
                -622.0,
                -393.0,
                -520.0,
                -299.0,
                -563.0,
                -455.0,
                -397.0,
                -526.0,
                -496.0,
                -550.0,
                -491.0,
                -432.0,
                -308.0,
                -497.0,
                -519.0,
                -371.0,
                -528.0,
                -326.0,
                -568.0,
                -361.0,
                -507.0,
                -449.0,
                -241.0,
                -326.0,
                -444.0,
                -389.0,
                -508.0,
                -432.0,
                -474.0,
                -469.0,
                -431.0,
                -424.0,
                -299.0,
                -368.0,
                -382.0,
                -385.0,
                -549.0,
                -323.0,
                -521.0,
                -610.0,
                -559.0,
                -478.0,
                -491.0,
                -513.0,
                -414.0,
                -533.0,
                -485.0,
                -430.0,
                -533.0,
                -531.0,
                -538.0,
                -430.0,
                -564.0,
                -227.0,
                -370.0,
                -561.0,
                -438.0,
                -449.0,
                -463.0,
                -248.0,
                -470.0,
                -457.0,
                -426.0,
                -322.0,
                -522.0,
                -571.0,
                -373.0,
                -332.0,
                -409.0,
                -468.0,
                -407.0,
                -460.0,
                -415.0,
                -482.0,
                -459.0,
                -385.0,
                -473.0,
                -463.0,
                -381.0,
                -320.0,
                -235.0,
                -452.0,
                -401.0,
                -552.0,
                -365.0,
                -460.0,
                -330.0,
                -400.0,
                -362.0,
                -395.0,
                -476.0,
                -378.0,
                -380.0,
                -311.0,
                -377.0,
                -328.0,
                -457.0,
                -414.0
            ],