{
    "custom_metrics": {},
    "episode_media": {},
    "info": {
        "learner": {
            "policy_0": {
                "learner_stats": {
                    "allreduce_latency": 0.0,
                    "grad_gnorm": 4.10849666595459,
                    "cur_kl_coeff": 0.21357421875,
                    "cur_lr": 5e-05,
                    "total_loss": 3.436526770663984,
                    "policy_loss": -0.06594665386911594,
                    "vf_loss": 3.5036127227725404,
                    "vf_explained_var": 0.16840671878872496,
                    "kl": 0.012225139162028177,
                    "entropy": 0.3750275473251487,
                    "entropy_coeff": 0.01
                },
                "model": {},
                "custom_metrics": {},
                "num_agent_steps_trained": 121.27272727272727,
                "num_grad_updates_lifetime": 97515.5,
                "diff_num_grad_updates_vs_sampler_policy": 164.5
            },
            "policy_1": {
                "learner_stats": {
                    "allreduce_latency": 0.0,
                    "grad_gnorm": 2.4659974575042725,
                    "cur_kl_coeff": 0.3,
                    "cur_lr": 5e-05,
                    "total_loss": 5.433802850318678,
                    "policy_loss": -0.08317204233766957,
                    "vf_loss": 5.562521258267489,
                    "vf_explained_var": 0.006890790570865978,
                    "kl": 0.013155666869222848,
                    "entropy": 0.9898610758058952,
                    "entropy_coeff": 0.04999999999999999
                },
                "model": {},
                "custom_metrics": {},
                "num_agent_steps_trained": 121.27272727272727,
                "num_grad_updates_lifetime": 97515.5,
                "diff_num_grad_updates_vs_sampler_policy": 164.5
            },
            "policy_2": {
                "learner_stats": {
                    "allreduce_latency": 0.0,
                    "grad_gnorm": 3.645244836807251,
                    "cur_kl_coeff": 0.3,
                    "cur_lr": 5e-05,
                    "total_loss": 4.892223276513995,
                    "policy_loss": -0.08702907490854463,
                    "vf_loss": 5.092961270881422,
                    "vf_explained_var": 0.08923058184710415,
                    "kl": 0.012226364743015562,
                    "entropy": 1.1737682490637809,
                    "entropy_coeff": 0.09999999999999998
                },
                "model": {},
                "custom_metrics": {},
                "num_agent_steps_trained": 121.0909090909091,
                "num_grad_updates_lifetime": 97515.5,
                "diff_num_grad_updates_vs_sampler_policy": 164.5
            }
        },
        "num_env_steps_sampled": 1184000,
        "num_env_steps_trained": 1184000,
        "num_agent_steps_sampled": 1183998,
        "num_agent_steps_trained": 1183998
    },
    "env_runners": {
        "episode_reward_max": -35.0,
        "episode_reward_min": -612.0,
        "episode_reward_mean": -409.49,
        "episode_len_mean": 479.0,
        "episode_media": {},
        "episodes_timesteps_total": 47900,
        "policy_reward_min": {
            "policy_0": -350.0,
            "policy_1": -395.0,
            "policy_2": -345.0
        },
        "policy_reward_max": {
            "policy_0": -9.0,
            "policy_1": -10.0,
            "policy_2": 0.0
        },
        "policy_reward_mean": {
            "policy_0": -119.56,
            "policy_1": -129.0,
            "policy_2": -160.93
        },
        "custom_metrics": {},
        "hist_stats": {
            "episode_reward": [
                -368.0,
                -612.0,
                -177.0,
                -85.0,
                -236.0,
                -477.0,
                -139.0,
                -412.0,
                -521.0,
                -338.0,
                -516.0,
                -442.0,
                -593.0,
                -189.0,
                -496.0,
                -497.0,
                -444.0,
                -506.0,
                -433.0,
                -448.0,
                -403.0,
                -536.0,
                -532.0,
                -351.0,
                -343.0,
                -491.0,
                -361.0,
                -438.0,
                -320.0,
                -406.0,
                -493.0,
                -179.0,
                -366.0,
                -458.0,
                -305.0,
                -497.0,
                -281.0,
                -488.0,
                -496.0,
                -242.0,
                -506.0,
                -483.0,
                -443.0,
                -336.0,
                -438.0,
                -545.0,
                -454.0,
                -481.0,
                -528.0,
                -506.0,
                -416.0,
                -469.0,
                -547.0,
                -180.0,
                -326.0,
                -584.0,
                -479.0,
                -559.0,
                -366.0,
                -206.0,
                -347.0,
                -320.0,
                -446.0,
                -422.0,
                -193.0,
                -288.0,
                -458.0,
                -420.0,
                -481.0,
                -534.0,
                -424.0,
                -451.0,
                -454.0,
                -453.0,
                -503.0,
                -390.0,
                -345.0,
                -260.0,
                -444.0,
                -471.0,
                -374.0,
                -331.0,
                -487.0,
                -439.0,
                -430.0,
                -434.0,
                -465.0,
                -504.0,
                -400.0,
                -506.0,
                -586.0,
                -586.0,
                -419.0,
                -469.0,
                -35.0,
                -394.0,
                -368.0,
                -253.0,
                -212.0,
                -386.0
            ],