{
    "custom_metrics": {},
    "episode_media": {},
    "info": {
        "learner": {
            "policy_0": {
                "learner_stats": {
                    "allreduce_latency": 0.0,
                    "grad_gnorm": 4.948497772216797,
                    "cur_kl_coeff": 0.16018066406250003,
                    "cur_lr": 5e-05,
                    "total_loss": 6.9053925918810295,
                    "policy_loss": -0.06734189094947368,
                    "vf_loss": 6.975523960229122,
                    "vf_explained_var": -0.0013781453623916164,
                    "kl": 0.013589239178120095,
                    "entropy": 0.496621051159772,
                    "entropy_coeff": 0.01
                },
                "model": {},
                "custom_metrics": {},
                "num_agent_steps_trained": 121.27272727272727,
                "num_grad_updates_lifetime": 109065.5,
                "diff_num_grad_updates_vs_sampler_policy": 164.5
            },
            "policy_1": {
                "learner_stats": {
                    "allreduce_latency": 0.0,
                    "grad_gnorm": 2.122551202774048,
                    "cur_kl_coeff": 0.3,
                    "cur_lr": 5e-05,
                    "total_loss": 8.001386766722709,
                    "policy_loss": -0.09367354647679763,
                    "vf_loss": 8.151361802130035,
                    "vf_explained_var": -0.0002703475229667895,
                    "kl": 0.015989455348798722,
                    "entropy": 1.221966982610298,
                    "entropy_coeff": 0.04999999999999999
                },
                "model": {},
                "custom_metrics": {},
                "num_agent_steps_trained": 121.63636363636364,
                "num_grad_updates_lifetime": 109065.5,
                "diff_num_grad_updates_vs_sampler_policy": 164.5
            },
            "policy_2": {
                "learner_stats": {
                    "allreduce_latency": 0.0,
                    "grad_gnorm": 1.5763442516326904,
                    "cur_kl_coeff": 0.3,
                    "cur_lr": 5e-05,
                    "total_loss": 9.445443546410763,
                    "policy_loss": -0.09214007573089365,
                    "vf_loss": 9.667611509380919,
                    "vf_explained_var": 0.00016693906350569293,
                    "kl": 0.013570066571634572,
                    "entropy": 1.3409890442183523,
                    "entropy_coeff": 0.09999999999999998
                },
                "model": {},
                "custom_metrics": {},
                "num_agent_steps_trained": 120.72727272727273,
                "num_grad_updates_lifetime": 109065.5,
                "diff_num_grad_updates_vs_sampler_policy": 164.5
            }
        },
        "num_env_steps_sampled": 1324000,
        "num_env_steps_trained": 1324000,
        "num_agent_steps_sampled": 1323998,
        "num_agent_steps_trained": 1323998
    },
    "env_runners": {
        "episode_reward_max": -162.0,
        "episode_reward_min": -641.0,
        "episode_reward_mean": -419.8,
        "episode_len_mean": 330.12,
        "episode_media": {},
        "episodes_timesteps_total": 33012,
        "policy_reward_min": {
            "policy_1": -450.0,
            "policy_2": -420.0,
            "policy_0": -385.0
        },
        "policy_reward_max": {
            "policy_1": -11.0,
            "policy_2": -11.0,
            "policy_0": -2.0
        },
        "policy_reward_mean": {
            "policy_1": -133.05,
            "policy_2": -179.06,
            "policy_0": -107.69
        },
        "custom_metrics": {},
        "hist_stats": {
            "episode_reward": [
                -451.0,
                -473.0,
                -487.0,
                -461.0,
                -437.0,
                -606.0,
                -439.0,
                -641.0,
                -588.0,
                -404.0,
                -313.0,
                -397.0,
                -271.0,
                -367.0,
                -371.0,
                -421.0,
                -399.0,
                -467.0,
                -309.0,
                -375.0,
                -493.0,
                -326.0,
                -407.0,
                -401.0,
                -377.0,
                -549.0,
                -349.0,
                -388.0,
                -294.0,
                -209.0,
                -308.0,
                -522.0,
                -557.0,
                -319.0,
                -420.0,
                -228.0,
                -162.0,
                -442.0,
                -395.0,
                -554.0,
                -347.0,
                -195.0,
                -428.0,
                -592.0,
                -487.0,
                -498.0,
                -470.0,
                -325.0,
                -617.0,
                -282.0,
                -276.0,
                -324.0,
                -441.0,
                -418.0,
                -474.0,
                -300.0,
                -212.0,
                -370.0,
                -466.0,
                -557.0,
                -436.0,
                -442.0,
                -470.0,
                -470.0,
                -540.0,
                -379.0,
                -518.0,
                -501.0,
                -412.0,
                -333.0,
                -359.0,
                -429.0,
                -406.0,
                -316.0,
                -547.0,
                -593.0,
                -342.0,
                -397.0,
                -510.0,
                -444.0,
                -640.0,
                -522.0,
                -470.0,
                -343.0,
                -375.0,
                -429.0,
                -380.0,
                -475.0,
                -367.0,
                -494.0,
                -401.0,
                -534.0,
                -474.0,
                -506.0,
                -403.0,
                -198.0,
                -381.0,
                -386.0,
                -393.0,
                -509.0
            ],