{
    "custom_metrics": {},
    "episode_media": {},
    "info": {
        "learner": {
            "policy_0": {
                "learner_stats": {
                    "allreduce_latency": 0.0,
                    "grad_gnorm": 5.485428333282471,
                    "cur_kl_coeff": 0.16458125430068557,
                    "cur_lr": 5e-05,
                    "total_loss": 5.865988259604483,
                    "policy_loss": -0.06862465888173602,
                    "vf_loss": 5.937331796414925,
                    "vf_explained_var": -0.002741520151947484,
                    "kl": 0.009985296251815151,
                    "entropy": 0.4362263556682702,
                    "entropy_coeff": 0.01
                },
                "model": {},
                "custom_metrics": {},
                "num_agent_steps_trained": 121.54545454545455,
                "num_grad_updates_lifetime": 224565.5,
                "diff_num_grad_updates_vs_sampler_policy": 164.5
            },
            "policy_1": {
                "learner_stats": {
                    "allreduce_latency": 0.0,
                    "grad_gnorm": 3.0748419761657715,
                    "cur_kl_coeff": 0.4271484375,
                    "cur_lr": 5e-05,
                    "total_loss": 6.257814827832308,
                    "policy_loss": -0.08847890240378381,
                    "vf_loss": 6.384453091476903,
                    "vf_explained_var": -0.00587712363763289,
                    "kl": 0.011622674871182908,
                    "entropy": 0.8624788096456817,
                    "entropy_coeff": 0.04999999999999999
                },
                "model": {},
                "custom_metrics": {},
                "num_agent_steps_trained": 121.63636363636364,
                "num_grad_updates_lifetime": 224565.5,
                "diff_num_grad_updates_vs_sampler_policy": 164.5
            },
            "policy_2": {
                "learner_stats": {
                    "allreduce_latency": 0.0,
                    "grad_gnorm": 2.472311019897461,
                    "cur_kl_coeff": 0.3374999999999999,
                    "cur_lr": 5e-05,
                    "total_loss": 6.824900105505279,
                    "policy_loss": -0.08975762586836054,
                    "vf_loss": 7.023264873389042,
                    "vf_explained_var": -0.0007487168817809133,
                    "kl": 0.014077521308377118,
                    "entropy": 1.1335829256158887,
                    "entropy_coeff": 0.09999999999999998
                },
                "model": {},
                "custom_metrics": {},
                "num_agent_steps_trained": 120.54545454545455,
                "num_grad_updates_lifetime": 224565.5,
                "diff_num_grad_updates_vs_sampler_policy": 164.5
            }
        },
        "num_env_steps_sampled": 2724000,
        "num_env_steps_trained": 2724000,
        "num_agent_steps_sampled": 2723999,
        "num_agent_steps_trained": 2723999
    },
    "env_runners": {
        "episode_reward_max": -53.0,
        "episode_reward_min": -651.0,
        "episode_reward_mean": -418.59,
        "episode_len_mean": 548.8,
        "episode_media": {},
        "episodes_timesteps_total": 54880,
        "policy_reward_min": {
            "policy_1": -370.0,
            "policy_2": -430.0,
            "policy_0": -385.0
        },
        "policy_reward_max": {
            "policy_1": -5.0,
            "policy_2": -10.0,
            "policy_0": 0.0
        },
        "policy_reward_mean": {
            "policy_1": -138.67,
            "policy_2": -164.91,
            "policy_0": -115.01
        },
        "custom_metrics": {},
        "hist_stats": {
            "episode_reward": [
                -543.0,
                -526.0,
                -77.0,
                -544.0,
                -524.0,
                -170.0,
                -354.0,
                -514.0,
                -521.0,
                -346.0,
                -501.0,
                -440.0,
                -452.0,
                -328.0,
                -419.0,
                -53.0,
                -288.0,
                -218.0,
                -483.0,
                -507.0,
                -531.0,
                -514.0,
                -435.0,
                -448.0,
                -362.0,
                -527.0,
                -526.0,
                -486.0,
                -525.0,
                -367.0,
                -533.0,
                -395.0,
                -505.0,
                -458.0,
                -309.0,
                -313.0,
                -304.0,
                -363.0,
                -404.0,
                -463.0,
                -398.0,
                -382.0,
                -441.0,
                -165.0,
                -395.0,
                -500.0,
                -447.0,
                -302.0,
                -492.0,
                -601.0,
                -334.0,
                -316.0,
                -437.0,
                -595.0,
                -518.0,
                -426.0,
                -552.0,
                -162.0,
                -426.0,
                -324.0,
                -316.0,
                -498.0,
                -514.0,
                -548.0,
                -344.0,
                -381.0,
                -428.0,
                -595.0,
                -436.0,
                -441.0,
                -617.0,
                -485.0,
                -279.0,
                -481.0,
                -513.0,
                -485.0,
                -457.0,
                -565.0,
                -269.0,
                -271.0,
                -264.0,
                -520.0,
                -467.0,
                -407.0,
                -177.0,
                -257.0,
                -497.0,
                -410.0,
                -131.0,
                -235.0,
                -375.0,
                -546.0,
                -474.0,
                -503.0,
                -452.0,
                -370.0,
                -651.0,
                -525.0,
                -302.0,
                -584.0
            ],