{
    "custom_metrics": {},
    "episode_media": {},
    "info": {
        "learner": {
            "policy_0": {
                "learner_stats": {
                    "allreduce_latency": 0.0,
                    "grad_gnorm": 2.645723581314087,
                    "cur_kl_coeff": 0.20549453364292275,
                    "cur_lr": 5e-05,
                    "total_loss": 9.284981684251266,
                    "policy_loss": -0.09590556954852107,
                    "vf_loss": 9.38607454588919,
                    "vf_explained_var": 0.006246121182586208,
                    "kl": 0.017427601784818204,
                    "entropy": 0.8768549353787394,
                    "entropy_coeff": 0.01
                },
                "model": {},
                "custom_metrics": {},
                "num_agent_steps_trained": 121.27272727272727,
                "num_grad_updates_lifetime": 188265.5,
                "diff_num_grad_updates_vs_sampler_policy": 164.5
            },
            "policy_1": {
                "learner_stats": {
                    "allreduce_latency": 0.0,
                    "grad_gnorm": 2.155043840408325,
                    "cur_kl_coeff": 0.7593750000000004,
                    "cur_lr": 5e-05,
                    "total_loss": 7.962957824360241,
                    "policy_loss": -0.10096197415453692,
                    "vf_loss": 8.114168314500288,
                    "vf_explained_var": 0.0004544442350214178,
                    "kl": 0.012526400733361835,
                    "entropy": 1.1952140959826383,
                    "entropy_coeff": 0.04999999999999999
                },
                "model": {},
                "custom_metrics": {},
                "num_agent_steps_trained": 121.0909090909091,
                "num_grad_updates_lifetime": 188265.5,
                "diff_num_grad_updates_vs_sampler_policy": 164.5
            },
            "policy_2": {
                "learner_stats": {
                    "allreduce_latency": 0.0,
                    "grad_gnorm": 1.5113892555236816,
                    "cur_kl_coeff": 0.6749999999999998,
                    "cur_lr": 5e-05,
                    "total_loss": 9.490235860419995,
                    "policy_loss": -0.10647573735931831,
                    "vf_loss": 9.724185640161688,
                    "vf_explained_var": 0.005596211281689731,
                    "kl": 0.01324264674589999,
                    "entropy": 1.3641282533154344,
                    "entropy_coeff": 0.09999999999999998
                },
                "model": {},
                "custom_metrics": {},
                "num_agent_steps_trained": 121.27272727272727,
                "num_grad_updates_lifetime": 188265.5,
                "diff_num_grad_updates_vs_sampler_policy": 164.5
            }
        },
        "num_env_steps_sampled": 2284000,
        "num_env_steps_trained": 2284000,
        "num_agent_steps_sampled": 2283998,
        "num_agent_steps_trained": 2283998
    },
    "env_runners": {
        "episode_reward_max": -60.0,
        "episode_reward_min": -644.0,
        "episode_reward_mean": -414.47,
        "episode_len_mean": 512.62,
        "episode_media": {},
        "episodes_timesteps_total": 51262,
        "policy_reward_min": {
            "policy_2": -440.0,
            "policy_0": -375.0,
            "policy_1": -390.0
        },
        "policy_reward_max": {
            "policy_2": -17.0,
            "policy_0": 2.0,
            "policy_1": -7.0
        },
        "policy_reward_mean": {
            "policy_2": -179.28,
            "policy_0": -106.59,
            "policy_1": -128.6
        },
        "custom_metrics": {},
        "hist_stats": {
            "episode_reward": [
                -590.0,
                -484.0,
                -425.0,
                -546.0,
                -328.0,
                -295.0,
                -540.0,
                -432.0,
                -569.0,
                -253.0,
                -293.0,
                -441.0,
                -440.0,
                -174.0,
                -508.0,
                -308.0,
                -505.0,
                -367.0,
                -507.0,
                -331.0,
                -188.0,
                -543.0,
                -304.0,
                -397.0,
                -447.0,
                -408.0,
                -461.0,
                -530.0,
                -547.0,
                -644.0,
                -322.0,
                -536.0,
                -453.0,
                -154.0,
                -409.0,
                -339.0,
                -386.0,
                -250.0,
                -300.0,
                -510.0,
                -60.0,
                -374.0,
                -123.0,
                -570.0,
                -431.0,
                -407.0,
                -379.0,
                -155.0,
                -523.0,
                -592.0,
                -396.0,
                -397.0,
                -315.0,
                -405.0,
                -411.0,
                -374.0,
                -158.0,
                -286.0,
                -460.0,
                -416.0,
                -357.0,
                -472.0,
                -492.0,
                -478.0,
                -527.0,
                -447.0,
                -444.0,
                -499.0,
                -257.0,
                -451.0,
                -440.0,
                -339.0,
                -487.0,
                -583.0,
                -300.0,
                -493.0,
                -455.0,
                -456.0,
                -386.0,
                -441.0,
                -512.0,
                -567.0,
                -452.0,
                -495.0,
                -572.0,
                -372.0,
                -452.0,
                -368.0,
                -291.0,
                -391.0,
                -474.0,
                -420.0,
                -473.0,
                -472.0,
                -242.0,
                -489.0,
                -395.0,
                -551.0,
                -503.0,
                -456.0
            ],