{
    "custom_metrics": {},
    "episode_media": {},
    "info": {
        "learner": {
            "policy_0": {
                "learner_stats": {
                    "allreduce_latency": 0.0,
                    "grad_gnorm": 3.3060967922210693,
                    "cur_kl_coeff": 0.10020903140410863,
                    "cur_lr": 5e-05,
                    "total_loss": 4.131580250913447,
                    "policy_loss": -0.06221535798739007,
                    "vf_loss": 4.194945848349369,
                    "vf_explained_var": 0.002303518670977968,
                    "kl": 0.015632597862445786,
                    "entropy": 0.27167646279840757,
                    "entropy_coeff": 0.01
                },
                "model": {},
                "custom_metrics": {},
                "num_agent_steps_trained": 121.18181818181819,
                "num_grad_updates_lifetime": 292215.5,
                "diff_num_grad_updates_vs_sampler_policy": 164.5
            },
            "policy_1": {
                "learner_stats": {
                    "allreduce_latency": 0.0,
                    "grad_gnorm": 3.700525999069214,
                    "cur_kl_coeff": 0.30409297943115243,
                    "cur_lr": 5e-05,
                    "total_loss": 3.9990636948383216,
                    "policy_loss": -0.06859755118441006,
                    "vf_loss": 4.097511011181456,
                    "vf_explained_var": -0.022382413257252088,
                    "kl": 0.010003579401760799,
                    "entropy": 0.6578355913812464,
                    "entropy_coeff": 0.04999999999999999
                },
                "model": {},
                "custom_metrics": {},
                "num_agent_steps_trained": 121.54545454545455,
                "num_grad_updates_lifetime": 292215.5,
                "diff_num_grad_updates_vs_sampler_policy": 164.5
            },
            "policy_2": {
                "learner_stats": {
                    "allreduce_latency": 0.0,
                    "grad_gnorm": 2.528874397277832,
                    "cur_kl_coeff": 0.3796875000000002,
                    "cur_lr": 5e-05,
                    "total_loss": 5.663062581149014,
                    "policy_loss": -0.09656201389082002,
                    "vf_loss": 5.87790053396514,
                    "vf_explained_var": -0.009688087123813052,
                    "kl": 0.014774876682800505,
                    "entropy": 1.2388579372203712,
                    "entropy_coeff": 0.09999999999999998
                },
                "model": {},
                "custom_metrics": {},
                "num_agent_steps_trained": 120.9090909090909,
                "num_grad_updates_lifetime": 292215.5,
                "diff_num_grad_updates_vs_sampler_policy": 164.5
            }
        },
        "num_env_steps_sampled": 3544000,
        "num_env_steps_trained": 3544000,
        "num_agent_steps_sampled": 3543998,
        "num_agent_steps_trained": 3543998
    },
    "env_runners": {
        "episode_reward_max": -196.0,
        "episode_reward_min": -684.0,
        "episode_reward_mean": -434.74,
        "episode_len_mean": 384.24,
        "episode_media": {},
        "episodes_timesteps_total": 38424,
        "policy_reward_min": {
            "policy_1": -440.0,
            "policy_2": -425.0,
            "policy_0": -465.0
        },
        "policy_reward_max": {
            "policy_1": -7.0,
            "policy_2": -17.0,
            "policy_0": 0.0
        },
        "policy_reward_mean": {
            "policy_1": -148.71,
            "policy_2": -187.99,
            "policy_0": -98.04
        },
        "custom_metrics": {},
        "hist_stats": {
            "episode_reward": [
                -330.0,
                -423.0,
                -417.0,
                -455.0,
                -311.0,
                -467.0,
                -634.0,
                -225.0,
                -419.0,
                -575.0,
                -544.0,
                -365.0,
                -433.0,
                -349.0,
                -570.0,
                -467.0,
                -490.0,
                -517.0,
                -465.0,
                -684.0,
                -354.0,
                -294.0,
                -658.0,
                -258.0,
                -558.0,
                -459.0,
                -474.0,
                -475.0,
                -450.0,
                -406.0,
                -317.0,
                -381.0,
                -487.0,
                -378.0,
                -582.0,
                -433.0,
                -289.0,
                -306.0,
                -522.0,
                -430.0,
                -515.0,
                -613.0,
                -448.0,
                -320.0,
                -375.0,
                -434.0,
                -400.0,
                -438.0,
                -324.0,
                -369.0,
                -516.0,
                -544.0,
                -561.0,
                -656.0,
                -350.0,
                -374.0,
                -501.0,
                -393.0,
                -485.0,
                -401.0,
                -418.0,
                -328.0,
                -408.0,
                -215.0,
                -547.0,
                -544.0,
                -403.0,
                -668.0,
                -339.0,
                -310.0,
                -481.0,
                -507.0,
                -196.0,
                -474.0,
                -550.0,
                -283.0,
                -541.0,
                -522.0,
                -468.0,
                -478.0,
                -503.0,
                -417.0,
                -236.0,
                -374.0,
                -530.0,
                -274.0,
                -415.0,
                -560.0,
                -522.0,
                -463.0,
                -570.0,
                -406.0,
                -284.0,
                -412.0,
                -421.0,
                -436.0,
                -238.0,
                -487.0,
                -367.0,
                -211.0
            ],