{
    "custom_metrics": {},
    "episode_media": {},
    "info": {
        "learner": {
            "policy_0": {
                "learner_stats": {
                    "allreduce_latency": 0.0,
                    "grad_gnorm": 2.6392569541931152,
                    "cur_kl_coeff": 0.4109890672858455,
                    "cur_lr": 5e-05,
                    "total_loss": 5.128461561780988,
                    "policy_loss": -0.07514645166864449,
                    "vf_loss": 5.204646870584199,
                    "vf_explained_var": 0.0060487561153643055,
                    "kl": 0.011496688420399345,
                    "entropy": 0.5763883591601343,
                    "entropy_coeff": 0.01
                },
                "model": {},
                "custom_metrics": {},
                "num_agent_steps_trained": 120.9090909090909,
                "num_grad_updates_lifetime": 176715.5,
                "diff_num_grad_updates_vs_sampler_policy": 164.5
            },
            "policy_1": {
                "learner_stats": {
                    "allreduce_latency": 0.0,
                    "grad_gnorm": 2.304586410522461,
                    "cur_kl_coeff": 0.50625,
                    "cur_lr": 5e-05,
                    "total_loss": 6.30451327381712,
                    "policy_loss": -0.10077210971380048,
                    "vf_loss": 6.452368955901175,
                    "vf_explained_var": -0.0016851506449959495,
                    "kl": 0.015529276958308356,
                    "entropy": 1.0989057029738571,
                    "entropy_coeff": 0.04999999999999999
                },
                "model": {},
                "custom_metrics": {},
                "num_agent_steps_trained": 121.18181818181819,
                "num_grad_updates_lifetime": 176715.5,
                "diff_num_grad_updates_vs_sampler_policy": 164.5
            },
            "policy_2": {
                "learner_stats": {
                    "allreduce_latency": 0.0,
                    "grad_gnorm": 1.7550021409988403,
                    "cur_kl_coeff": 0.4500000000000002,
                    "cur_lr": 5e-05,
                    "total_loss": 6.235419585488059,
                    "policy_loss": -0.08881765553960577,
                    "vf_loss": 6.45096194671862,
                    "vf_explained_var": -0.0004806870763952082,
                    "kl": 0.01319678532027803,
                    "entropy": 1.3266325589382286,
                    "entropy_coeff": 0.09999999999999998
                },
                "model": {},
                "custom_metrics": {},
                "num_agent_steps_trained": 121.54545454545455,
                "num_grad_updates_lifetime": 176715.5,
                "diff_num_grad_updates_vs_sampler_policy": 164.5
            }
        },
        "num_env_steps_sampled": 2144000,
        "num_env_steps_trained": 2144000,
        "num_agent_steps_sampled": 2143998,
        "num_agent_steps_trained": 2143998
    },
    "env_runners": {
        "episode_reward_max": -78.0,
        "episode_reward_min": -673.0,
        "episode_reward_mean": -432.51,
        "episode_len_mean": 340.66,
        "episode_media": {},
        "episodes_timesteps_total": 34066,
        "policy_reward_min": {
            "policy_0": -415.0,
            "policy_1": -420.0,
            "policy_2": -380.0
        },
        "policy_reward_max": {
            "policy_0": 6.0,
            "policy_1": -18.0,
            "policy_2": -33.0
        },
        "policy_reward_mean": {
            "policy_0": -104.54,
            "policy_1": -143.35,
            "policy_2": -184.62
        },
        "custom_metrics": {},
        "hist_stats": {
            "episode_reward": [
                -191.0,
                -442.0,
                -505.0,
                -432.0,
                -337.0,
                -255.0,
                -440.0,
                -456.0,
                -162.0,
                -427.0,
                -309.0,
                -507.0,
                -584.0,
                -401.0,
                -429.0,
                -432.0,
                -499.0,
                -325.0,
                -217.0,
                -294.0,
                -381.0,
                -429.0,
                -673.0,
                -480.0,
                -397.0,
                -419.0,
                -488.0,
                -514.0,
                -426.0,
                -432.0,
                -401.0,
                -333.0,
                -556.0,
                -472.0,
                -323.0,
                -512.0,
                -485.0,
                -506.0,
                -480.0,
                -444.0,
                -233.0,
                -325.0,
                -222.0,
                -221.0,
                -503.0,
                -388.0,
                -454.0,
                -491.0,
                -499.0,
                -512.0,
                -543.0,
                -357.0,
                -397.0,
                -460.0,
                -438.0,
                -416.0,
                -268.0,
                -576.0,
                -379.0,
                -508.0,
                -503.0,
                -467.0,
                -78.0,
                -333.0,
                -557.0,
                -509.0,
                -436.0,
                -373.0,
                -429.0,
                -480.0,
                -368.0,
                -429.0,
                -514.0,
                -446.0,
                -421.0,
                -547.0,
                -430.0,
                -327.0,
                -486.0,
                -465.0,
                -342.0,
                -388.0,
                -375.0,
                -544.0,
                -351.0,
                -629.0,
                -579.0,
                -303.0,
                -464.0,
                -558.0,
                -451.0,
                -467.0,
                -441.0,
                -594.0,
                -645.0,
                -450.0,
                -542.0,
                -586.0,
                -457.0,
                -502.0
            ],