{
    "custom_metrics": {},
    "episode_media": {},
    "info": {
        "learner": {
            "policy_0": {
                "learner_stats": {
                    "allreduce_latency": 0.0,
                    "grad_gnorm": 2.862037181854248,
                    "cur_kl_coeff": 0.15835501258920864,
                    "cur_lr": 5e-05,
                    "total_loss": 7.791922773014416,
                    "policy_loss": -0.08985613836257747,
                    "vf_loss": 7.88831229354396,
                    "vf_explained_var": 0.0019519925117492676,
                    "kl": 0.01647947731487188,
                    "entropy": 0.9142978810902798,
                    "entropy_coeff": 0.01
                },
                "model": {},
                "custom_metrics": {},
                "num_agent_steps_trained": 121.54545454545455,
                "num_grad_updates_lifetime": 269115.5,
                "diff_num_grad_updates_vs_sampler_policy": 164.5
            },
            "policy_1": {
                "learner_stats": {
                    "allreduce_latency": 0.0,
                    "grad_gnorm": 1.9020684957504272,
                    "cur_kl_coeff": 0.40545730590820295,
                    "cur_lr": 5e-05,
                    "total_loss": 8.609222868717078,
                    "policy_loss": -0.1007876721972769,
                    "vf_loss": 8.763330310763735,
                    "vf_explained_var": -0.00142412366289081,
                    "kl": 0.014316435037834445,
                    "entropy": 1.1824888242013527,
                    "entropy_coeff": 0.04999999999999999
                },
                "model": {},
                "custom_metrics": {},
                "num_agent_steps_trained": 121.36363636363636,
                "num_grad_updates_lifetime": 269115.5,
                "diff_num_grad_updates_vs_sampler_policy": 164.5
            },
            "policy_2": {
                "learner_stats": {
                    "allreduce_latency": 0.0,
                    "grad_gnorm": 1.6633933782577515,
                    "cur_kl_coeff": 0.3796875000000002,
                    "cur_lr": 5e-05,
                    "total_loss": 8.461296432668513,
                    "policy_loss": -0.10442633475035881,
                    "vf_loss": 8.699847426558986,
                    "vf_explained_var": -0.0023174679640567664,
                    "kl": 0.012993170391605652,
                    "entropy": 1.3905798182342992,
                    "entropy_coeff": 0.09999999999999998
                },
                "model": {},
                "custom_metrics": {},
                "num_agent_steps_trained": 120.72727272727273,
                "num_grad_updates_lifetime": 269115.5,
                "diff_num_grad_updates_vs_sampler_policy": 164.5
            }
        },
        "num_env_steps_sampled": 3264000,
        "num_env_steps_trained": 3264000,
        "num_agent_steps_sampled": 3263998,
        "num_agent_steps_trained": 3263998
    },
    "env_runners": {
        "episode_reward_max": -94.0,
        "episode_reward_min": -599.0,
        "episode_reward_mean": -426.8,
        "episode_len_mean": 316.18,
        "episode_media": {},
        "episodes_timesteps_total": 31618,
        "policy_reward_min": {
            "policy_0": -335.0,
            "policy_1": -365.0,
            "policy_2": -370.0
        },
        "policy_reward_max": {
            "policy_0": -2.0,
            "policy_1": -14.0,
            "policy_2": -5.0
        },
        "policy_reward_mean": {
            "policy_0": -96.54,
            "policy_1": -154.02,
            "policy_2": -176.24
        },
        "custom_metrics": {},
        "hist_stats": {
            "episode_reward": [
                -442.0,
                -369.0,
                -357.0,
                -399.0,
                -555.0,
                -450.0,
                -476.0,
                -443.0,
                -437.0,
                -435.0,
                -572.0,
                -462.0,
                -315.0,
                -299.0,
                -558.0,
                -583.0,
                -364.0,
                -521.0,
                -470.0,
                -104.0,
                -518.0,
                -516.0,
                -94.0,
                -268.0,
                -217.0,
                -599.0,
                -323.0,
                -319.0,
                -481.0,
                -446.0,
                -405.0,
                -378.0,
                -441.0,
                -443.0,
                -522.0,
                -485.0,
                -403.0,
                -315.0,
                -523.0,
                -221.0,
                -126.0,
                -546.0,
                -505.0,
                -210.0,
                -560.0,
                -498.0,
                -525.0,
                -530.0,
                -551.0,
                -509.0,
                -380.0,
                -460.0,
                -362.0,
                -305.0,
                -516.0,
                -530.0,
                -504.0,
                -543.0,
                -267.0,
                -515.0,
                -281.0,
                -540.0,
                -438.0,
                -525.0,
                -450.0,
                -418.0,
                -522.0,
                -359.0,
                -434.0,
                -323.0,
                -356.0,
                -593.0,
                -490.0,
                -434.0,
                -502.0,
                -443.0,
                -428.0,
                -365.0,
                -435.0,
                -423.0,
                -424.0,
                -528.0,
                -521.0,
                -503.0,
                -356.0,
                -366.0,
                -363.0,
                -346.0,
                -409.0,
                -264.0,
                -477.0,
                -363.0,
                -324.0,
                -515.0,
                -413.0,
                -563.0,
                -576.0,
                -333.0,
                -464.0,
                -343.0
            ],