{
    "custom_metrics": {},
    "episode_media": {},
    "info": {
        "learner": {
            "policy_0": {
                "learner_stats": {
                    "allreduce_latency": 0.0,
                    "grad_gnorm": 1.5001338720321655,
                    "cur_kl_coeff": 0.24354907691013067,
                    "cur_lr": 5e-05,
                    "total_loss": 9.460457021539861,
                    "policy_loss": -0.09629912293572543,
                    "vf_loss": 9.561499951102517,
                    "vf_explained_var": 0.009082701350703383,
                    "kl": 0.01876056623811528,
                    "entropy": 0.9312980404405883,
                    "entropy_coeff": 0.01
                },
                "model": {},
                "custom_metrics": {},
                "num_agent_steps_trained": 121.45454545454545,
                "num_grad_updates_lifetime": 156915.5,
                "diff_num_grad_updates_vs_sampler_policy": 164.5
            },
            "policy_1": {
                "learner_stats": {
                    "allreduce_latency": 0.0,
                    "grad_gnorm": 1.6664838790893555,
                    "cur_kl_coeff": 0.50625,
                    "cur_lr": 5e-05,
                    "total_loss": 9.413325286634041,
                    "policy_loss": -0.09479176870240322,
                    "vf_loss": 9.558476612784645,
                    "vf_explained_var": -0.0019028968883283211,
                    "kl": 0.013559711780166392,
                    "entropy": 1.1444826485532702,
                    "entropy_coeff": 0.04999999999999999
                },
                "model": {},
                "custom_metrics": {},
                "num_agent_steps_trained": 121.27272727272727,
                "num_grad_updates_lifetime": 156915.5,
                "diff_num_grad_updates_vs_sampler_policy": 164.5
            },
            "policy_2": {
                "learner_stats": {
                    "allreduce_latency": 0.0,
                    "grad_gnorm": 1.961340308189392,
                    "cur_kl_coeff": 0.4500000000000002,
                    "cur_lr": 5e-05,
                    "total_loss": 9.078546956091216,
                    "policy_loss": -0.10428909293418243,
                    "vf_loss": 9.315364453286836,
                    "vf_explained_var": 0.0029670361316565313,
                    "kl": 0.014170615202004843,
                    "entropy": 1.3890522761778399,
                    "entropy_coeff": 0.09999999999999998
                },
                "model": {},
                "custom_metrics": {},
                "num_agent_steps_trained": 120.9090909090909,
                "num_grad_updates_lifetime": 156915.5,
                "diff_num_grad_updates_vs_sampler_policy": 164.5
            }
        },
        "num_env_steps_sampled": 1904000,
        "num_env_steps_trained": 1904000,
        "num_agent_steps_sampled": 1903998,
        "num_agent_steps_trained": 1903998
    },
    "env_runners": {
        "episode_reward_max": -103.0,
        "episode_reward_min": -638.0,
        "episode_reward_mean": -408.62,
        "episode_len_mean": 541.9,
        "episode_media": {},
        "episodes_timesteps_total": 54190,
        "policy_reward_min": {
            "policy_2": -390.0,
            "policy_0": -370.0,
            "policy_1": -400.0
        },
        "policy_reward_max": {
            "policy_2": 0.0,
            "policy_0": -3.0,
            "policy_1": 6.0
        },
        "policy_reward_mean": {
            "policy_2": -170.17,
            "policy_0": -107.31,
            "policy_1": -131.14
        },
        "custom_metrics": {},
        "hist_stats": {
            "episode_reward": [
                -449.0,
                -357.0,
                -484.0,
                -550.0,
                -430.0,
                -529.0,
                -222.0,
                -234.0,
                -306.0,
                -405.0,
                -461.0,
                -471.0,
                -375.0,
                -470.0,
                -426.0,
                -486.0,
                -479.0,
                -347.0,
                -480.0,
                -265.0,
                -472.0,
                -424.0,
                -432.0,
                -295.0,
                -395.0,
                -462.0,
                -406.0,
                -403.0,
                -316.0,
                -496.0,
                -138.0,
                -502.0,
                -536.0,
                -135.0,
                -470.0,
                -372.0,
                -567.0,
                -524.0,
                -302.0,
                -393.0,
                -525.0,
                -339.0,
                -487.0,
                -331.0,
                -363.0,
                -413.0,
                -441.0,
                -447.0,
                -402.0,
                -446.0,
                -324.0,
                -389.0,
                -346.0,
                -534.0,
                -141.0,
                -401.0,
                -600.0,
                -514.0,
                -441.0,
                -473.0,
                -273.0,
                -422.0,
                -288.0,
                -405.0,
                -430.0,
                -389.0,
                -453.0,
                -311.0,
                -525.0,
                -269.0,
                -438.0,
                -472.0,
                -410.0,
                -538.0,
                -288.0,
                -460.0,
                -486.0,
                -103.0,
                -239.0,
                -426.0,
                -432.0,
                -247.0,
                -333.0,
                -449.0,
                -533.0,
                -323.0,
                -430.0,
                -407.0,
                -279.0,
                -372.0,
                -638.0,
                -562.0,
                -399.0,
                -412.0,
                -306.0,
                -413.0,
                -628.0,
                -558.0,
                -445.0,
                -448.0
            ],