{
    "custom_metrics": {},
    "episode_media": {},
    "info": {
        "learner": {
            "policy_0": {
                "learner_stats": {
                    "allreduce_latency": 0.0,
                    "grad_gnorm": 6.85776948928833,
                    "cur_kl_coeff": 0.20549453364292275,
                    "cur_lr": 5e-05,
                    "total_loss": 1.6297536116657836,
                    "policy_loss": -0.05819731386745292,
                    "vf_loss": 1.6882834656672043,
                    "vf_explained_var": 0.04873829863288186,
                    "kl": 0.014484261328843902,
                    "entropy": 0.33089796553055445,
                    "entropy_coeff": 0.01
                },
                "model": {},
                "custom_metrics": {},
                "num_agent_steps_trained": 121.27272727272727,
                "num_grad_updates_lifetime": 191565.5,
                "diff_num_grad_updates_vs_sampler_policy": 164.5
            },
            "policy_1": {
                "learner_stats": {
                    "allreduce_latency": 0.0,
                    "grad_gnorm": 3.693981170654297,
                    "cur_kl_coeff": 0.7593750000000004,
                    "cur_lr": 5e-05,
                    "total_loss": 1.5333807147813565,
                    "policy_loss": -0.052745429302255314,
                    "vf_loss": 1.6275167457985156,
                    "vf_explained_var": -0.009470913446310795,
                    "kl": 0.0044947187523753564,
                    "entropy": 0.8960756032755881,
                    "entropy_coeff": 0.04999999999999999
                },
                "model": {},
                "custom_metrics": {},
                "num_agent_steps_trained": 121.18181818181819,
                "num_grad_updates_lifetime": 191565.5,
                "diff_num_grad_updates_vs_sampler_policy": 164.5
            },
            "policy_2": {
                "learner_stats": {
                    "allreduce_latency": 0.0,
                    "grad_gnorm": 2.5643982887268066,
                    "cur_kl_coeff": 0.6749999999999998,
                    "cur_lr": 5e-05,
                    "total_loss": 3.257661357431701,
                    "policy_loss": -0.07731948538655133,
                    "vf_loss": 3.456400506424181,
                    "vf_explained_var": -0.0031424948663422558,
                    "kl": 0.009490332515549448,
                    "entropy": 1.2782563303456163,
                    "entropy_coeff": 0.09999999999999998
                },
                "model": {},
                "custom_metrics": {},
                "num_agent_steps_trained": 121.18181818181819,
                "num_grad_updates_lifetime": 191565.5,
                "diff_num_grad_updates_vs_sampler_policy": 164.5
            }
        },
        "num_env_steps_sampled": 2324000,
        "num_env_steps_trained": 2324000,
        "num_agent_steps_sampled": 2323998,
        "num_agent_steps_trained": 2323998
    },
    "env_runners": {
        "episode_reward_max": -126.0,
        "episode_reward_min": -687.0,
        "episode_reward_mean": -428.84,
        "episode_len_mean": 412.88,
        "episode_media": {},
        "episodes_timesteps_total": 41288,
        "policy_reward_min": {
            "policy_0": -455.0,
            "policy_1": -390.0,
            "policy_2": -405.0
        },
        "policy_reward_max": {
            "policy_0": -1.0,
            "policy_1": -13.0,
            "policy_2": -26.0
        },
        "policy_reward_mean": {
            "policy_0": -104.02,
            "policy_1": -139.11,
            "policy_2": -185.71
        },
        "custom_metrics": {},
        "hist_stats": {
            "episode_reward": [
                -472.0,
                -242.0,
                -489.0,
                -395.0,
                -551.0,
                -503.0,
                -456.0,
                -687.0,
                -548.0,
                -357.0,
                -531.0,
                -516.0,
                -552.0,
                -447.0,
                -522.0,
                -519.0,
                -335.0,
                -480.0,
                -624.0,
                -440.0,
                -555.0,
                -296.0,
                -308.0,
                -486.0,
                -256.0,
                -579.0,
                -256.0,
                -613.0,
                -495.0,
                -374.0,
                -484.0,
                -380.0,
                -490.0,
                -541.0,
                -288.0,
                -495.0,
                -387.0,
                -331.0,
                -496.0,
                -584.0,
                -449.0,
                -286.0,
                -443.0,
                -451.0,
                -432.0,
                -375.0,
                -218.0,
                -396.0,
                -352.0,
                -407.0,
                -345.0,
                -340.0,
                -351.0,
                -395.0,
                -267.0,
                -512.0,
                -434.0,
                -182.0,
                -436.0,
                -371.0,
                -414.0,
                -492.0,
                -656.0,
                -332.0,
                -250.0,
                -471.0,
                -338.0,
                -264.0,
                -463.0,
                -576.0,
                -571.0,
                -612.0,
                -500.0,
                -365.0,
                -523.0,
                -441.0,
                -390.0,
                -380.0,
                -401.0,
                -306.0,
                -539.0,
                -415.0,
                -459.0,
                -556.0,
                -461.0,
                -523.0,
                -443.0,
                -427.0,
                -211.0,
                -201.0,
                -537.0,
                -126.0,
                -367.0,
                -522.0,
                -454.0,
                -469.0,
                -390.0,
                -425.0,
                -396.0,
                -416.0
            ],