{
    "custom_metrics": {},
    "episode_media": {},
    "info": {
        "learner": {
            "policy_0": {
                "learner_stats": {
                    "allreduce_latency": 0.0,
                    "grad_gnorm": 4.077398300170898,
                    "cur_kl_coeff": 0.2565784513950349,
                    "cur_lr": 5e-05,
                    "total_loss": 4.98600725477392,
                    "policy_loss": -0.058876750543431354,
                    "vf_loss": 5.045882243098634,
                    "vf_explained_var": -0.008735940853754679,
                    "kl": 0.008165965907097492,
                    "entropy": 0.30934629417730103,
                    "entropy_coeff": 0.01
                },
                "model": {},
                "custom_metrics": {},
                "num_agent_steps_trained": 120.81818181818181,
                "num_grad_updates_lifetime": 138765.5,
                "diff_num_grad_updates_vs_sampler_policy": 164.5
            },
            "policy_1": {
                "learner_stats": {
                    "allreduce_latency": 0.0,
                    "grad_gnorm": 2.6323583126068115,
                    "cur_kl_coeff": 0.4500000000000002,
                    "cur_lr": 5e-05,
                    "total_loss": 6.51967850598422,
                    "policy_loss": -0.08589669193712655,
                    "vf_loss": 6.653055940974842,
                    "vf_explained_var": -0.0033571698448874735,
                    "kl": 0.012323962121171338,
                    "entropy": 1.0605304261048636,
                    "entropy_coeff": 0.04999999999999999
                },
                "model": {},
                "custom_metrics": {},
                "num_agent_steps_trained": 121.72727272727273,
                "num_grad_updates_lifetime": 138765.5,
                "diff_num_grad_updates_vs_sampler_policy": 164.5
            },
            "policy_2": {
                "learner_stats": {
                    "allreduce_latency": 0.0,
                    "grad_gnorm": 1.6472331285476685,
                    "cur_kl_coeff": 0.3,
                    "cur_lr": 5e-05,
                    "total_loss": 7.696988315293283,
                    "policy_loss": -0.09217255333664291,
                    "vf_loss": 7.899885442040183,
                    "vf_explained_var": -0.009697332887938528,
                    "kl": 0.01520564724495009,
                    "entropy": 1.1528625721281225,
                    "entropy_coeff": 0.09999999999999998
                },
                "model": {},
                "custom_metrics": {},
                "num_agent_steps_trained": 121.0909090909091,
                "num_grad_updates_lifetime": 138765.5,
                "diff_num_grad_updates_vs_sampler_policy": 164.5
            }
        },
        "num_env_steps_sampled": 1684000,
        "num_env_steps_trained": 1684000,
        "num_agent_steps_sampled": 1683998,
        "num_agent_steps_trained": 1683998
    },
    "env_runners": {
        "episode_reward_max": -149.0,
        "episode_reward_min": -624.0,
        "episode_reward_mean": -419.99,
        "episode_len_mean": 387.54,
        "episode_media": {},
        "episodes_timesteps_total": 38754,
        "policy_reward_min": {
            "policy_2": -405.0,
            "policy_0": -350.0,
            "policy_1": -390.0
        },
        "policy_reward_max": {
            "policy_2": -33.0,
            "policy_0": -2.0,
            "policy_1": -6.0
        },
        "policy_reward_mean": {
            "policy_2": -178.49,
            "policy_0": -100.93,
            "policy_1": -140.57
        },
        "custom_metrics": {},
        "hist_stats": {
            "episode_reward": [
                -538.0,
                -430.0,
                -564.0,
                -227.0,
                -370.0,
                -561.0,
                -438.0,
                -449.0,
                -463.0,
                -248.0,
                -470.0,
                -457.0,
                -426.0,
                -322.0,
                -522.0,
                -571.0,
                -373.0,
                -332.0,
                -409.0,
                -468.0,
                -407.0,
                -460.0,
                -415.0,
                -482.0,
                -459.0,
                -385.0,
                -473.0,
                -463.0,
                -381.0,
                -320.0,
                -235.0,
                -452.0,
                -401.0,
                -552.0,
                -365.0,
                -460.0,
                -330.0,
                -400.0,
                -362.0,
                -395.0,
                -476.0,
                -378.0,
                -380.0,
                -311.0,
                -377.0,
                -328.0,
                -457.0,
                -414.0,
                -402.0,
                -487.0,
                -457.0,
                -527.0,
                -476.0,
                -345.0,
                -358.0,
                -422.0,
                -441.0,
                -446.0,
                -415.0,
                -436.0,
                -529.0,
                -208.0,
                -443.0,
                -559.0,
                -292.0,
                -422.0,
                -624.0,
                -417.0,
                -431.0,
                -507.0,
                -263.0,
                -474.0,
                -458.0,
                -402.0,
                -520.0,
                -372.0,
                -498.0,
                -523.0,
                -317.0,
                -316.0,
                -495.0,
                -459.0,
                -391.0,
                -304.0,
                -581.0,
                -389.0,
                -493.0,
                -435.0,
                -413.0,
                -468.0,
                -554.0,
                -149.0,
                -276.0,
                -221.0,
                -511.0,
                -464.0,
                -368.0,
                -388.0,
                -464.0,
                -433.0
            ],