{
    "custom_metrics": {},
    "episode_media": {},
    "info": {
        "learner": {
            "policy_0": {
                "learner_stats": {
                    "allreduce_latency": 0.0,
                    "grad_gnorm": 2.513359546661377,
                    "cur_kl_coeff": 0.1234359407255142,
                    "cur_lr": 5e-05,
                    "total_loss": 6.879934692382813,
                    "policy_loss": -0.08125668820275954,
                    "vf_loss": 6.966055833932125,
                    "vf_explained_var": -0.025373765194054806,
                    "kl": 0.022329340641308926,
                    "entropy": 0.7620688405903903,
                    "entropy_coeff": 0.01
                },
                "model": {},
                "custom_metrics": {},
                "num_agent_steps_trained": 121.54545454545455,
                "num_grad_updates_lifetime": 232815.5,
                "diff_num_grad_updates_vs_sampler_policy": 164.5
            },
            "policy_1": {
                "learner_stats": {
                    "allreduce_latency": 0.0,
                    "grad_gnorm": 2.3568923473358154,
                    "cur_kl_coeff": 0.32036132812500007,
                    "cur_lr": 5e-05,
                    "total_loss": 6.803371130336415,
                    "policy_loss": -0.08898274459466902,
                    "vf_loss": 6.943007749499697,
                    "vf_explained_var": -0.04488971269491947,
                    "kl": 0.014550213330403553,
                    "entropy": 1.1063034812609354,
                    "entropy_coeff": 0.04999999999999999
                },
                "model": {},
                "custom_metrics": {},
                "num_agent_steps_trained": 121.63636363636364,
                "num_grad_updates_lifetime": 232815.5,
                "diff_num_grad_updates_vs_sampler_policy": 164.5
            },
            "policy_2": {
                "learner_stats": {
                    "allreduce_latency": 0.0,
                    "grad_gnorm": 2.132920503616333,
                    "cur_kl_coeff": 0.253125,
                    "cur_lr": 5e-05,
                    "total_loss": 7.855233737194177,
                    "policy_loss": -0.10872520079666918,
                    "vf_loss": 8.08837069164623,
                    "vf_explained_var": -0.01328278635487412,
                    "kl": 0.017452435852075697,
                    "entropy": 1.2882941311055964,
                    "entropy_coeff": 0.09999999999999998
                },
                "model": {},
                "custom_metrics": {},
                "num_agent_steps_trained": 120.45454545454545,
                "num_grad_updates_lifetime": 232815.5,
                "diff_num_grad_updates_vs_sampler_policy": 164.5
            }
        },
        "num_env_steps_sampled": 2824000,
        "num_env_steps_trained": 2824000,
        "num_agent_steps_sampled": 2823998,
        "num_agent_steps_trained": 2823998
    },
    "env_runners": {
        "episode_reward_max": -119.0,
        "episode_reward_min": -636.0,
        "episode_reward_mean": -430.35,
        "episode_len_mean": 400.02,
        "episode_media": {},
        "episodes_timesteps_total": 40002,
        "policy_reward_min": {
            "policy_2": -465.0,
            "policy_0": -440.0,
            "policy_1": -365.0
        },
        "policy_reward_max": {
            "policy_2": -25.0,
            "policy_0": 3.0,
            "policy_1": -3.0
        },
        "policy_reward_mean": {
            "policy_2": -205.63,
            "policy_0": -103.66,
            "policy_1": -121.06
        },
        "custom_metrics": {},
        "hist_stats": {
            "episode_reward": [
                -535.0,
                -356.0,
                -119.0,
                -452.0,
                -570.0,
                -385.0,
                -393.0,
                -470.0,
                -470.0,
                -535.0,
                -403.0,
                -541.0,
                -440.0,
                -354.0,
                -561.0,
                -461.0,
                -250.0,
                -285.0,
                -368.0,
                -439.0,
                -444.0,
                -214.0,
                -575.0,
                -311.0,
                -256.0,
                -470.0,
                -506.0,
                -617.0,
                -521.0,
                -465.0,
                -406.0,
                -451.0,
                -409.0,
                -480.0,
                -282.0,
                -273.0,
                -460.0,
                -405.0,
                -387.0,
                -460.0,
                -550.0,
                -508.0,
                -355.0,
                -451.0,
                -322.0,
                -493.0,
                -412.0,
                -327.0,
                -486.0,
                -564.0,
                -403.0,
                -308.0,
                -374.0,
                -360.0,
                -414.0,
                -544.0,
                -534.0,
                -443.0,
                -367.0,
                -524.0,
                -601.0,
                -418.0,
                -215.0,
                -477.0,
                -447.0,
                -546.0,
                -408.0,
                -436.0,
                -212.0,
                -468.0,
                -602.0,
                -551.0,
                -429.0,
                -417.0,
                -561.0,
                -457.0,
                -242.0,
                -361.0,
                -388.0,
                -346.0,
                -501.0,
                -468.0,
                -485.0,
                -506.0,
                -488.0,
                -398.0,
                -628.0,
                -302.0,
                -231.0,
                -353.0,
                -375.0,
                -539.0,
                -490.0,
                -394.0,
                -374.0,
                -363.0,
                -510.0,
                -610.0,
                -284.0,
                -636.0
            ],