{
    "custom_metrics": {},
    "episode_media": {},
    "info": {
        "learner": {
            "policy_0": {
                "learner_stats": {
                    "allreduce_latency": 0.0,
                    "grad_gnorm": 4.046494007110596,
                    "cur_kl_coeff": 0.3,
                    "cur_lr": 5e-05,
                    "total_loss": 6.496420218727805,
                    "policy_loss": -0.0688804847160072,
                    "vf_loss": 6.571338954116359,
                    "vf_explained_var": -0.01196254004131664,
                    "kl": 0.011522764308075188,
                    "entropy": 0.9495080819635681,
                    "entropy_coeff": 0.01
                },
                "model": {},
                "custom_metrics": {},
                "num_agent_steps_trained": 121.54545454545455,
                "num_grad_updates_lifetime": 28215.5,
                "diff_num_grad_updates_vs_sampler_policy": 164.5
            },
            "policy_1": {
                "learner_stats": {
                    "allreduce_latency": 0.0,
                    "grad_gnorm": 2.8696129322052,
                    "cur_kl_coeff": 0.19999999999999996,
                    "cur_lr": 5e-05,
                    "total_loss": 8.150796393192175,
                    "policy_loss": -0.07564626857285585,
                    "vf_loss": 8.28737882122849,
                    "vf_explained_var": 0.03493193153179053,
                    "kl": 0.011832807362853933,
                    "entropy": 1.2660541082873489,
                    "entropy_coeff": 0.04999999999999999
                },
                "model": {},
                "custom_metrics": {},
                "num_agent_steps_trained": 121.27272727272727,
                "num_grad_updates_lifetime": 28215.5,
                "diff_num_grad_updates_vs_sampler_policy": 164.5
            },
            "policy_2": {
                "learner_stats": {
                    "allreduce_latency": 0.0,
                    "grad_gnorm": 2.116440773010254,
                    "cur_kl_coeff": 0.19999999999999996,
                    "cur_lr": 5e-05,
                    "total_loss": 8.82885764873389,
                    "policy_loss": -0.0769890369819195,
                    "vf_loss": 9.041362902612397,
                    "vf_explained_var": -0.03448258584195917,
                    "kl": 0.011500808365312499,
                    "entropy": 1.3781635450594354,
                    "entropy_coeff": 0.09999999999999998
                },
                "model": {},
                "custom_metrics": {},
                "num_agent_steps_trained": 120.81818181818181,
                "num_grad_updates_lifetime": 28215.5,
                "diff_num_grad_updates_vs_sampler_policy": 164.5
            }
        },
        "num_env_steps_sampled": 344000,
        "num_env_steps_trained": 344000,
        "num_agent_steps_sampled": 343998,
        "num_agent_steps_trained": 343998
    },
    "env_runners": {
        "episode_reward_max": -277.0,
        "episode_reward_min": -661.0,
        "episode_reward_mean": -443.92,
        "episode_len_mean": 361.18,
        "episode_media": {},
        "episodes_timesteps_total": 36118,
        "policy_reward_min": {
            "policy_2": -410.0,
            "policy_0": -370.0,
            "policy_1": -405.0
        },
        "policy_reward_max": {
            "policy_2": -24.0,
            "policy_0": -3.0,
            "policy_1": -10.0
        },
        "policy_reward_mean": {
            "policy_2": -196.21,
            "policy_0": -114.47,
            "policy_1": -133.24
        },
        "custom_metrics": {},
        "hist_stats": {
            "episode_reward": [
                -470.0,
                -533.0,
                -661.0,
                -441.0,
                -374.0,
                -431.0,
                -554.0,
                -382.0,
                -499.0,
                -393.0,
                -647.0,
                -577.0,
                -409.0,
                -335.0,
                -462.0,
                -565.0,
                -437.0,
                -291.0,
                -419.0,
                -382.0,
                -525.0,
                -489.0,
                -458.0,
                -375.0,
                -422.0,
                -334.0,
                -333.0,
                -474.0,
                -364.0,
                -478.0,
                -433.0,
                -477.0,
                -402.0,
                -428.0,
                -603.0,
                -427.0,
                -434.0,
                -462.0,
                -476.0,
                -613.0,
                -382.0,
                -514.0,
                -512.0,
                -314.0,
                -470.0,
                -521.0,
                -299.0,
                -443.0,
                -348.0,
                -433.0,
                -460.0,
                -427.0,
                -327.0,
                -470.0,
                -508.0,
                -451.0,
                -416.0,
                -290.0,
                -547.0,
                -394.0,
                -435.0,
                -560.0,
                -418.0,
                -451.0,
                -432.0,
                -385.0,
                -391.0,
                -510.0,
                -383.0,
                -505.0,
                -277.0,
                -469.0,
                -506.0,
                -541.0,
                -529.0,
                -579.0,
                -295.0,
                -442.0,
                -386.0,
                -394.0,
                -439.0,
                -363.0,
                -658.0,
                -456.0,
                -507.0,
                -438.0,
                -520.0,
                -433.0,
                -355.0,
                -319.0,
                -277.0,
                -351.0,
                -488.0,
                -471.0,
                -467.0,
                -303.0,
                -468.0,
                -574.0,
                -426.0,
                -396.0
            ],