{
    "custom_metrics": {},
    "episode_media": {},
    "info": {
        "learner": {
            "policy_0": {
                "learner_stats": {
                    "allreduce_latency": 0.0,
                    "grad_gnorm": 3.1151833534240723,
                    "cur_kl_coeff": 0.1710523009300232,
                    "cur_lr": 5e-05,
                    "total_loss": 7.231107603419911,
                    "policy_loss": -0.07823486410462382,
                    "vf_loss": 7.315208677812056,
                    "vf_explained_var": 0.06192358316797199,
                    "kl": 0.013860074230773626,
                    "entropy": 0.8237020682204853,
                    "entropy_coeff": 0.01
                },
                "model": {},
                "custom_metrics": {},
                "num_agent_steps_trained": 121.45454545454545,
                "num_grad_updates_lifetime": 132165.5,
                "diff_num_grad_updates_vs_sampler_policy": 164.5
            },
            "policy_1": {
                "learner_stats": {
                    "allreduce_latency": 0.0,
                    "grad_gnorm": 2.3917598724365234,
                    "cur_kl_coeff": 0.4500000000000002,
                    "cur_lr": 5e-05,
                    "total_loss": 8.526461433641838,
                    "policy_loss": -0.09546642502713384,
                    "vf_loss": 8.674252459497163,
                    "vf_explained_var": -0.012374708327380093,
                    "kl": 0.014500262746592413,
                    "entropy": 1.1769945758761782,
                    "entropy_coeff": 0.04999999999999999
                },
                "model": {},
                "custom_metrics": {},
                "num_agent_steps_trained": 121.27272727272727,
                "num_grad_updates_lifetime": 132165.5,
                "diff_num_grad_updates_vs_sampler_policy": 164.5
            },
            "policy_2": {
                "learner_stats": {
                    "allreduce_latency": 0.0,
                    "grad_gnorm": 1.5144914388656616,
                    "cur_kl_coeff": 0.3,
                    "cur_lr": 5e-05,
                    "total_loss": 9.483515987974224,
                    "policy_loss": -0.10070539627393538,
                    "vf_loss": 9.716218841437138,
                    "vf_explained_var": 0.0007962936704809016,
                    "kl": 0.01454518419132361,
                    "entropy": 1.3636107018499664,
                    "entropy_coeff": 0.09999999999999998
                },
                "model": {},
                "custom_metrics": {},
                "num_agent_steps_trained": 120.9090909090909,
                "num_grad_updates_lifetime": 132165.5,
                "diff_num_grad_updates_vs_sampler_policy": 164.5
            }
        },
        "num_env_steps_sampled": 1604000,
        "num_env_steps_trained": 1604000,
        "num_agent_steps_sampled": 1603998,
        "num_agent_steps_trained": 1603998
    },
    "env_runners": {
        "episode_reward_max": -54.0,
        "episode_reward_min": -634.0,
        "episode_reward_mean": -426.72,
        "episode_len_mean": 417.58,
        "episode_media": {},
        "episodes_timesteps_total": 41758,
        "policy_reward_min": {
            "policy_0": -390.0,
            "policy_1": -435.0,
            "policy_2": -375.0
        },
        "policy_reward_max": {
            "policy_0": 15.0,
            "policy_1": -11.0,
            "policy_2": 15.0
        },
        "policy_reward_mean": {
            "policy_0": -130.38,
            "policy_1": -137.26,
            "policy_2": -159.08
        },
        "custom_metrics": {},
        "hist_stats": {
            "episode_reward": [
                -90.0,
                -291.0,
                -417.0,
                -529.0,
                -475.0,
                -404.0,
                -461.0,
                -456.0,
                -334.0,
                -582.0,
                -471.0,
                -565.0,
                -54.0,
                -572.0,
                -558.0,
                -344.0,
                -150.0,
                -413.0,
                -253.0,
                -279.0,
                -614.0,
                -453.0,
                -409.0,
                -457.0,
                -617.0,
                -426.0,
                -330.0,
                -589.0,
                -150.0,
                -460.0,
                -561.0,
                -244.0,
                -423.0,
                -534.0,
                -352.0,
                -390.0,
                -243.0,
                -313.0,
                -377.0,
                -457.0,
                -634.0,
                -151.0,
                -463.0,
                -355.0,
                -363.0,
                -474.0,
                -509.0,
                -407.0,
                -421.0,
                -202.0,
                -532.0,
                -373.0,
                -516.0,
                -491.0,
                -409.0,
                -437.0,
                -617.0,
                -179.0,
                -472.0,
                -418.0,
                -561.0,
                -352.0,
                -530.0,
                -103.0,
                -523.0,
                -377.0,
                -348.0,
                -487.0,
                -459.0,
                -273.0,
                -387.0,
                -576.0,
                -405.0,
                -469.0,
                -514.0,
                -520.0,
                -564.0,
                -466.0,
                -495.0,
                -344.0,
                -371.0,
                -574.0,
                -631.0,
                -471.0,
                -455.0,
                -562.0,
                -460.0,
                -416.0,
                -395.0,
                -531.0,
                -359.0,
                -547.0,
                -477.0,
                -632.0,
                -509.0,
                -480.0,
                -223.0,
                -463.0,
                -394.0,
                -449.0
            ],