{
    "custom_metrics": {},
    "episode_media": {},
    "info": {
        "learner": {
            "policy_0": {
                "learner_stats": {
                    "allreduce_latency": 0.0,
                    "grad_gnorm": 4.392635822296143,
                    "cur_kl_coeff": 0.18266180768259804,
                    "cur_lr": 5e-05,
                    "total_loss": 5.9259230252468225,
                    "policy_loss": -0.07509557251733813,
                    "vf_loss": 6.00372703219905,
                    "vf_explained_var": -0.058580858418435765,
                    "kl": 0.013286847363836691,
                    "entropy": 0.5135425368944804,
                    "entropy_coeff": 0.01
                },
                "model": {},
                "custom_metrics": {},
                "num_agent_steps_trained": 121.81818181818181,
                "num_grad_updates_lifetime": 163515.5,
                "diff_num_grad_updates_vs_sampler_policy": 164.5
            },
            "policy_1": {
                "learner_stats": {
                    "allreduce_latency": 0.0,
                    "grad_gnorm": 2.0809550285339355,
                    "cur_kl_coeff": 0.50625,
                    "cur_lr": 5e-05,
                    "total_loss": 7.6823256333669026,
                    "policy_loss": -0.1060203290911335,
                    "vf_loss": 7.83835340124188,
                    "vf_explained_var": 0.011136555310451624,
                    "kl": 0.012871789307825008,
                    "entropy": 1.1304758620984627,
                    "entropy_coeff": 0.04999999999999999
                },
                "model": {},
                "custom_metrics": {},
                "num_agent_steps_trained": 120.9090909090909,
                "num_grad_updates_lifetime": 163515.5,
                "diff_num_grad_updates_vs_sampler_policy": 164.5
            },
            "policy_2": {
                "learner_stats": {
                    "allreduce_latency": 0.0,
                    "grad_gnorm": 1.633303165435791,
                    "cur_kl_coeff": 0.4500000000000002,
                    "cur_lr": 5e-05,
                    "total_loss": 7.587114402019616,
                    "policy_loss": -0.11411186751316894,
                    "vf_loss": 7.828600211576982,
                    "vf_explained_var": 0.00130429592999545,
                    "kl": 0.015957480172206977,
                    "entropy": 1.3455482172243522,
                    "entropy_coeff": 0.09999999999999998
                },
                "model": {},
                "custom_metrics": {},
                "num_agent_steps_trained": 120.9090909090909,
                "num_grad_updates_lifetime": 163515.5,
                "diff_num_grad_updates_vs_sampler_policy": 164.5
            }
        },
        "num_env_steps_sampled": 1984000,
        "num_env_steps_trained": 1984000,
        "num_agent_steps_sampled": 1983998,
        "num_agent_steps_trained": 1983998
    },
    "env_runners": {
        "episode_reward_max": -27.0,
        "episode_reward_min": -632.0,
        "episode_reward_mean": -405.62,
        "episode_len_mean": 481.28,
        "episode_media": {},
        "episodes_timesteps_total": 48128,
        "policy_reward_min": {
            "policy_2": -420.0,
            "policy_0": -395.0,
            "policy_1": -375.0
        },
        "policy_reward_max": {
            "policy_2": 10.0,
            "policy_0": -3.0,
            "policy_1": -16.0
        },
        "policy_reward_mean": {
            "policy_2": -175.31,
            "policy_0": -105.63,
            "policy_1": -124.68
        },
        "custom_metrics": {},
        "hist_stats": {
            "episode_reward": [
                -507.0,
                -276.0,
                -510.0,
                -395.0,
                -257.0,
                -360.0,
                -405.0,
                -200.0,
                -365.0,
                -375.0,
                -364.0,
                -476.0,
                -540.0,
                -490.0,
                -487.0,
                -534.0,
                -632.0,
                -551.0,
                -403.0,
                -413.0,
                -382.0,
                -247.0,
                -362.0,
                -250.0,
                -411.0,
                -469.0,
                -396.0,
                -398.0,
                -484.0,
                -322.0,
                -266.0,
                -296.0,
                -443.0,
                -515.0,
                -327.0,
                -346.0,
                -429.0,
                -393.0,
                -418.0,
                -261.0,
                -450.0,
                -398.0,
                -357.0,
                -325.0,
                -411.0,
                -387.0,
                -324.0,
                -316.0,
                -392.0,
                -376.0,
                -455.0,
                -197.0,
                -472.0,
                -613.0,
                -428.0,
                -434.0,
                -319.0,
                -313.0,
                -395.0,
                -407.0,
                -431.0,
                -432.0,
                -354.0,
                -447.0,
                -363.0,
                -563.0,
                -422.0,
                -476.0,
                -450.0,
                -583.0,
                -345.0,
                -368.0,
                -388.0,
                -535.0,
                -536.0,
                -450.0,
                -359.0,
                -262.0,
                -540.0,
                -473.0,
                -538.0,
                -382.0,
                -573.0,
                -464.0,
                -514.0,
                -516.0,
                -27.0,
                -388.0,
                -380.0,
                -494.0,
                -346.0,
                -372.0,
                -351.0,
                -444.0,
                -383.0,
                -451.0,
                -256.0,
                -429.0,
                -325.0,
                -428.0
            ],