{
    "custom_metrics": {},
    "episode_media": {},
    "info": {
        "learner": {
            "policy_0": {
                "learner_stats": {
                    "allreduce_latency": 0.0,
                    "grad_gnorm": 3.359919548034668,
                    "cur_kl_coeff": 0.20549453364292275,
                    "cur_lr": 5e-05,
                    "total_loss": 4.374824914787755,
                    "policy_loss": -0.06033892444984028,
                    "vf_loss": 4.436277914047241,
                    "vf_explained_var": 0.07615185379981995,
                    "kl": 0.009208800053811115,
                    "entropy": 0.3006446130799525,
                    "entropy_coeff": 0.01
                },
                "model": {},
                "custom_metrics": {},
                "num_agent_steps_trained": 121.27272727272727,
                "num_grad_updates_lifetime": 186615.5,
                "diff_num_grad_updates_vs_sampler_policy": 164.5
            },
            "policy_1": {
                "learner_stats": {
                    "allreduce_latency": 0.0,
                    "grad_gnorm": 2.104182243347168,
                    "cur_kl_coeff": 0.7593750000000004,
                    "cur_lr": 5e-05,
                    "total_loss": 4.311700468352346,
                    "policy_loss": -0.09505652161597303,
                    "vf_loss": 4.445929577133873,
                    "vf_explained_var": 0.005316593430259011,
                    "kl": 0.012254566558396728,
                    "entropy": 0.969567926905372,
                    "entropy_coeff": 0.04999999999999999
                },
                "model": {},
                "custom_metrics": {},
                "num_agent_steps_trained": 121.27272727272727,
                "num_grad_updates_lifetime": 186615.5,
                "diff_num_grad_updates_vs_sampler_policy": 164.5
            },
            "policy_2": {
                "learner_stats": {
                    "allreduce_latency": 0.0,
                    "grad_gnorm": 1.592684268951416,
                    "cur_kl_coeff": 0.6749999999999998,
                    "cur_lr": 5e-05,
                    "total_loss": 4.604455018765998,
                    "policy_loss": -0.0974109633508223,
                    "vf_loss": 4.825137659997651,
                    "vf_explained_var": 0.0015456459738991477,
                    "kl": 0.010031161704875668,
                    "entropy": 1.300427332791415,
                    "entropy_coeff": 0.09999999999999998
                },
                "model": {},
                "custom_metrics": {},
                "num_agent_steps_trained": 121.0909090909091,
                "num_grad_updates_lifetime": 186615.5,
                "diff_num_grad_updates_vs_sampler_policy": 164.5
            }
        },
        "num_env_steps_sampled": 2264000,
        "num_env_steps_trained": 2264000,
        "num_agent_steps_sampled": 2263998,
        "num_agent_steps_trained": 2263998
    },
    "env_runners": {
        "episode_reward_max": -60.0,
        "episode_reward_min": -644.0,
        "episode_reward_mean": -400.96,
        "episode_len_mean": 556.82,
        "episode_media": {},
        "episodes_timesteps_total": 55682,
        "policy_reward_min": {
            "policy_1": -390.0,
            "policy_2": -410.0,
            "policy_0": -375.0
        },
        "policy_reward_max": {
            "policy_1": -7.0,
            "policy_2": 0.0,
            "policy_0": 0.0
        },
        "policy_reward_mean": {
            "policy_1": -126.85,
            "policy_2": -177.38,
            "policy_0": -96.73
        },
        "custom_metrics": {},
        "hist_stats": {
            "episode_reward": [
                -208.0,
                -448.0,
                -485.0,
                -264.0,
                -474.0,
                -311.0,
                -515.0,
                -334.0,
                -444.0,
                -83.0,
                -435.0,
                -449.0,
                -467.0,
                -518.0,
                -447.0,
                -433.0,
                -287.0,
                -389.0,
                -494.0,
                -495.0,
                -352.0,
                -417.0,
                -369.0,
                -475.0,
                -246.0,
                -403.0,
                -338.0,
                -339.0,
                -588.0,
                -394.0,
                -599.0,
                -567.0,
                -518.0,
                -291.0,
                -423.0,
                -179.0,
                -529.0,
                -419.0,
                -608.0,
                -194.0,
                -528.0,
                -126.0,
                -394.0,
                -444.0,
                -590.0,
                -484.0,
                -425.0,
                -546.0,
                -328.0,
                -295.0,
                -540.0,
                -432.0,
                -569.0,
                -253.0,
                -293.0,
                -441.0,
                -440.0,
                -174.0,
                -508.0,
                -308.0,
                -505.0,
                -367.0,
                -507.0,
                -331.0,
                -188.0,
                -543.0,
                -304.0,
                -397.0,
                -447.0,
                -408.0,
                -461.0,
                -530.0,
                -547.0,
                -644.0,
                -322.0,
                -536.0,
                -453.0,
                -154.0,
                -409.0,
                -339.0,
                -386.0,
                -250.0,
                -300.0,
                -510.0,
                -60.0,
                -374.0,
                -123.0,
                -570.0,
                -431.0,
                -407.0,
                -379.0,
                -155.0,
                -523.0,
                -592.0,
                -396.0,
                -397.0,
                -315.0,
                -405.0,
                -411.0,
                -374.0
            ],