{
    "custom_metrics": {},
    "episode_media": {},
    "info": {
        "learner": {
            "policy_0": {
                "learner_stats": {
                    "allreduce_latency": 0.0,
                    "grad_gnorm": 2.2610881328582764,
                    "cur_kl_coeff": 0.3082418004643842,
                    "cur_lr": 5e-05,
                    "total_loss": 5.872294470758149,
                    "policy_loss": -0.0808005824868539,
                    "vf_loss": 5.954649660804055,
                    "vf_explained_var": -0.0004863516850904985,
                    "kl": 0.012858226453730715,
                    "entropy": 0.5518049305135554,
                    "entropy_coeff": 0.01
                },
                "model": {},
                "custom_metrics": {},
                "num_agent_steps_trained": 121.45454545454545,
                "num_grad_updates_lifetime": 196515.5,
                "diff_num_grad_updates_vs_sampler_policy": 164.5
            },
            "policy_1": {
                "learner_stats": {
                    "allreduce_latency": 0.0,
                    "grad_gnorm": 2.3403079509735107,
                    "cur_kl_coeff": 0.3796875000000002,
                    "cur_lr": 5e-05,
                    "total_loss": 5.90471791787581,
                    "policy_loss": -0.09997093822299079,
                    "vf_loss": 6.056654067472978,
                    "vf_explained_var": -0.0063431895140445595,
                    "kl": 0.014668127752401196,
                    "entropy": 1.150691305326693,
                    "entropy_coeff": 0.04999999999999999
                },
                "model": {},
                "custom_metrics": {},
                "num_agent_steps_trained": 121.0,
                "num_grad_updates_lifetime": 196515.5,
                "diff_num_grad_updates_vs_sampler_policy": 164.5
            },
            "policy_2": {
                "learner_stats": {
                    "allreduce_latency": 0.0,
                    "grad_gnorm": 2.3074426651000977,
                    "cur_kl_coeff": 0.6749999999999998,
                    "cur_lr": 5e-05,
                    "total_loss": 5.889873556657271,
                    "policy_loss": -0.10074931871936177,
                    "vf_loss": 6.105588746793343,
                    "vf_explained_var": -0.0063477407802235,
                    "kl": 0.013096841950203515,
                    "entropy": 1.2380624268994187,
                    "entropy_coeff": 0.09999999999999998
                },
                "model": {},
                "custom_metrics": {},
                "num_agent_steps_trained": 121.18181818181819,
                "num_grad_updates_lifetime": 196515.5,
                "diff_num_grad_updates_vs_sampler_policy": 164.5
            }
        },
        "num_env_steps_sampled": 2384000,
        "num_env_steps_trained": 2384000,
        "num_agent_steps_sampled": 2383998,
        "num_agent_steps_trained": 2383998
    },
    "env_runners": {
        "episode_reward_max": -44.0,
        "episode_reward_min": -668.0,
        "episode_reward_mean": -401.73,
        "episode_len_mean": 517.44,
        "episode_media": {},
        "episodes_timesteps_total": 51744,
        "policy_reward_min": {
            "policy_2": -445.0,
            "policy_0": -425.0,
            "policy_1": -375.0
        },
        "policy_reward_max": {
            "policy_2": -22.0,
            "policy_0": 6.0,
            "policy_1": -12.0
        },
        "policy_reward_mean": {
            "policy_2": -170.77,
            "policy_0": -113.39,
            "policy_1": -117.57
        },
        "custom_metrics": {},
        "hist_stats": {
            "episode_reward": [
                -313.0,
                -583.0,
                -321.0,
                -504.0,
                -294.0,
                -479.0,
                -478.0,
                -506.0,
                -159.0,
                -474.0,
                -136.0,
                -386.0,
                -287.0,
                -158.0,
                -345.0,
                -325.0,
                -475.0,
                -247.0,
                -276.0,
                -342.0,
                -498.0,
                -462.0,
                -458.0,
                -384.0,
                -581.0,
                -443.0,
                -283.0,
                -427.0,
                -384.0,
                -396.0,
                -608.0,
                -494.0,
                -376.0,
                -603.0,
                -312.0,
                -578.0,
                -349.0,
                -532.0,
                -378.0,
                -459.0,
                -323.0,
                -314.0,
                -329.0,
                -83.0,
                -357.0,
                -212.0,
                -402.0,
                -590.0,
                -238.0,
                -540.0,
                -618.0,
                -554.0,
                -398.0,
                -518.0,
                -417.0,
                -44.0,
                -475.0,
                -358.0,
                -460.0,
                -513.0,
                -439.0,
                -443.0,
                -364.0,
                -340.0,
                -257.0,
                -407.0,
                -165.0,
                -399.0,
                -300.0,
                -446.0,
                -389.0,
                -479.0,
                -578.0,
                -480.0,
                -575.0,
                -410.0,
                -285.0,
                -166.0,
                -334.0,
                -426.0,
                -395.0,
                -96.0,
                -466.0,
                -521.0,
                -551.0,
                -443.0,
                -412.0,
                -276.0,
                -502.0,
                -413.0,
                -445.0,
                -668.0,
                -415.0,
                -473.0,
                -432.0,
                -441.0,
                -438.0,
                -299.0,
                -441.0,
                -528.0
            ],