{
    "custom_metrics": {},
    "episode_media": {},
    "info": {
        "learner": {
            "policy_0": {
                "learner_stats": {
                    "allreduce_latency": 0.0,
                    "grad_gnorm": 0.8222584128379822,
                    "cur_kl_coeff": 0.19999999999999996,
                    "cur_lr": 5e-05,
                    "total_loss": 9.932269862203887,
                    "policy_loss": -0.05463657351047556,
                    "vf_loss": 10.0,
                    "vf_explained_var": 2.587202823523319e-06,
                    "kl": 0.00964362248261917,
                    "entropy": 1.502233130642862,
                    "entropy_coeff": 0.01
                },
                "model": {},
                "custom_metrics": {},
                "num_agent_steps_trained": 121.45454545454545,
                "num_grad_updates_lifetime": 3465.5,
                "diff_num_grad_updates_vs_sampler_policy": 164.5
            },
            "policy_1": {
                "learner_stats": {
                    "allreduce_latency": 0.0,
                    "grad_gnorm": 0.8073288202285767,
                    "cur_kl_coeff": 0.19999999999999996,
                    "cur_lr": 5e-05,
                    "total_loss": 9.86902109781901,
                    "policy_loss": -0.058119015827877304,
                    "vf_loss": 10.0,
                    "vf_explained_var": 5.618731180826823e-06,
                    "kl": 0.011628561739559813,
                    "entropy": 1.5037127653757731,
                    "entropy_coeff": 0.04999999999999999
                },
                "model": {},
                "custom_metrics": {},
                "num_agent_steps_trained": 121.18181818181819,
                "num_grad_updates_lifetime": 3465.5,
                "diff_num_grad_updates_vs_sampler_policy": 164.5
            },
            "policy_2": {
                "learner_stats": {
                    "allreduce_latency": 0.0,
                    "grad_gnorm": 0.8782489895820618,
                    "cur_kl_coeff": 0.19999999999999996,
                    "cur_lr": 5e-05,
                    "total_loss": 9.799544464458119,
                    "policy_loss": -0.050075401457830925,
                    "vf_loss": 10.0,
                    "vf_explained_var": -9.239803660999646e-06,
                    "kl": 0.009675338497315302,
                    "entropy": 1.5231522173592538,
                    "entropy_coeff": 0.09999999999999998
                },
                "model": {},
                "custom_metrics": {},
                "num_agent_steps_trained": 121.18181818181819,
                "num_grad_updates_lifetime": 3465.5,
                "diff_num_grad_updates_vs_sampler_policy": 164.5
            }
        },
        "num_env_steps_sampled": 44000,
        "num_env_steps_trained": 44000,
        "num_agent_steps_sampled": 44000,
        "num_agent_steps_trained": 44000
    },
    "env_runners": {
        "episode_reward_max": -317.0,
        "episode_reward_min": -656.0,
        "episode_reward_mean": -471.5,
        "episode_len_mean": 160.46,
        "episode_media": {},
        "episodes_timesteps_total": 16046,
        "policy_reward_min": {
            "policy_2": -405.0,
            "policy_0": -405.0,
            "policy_1": -430.0
        },
        "policy_reward_max": {
            "policy_2": -20.0,
            "policy_0": -18.0,
            "policy_1": -27.0
        },
        "policy_reward_mean": {
            "policy_2": -142.69,
            "policy_0": -156.67,
            "policy_1": -172.14
        },
        "custom_metrics": {},
        "hist_stats": {
            "episode_reward": [
                -473.0,
                -449.0,
                -415.0,
                -400.0,
                -425.0,
                -474.0,
                -621.0,
                -317.0,
                -493.0,
                -482.0,
                -495.0,
                -582.0,
                -415.0,
                -532.0,
                -599.0,
                -350.0,
                -399.0,
                -339.0,
                -448.0,
                -448.0,
                -529.0,
                -530.0,
                -438.0,
                -626.0,
                -410.0,
                -489.0,
                -354.0,
                -414.0,
                -563.0,
                -496.0,
                -421.0,
                -593.0,
                -485.0,
                -524.0,
                -421.0,
                -449.0,
                -588.0,
                -521.0,
                -560.0,
                -522.0,
                -419.0,
                -515.0,
                -453.0,
                -592.0,
                -550.0,
                -588.0,
                -523.0,
                -556.0,
                -474.0,
                -421.0,
                -466.0,
                -423.0,
                -464.0,
                -512.0,
                -518.0,
                -528.0,
                -392.0,
                -460.0,
                -484.0,
                -428.0,
                -321.0,
                -354.0,
                -438.0,
                -498.0,
                -598.0,
                -544.0,
                -494.0,
                -356.0,
                -414.0,
                -532.0,
                -375.0,
                -371.0,
                -392.0,
                -435.0,
                -515.0,
                -365.0,
                -362.0,
                -611.0,
                -519.0,
                -505.0,
                -594.0,
                -504.0,
                -487.0,
                -656.0,
                -378.0,
                -469.0,
                -457.0,
                -423.0,
                -498.0,
                -506.0,
                -479.0,
                -374.0,
                -361.0,
                -470.0,
                -372.0,
                -401.0,
                -495.0,
                -390.0,
                -556.0,
                -426.0
            ],