{
    "custom_metrics": {},
    "episode_media": {},
    "info": {
        "learner": {
            "policy_0": {
                "learner_stats": {
                    "allreduce_latency": 0.0,
                    "grad_gnorm": 5.029346466064453,
                    "cur_kl_coeff": 0.3,
                    "cur_lr": 5e-05,
                    "total_loss": 7.600331287673026,
                    "policy_loss": -0.07529990838163278,
                    "vf_loss": 7.679142774235118,
                    "vf_explained_var": -0.08793653394236708,
                    "kl": 0.012280343035354052,
                    "entropy": 0.7195703991434791,
                    "entropy_coeff": 0.01
                },
                "model": {},
                "custom_metrics": {},
                "num_agent_steps_trained": 121.0909090909091,
                "num_grad_updates_lifetime": 38115.5,
                "diff_num_grad_updates_vs_sampler_policy": 164.5
            },
            "policy_1": {
                "learner_stats": {
                    "allreduce_latency": 0.0,
                    "grad_gnorm": 1.7179752588272095,
                    "cur_kl_coeff": 0.19999999999999996,
                    "cur_lr": 5e-05,
                    "total_loss": 9.781676436915543,
                    "policy_loss": -0.0838995951626478,
                    "vf_loss": 9.923864957058068,
                    "vf_explained_var": 0.11565638040051315,
                    "kl": 0.01482775411219061,
                    "entropy": 1.2250886111548454,
                    "entropy_coeff": 0.04999999999999999
                },
                "model": {},
                "custom_metrics": {},
                "num_agent_steps_trained": 121.63636363636364,
                "num_grad_updates_lifetime": 38115.5,
                "diff_num_grad_updates_vs_sampler_policy": 164.5
            },
            "policy_2": {
                "learner_stats": {
                    "allreduce_latency": 0.0,
                    "grad_gnorm": 2.308373212814331,
                    "cur_kl_coeff": 0.19999999999999996,
                    "cur_lr": 5e-05,
                    "total_loss": 8.480122274341005,
                    "policy_loss": -0.0787963220906077,
                    "vf_loss": 8.694633466547186,
                    "vf_explained_var": -0.006438918547196822,
                    "kl": 0.011297561554342488,
                    "entropy": 1.3797437512513362,
                    "entropy_coeff": 0.09999999999999998
                },
                "model": {},
                "custom_metrics": {},
                "num_agent_steps_trained": 120.9090909090909,
                "num_grad_updates_lifetime": 38115.5,
                "diff_num_grad_updates_vs_sampler_policy": 164.5
            }
        },
        "num_env_steps_sampled": 464000,
        "num_env_steps_trained": 464000,
        "num_agent_steps_sampled": 463998,
        "num_agent_steps_trained": 463998
    },
    "env_runners": {
        "episode_reward_max": -169.0,
        "episode_reward_min": -595.0,
        "episode_reward_mean": -410.69,
        "episode_len_mean": 386.52,
        "episode_media": {},
        "episodes_timesteps_total": 38652,
        "policy_reward_min": {
            "policy_1": -360.0,
            "policy_2": -405.0,
            "policy_0": -370.0
        },
        "policy_reward_max": {
            "policy_1": -15.0,
            "policy_2": -22.0,
            "policy_0": -9.0
        },
        "policy_reward_mean": {
            "policy_1": -134.34,
            "policy_2": -155.24,
            "policy_0": -121.11
        },
        "custom_metrics": {},
        "hist_stats": {
            "episode_reward": [
                -455.0,
                -384.0,
                -485.0,
                -446.0,
                -430.0,
                -396.0,
                -486.0,
                -329.0,
                -422.0,
                -485.0,
                -289.0,
                -546.0,
                -427.0,
                -547.0,
                -450.0,
                -303.0,
                -439.0,
                -288.0,
                -419.0,
                -486.0,
                -409.0,
                -265.0,
                -383.0,
                -400.0,
                -366.0,
                -496.0,
                -289.0,
                -532.0,
                -425.0,
                -299.0,
                -554.0,
                -477.0,
                -546.0,
                -396.0,
                -361.0,
                -347.0,
                -488.0,
                -308.0,
                -509.0,
                -402.0,
                -337.0,
                -364.0,
                -346.0,
                -459.0,
                -444.0,
                -492.0,
                -449.0,
                -434.0,
                -452.0,
                -518.0,
                -335.0,
                -381.0,
                -533.0,
                -511.0,
                -341.0,
                -375.0,
                -273.0,
                -399.0,
                -239.0,
                -512.0,
                -515.0,
                -358.0,
                -373.0,
                -393.0,
                -363.0,
                -423.0,
                -411.0,
                -349.0,
                -444.0,
                -335.0,
                -423.0,
                -510.0,
                -521.0,
                -420.0,
                -496.0,
                -471.0,
                -318.0,
                -339.0,
                -446.0,
                -373.0,
                -445.0,
                -595.0,
                -463.0,
                -235.0,
                -169.0,
                -440.0,
                -471.0,
                -310.0,
                -487.0,
                -355.0,
                -403.0,
                -415.0,
                -357.0,
                -355.0,
                -481.0,
                -425.0,
                -261.0,
                -430.0,
                -306.0,
                -427.0
            ],