{
    "custom_metrics": {},
    "episode_media": {},
    "info": {
        "learner": {
            "policy_0": {
                "learner_stats": {
                    "allreduce_latency": 0.0,
                    "grad_gnorm": 2.1162915229797363,
                    "cur_kl_coeff": 0.4008361256164345,
                    "cur_lr": 5e-05,
                    "total_loss": 7.8135302326895975,
                    "policy_loss": -0.08971365488444766,
                    "vf_loss": 7.905345503489176,
                    "vf_explained_var": 0.014781021710598108,
                    "kl": 0.014174568846163546,
                    "entropy": 0.7783326315157342,
                    "entropy_coeff": 0.01
                },
                "model": {},
                "custom_metrics": {},
                "num_agent_steps_trained": 121.45454545454545,
                "num_grad_updates_lifetime": 279015.5,
                "diff_num_grad_updates_vs_sampler_policy": 164.5
            },
            "policy_1": {
                "learner_stats": {
                    "allreduce_latency": 0.0,
                    "grad_gnorm": 1.5908913612365723,
                    "cur_kl_coeff": 0.40545730590820295,
                    "cur_lr": 5e-05,
                    "total_loss": 7.98545832489476,
                    "policy_loss": -0.09562536195541421,
                    "vf_loss": 8.126914324904932,
                    "vf_explained_var": 0.01163648890726494,
                    "kl": 0.014243130179876164,
                    "entropy": 1.0321122406107006,
                    "entropy_coeff": 0.04999999999999999
                },
                "model": {},
                "custom_metrics": {},
                "num_agent_steps_trained": 121.27272727272727,
                "num_grad_updates_lifetime": 279015.5,
                "diff_num_grad_updates_vs_sampler_policy": 164.5
            },
            "policy_2": {
                "learner_stats": {
                    "allreduce_latency": 0.0,
                    "grad_gnorm": 1.831573724746704,
                    "cur_kl_coeff": 0.3796875000000002,
                    "cur_lr": 5e-05,
                    "total_loss": 7.898444451707782,
                    "policy_loss": -0.11448293855823012,
                    "vf_loss": 8.140699096159501,
                    "vf_explained_var": -0.0010268216783350164,
                    "kl": 0.01547414022451669,
                    "entropy": 1.3364701386654017,
                    "entropy_coeff": 0.09999999999999998
                },
                "model": {},
                "custom_metrics": {},
                "num_agent_steps_trained": 120.9090909090909,
                "num_grad_updates_lifetime": 279015.5,
                "diff_num_grad_updates_vs_sampler_policy": 164.5
            }
        },
        "num_env_steps_sampled": 3384000,
        "num_env_steps_trained": 3384000,
        "num_agent_steps_sampled": 3383998,
        "num_agent_steps_trained": 3383998
    },
    "env_runners": {
        "episode_reward_max": -38.0,
        "episode_reward_min": -724.0,
        "episode_reward_mean": -438.0,
        "episode_len_mean": 407.04,
        "episode_media": {},
        "episodes_timesteps_total": 40704,
        "policy_reward_min": {
            "policy_1": -390.0,
            "policy_2": -395.0,
            "policy_0": -495.0
        },
        "policy_reward_max": {
            "policy_1": -20.0,
            "policy_2": -5.0,
            "policy_0": 15.0
        },
        "policy_reward_mean": {
            "policy_1": -150.69,
            "policy_2": -166.65,
            "policy_0": -120.66
        },
        "custom_metrics": {},
        "hist_stats": {
            "episode_reward": [
                -38.0,
                -472.0,
                -461.0,
                -545.0,
                -724.0,
                -401.0,
                -415.0,
                -131.0,
                -496.0,
                -530.0,
                -555.0,
                -514.0,
                -431.0,
                -567.0,
                -465.0,
                -504.0,
                -440.0,
                -388.0,
                -530.0,
                -499.0,
                -354.0,
                -493.0,
                -463.0,
                -126.0,
                -303.0,
                -255.0,
                -354.0,
                -492.0,
                -517.0,
                -380.0,
                -40.0,
                -436.0,
                -589.0,
                -521.0,
                -337.0,
                -109.0,
                -359.0,
                -290.0,
                -468.0,
                -478.0,
                -554.0,
                -582.0,
                -460.0,
                -276.0,
                -510.0,
                -579.0,
                -514.0,
                -330.0,
                -275.0,
                -351.0,
                -421.0,
                -451.0,
                -596.0,
                -386.0,
                -326.0,
                -596.0,
                -406.0,
                -472.0,
                -555.0,
                -468.0,
                -456.0,
                -430.0,
                -509.0,
                -584.0,
                -564.0,
                -526.0,
                -540.0,
                -565.0,
                -565.0,
                -526.0,
                -561.0,
                -479.0,
                -455.0,
                -317.0,
                -529.0,
                -524.0,
                -541.0,
                -392.0,
                -467.0,
                -555.0,
                -469.0,
                -465.0,
                -431.0,
                -488.0,
                -212.0,
                -488.0,
                -201.0,
                -467.0,
                -502.0,
                -374.0,
                -339.0,
                -404.0,
                -504.0,
                -388.0,
                -338.0,
                -401.0,
                -353.0,
                -508.0,
                -480.0,
                -325.0
            ],