{
    "custom_metrics": {},
    "episode_media": {},
    "info": {
        "learner": {
            "policy_0": {
                "learner_stats": {
                    "allreduce_latency": 0.0,
                    "grad_gnorm": 4.424062728881836,
                    "cur_kl_coeff": 0.4109890672858455,
                    "cur_lr": 5e-05,
                    "total_loss": 5.014415749636563,
                    "policy_loss": -0.07158942597805325,
                    "vf_loss": 5.087513526280721,
                    "vf_explained_var": 0.015850742296739058,
                    "kl": 0.009524364551929555,
                    "entropy": 0.5422737117969628,
                    "entropy_coeff": 0.01
                },
                "model": {},
                "custom_metrics": {},
                "num_agent_steps_trained": 121.36363636363636,
                "num_grad_updates_lifetime": 180015.5,
                "diff_num_grad_updates_vs_sampler_policy": 164.5
            },
            "policy_1": {
                "learner_stats": {
                    "allreduce_latency": 0.0,
                    "grad_gnorm": 3.1001033782958984,
                    "cur_kl_coeff": 0.7593750000000004,
                    "cur_lr": 5e-05,
                    "total_loss": 4.774303228927381,
                    "policy_loss": -0.09471096502772222,
                    "vf_loss": 4.91169758421002,
                    "vf_explained_var": -0.01655159682938547,
                    "kl": 0.012716498926204928,
                    "entropy": 1.0467997737003096,
                    "entropy_coeff": 0.04999999999999999
                },
                "model": {},
                "custom_metrics": {},
                "num_agent_steps_trained": 121.18181818181819,
                "num_grad_updates_lifetime": 180015.5,
                "diff_num_grad_updates_vs_sampler_policy": 164.5
            },
            "policy_2": {
                "learner_stats": {
                    "allreduce_latency": 0.0,
                    "grad_gnorm": 2.722156286239624,
                    "cur_kl_coeff": 0.4500000000000002,
                    "cur_lr": 5e-05,
                    "total_loss": 4.866819421450297,
                    "policy_loss": -0.09290504824991028,
                    "vf_loss": 5.078697782574278,
                    "vf_explained_var": -0.030128809177514277,
                    "kl": 0.01296886996731386,
                    "entropy": 1.248093108697371,
                    "entropy_coeff": 0.09999999999999998
                },
                "model": {},
                "custom_metrics": {},
                "num_agent_steps_trained": 121.0909090909091,
                "num_grad_updates_lifetime": 180015.5,
                "diff_num_grad_updates_vs_sampler_policy": 164.5
            }
        },
        "num_env_steps_sampled": 2184000,
        "num_env_steps_trained": 2184000,
        "num_agent_steps_sampled": 2183998,
        "num_agent_steps_trained": 2183998
    },
    "env_runners": {
        "episode_reward_max": -135.0,
        "episode_reward_min": -663.0,
        "episode_reward_mean": -427.38,
        "episode_len_mean": 400.7,
        "episode_media": {},
        "episodes_timesteps_total": 40070,
        "policy_reward_min": {
            "policy_1": -370.0,
            "policy_2": -415.0,
            "policy_0": -415.0
        },
        "policy_reward_max": {
            "policy_1": 25.0,
            "policy_2": 0.0,
            "policy_0": 5.0
        },
        "policy_reward_mean": {
            "policy_1": -131.29,
            "policy_2": -168.56,
            "policy_0": -127.53
        },
        "custom_metrics": {},
        "hist_stats": {
            "episode_reward": [
                -379.0,
                -581.0,
                -399.0,
                -523.0,
                -328.0,
                -367.0,
                -482.0,
                -599.0,
                -527.0,
                -494.0,
                -341.0,
                -394.0,
                -385.0,
                -419.0,
                -513.0,
                -152.0,
                -480.0,
                -504.0,
                -584.0,
                -343.0,
                -402.0,
                -411.0,
                -435.0,
                -393.0,
                -463.0,
                -368.0,
                -572.0,
                -330.0,
                -377.0,
                -260.0,
                -488.0,
                -536.0,
                -319.0,
                -206.0,
                -431.0,
                -586.0,
                -364.0,
                -486.0,
                -430.0,
                -371.0,
                -356.0,
                -165.0,
                -231.0,
                -330.0,
                -543.0,
                -260.0,
                -444.0,
                -490.0,
                -615.0,
                -140.0,
                -613.0,
                -292.0,
                -510.0,
                -422.0,
                -279.0,
                -360.0,
                -483.0,
                -421.0,
                -368.0,
                -510.0,
                -564.0,
                -480.0,
                -397.0,
                -456.0,
                -415.0,
                -306.0,
                -387.0,
                -341.0,
                -514.0,
                -469.0,
                -296.0,
                -570.0,
                -486.0,
                -365.0,
                -437.0,
                -363.0,
                -467.0,
                -340.0,
                -663.0,
                -540.0,
                -417.0,
                -166.0,
                -460.0,
                -537.0,
                -388.0,
                -492.0,
                -553.0,
                -352.0,
                -527.0,
                -592.0,
                -135.0,
                -464.0,
                -551.0,
                -627.0,
                -589.0,
                -376.0,
                -445.0,
                -464.0,
                -473.0,
                -420.0
            ],