{
    "custom_metrics": {},
    "episode_media": {},
    "info": {
        "learner": {
            "policy_0": {
                "learner_stats": {
                    "allreduce_latency": 0.0,
                    "grad_gnorm": 1.1080718040466309,
                    "cur_kl_coeff": 0.19999999999999996,
                    "cur_lr": 5e-05,
                    "total_loss": 9.76048393538504,
                    "policy_loss": -0.05928825435200424,
                    "vf_loss": 9.830091927268288,
                    "vf_explained_var": 0.029179374015692507,
                    "kl": 0.010378432900594932,
                    "entropy": 1.2395408104766499,
                    "entropy_coeff": 0.01
                },
                "model": {},
                "custom_metrics": {},
                "num_agent_steps_trained": 121.0909090909091,
                "num_grad_updates_lifetime": 10065.5,
                "diff_num_grad_updates_vs_sampler_policy": 164.5
            },
            "policy_1": {
                "learner_stats": {
                    "allreduce_latency": 0.0,
                    "grad_gnorm": 1.1096339225769043,
                    "cur_kl_coeff": 0.19999999999999996,
                    "cur_lr": 5e-05,
                    "total_loss": 9.709596633911133,
                    "policy_loss": -0.06304468774293183,
                    "vf_loss": 9.837310669638894,
                    "vf_explained_var": 4.8055793299819484e-06,
                    "kl": 0.011852586128154848,
                    "entropy": 1.340796240532037,
                    "entropy_coeff": 0.04999999999999999
                },
                "model": {},
                "custom_metrics": {},
                "num_agent_steps_trained": 121.81818181818181,
                "num_grad_updates_lifetime": 10065.5,
                "diff_num_grad_updates_vs_sampler_policy": 164.5
            },
            "policy_2": {
                "learner_stats": {
                    "allreduce_latency": 0.0,
                    "grad_gnorm": 1.0423864126205444,
                    "cur_kl_coeff": 0.19999999999999996,
                    "cur_lr": 5e-05,
                    "total_loss": 9.637797526157264,
                    "policy_loss": -0.06514970777894963,
                    "vf_loss": 9.843750011559688,
                    "vf_explained_var": 1.9344416531649504e-07,
                    "kl": 0.013385095192801696,
                    "entropy": 1.4347981138662858,
                    "entropy_coeff": 0.09999999999999998
                },
                "model": {},
                "custom_metrics": {},
                "num_agent_steps_trained": 120.72727272727273,
                "num_grad_updates_lifetime": 10065.5,
                "diff_num_grad_updates_vs_sampler_policy": 164.5
            }
        },
        "num_env_steps_sampled": 124000,
        "num_env_steps_trained": 124000,
        "num_agent_steps_sampled": 123998,
        "num_agent_steps_trained": 123998
    },
    "env_runners": {
        "episode_reward_max": -276.0,
        "episode_reward_min": -597.0,
        "episode_reward_mean": -428.01,
        "episode_len_mean": 283.2,
        "episode_media": {},
        "episodes_timesteps_total": 28320,
        "policy_reward_min": {
            "policy_2": -365.0,
            "policy_0": -365.0,
            "policy_1": -360.0
        },
        "policy_reward_max": {
            "policy_2": -29.0,
            "policy_0": -24.0,
            "policy_1": -14.0
        },
        "policy_reward_mean": {
            "policy_2": -171.43,
            "policy_0": -124.34,
            "policy_1": -132.24
        },
        "custom_metrics": {},
        "hist_stats": {
            "episode_reward": [
                -452.0,
                -387.0,
                -367.0,
                -542.0,
                -427.0,
                -327.0,
                -367.0,
                -430.0,
                -415.0,
                -403.0,
                -408.0,
                -433.0,
                -394.0,
                -288.0,
                -490.0,
                -447.0,
                -276.0,
                -463.0,
                -379.0,
                -420.0,
                -402.0,
                -443.0,
                -387.0,
                -355.0,
                -297.0,
                -339.0,
                -399.0,
                -351.0,
                -557.0,
                -366.0,
                -413.0,
                -344.0,
                -416.0,
                -512.0,
                -389.0,
                -397.0,
                -505.0,
                -390.0,
                -440.0,
                -391.0,
                -323.0,
                -386.0,
                -403.0,
                -448.0,
                -317.0,
                -449.0,
                -424.0,
                -492.0,
                -405.0,
                -412.0,
                -448.0,
                -483.0,
                -414.0,
                -370.0,
                -471.0,
                -452.0,
                -588.0,
                -417.0,
                -411.0,
                -475.0,
                -362.0,
                -572.0,
                -415.0,
                -571.0,
                -495.0,
                -463.0,
                -463.0,
                -573.0,
                -446.0,
                -306.0,
                -442.0,
                -440.0,
                -348.0,
                -371.0,
                -450.0,
                -562.0,
                -422.0,
                -344.0,
                -597.0,
                -440.0,
                -408.0,
                -495.0,
                -411.0,
                -458.0,
                -453.0,
                -548.0,
                -377.0,
                -567.0,
                -383.0,
                -453.0,
                -483.0,
                -516.0,
                -433.0,
                -440.0,
                -286.0,
                -487.0,
                -427.0,
                -529.0,
                -409.0,
                -360.0
            ],