{
    "custom_metrics": {},
    "episode_media": {},
    "info": {
        "learner": {
            "policy_0": {
                "learner_stats": {
                    "allreduce_latency": 0.0,
                    "grad_gnorm": 2.3443870544433594,
                    "cur_kl_coeff": 0.3247321025468408,
                    "cur_lr": 5e-05,
                    "total_loss": 6.4138809276349615,
                    "policy_loss": -0.07238395888019691,
                    "vf_loss": 6.487738028439608,
                    "vf_explained_var": -0.011180017933701023,
                    "kl": 0.010267097155389444,
                    "entropy": 0.4807215083729137,
                    "entropy_coeff": 0.01
                },
                "model": {},
                "custom_metrics": {},
                "num_agent_steps_trained": 121.18181818181819,
                "num_grad_updates_lifetime": 150315.5,
                "diff_num_grad_updates_vs_sampler_policy": 164.5
            },
            "policy_1": {
                "learner_stats": {
                    "allreduce_latency": 0.0,
                    "grad_gnorm": 2.8602406978607178,
                    "cur_kl_coeff": 0.50625,
                    "cur_lr": 5e-05,
                    "total_loss": 6.587336579236117,
                    "policy_loss": -0.09725282017536688,
                    "vf_loss": 6.726932605107625,
                    "vf_explained_var": -0.026266176772840096,
                    "kl": 0.015026565670266667,
                    "entropy": 0.9990075057203119,
                    "entropy_coeff": 0.04999999999999999
                },
                "model": {},
                "custom_metrics": {},
                "num_agent_steps_trained": 121.45454545454545,
                "num_grad_updates_lifetime": 150315.5,
                "diff_num_grad_updates_vs_sampler_policy": 164.5
            },
            "policy_2": {
                "learner_stats": {
                    "allreduce_latency": 0.0,
                    "grad_gnorm": 2.4836649894714355,
                    "cur_kl_coeff": 0.4500000000000002,
                    "cur_lr": 5e-05,
                    "total_loss": 8.025821701685588,
                    "policy_loss": -0.09414431872834085,
                    "vf_loss": 8.243939856326941,
                    "vf_explained_var": -0.00999096433321635,
                    "kl": 0.012763409235630565,
                    "entropy": 1.29717410549973,
                    "entropy_coeff": 0.09999999999999998
                },
                "model": {},
                "custom_metrics": {},
                "num_agent_steps_trained": 121.0,
                "num_grad_updates_lifetime": 150315.5,
                "diff_num_grad_updates_vs_sampler_policy": 164.5
            }
        },
        "num_env_steps_sampled": 1824000,
        "num_env_steps_trained": 1824000,
        "num_agent_steps_sampled": 1823998,
        "num_agent_steps_trained": 1823998
    },
    "env_runners": {
        "episode_reward_max": -151.0,
        "episode_reward_min": -685.0,
        "episode_reward_mean": -423.9,
        "episode_len_mean": 555.7,
        "episode_media": {},
        "episodes_timesteps_total": 55570,
        "policy_reward_min": {
            "policy_2": -440.0,
            "policy_0": -430.0,
            "policy_1": -400.0
        },
        "policy_reward_max": {
            "policy_2": -15.0,
            "policy_0": -9.0,
            "policy_1": -9.0
        },
        "policy_reward_mean": {
            "policy_2": -175.82,
            "policy_0": -126.66,
            "policy_1": -121.42
        },
        "custom_metrics": {},
        "hist_stats": {
            "episode_reward": [
                -404.0,
                -685.0,
                -426.0,
                -337.0,
                -534.0,
                -381.0,
                -476.0,
                -456.0,
                -298.0,
                -600.0,
                -322.0,
                -308.0,
                -525.0,
                -494.0,
                -446.0,
                -545.0,
                -262.0,
                -468.0,
                -223.0,
                -360.0,
                -408.0,
                -571.0,
                -546.0,
                -370.0,
                -451.0,
                -485.0,
                -454.0,
                -270.0,
                -498.0,
                -434.0,
                -474.0,
                -156.0,
                -584.0,
                -523.0,
                -269.0,
                -452.0,
                -323.0,
                -345.0,
                -447.0,
                -192.0,
                -468.0,
                -415.0,
                -419.0,
                -222.0,
                -201.0,
                -357.0,
                -382.0,
                -600.0,
                -360.0,
                -304.0,
                -580.0,
                -481.0,
                -520.0,
                -306.0,
                -491.0,
                -421.0,
                -484.0,
                -314.0,
                -386.0,
                -333.0,
                -489.0,
                -407.0,
                -179.0,
                -517.0,
                -344.0,
                -458.0,
                -485.0,
                -151.0,
                -425.0,
                -460.0,
                -383.0,
                -478.0,
                -469.0,
                -601.0,
                -514.0,
                -369.0,
                -461.0,
                -458.0,
                -438.0,
                -585.0,
                -449.0,
                -409.0,
                -430.0,
                -426.0,
                -213.0,
                -341.0,
                -355.0,
                -564.0,
                -604.0,
                -478.0,
                -484.0,
                -450.0,
                -454.0,
                -589.0,
                -506.0,
                -582.0,
                -497.0,
                -418.0,
                -404.0,
                -220.0
            ],