{
    "custom_metrics": {},
    "episode_media": {},
    "info": {
        "learner": {
            "policy_0": {
                "learner_stats": {
                    "allreduce_latency": 0.0,
                    "grad_gnorm": 2.190376043319702,
                    "cur_kl_coeff": 0.14629444826727608,
                    "cur_lr": 5e-05,
                    "total_loss": 7.865606893192638,
                    "policy_loss": -0.06772425316669273,
                    "vf_loss": 7.936221371275006,
                    "vf_explained_var": 0.01697080586895798,
                    "kl": 0.012495528350593268,
                    "entropy": 0.4718227432532744,
                    "entropy_coeff": 0.01
                },
                "model": {},
                "custom_metrics": {},
                "num_agent_steps_trained": 121.63636363636364,
                "num_grad_updates_lifetime": 221265.5,
                "diff_num_grad_updates_vs_sampler_policy": 164.5
            },
            "policy_1": {
                "learner_stats": {
                    "allreduce_latency": 0.0,
                    "grad_gnorm": 2.2393553256988525,
                    "cur_kl_coeff": 0.4271484375,
                    "cur_lr": 5e-05,
                    "total_loss": 7.781453843550248,
                    "policy_loss": -0.1050454521890391,
                    "vf_loss": 7.934622563737811,
                    "vf_explained_var": -0.012239572134884922,
                    "kl": 0.014705077632648793,
                    "entropy": 1.088090212056131,
                    "entropy_coeff": 0.04999999999999999
                },
                "model": {},
                "custom_metrics": {},
                "num_agent_steps_trained": 120.9090909090909,
                "num_grad_updates_lifetime": 221265.5,
                "diff_num_grad_updates_vs_sampler_policy": 164.5
            },
            "policy_2": {
                "learner_stats": {
                    "allreduce_latency": 0.0,
                    "grad_gnorm": 1.4495844841003418,
                    "cur_kl_coeff": 0.3374999999999999,
                    "cur_lr": 5e-05,
                    "total_loss": 9.741658181855172,
                    "policy_loss": -0.10779627851972526,
                    "vf_loss": 9.977657037792785,
                    "vf_explained_var": 0.0013655626412593957,
                    "kl": 0.015358911359854413,
                    "entropy": 1.333862506982052,
                    "entropy_coeff": 0.09999999999999998
                },
                "model": {},
                "custom_metrics": {},
                "num_agent_steps_trained": 121.0909090909091,
                "num_grad_updates_lifetime": 221265.5,
                "diff_num_grad_updates_vs_sampler_policy": 164.5
            }
        },
        "num_env_steps_sampled": 2684000,
        "num_env_steps_trained": 2684000,
        "num_agent_steps_sampled": 2683998,
        "num_agent_steps_trained": 2683998
    },
    "env_runners": {
        "episode_reward_max": -40.0,
        "episode_reward_min": -630.0,
        "episode_reward_mean": -408.36,
        "episode_len_mean": 393.26,
        "episode_media": {},
        "episodes_timesteps_total": 39326,
        "policy_reward_min": {
            "policy_0": -385.0,
            "policy_1": -370.0,
            "policy_2": -400.0
        },
        "policy_reward_max": {
            "policy_0": -1.0,
            "policy_1": -14.0,
            "policy_2": -10.0
        },
        "policy_reward_mean": {
            "policy_0": -104.18,
            "policy_1": -133.52,
            "policy_2": -170.66
        },
        "custom_metrics": {},
        "hist_stats": {
            "episode_reward": [
                -386.0,
                -357.0,
                -282.0,
                -482.0,
                -263.0,
                -298.0,
                -398.0,
                -395.0,
                -521.0,
                -430.0,
                -406.0,
                -630.0,
                -439.0,
                -562.0,
                -453.0,
                -185.0,
                -438.0,
                -313.0,
                -531.0,
                -472.0,
                -387.0,
                -356.0,
                -260.0,
                -376.0,
                -550.0,
                -341.0,
                -353.0,
                -354.0,
                -412.0,
                -190.0,
                -354.0,
                -390.0,
                -364.0,
                -475.0,
                -509.0,
                -458.0,
                -297.0,
                -420.0,
                -551.0,
                -484.0,
                -349.0,
                -40.0,
                -454.0,
                -451.0,
                -192.0,
                -442.0,
                -515.0,
                -471.0,
                -432.0,
                -566.0,
                -424.0,
                -430.0,
                -555.0,
                -345.0,
                -421.0,
                -532.0,
                -396.0,
                -327.0,
                -398.0,
                -543.0,
                -526.0,
                -77.0,
                -544.0,
                -524.0,
                -170.0,
                -354.0,
                -514.0,
                -521.0,
                -346.0,
                -501.0,
                -440.0,
                -452.0,
                -328.0,
                -419.0,
                -53.0,
                -288.0,
                -218.0,
                -483.0,
                -507.0,
                -531.0,
                -514.0,
                -435.0,
                -448.0,
                -362.0,
                -527.0,
                -526.0,
                -486.0,
                -525.0,
                -367.0,
                -533.0,
                -395.0,
                -505.0,
                -458.0,
                -309.0,
                -313.0,
                -304.0,
                -363.0,
                -404.0,
                -463.0,
                -398.0
            ],