{
    "custom_metrics": {},
    "episode_media": {},
    "info": {
        "learner": {
            "policy_0": {
                "learner_stats": {
                    "allreduce_latency": 0.0,
                    "grad_gnorm": 5.436811923980713,
                    "cur_kl_coeff": 0.3,
                    "cur_lr": 5e-05,
                    "total_loss": 4.540868498159178,
                    "policy_loss": -0.05135982791138249,
                    "vf_loss": 4.592481591846004,
                    "vf_explained_var": -0.03781616687774658,
                    "kl": 0.00711803340876179,
                    "entropy": 0.23886535795349062,
                    "entropy_coeff": 0.01
                },
                "model": {},
                "custom_metrics": {},
                "num_agent_steps_trained": 121.27272727272727,
                "num_grad_updates_lifetime": 46365.5,
                "diff_num_grad_updates_vs_sampler_policy": 164.5
            },
            "policy_1": {
                "learner_stats": {
                    "allreduce_latency": 0.0,
                    "grad_gnorm": 5.692219257354736,
                    "cur_kl_coeff": 0.19999999999999996,
                    "cur_lr": 5e-05,
                    "total_loss": 6.961444877855706,
                    "policy_loss": -0.058360212015439616,
                    "vf_loss": 7.0737401745536115,
                    "vf_explained_var": -0.06402408462582213,
                    "kl": 0.008854601037855677,
                    "entropy": 1.114120008548101,
                    "entropy_coeff": 0.04999999999999999
                },
                "model": {},
                "custom_metrics": {},
                "num_agent_steps_trained": 121.45454545454545,
                "num_grad_updates_lifetime": 46365.5,
                "diff_num_grad_updates_vs_sampler_policy": 164.5
            },
            "policy_2": {
                "learner_stats": {
                    "allreduce_latency": 0.0,
                    "grad_gnorm": 4.65657901763916,
                    "cur_kl_coeff": 0.19999999999999996,
                    "cur_lr": 5e-05,
                    "total_loss": 4.286189447749745,
                    "policy_loss": -0.06751682731238279,
                    "vf_loss": 4.459017756490996,
                    "vf_explained_var": -0.028241643399903267,
                    "kl": 0.010997170490055627,
                    "entropy": 1.0751088857650757,
                    "entropy_coeff": 0.09999999999999998
                },
                "model": {},
                "custom_metrics": {},
                "num_agent_steps_trained": 120.9090909090909,
                "num_grad_updates_lifetime": 46365.5,
                "diff_num_grad_updates_vs_sampler_policy": 164.5
            }
        },
        "num_env_steps_sampled": 564000,
        "num_env_steps_trained": 564000,
        "num_agent_steps_sampled": 563998,
        "num_agent_steps_trained": 563998
    },
    "env_runners": {
        "episode_reward_max": -141.0,
        "episode_reward_min": -629.0,
        "episode_reward_mean": -420.33,
        "episode_len_mean": 359.76,
        "episode_media": {},
        "episodes_timesteps_total": 35976,
        "policy_reward_min": {
            "policy_0": -360.0,
            "policy_1": -325.0,
            "policy_2": -365.0
        },
        "policy_reward_max": {
            "policy_0": -5.0,
            "policy_1": -13.0,
            "policy_2": -30.0
        },
        "policy_reward_mean": {
            "policy_0": -124.03,
            "policy_1": -114.82,
            "policy_2": -181.48
        },
        "custom_metrics": {},
        "hist_stats": {
            "episode_reward": [
                -289.0,
                -395.0,
                -468.0,
                -510.0,
                -360.0,
                -333.0,
                -267.0,
                -476.0,
                -436.0,
                -346.0,
                -451.0,
                -462.0,
                -445.0,
                -491.0,
                -415.0,
                -395.0,
                -459.0,
                -437.0,
                -381.0,
                -333.0,
                -592.0,
                -516.0,
                -344.0,
                -403.0,
                -415.0,
                -355.0,
                -545.0,
                -515.0,
                -454.0,
                -333.0,
                -375.0,
                -530.0,
                -343.0,
                -456.0,
                -449.0,
                -347.0,
                -457.0,
                -356.0,
                -382.0,
                -317.0,
                -599.0,
                -486.0,
                -459.0,
                -413.0,
                -436.0,
                -548.0,
                -463.0,
                -451.0,
                -395.0,
                -474.0,
                -523.0,
                -396.0,
                -232.0,
                -448.0,
                -438.0,
                -307.0,
                -629.0,
                -226.0,
                -453.0,
                -454.0,
                -410.0,
                -493.0,
                -364.0,
                -519.0,
                -263.0,
                -521.0,
                -468.0,
                -423.0,
                -457.0,
                -448.0,
                -474.0,
                -429.0,
                -378.0,
                -281.0,
                -538.0,
                -443.0,
                -477.0,
                -435.0,
                -249.0,
                -373.0,
                -460.0,
                -284.0,
                -237.0,
                -498.0,
                -322.0,
                -542.0,
                -293.0,
                -576.0,
                -412.0,
                -506.0,
                -336.0,
                -464.0,
                -485.0,
                -521.0,
                -319.0,
                -469.0,
                -141.0,
                -464.0,
                -289.0,
                -509.0
            ],