{
    "custom_metrics": {},
    "episode_media": {},
    "info": {
        "learner": {
            "policy_0": {
                "learner_stats": {
                    "allreduce_latency": 0.0,
                    "grad_gnorm": 3.025657892227173,
                    "cur_kl_coeff": 0.2672240837442896,
                    "cur_lr": 5e-05,
                    "total_loss": 3.1817174077034,
                    "policy_loss": -0.05008545037302555,
                    "vf_loss": 3.2286287398049325,
                    "vf_explained_var": 0.14337585550366025,
                    "kl": 0.018345016552151122,
                    "entropy": 0.1728118344012535,
                    "entropy_coeff": 0.01
                },
                "model": {},
                "custom_metrics": {},
                "num_agent_steps_trained": 121.18181818181819,
                "num_grad_updates_lifetime": 277365.5,
                "diff_num_grad_updates_vs_sampler_policy": 164.5
            },
            "policy_1": {
                "learner_stats": {
                    "allreduce_latency": 0.0,
                    "grad_gnorm": 2.9343059062957764,
                    "cur_kl_coeff": 0.40545730590820295,
                    "cur_lr": 5e-05,
                    "total_loss": 3.3322795748710634,
                    "policy_loss": -0.07008941482936004,
                    "vf_loss": 3.430418647780563,
                    "vf_explained_var": 0.14892049540172925,
                    "kl": 0.010612168834471894,
                    "entropy": 0.6470487106930126,
                    "entropy_coeff": 0.04999999999999999
                },
                "model": {},
                "custom_metrics": {},
                "num_agent_steps_trained": 121.0909090909091,
                "num_grad_updates_lifetime": 277365.5,
                "diff_num_grad_updates_vs_sampler_policy": 164.5
            },
            "policy_2": {
                "learner_stats": {
                    "allreduce_latency": 0.0,
                    "grad_gnorm": 3.2515790462493896,
                    "cur_kl_coeff": 0.3796875000000002,
                    "cur_lr": 5e-05,
                    "total_loss": 3.3709510441982387,
                    "policy_loss": -0.09498875738883561,
                    "vf_loss": 3.5846632733489527,
                    "vf_explained_var": 0.08984912904826077,
                    "kl": 0.01665105328090684,
                    "entropy": 1.2504566954843925,
                    "entropy_coeff": 0.09999999999999998
                },
                "model": {},
                "custom_metrics": {},
                "num_agent_steps_trained": 121.36363636363636,
                "num_grad_updates_lifetime": 277365.5,
                "diff_num_grad_updates_vs_sampler_policy": 164.5
            }
        },
        "num_env_steps_sampled": 3364000,
        "num_env_steps_trained": 3364000,
        "num_agent_steps_sampled": 3363998,
        "num_agent_steps_trained": 3363998
    },
    "env_runners": {
        "episode_reward_max": -38.0,
        "episode_reward_min": -728.0,
        "episode_reward_mean": -424.05,
        "episode_len_mean": 501.12,
        "episode_media": {},
        "episodes_timesteps_total": 50112,
        "policy_reward_min": {
            "policy_2": -475.0,
            "policy_0": -495.0,
            "policy_1": -440.0
        },
        "policy_reward_max": {
            "policy_2": -5.0,
            "policy_0": 15.0,
            "policy_1": -13.0
        },
        "policy_reward_mean": {
            "policy_2": -167.0,
            "policy_0": -130.01,
            "policy_1": -127.04
        },
        "custom_metrics": {},
        "hist_stats": {
            "episode_reward": [
                -586.0,
                -525.0,
                -320.0,
                -456.0,
                -458.0,
                -447.0,
                -581.0,
                -513.0,
                -418.0,
                -507.0,
                -520.0,
                -499.0,
                -526.0,
                -477.0,
                -518.0,
                -374.0,
                -599.0,
                -594.0,
                -365.0,
                -487.0,
                -264.0,
                -377.0,
                -540.0,
                -378.0,
                -417.0,
                -123.0,
                -526.0,
                -298.0,
                -580.0,
                -329.0,
                -403.0,
                -450.0,
                -453.0,
                -447.0,
                -546.0,
                -260.0,
                -329.0,
                -430.0,
                -419.0,
                -493.0,
                -454.0,
                -495.0,
                -402.0,
                -481.0,
                -300.0,
                -728.0,
                -489.0,
                -470.0,
                -470.0,
                -356.0,
                -502.0,
                -300.0,
                -516.0,
                -453.0,
                -332.0,
                -191.0,
                -200.0,
                -141.0,
                -174.0,
                -539.0,
                -572.0,
                -521.0,
                -253.0,
                -38.0,
                -472.0,
                -461.0,
                -545.0,
                -724.0,
                -401.0,
                -415.0,
                -131.0,
                -496.0,
                -530.0,
                -555.0,
                -514.0,
                -431.0,
                -567.0,
                -465.0,
                -504.0,
                -440.0,
                -388.0,
                -530.0,
                -499.0,
                -354.0,
                -493.0,
                -463.0,
                -126.0,
                -303.0,
                -255.0,
                -354.0,
                -492.0,
                -517.0,
                -380.0,
                -40.0,
                -436.0,
                -589.0,
                -521.0,
                -337.0,
                -109.0,
                -359.0
            ],