{
    "custom_metrics": {},
    "episode_media": {},
    "info": {
        "learner": {
            "policy_0": {
                "learner_stats": {
                    "allreduce_latency": 0.0,
                    "grad_gnorm": 5.49130916595459,
                    "cur_kl_coeff": 0.21357421875,
                    "cur_lr": 5e-05,
                    "total_loss": 3.5388771230524236,
                    "policy_loss": -0.06250087353189222,
                    "vf_loss": 3.6032274376262317,
                    "vf_explained_var": -0.01938093051765904,
                    "kl": 0.01105000643543957,
                    "entropy": 0.4209459759069212,
                    "entropy_coeff": 0.01
                },
                "model": {},
                "custom_metrics": {},
                "num_agent_steps_trained": 121.27272727272727,
                "num_grad_updates_lifetime": 89265.5,
                "diff_num_grad_updates_vs_sampler_policy": 164.5
            },
            "policy_1": {
                "learner_stats": {
                    "allreduce_latency": 0.0,
                    "grad_gnorm": 3.4170444011688232,
                    "cur_kl_coeff": 0.3,
                    "cur_lr": 5e-05,
                    "total_loss": 2.717919560995969,
                    "policy_loss": -0.05310751045348518,
                    "vf_loss": 2.8230093081792194,
                    "vf_explained_var": -0.0031047223192272764,
                    "kl": 0.008361467342253777,
                    "entropy": 1.0898132786606298,
                    "entropy_coeff": 0.04999999999999999
                },
                "model": {},
                "custom_metrics": {},
                "num_agent_steps_trained": 121.36363636363636,
                "num_grad_updates_lifetime": 89265.5,
                "diff_num_grad_updates_vs_sampler_policy": 164.5
            },
            "policy_2": {
                "learner_stats": {
                    "allreduce_latency": 0.0,
                    "grad_gnorm": 2.5000998973846436,
                    "cur_kl_coeff": 0.3,
                    "cur_lr": 5e-05,
                    "total_loss": 5.351679446480491,
                    "policy_loss": -0.08491520797128253,
                    "vf_loss": 5.55626670664007,
                    "vf_explained_var": -0.0014141183910947857,
                    "kl": 0.014376820693899076,
                    "entropy": 1.2398509563821736,
                    "entropy_coeff": 0.09999999999999998
                },
                "model": {},
                "custom_metrics": {},
                "num_agent_steps_trained": 121.0,
                "num_grad_updates_lifetime": 89265.5,
                "diff_num_grad_updates_vs_sampler_policy": 164.5
            }
        },
        "num_env_steps_sampled": 1084000,
        "num_env_steps_trained": 1084000,
        "num_agent_steps_sampled": 1083998,
        "num_agent_steps_trained": 1083998
    },
    "env_runners": {
        "episode_reward_max": -87.0,
        "episode_reward_min": -621.0,
        "episode_reward_mean": -412.26,
        "episode_len_mean": 384.86,
        "episode_media": {},
        "episodes_timesteps_total": 38486,
        "policy_reward_min": {
            "policy_1": -365.0,
            "policy_2": -385.0,
            "policy_0": -405.0
        },
        "policy_reward_max": {
            "policy_1": -10.0,
            "policy_2": -20.0,
            "policy_0": -8.0
        },
        "policy_reward_mean": {
            "policy_1": -139.58,
            "policy_2": -148.18,
            "policy_0": -124.5
        },
        "custom_metrics": {},
        "hist_stats": {
            "episode_reward": [
                -440.0,
                -516.0,
                -471.0,
                -376.0,
                -411.0,
                -286.0,
                -445.0,
                -497.0,
                -430.0,
                -553.0,
                -411.0,
                -375.0,
                -387.0,
                -307.0,
                -499.0,
                -427.0,
                -265.0,
                -599.0,
                -470.0,
                -425.0,
                -559.0,
                -418.0,
                -449.0,
                -496.0,
                -405.0,
                -210.0,
                -208.0,
                -517.0,
                -539.0,
                -356.0,
                -327.0,
                -575.0,
                -338.0,
                -176.0,
                -299.0,
                -568.0,
                -438.0,
                -418.0,
                -560.0,
                -534.0,
                -486.0,
                -482.0,
                -497.0,
                -384.0,
                -219.0,
                -204.0,
                -421.0,
                -470.0,
                -474.0,
                -480.0,
                -523.0,
                -426.0,
                -363.0,
                -423.0,
                -490.0,
                -407.0,
                -307.0,
                -545.0,
                -405.0,
                -469.0,
                -442.0,
                -164.0,
                -495.0,
                -409.0,
                -281.0,
                -621.0,
                -445.0,
                -330.0,
                -433.0,
                -354.0,
                -426.0,
                -522.0,
                -452.0,
                -525.0,
                -414.0,
                -520.0,
                -304.0,
                -353.0,
                -285.0,
                -288.0,
                -208.0,
                -493.0,
                -522.0,
                -87.0,
                -583.0,
                -358.0,
                -365.0,
                -466.0,
                -483.0,
                -191.0,
                -335.0,
                -562.0,
                -209.0,
                -382.0,
                -404.0,
                -488.0,
                -305.0,
                -456.0,
                -268.0,
                -543.0
            ],