{
    "custom_metrics": {},
    "episode_media": {},
    "info": {
        "learner": {
            "policy_0": {
                "learner_stats": {
                    "allreduce_latency": 0.0,
                    "grad_gnorm": 2.9057579040527344,
                    "cur_kl_coeff": 0.2847656249999999,
                    "cur_lr": 5e-05,
                    "total_loss": 1.9622682013294914,
                    "policy_loss": -0.04250980726739561,
                    "vf_loss": 2.004754291519974,
                    "vf_explained_var": -0.005460104617205533,
                    "kl": 0.004414530527931049,
                    "entropy": 0.12333802691463268,
                    "entropy_coeff": 0.01
                },
                "model": {},
                "custom_metrics": {},
                "num_agent_steps_trained": 121.27272727272727,
                "num_grad_updates_lifetime": 82665.5,
                "diff_num_grad_updates_vs_sampler_policy": 164.5
            },
            "policy_1": {
                "learner_stats": {
                    "allreduce_latency": 0.0,
                    "grad_gnorm": 2.411489963531494,
                    "cur_kl_coeff": 0.3,
                    "cur_lr": 5e-05,
                    "total_loss": 1.8881620004321589,
                    "policy_loss": -0.059777441905867874,
                    "vf_loss": 1.995709203228806,
                    "vf_explained_var": -0.009770895856799501,
                    "kl": 0.010550388872653095,
                    "entropy": 1.018697147658377,
                    "entropy_coeff": 0.04999999999999999
                },
                "model": {},
                "custom_metrics": {},
                "num_agent_steps_trained": 121.27272727272727,
                "num_grad_updates_lifetime": 82665.5,
                "diff_num_grad_updates_vs_sampler_policy": 164.5
            },
            "policy_2": {
                "learner_stats": {
                    "allreduce_latency": 0.0,
                    "grad_gnorm": 2.7240893840789795,
                    "cur_kl_coeff": 0.19999999999999996,
                    "cur_lr": 5e-05,
                    "total_loss": 2.029693950667526,
                    "policy_loss": -0.07057039082900508,
                    "vf_loss": 2.2110904852549234,
                    "vf_explained_var": 0.09152960325732376,
                    "kl": 0.022255006637015923,
                    "entropy": 1.152771471305327,
                    "entropy_coeff": 0.09999999999999998
                },
                "model": {},
                "custom_metrics": {},
                "num_agent_steps_trained": 121.0909090909091,
                "num_grad_updates_lifetime": 82665.5,
                "diff_num_grad_updates_vs_sampler_policy": 164.5
            }
        },
        "num_env_steps_sampled": 1004000,
        "num_env_steps_trained": 1004000,
        "num_agent_steps_sampled": 1003998,
        "num_agent_steps_trained": 1003998
    },
    "env_runners": {
        "episode_reward_max": -169.0,
        "episode_reward_min": -668.0,
        "episode_reward_mean": -408.53,
        "episode_len_mean": 522.42,
        "episode_media": {},
        "episodes_timesteps_total": 52242,
        "policy_reward_min": {
            "policy_0": -445.0,
            "policy_1": -385.0,
            "policy_2": -390.0
        },
        "policy_reward_max": {
            "policy_0": 1.0,
            "policy_1": -19.0,
            "policy_2": -25.0
        },
        "policy_reward_mean": {
            "policy_0": -126.52,
            "policy_1": -118.19,
            "policy_2": -163.82
        },
        "custom_metrics": {},
        "hist_stats": {
            "episode_reward": [
                -284.0,
                -587.0,
                -382.0,
                -296.0,
                -374.0,
                -347.0,
                -314.0,
                -315.0,
                -182.0,
                -473.0,
                -247.0,
                -380.0,
                -438.0,
                -514.0,
                -384.0,
                -293.0,
                -370.0,
                -601.0,
                -504.0,
                -612.0,
                -569.0,
                -377.0,
                -301.0,
                -302.0,
                -494.0,
                -424.0,
                -337.0,
                -423.0,
                -570.0,
                -436.0,
                -511.0,
                -392.0,
                -482.0,
                -668.0,
                -232.0,
                -319.0,
                -428.0,
                -387.0,
                -245.0,
                -383.0,
                -322.0,
                -356.0,
                -411.0,
                -383.0,
                -474.0,
                -304.0,
                -526.0,
                -513.0,
                -395.0,
                -419.0,
                -611.0,
                -465.0,
                -169.0,
                -312.0,
                -174.0,
                -528.0,
                -394.0,
                -406.0,
                -405.0,
                -403.0,
                -494.0,
                -471.0,
                -430.0,
                -438.0,
                -557.0,
                -400.0,
                -480.0,
                -457.0,
                -326.0,
                -315.0,
                -489.0,
                -527.0,
                -519.0,
                -378.0,
                -310.0,
                -499.0,
                -412.0,
                -620.0,
                -465.0,
                -225.0,
                -582.0,
                -309.0,
                -472.0,
                -348.0,
                -172.0,
                -316.0,
                -451.0,
                -322.0,
                -451.0,
                -469.0,
                -493.0,
                -488.0,
                -378.0,
                -521.0,
                -301.0,
                -582.0,
                -252.0,
                -486.0,
                -196.0,
                -305.0
            ],