{
    "custom_metrics": {},
    "episode_media": {},
    "info": {
        "learner": {
            "policy_0": {
                "learner_stats": {
                    "allreduce_latency": 0.0,
                    "grad_gnorm": 4.224639892578125,
                    "cur_kl_coeff": 0.106787109375,
                    "cur_lr": 5e-05,
                    "total_loss": 8.265938631693523,
                    "policy_loss": -0.0869017909167076,
                    "vf_loss": 8.359285460096418,
                    "vf_explained_var": -0.01922307556325739,
                    "kl": 0.01774797292925865,
                    "entropy": 0.8340329096172795,
                    "entropy_coeff": 0.01
                },
                "model": {},
                "custom_metrics": {},
                "num_agent_steps_trained": 121.27272727272727,
                "num_grad_updates_lifetime": 105765.5,
                "diff_num_grad_updates_vs_sampler_policy": 164.5
            },
            "policy_1": {
                "learner_stats": {
                    "allreduce_latency": 0.0,
                    "grad_gnorm": 2.350592851638794,
                    "cur_kl_coeff": 0.3,
                    "cur_lr": 5e-05,
                    "total_loss": 8.057029123017282,
                    "policy_loss": -0.10530550361215843,
                    "vf_loss": 8.219764579426158,
                    "vf_explained_var": -0.014475273182897857,
                    "kl": 0.018679686992742486,
                    "entropy": 1.2606770941705414,
                    "entropy_coeff": 0.04999999999999999
                },
                "model": {},
                "custom_metrics": {},
                "num_agent_steps_trained": 121.45454545454545,
                "num_grad_updates_lifetime": 105765.5,
                "diff_num_grad_updates_vs_sampler_policy": 164.5
            },
            "policy_2": {
                "learner_stats": {
                    "allreduce_latency": 0.0,
                    "grad_gnorm": 1.6195614337921143,
                    "cur_kl_coeff": 0.3,
                    "cur_lr": 5e-05,
                    "total_loss": 9.692843252239806,
                    "policy_loss": -0.09752839226557901,
                    "vf_loss": 9.925932404489227,
                    "vf_explained_var": 0.0025129255020257197,
                    "kl": 0.014763389836358342,
                    "entropy": 1.3998975179412148,
                    "entropy_coeff": 0.09999999999999998
                },
                "model": {},
                "custom_metrics": {},
                "num_agent_steps_trained": 120.9090909090909,
                "num_grad_updates_lifetime": 105765.5,
                "diff_num_grad_updates_vs_sampler_policy": 164.5
            }
        },
        "num_env_steps_sampled": 1284000,
        "num_env_steps_trained": 1284000,
        "num_agent_steps_sampled": 1283998,
        "num_agent_steps_trained": 1283998
    },
    "env_runners": {
        "episode_reward_max": -111.0,
        "episode_reward_min": -600.0,
        "episode_reward_mean": -428.31,
        "episode_len_mean": 372.08,
        "episode_media": {},
        "episodes_timesteps_total": 37208,
        "policy_reward_min": {
            "policy_2": -520.0,
            "policy_0": -405.0,
            "policy_1": -390.0
        },
        "policy_reward_max": {
            "policy_2": -19.0,
            "policy_0": 6.0,
            "policy_1": -7.0
        },
        "policy_reward_mean": {
            "policy_2": -186.86,
            "policy_0": -87.88,
            "policy_1": -153.57
        },
        "custom_metrics": {},
        "hist_stats": {
            "episode_reward": [
                -513.0,
                -560.0,
                -400.0,
                -524.0,
                -407.0,
                -282.0,
                -341.0,
                -555.0,
                -594.0,
                -432.0,
                -453.0,
                -279.0,
                -478.0,
                -346.0,
                -404.0,
                -501.0,
                -527.0,
                -320.0,
                -530.0,
                -228.0,
                -572.0,
                -376.0,
                -593.0,
                -346.0,
                -526.0,
                -417.0,
                -521.0,
                -383.0,
                -391.0,
                -502.0,
                -484.0,
                -346.0,
                -359.0,
                -448.0,
                -534.0,
                -525.0,
                -455.0,
                -330.0,
                -202.0,
                -357.0,
                -460.0,
                -239.0,
                -392.0,
                -449.0,
                -558.0,
                -454.0,
                -357.0,
                -416.0,
                -600.0,
                -111.0,
                -482.0,
                -421.0,
                -570.0,
                -344.0,
                -326.0,
                -396.0,
                -399.0,
                -452.0,
                -385.0,
                -399.0,
                -529.0,
                -152.0,
                -481.0,
                -280.0,
                -452.0,
                -333.0,
                -493.0,
                -346.0,
                -549.0,
                -402.0,
                -524.0,
                -584.0,
                -511.0,
                -568.0,
                -512.0,
                -454.0,
                -449.0,
                -457.0,
                -382.0,
                -429.0,
                -273.0,
                -445.0,
                -297.0,
                -391.0,
                -442.0,
                -353.0,
                -410.0,
                -405.0,
                -283.0,
                -436.0,
                -454.0,
                -437.0,
                -423.0,
                -550.0,
                -529.0,
                -427.0,
                -510.0,
                -438.0,
                -426.0,
                -464.0
            ],