{
    "custom_metrics": {},
    "episode_media": {},
    "info": {
        "learner": {
            "policy_0": {
                "learner_stats": {
                    "allreduce_latency": 0.0,
                    "grad_gnorm": 4.261681079864502,
                    "cur_kl_coeff": 0.19999999999999996,
                    "cur_lr": 5e-05,
                    "total_loss": 7.351684927217888,
                    "policy_loss": -0.06803202669305558,
                    "vf_loss": 7.428462301601063,
                    "vf_explained_var": -0.0157596028212345,
                    "kl": 0.01233592710025025,
                    "entropy": 1.121256944627473,
                    "entropy_coeff": 0.01
                },
                "model": {},
                "custom_metrics": {},
                "num_agent_steps_trained": 121.45454545454545,
                "num_grad_updates_lifetime": 19965.5,
                "diff_num_grad_updates_vs_sampler_policy": 164.5
            },
            "policy_1": {
                "learner_stats": {
                    "allreduce_latency": 0.0,
                    "grad_gnorm": 1.7313354015350342,
                    "cur_kl_coeff": 0.19999999999999996,
                    "cur_lr": 5e-05,
                    "total_loss": 8.505597670873007,
                    "policy_loss": -0.06970463222753483,
                    "vf_loss": 8.630880689620971,
                    "vf_explained_var": 0.0031648068717031767,
                    "kl": 0.01523766917571578,
                    "entropy": 1.1725186976519497,
                    "entropy_coeff": 0.04999999999999999
                },
                "model": {},
                "custom_metrics": {},
                "num_agent_steps_trained": 120.9090909090909,
                "num_grad_updates_lifetime": 19965.5,
                "diff_num_grad_updates_vs_sampler_policy": 164.5
            },
            "policy_2": {
                "learner_stats": {
                    "allreduce_latency": 0.0,
                    "grad_gnorm": 1.8651572465896606,
                    "cur_kl_coeff": 0.19999999999999996,
                    "cur_lr": 5e-05,
                    "total_loss": 8.856104595010931,
                    "policy_loss": -0.08152633545899086,
                    "vf_loss": 9.074126599051736,
                    "vf_explained_var": -0.008054645133740974,
                    "kl": 0.013098842201165098,
                    "entropy": 1.3911545598145687,
                    "entropy_coeff": 0.09999999999999998
                },
                "model": {},
                "custom_metrics": {},
                "num_agent_steps_trained": 121.27272727272727,
                "num_grad_updates_lifetime": 19965.5,
                "diff_num_grad_updates_vs_sampler_policy": 164.5
            }
        },
        "num_env_steps_sampled": 244000,
        "num_env_steps_trained": 244000,
        "num_agent_steps_sampled": 243998,
        "num_agent_steps_trained": 243998
    },
    "env_runners": {
        "episode_reward_max": -229.0,
        "episode_reward_min": -621.0,
        "episode_reward_mean": -414.61,
        "episode_len_mean": 386.42,
        "episode_media": {},
        "episodes_timesteps_total": 38642,
        "policy_reward_min": {
            "policy_1": -385.0,
            "policy_2": -395.0,
            "policy_0": -345.0
        },
        "policy_reward_max": {
            "policy_1": -11.0,
            "policy_2": -28.0,
            "policy_0": -18.0
        },
        "policy_reward_mean": {
            "policy_1": -139.0,
            "policy_2": -173.23,
            "policy_0": -102.38
        },
        "custom_metrics": {},
        "hist_stats": {
            "episode_reward": [
                -360.0,
                -463.0,
                -337.0,
                -359.0,
                -503.0,
                -412.0,
                -543.0,
                -395.0,
                -449.0,
                -446.0,
                -453.0,
                -360.0,
                -453.0,
                -509.0,
                -561.0,
                -435.0,
                -517.0,
                -504.0,
                -334.0,
                -493.0,
                -420.0,
                -434.0,
                -374.0,
                -484.0,
                -463.0,
                -467.0,
                -404.0,
                -475.0,
                -299.0,
                -411.0,
                -264.0,
                -381.0,
                -413.0,
                -570.0,
                -241.0,
                -399.0,
                -570.0,
                -336.0,
                -482.0,
                -433.0,
                -420.0,
                -282.0,
                -407.0,
                -411.0,
                -460.0,
                -372.0,
                -342.0,
                -240.0,
                -265.0,
                -362.0,
                -422.0,
                -284.0,
                -474.0,
                -439.0,
                -565.0,
                -473.0,
                -359.0,
                -344.0,
                -360.0,
                -321.0,
                -621.0,
                -565.0,
                -516.0,
                -476.0,
                -323.0,
                -342.0,
                -499.0,
                -477.0,
                -269.0,
                -398.0,
                -523.0,
                -539.0,
                -408.0,
                -509.0,
                -259.0,
                -406.0,
                -499.0,
                -453.0,
                -478.0,
                -415.0,
                -459.0,
                -299.0,
                -229.0,
                -507.0,
                -497.0,
                -501.0,
                -307.0,
                -483.0,
                -432.0,
                -465.0,
                -233.0,
                -363.0,
                -471.0,
                -314.0,
                -438.0,
                -427.0,
                -326.0,
                -292.0,
                -256.0,
                -379.0
            ],