{
    "custom_metrics": {},
    "episode_media": {},
    "info": {
        "learner": {
            "policy_0": {
                "learner_stats": {
                    "allreduce_latency": 0.0,
                    "grad_gnorm": 3.1081812381744385,
                    "cur_kl_coeff": 0.3,
                    "cur_lr": 5e-05,
                    "total_loss": 8.76970535769607,
                    "policy_loss": -0.06701779283413833,
                    "vf_loss": 8.841621764500935,
                    "vf_explained_var": 0.03927747661417181,
                    "kl": 0.012081191428470132,
                    "entropy": 0.8522954575943225,
                    "entropy_coeff": 0.01
                },
                "model": {},
                "custom_metrics": {},
                "num_agent_steps_trained": 121.18181818181819,
                "num_grad_updates_lifetime": 34815.5,
                "diff_num_grad_updates_vs_sampler_policy": 164.5
            },
            "policy_1": {
                "learner_stats": {
                    "allreduce_latency": 0.0,
                    "grad_gnorm": 4.486155033111572,
                    "cur_kl_coeff": 0.19999999999999996,
                    "cur_lr": 5e-05,
                    "total_loss": 6.021693260019476,
                    "policy_loss": -0.0687643046236851,
                    "vf_loss": 6.146173156391491,
                    "vf_explained_var": 0.08246827540975628,
                    "kl": 0.01169183230597912,
                    "entropy": 1.1610795866359365,
                    "entropy_coeff": 0.04999999999999999
                },
                "model": {},
                "custom_metrics": {},
                "num_agent_steps_trained": 121.45454545454545,
                "num_grad_updates_lifetime": 34815.5,
                "diff_num_grad_updates_vs_sampler_policy": 164.5
            },
            "policy_2": {
                "learner_stats": {
                    "allreduce_latency": 0.0,
                    "grad_gnorm": 2.530655860900879,
                    "cur_kl_coeff": 0.19999999999999996,
                    "cur_lr": 5e-05,
                    "total_loss": 8.646380697597158,
                    "policy_loss": -0.07594988055132104,
                    "vf_loss": 8.856132432186243,
                    "vf_explained_var": 0.027522455562244762,
                    "kl": 0.016180394524683332,
                    "entropy": 1.3703793186129947,
                    "entropy_coeff": 0.09999999999999998
                },
                "model": {},
                "custom_metrics": {},
                "num_agent_steps_trained": 121.0,
                "num_grad_updates_lifetime": 34815.5,
                "diff_num_grad_updates_vs_sampler_policy": 164.5
            }
        },
        "num_env_steps_sampled": 424000,
        "num_env_steps_trained": 424000,
        "num_agent_steps_sampled": 423998,
        "num_agent_steps_trained": 423998
    },
    "env_runners": {
        "episode_reward_max": -139.0,
        "episode_reward_min": -652.0,
        "episode_reward_mean": -411.23,
        "episode_len_mean": 410.48,
        "episode_media": {},
        "episodes_timesteps_total": 41048,
        "policy_reward_min": {
            "policy_0": -420.0,
            "policy_1": -390.0,
            "policy_2": -445.0
        },
        "policy_reward_max": {
            "policy_0": -7.0,
            "policy_1": -17.0,
            "policy_2": -15.0
        },
        "policy_reward_mean": {
            "policy_0": -121.32,
            "policy_1": -110.71,
            "policy_2": -179.2
        },
        "custom_metrics": {},
        "hist_stats": {
            "episode_reward": [
                -363.0,
                -307.0,
                -581.0,
                -368.0,
                -441.0,
                -494.0,
                -522.0,
                -526.0,
                -508.0,
                -454.0,
                -483.0,
                -463.0,
                -436.0,
                -318.0,
                -514.0,
                -433.0,
                -471.0,
                -354.0,
                -262.0,
                -481.0,
                -257.0,
                -489.0,
                -395.0,
                -429.0,
                -544.0,
                -494.0,
                -251.0,
                -203.0,
                -391.0,
                -464.0,
                -394.0,
                -514.0,
                -304.0,
                -359.0,
                -400.0,
                -390.0,
                -238.0,
                -326.0,
                -386.0,
                -509.0,
                -453.0,
                -319.0,
                -437.0,
                -453.0,
                -385.0,
                -404.0,
                -269.0,
                -513.0,
                -462.0,
                -402.0,
                -524.0,
                -470.0,
                -463.0,
                -505.0,
                -456.0,
                -588.0,
                -458.0,
                -363.0,
                -652.0,
                -413.0,
                -346.0,
                -383.0,
                -212.0,
                -449.0,
                -336.0,
                -240.0,
                -307.0,
                -343.0,
                -325.0,
                -343.0,
                -506.0,
                -333.0,
                -504.0,
                -414.0,
                -424.0,
                -458.0,
                -317.0,
                -397.0,
                -396.0,
                -303.0,
                -479.0,
                -442.0,
                -510.0,
                -404.0,
                -336.0,
                -487.0,
                -583.0,
                -502.0,
                -319.0,
                -589.0,
                -464.0,
                -300.0,
                -353.0,
                -139.0,
                -319.0,
                -361.0,
                -392.0,
                -413.0,
                -341.0,
                -549.0
            ],