{
    "custom_metrics": {},
    "episode_media": {},
    "info": {
        "learner": {
            "policy_0": {
                "learner_stats": {
                    "allreduce_latency": 0.0,
                    "grad_gnorm": 7.8137664794921875,
                    "cur_kl_coeff": 0.1407600111904077,
                    "cur_lr": 5e-05,
                    "total_loss": 2.1508455813156835,
                    "policy_loss": -0.03971366412994085,
                    "vf_loss": 2.1914116462071735,
                    "vf_explained_var": -0.009578445282849398,
                    "kl": 0.003032744849463,
                    "entropy": 0.12792822802157114,
                    "entropy_coeff": 0.01
                },
                "model": {},
                "custom_metrics": {},
                "num_agent_steps_trained": 121.27272727272727,
                "num_grad_updates_lifetime": 267465.5,
                "diff_num_grad_updates_vs_sampler_policy": 164.5
            },
            "policy_1": {
                "learner_stats": {
                    "allreduce_latency": 0.0,
                    "grad_gnorm": 3.05777645111084,
                    "cur_kl_coeff": 0.2703048706054688,
                    "cur_lr": 5e-05,
                    "total_loss": 2.1446125236424534,
                    "policy_loss": -0.051780869848461766,
                    "vf_loss": 2.2334622281970398,
                    "vf_explained_var": 0.0010536257064703738,
                    "kl": 0.00739640266449751,
                    "entropy": 0.7813622375329335,
                    "entropy_coeff": 0.04999999999999999
                },
                "model": {},
                "custom_metrics": {},
                "num_agent_steps_trained": 121.27272727272727,
                "num_grad_updates_lifetime": 267465.5,
                "diff_num_grad_updates_vs_sampler_policy": 164.5
            },
            "policy_2": {
                "learner_stats": {
                    "allreduce_latency": 0.0,
                    "grad_gnorm": 1.405264973640442,
                    "cur_kl_coeff": 0.3796875000000002,
                    "cur_lr": 5e-05,
                    "total_loss": 1.948071632601998,
                    "policy_loss": -0.06690510231154886,
                    "vf_loss": 2.1247899275837523,
                    "vf_explained_var": 0.008781142126430165,
                    "kl": 0.010040650320512802,
                    "entropy": 1.1362551228566604,
                    "entropy_coeff": 0.09999999999999998
                },
                "model": {},
                "custom_metrics": {},
                "num_agent_steps_trained": 121.0909090909091,
                "num_grad_updates_lifetime": 267465.5,
                "diff_num_grad_updates_vs_sampler_policy": 164.5
            }
        },
        "num_env_steps_sampled": 3244000,
        "num_env_steps_trained": 3244000,
        "num_agent_steps_sampled": 3243998,
        "num_agent_steps_trained": 3243998
    },
    "env_runners": {
        "episode_reward_max": -39.0,
        "episode_reward_min": -635.0,
        "episode_reward_mean": -401.84,
        "episode_len_mean": 634.46,
        "episode_media": {},
        "episodes_timesteps_total": 63446,
        "policy_reward_min": {
            "policy_0": -370.0,
            "policy_1": -365.0,
            "policy_2": -400.0
        },
        "policy_reward_max": {
            "policy_0": -5.0,
            "policy_1": -5.0,
            "policy_2": -10.0
        },
        "policy_reward_mean": {
            "policy_0": -107.66,
            "policy_1": -143.02,
            "policy_2": -151.16
        },
        "custom_metrics": {},
        "hist_stats": {
            "episode_reward": [
                -267.0,
                -239.0,
                -469.0,
                -437.0,
                -443.0,
                -124.0,
                -635.0,
                -243.0,
                -415.0,
                -471.0,
                -239.0,
                -533.0,
                -410.0,
                -328.0,
                -247.0,
                -448.0,
                -84.0,
                -481.0,
                -489.0,
                -474.0,
                -451.0,
                -51.0,
                -221.0,
                -497.0,
                -592.0,
                -148.0,
                -360.0,
                -504.0,
                -455.0,
                -72.0,
                -445.0,
                -378.0,
                -344.0,
                -349.0,
                -506.0,
                -500.0,
                -278.0,
                -614.0,
                -470.0,
                -235.0,
                -170.0,
                -309.0,
                -410.0,
                -162.0,
                -424.0,
                -327.0,
                -343.0,
                -486.0,
                -375.0,
                -353.0,
                -531.0,
                -450.0,
                -490.0,
                -388.0,
                -429.0,
                -498.0,
                -470.0,
                -249.0,
                -323.0,
                -536.0,
                -329.0,
                -491.0,
                -593.0,
                -39.0,
                -413.0,
                -432.0,
                -352.0,
                -381.0,
                -485.0,
                -539.0,
                -307.0,
                -530.0,
                -486.0,
                -449.0,
                -566.0,
                -569.0,
                -421.0,
                -488.0,
                -442.0,
                -369.0,
                -357.0,
                -399.0,
                -555.0,
                -450.0,
                -476.0,
                -443.0,
                -437.0,
                -435.0,
                -572.0,
                -462.0,
                -315.0,
                -299.0,
                -558.0,
                -583.0,
                -364.0,
                -521.0,
                -470.0,
                -104.0,
                -518.0,
                -516.0
            ],