{
    "custom_metrics": {},
    "episode_media": {},
    "info": {
        "learner": {
            "policy_0": {
                "learner_stats": {
                    "allreduce_latency": 0.0,
                    "grad_gnorm": 4.589112281799316,
                    "cur_kl_coeff": 0.20041806280821725,
                    "cur_lr": 5e-05,
                    "total_loss": 3.15683999747941,
                    "policy_loss": -0.0669675165307567,
                    "vf_loss": 3.225942938255541,
                    "vf_explained_var": 0.01969656673344699,
                    "kl": 0.00905675260672923,
                    "entropy": 0.3950554077372406,
                    "entropy_coeff": 0.01
                },
                "model": {},
                "custom_metrics": {},
                "num_agent_steps_trained": 121.36363636363636,
                "num_grad_updates_lifetime": 287265.5,
                "diff_num_grad_updates_vs_sampler_policy": 164.5
            },
            "policy_1": {
                "learner_stats": {
                    "allreduce_latency": 0.0,
                    "grad_gnorm": 2.1740009784698486,
                    "cur_kl_coeff": 0.40545730590820295,
                    "cur_lr": 5e-05,
                    "total_loss": 5.848092790083451,
                    "policy_loss": -0.09734023486380465,
                    "vf_loss": 5.982538262280551,
                    "vf_explained_var": -0.007472125327948368,
                    "kl": 0.014615924087130142,
                    "entropy": 0.8606274649952397,
                    "entropy_coeff": 0.04999999999999999
                },
                "model": {},
                "custom_metrics": {},
                "num_agent_steps_trained": 121.18181818181819,
                "num_grad_updates_lifetime": 287265.5,
                "diff_num_grad_updates_vs_sampler_policy": 164.5
            },
            "policy_2": {
                "learner_stats": {
                    "allreduce_latency": 0.0,
                    "grad_gnorm": 3.1968207359313965,
                    "cur_kl_coeff": 0.3796875000000002,
                    "cur_lr": 5e-05,
                    "total_loss": 5.764171816363479,
                    "policy_loss": -0.09524304453833875,
                    "vf_loss": 5.9799627824263135,
                    "vf_explained_var": -0.008086095434246642,
                    "kl": 0.012238952994070785,
                    "entropy": 1.2519490034291239,
                    "entropy_coeff": 0.09999999999999998
                },
                "model": {},
                "custom_metrics": {},
                "num_agent_steps_trained": 121.0909090909091,
                "num_grad_updates_lifetime": 287265.5,
                "diff_num_grad_updates_vs_sampler_policy": 164.5
            }
        },
        "num_env_steps_sampled": 3484000,
        "num_env_steps_trained": 3484000,
        "num_agent_steps_sampled": 3483998,
        "num_agent_steps_trained": 3483998
    },
    "env_runners": {
        "episode_reward_max": -73.0,
        "episode_reward_min": -681.0,
        "episode_reward_mean": -430.72,
        "episode_len_mean": 474.84,
        "episode_media": {},
        "episodes_timesteps_total": 47484,
        "policy_reward_min": {
            "policy_0": -420.0,
            "policy_1": -385.0,
            "policy_2": -415.0
        },
        "policy_reward_max": {
            "policy_0": -1.0,
            "policy_1": -7.0,
            "policy_2": -10.0
        },
        "policy_reward_mean": {
            "policy_0": -107.36,
            "policy_1": -132.8,
            "policy_2": -190.56
        },
        "custom_metrics": {},
        "hist_stats": {
            "episode_reward": [
                -459.0,
                -232.0,
                -478.0,
                -501.0,
                -590.0,
                -344.0,
                -558.0,
                -574.0,
                -424.0,
                -629.0,
                -208.0,
                -500.0,
                -514.0,
                -475.0,
                -438.0,
                -528.0,
                -596.0,
                -391.0,
                -304.0,
                -416.0,
                -435.0,
                -498.0,
                -442.0,
                -557.0,
                -341.0,
                -535.0,
                -562.0,
                -480.0,
                -489.0,
                -532.0,
                -534.0,
                -446.0,
                -498.0,
                -289.0,
                -354.0,
                -469.0,
                -452.0,
                -466.0,
                -412.0,
                -205.0,
                -364.0,
                -122.0,
                -272.0,
                -489.0,
                -535.0,
                -347.0,
                -470.0,
                -429.0,
                -506.0,
                -425.0,
                -564.0,
                -509.0,
                -412.0,
                -460.0,
                -353.0,
                -378.0,
                -321.0,
                -441.0,
                -381.0,
                -421.0,
                -531.0,
                -482.0,
                -315.0,
                -371.0,
                -430.0,
                -356.0,
                -400.0,
                -298.0,
                -487.0,
                -313.0,
                -211.0,
                -412.0,
                -505.0,
                -465.0,
                -437.0,
                -73.0,
                -359.0,
                -320.0,
                -476.0,
                -527.0,
                -449.0,
                -529.0,
                -489.0,
                -377.0,
                -485.0,
                -293.0,
                -618.0,
                -330.0,
                -469.0,
                -501.0,
                -300.0,
                -325.0,
                -267.0,
                -515.0,
                -577.0,
                -681.0,
                -504.0,
                -188.0,
                -583.0,
                -470.0
            ],