{
    "custom_metrics": {},
    "episode_media": {},
    "info": {
        "learner": {
            "policy_0": {
                "learner_stats": {
                    "allreduce_latency": 0.0,
                    "grad_gnorm": 2.4037206172943115,
                    "cur_kl_coeff": 0.2847656249999999,
                    "cur_lr": 5e-05,
                    "total_loss": 7.9824738430254385,
                    "policy_loss": -0.07987493833978519,
                    "vf_loss": 8.068004046064434,
                    "vf_explained_var": 0.05467613953532595,
                    "kl": 0.013113010667005633,
                    "entropy": 0.9389431975104592,
                    "entropy_coeff": 0.01
                },
                "model": {},
                "custom_metrics": {},
                "num_agent_steps_trained": 121.36363636363636,
                "num_grad_updates_lifetime": 76065.5,
                "diff_num_grad_updates_vs_sampler_policy": 164.5
            },
            "policy_1": {
                "learner_stats": {
                    "allreduce_latency": 0.0,
                    "grad_gnorm": 1.639143466949463,
                    "cur_kl_coeff": 0.3,
                    "cur_lr": 5e-05,
                    "total_loss": 9.793792033917976,
                    "policy_loss": -0.09605836712501266,
                    "vf_loss": 9.94901027101459,
                    "vf_explained_var": -0.003122532367706299,
                    "kl": 0.014884604444430639,
                    "entropy": 1.272504861427076,
                    "entropy_coeff": 0.04999999999999999
                },
                "model": {},
                "custom_metrics": {},
                "num_agent_steps_trained": 120.9090909090909,
                "num_grad_updates_lifetime": 76065.5,
                "diff_num_grad_updates_vs_sampler_policy": 164.5
            },
            "policy_2": {
                "learner_stats": {
                    "allreduce_latency": 0.0,
                    "grad_gnorm": 1.742563009262085,
                    "cur_kl_coeff": 0.19999999999999996,
                    "cur_lr": 5e-05,
                    "total_loss": 9.279515139261882,
                    "policy_loss": -0.09062423460241971,
                    "vf_loss": 9.507009650721695,
                    "vf_explained_var": -0.0075332329128727765,
                    "kl": 0.013304452818779523,
                    "entropy": 1.3953114440946868,
                    "entropy_coeff": 0.09999999999999998
                },
                "model": {},
                "custom_metrics": {},
                "num_agent_steps_trained": 121.36363636363636,
                "num_grad_updates_lifetime": 76065.5,
                "diff_num_grad_updates_vs_sampler_policy": 164.5
            }
        },
        "num_env_steps_sampled": 924000,
        "num_env_steps_trained": 924000,
        "num_agent_steps_sampled": 923998,
        "num_agent_steps_trained": 923998
    },
    "env_runners": {
        "episode_reward_max": -127.0,
        "episode_reward_min": -644.0,
        "episode_reward_mean": -425.82,
        "episode_len_mean": 452.72,
        "episode_media": {},
        "episodes_timesteps_total": 45272,
        "policy_reward_min": {
            "policy_2": -420.0,
            "policy_0": -360.0,
            "policy_1": -360.0
        },
        "policy_reward_max": {
            "policy_2": -3.0,
            "policy_0": 0.0,
            "policy_1": -10.0
        },
        "policy_reward_mean": {
            "policy_2": -166.26,
            "policy_0": -123.74,
            "policy_1": -135.82
        },
        "custom_metrics": {},
        "hist_stats": {
            "episode_reward": [
                -456.0,
                -504.0,
                -509.0,
                -386.0,
                -281.0,
                -403.0,
                -311.0,
                -406.0,
                -336.0,
                -426.0,
                -236.0,
                -536.0,
                -285.0,
                -478.0,
                -308.0,
                -311.0,
                -466.0,
                -483.0,
                -614.0,
                -523.0,
                -644.0,
                -317.0,
                -449.0,
                -158.0,
                -377.0,
                -431.0,
                -379.0,
                -356.0,
                -524.0,
                -323.0,
                -485.0,
                -498.0,
                -453.0,
                -386.0,
                -323.0,
                -474.0,
                -563.0,
                -496.0,
                -533.0,
                -406.0,
                -267.0,
                -515.0,
                -393.0,
                -485.0,
                -440.0,
                -408.0,
                -449.0,
                -406.0,
                -511.0,
                -560.0,
                -520.0,
                -550.0,
                -434.0,
                -423.0,
                -474.0,
                -502.0,
                -170.0,
                -425.0,
                -525.0,
                -404.0,
                -426.0,
                -490.0,
                -355.0,
                -439.0,
                -242.0,
                -451.0,
                -485.0,
                -457.0,
                -283.0,
                -332.0,
                -479.0,
                -401.0,
                -509.0,
                -409.0,
                -441.0,
                -351.0,
                -382.0,
                -439.0,
                -490.0,
                -379.0,
                -368.0,
                -127.0,
                -356.0,
                -370.0,
                -438.0,
                -527.0,
                -610.0,
                -390.0,
                -338.0,
                -457.0,
                -477.0,
                -504.0,
                -429.0,
                -373.0,
                -570.0,
                -378.0,
                -543.0,
                -475.0,
                -454.0,
                -464.0
            ],