{
    "custom_metrics": {},
    "episode_media": {},
    "info": {
        "learner": {
            "policy_0": {
                "learner_stats": {
                    "allreduce_latency": 0.0,
                    "grad_gnorm": 3.4832849502563477,
                    "cur_kl_coeff": 0.2250000000000001,
                    "cur_lr": 5e-05,
                    "total_loss": 6.380990155537924,
                    "policy_loss": -0.05370418036808119,
                    "vf_loss": 6.435844207532478,
                    "vf_explained_var": 0.05359738812302098,
                    "kl": 0.009895405034209201,
                    "entropy": 0.3376321038965023,
                    "entropy_coeff": 0.01
                },
                "model": {},
                "custom_metrics": {},
                "num_agent_steps_trained": 121.36363636363636,
                "num_grad_updates_lifetime": 56265.5,
                "diff_num_grad_updates_vs_sampler_policy": 164.5
            },
            "policy_1": {
                "learner_stats": {
                    "allreduce_latency": 0.0,
                    "grad_gnorm": 2.3947360515594482,
                    "cur_kl_coeff": 0.19999999999999996,
                    "cur_lr": 5e-05,
                    "total_loss": 5.207315780899742,
                    "policy_loss": -0.06497803904031488,
                    "vf_loss": 5.332288979039047,
                    "vf_explained_var": -0.006136024720741041,
                    "kl": 0.010540912543143377,
                    "entropy": 1.242066634423805,
                    "entropy_coeff": 0.04999999999999999
                },
                "model": {},
                "custom_metrics": {},
                "num_agent_steps_trained": 121.63636363636364,
                "num_grad_updates_lifetime": 56265.5,
                "diff_num_grad_updates_vs_sampler_policy": 164.5
            },
            "policy_2": {
                "learner_stats": {
                    "allreduce_latency": 0.0,
                    "grad_gnorm": 2.1675832271575928,
                    "cur_kl_coeff": 0.19999999999999996,
                    "cur_lr": 5e-05,
                    "total_loss": 8.10498052221356,
                    "policy_loss": -0.08034735497600526,
                    "vf_loss": 8.319518332047895,
                    "vf_explained_var": -0.02356361656477957,
                    "kl": 0.012358954496799811,
                    "entropy": 1.3666223580187018,
                    "entropy_coeff": 0.09999999999999998
                },
                "model": {},
                "custom_metrics": {},
                "num_agent_steps_trained": 120.63636363636364,
                "num_grad_updates_lifetime": 56265.5,
                "diff_num_grad_updates_vs_sampler_policy": 164.5
            }
        },
        "num_env_steps_sampled": 684000,
        "num_env_steps_trained": 684000,
        "num_agent_steps_sampled": 683998,
        "num_agent_steps_trained": 683998
    },
    "env_runners": {
        "episode_reward_max": -81.0,
        "episode_reward_min": -692.0,
        "episode_reward_mean": -435.84,
        "episode_len_mean": 399.44,
        "episode_media": {},
        "episodes_timesteps_total": 39944,
        "policy_reward_min": {
            "policy_1": -345.0,
            "policy_2": -460.0,
            "policy_0": -340.0
        },
        "policy_reward_max": {
            "policy_1": -18.0,
            "policy_2": -20.0,
            "policy_0": -1.0
        },
        "policy_reward_mean": {
            "policy_1": -122.01,
            "policy_2": -201.24,
            "policy_0": -112.59
        },
        "custom_metrics": {},
        "hist_stats": {
            "episode_reward": [
                -345.0,
                -553.0,
                -332.0,
                -401.0,
                -350.0,
                -537.0,
                -463.0,
                -422.0,
                -461.0,
                -495.0,
                -484.0,
                -563.0,
                -480.0,
                -475.0,
                -509.0,
                -441.0,
                -428.0,
                -302.0,
                -479.0,
                -458.0,
                -222.0,
                -254.0,
                -610.0,
                -457.0,
                -518.0,
                -382.0,
                -379.0,
                -344.0,
                -447.0,
                -320.0,
                -524.0,
                -420.0,
                -364.0,
                -384.0,
                -559.0,
                -356.0,
                -469.0,
                -565.0,
                -505.0,
                -92.0,
                -486.0,
                -589.0,
                -503.0,
                -412.0,
                -371.0,
                -595.0,
                -473.0,
                -502.0,
                -529.0,
                -343.0,
                -606.0,
                -336.0,
                -392.0,
                -352.0,
                -499.0,
                -555.0,
                -608.0,
                -415.0,
                -510.0,
                -475.0,
                -509.0,
                -692.0,
                -450.0,
                -480.0,
                -414.0,
                -593.0,
                -142.0,
                -390.0,
                -542.0,
                -409.0,
                -433.0,
                -464.0,
                -322.0,
                -512.0,
                -473.0,
                -395.0,
                -385.0,
                -443.0,
                -308.0,
                -573.0,
                -437.0,
                -450.0,
                -495.0,
                -544.0,
                -437.0,
                -390.0,
                -380.0,
                -320.0,
                -450.0,
                -344.0,
                -362.0,
                -410.0,
                -442.0,
                -81.0,
                -420.0,
                -442.0,
                -468.0,
                -252.0,
                -411.0,
                -420.0
            ],