{
    "custom_metrics": {},
    "episode_media": {},
    "info": {
        "learner": {
            "policy_0": {
                "learner_stats": {
                    "allreduce_latency": 0.0,
                    "grad_gnorm": 4.406439304351807,
                    "cur_kl_coeff": 0.09752963217818404,
                    "cur_lr": 5e-05,
                    "total_loss": 4.608583742199522,
                    "policy_loss": -0.06891551667667403,
                    "vf_loss": 4.679664142926534,
                    "vf_explained_var": 0.009968465566635132,
                    "kl": 0.010283703157757033,
                    "entropy": 0.31678505991444444,
                    "entropy_coeff": 0.01
                },
                "model": {},
                "custom_metrics": {},
                "num_agent_steps_trained": 121.0909090909091,
                "num_grad_updates_lifetime": 213015.5,
                "diff_num_grad_updates_vs_sampler_policy": 164.5
            },
            "policy_1": {
                "learner_stats": {
                    "allreduce_latency": 0.0,
                    "grad_gnorm": 2.4456787109375,
                    "cur_kl_coeff": 0.4271484375,
                    "cur_lr": 5e-05,
                    "total_loss": 5.261359907641555,
                    "policy_loss": -0.1054476458268861,
                    "vf_loss": 5.404688972415346,
                    "vf_explained_var": -0.006959350000728261,
                    "kl": 0.01675487823683198,
                    "entropy": 0.9007643594886318,
                    "entropy_coeff": 0.04999999999999999
                },
                "model": {},
                "custom_metrics": {},
                "num_agent_steps_trained": 121.45454545454545,
                "num_grad_updates_lifetime": 213015.5,
                "diff_num_grad_updates_vs_sampler_policy": 164.5
            },
            "policy_2": {
                "learner_stats": {
                    "allreduce_latency": 0.0,
                    "grad_gnorm": 2.062793016433716,
                    "cur_kl_coeff": 0.3374999999999999,
                    "cur_lr": 5e-05,
                    "total_loss": 3.8087101860479877,
                    "policy_loss": -0.0930877875621346,
                    "vf_loss": 4.028802744547526,
                    "vf_explained_var": -0.0039977266932978775,
                    "kl": 0.013321121094018045,
                    "entropy": 1.31500683444919,
                    "entropy_coeff": 0.09999999999999998
                },
                "model": {},
                "custom_metrics": {},
                "num_agent_steps_trained": 121.0909090909091,
                "num_grad_updates_lifetime": 213015.5,
                "diff_num_grad_updates_vs_sampler_policy": 164.5
            }
        },
        "num_env_steps_sampled": 2584000,
        "num_env_steps_trained": 2584000,
        "num_agent_steps_sampled": 2583998,
        "num_agent_steps_trained": 2583998
    },
    "env_runners": {
        "episode_reward_max": -57.0,
        "episode_reward_min": -626.0,
        "episode_reward_mean": -412.69,
        "episode_len_mean": 566.38,
        "episode_media": {},
        "episodes_timesteps_total": 56638,
        "policy_reward_min": {
            "policy_0": -365.0,
            "policy_1": -375.0,
            "policy_2": -385.0
        },
        "policy_reward_max": {
            "policy_0": -1.0,
            "policy_1": -4.0,
            "policy_2": -5.0
        },
        "policy_reward_mean": {
            "policy_0": -113.87,
            "policy_1": -116.61,
            "policy_2": -182.21
        },
        "custom_metrics": {},
        "hist_stats": {
            "episode_reward": [
                -506.0,
                -526.0,
                -184.0,
                -481.0,
                -450.0,
                -253.0,
                -379.0,
                -454.0,
                -534.0,
                -516.0,
                -515.0,
                -349.0,
                -491.0,
                -562.0,
                -558.0,
                -454.0,
                -539.0,
                -472.0,
                -490.0,
                -230.0,
                -283.0,
                -261.0,
                -378.0,
                -400.0,
                -493.0,
                -468.0,
                -154.0,
                -560.0,
                -359.0,
                -460.0,
                -363.0,
                -466.0,
                -626.0,
                -412.0,
                -455.0,
                -484.0,
                -371.0,
                -200.0,
                -503.0,
                -520.0,
                -455.0,
                -387.0,
                -325.0,
                -490.0,
                -272.0,
                -399.0,
                -434.0,
                -462.0,
                -254.0,
                -519.0,
                -314.0,
                -428.0,
                -412.0,
                -401.0,
                -404.0,
                -228.0,
                -352.0,
                -440.0,
                -306.0,
                -481.0,
                -382.0,
                -340.0,
                -181.0,
                -281.0,
                -438.0,
                -546.0,
                -457.0,
                -501.0,
                -261.0,
                -568.0,
                -498.0,
                -504.0,
                -393.0,
                -452.0,
                -258.0,
                -427.0,
                -509.0,
                -413.0,
                -396.0,
                -555.0,
                -375.0,
                -417.0,
                -224.0,
                -425.0,
                -367.0,
                -571.0,
                -423.0,
                -318.0,
                -474.0,
                -554.0,
                -481.0,
                -355.0,
                -489.0,
                -254.0,
                -418.0,
                -57.0,
                -507.0,
                -389.0,
                -385.0,
                -504.0
            ],