{
    "custom_metrics": {},
    "episode_media": {},
    "info": {
        "learner": {
            "policy_0": {
                "learner_stats": {
                    "allreduce_latency": 0.0,
                    "grad_gnorm": 3.5714399814605713,
                    "cur_kl_coeff": 0.2402709960937499,
                    "cur_lr": 5e-05,
                    "total_loss": 8.199839866522586,
                    "policy_loss": -0.06714723455493875,
                    "vf_loss": 8.269787568757028,
                    "vf_explained_var": -0.041753596609289,
                    "kl": 0.012686958610861184,
                    "entropy": 0.5848770276163564,
                    "entropy_coeff": 0.01
                },
                "model": {},
                "custom_metrics": {},
                "num_agent_steps_trained": 121.27272727272727,
                "num_grad_updates_lifetime": 112365.5,
                "diff_num_grad_updates_vs_sampler_policy": 164.5
            },
            "policy_1": {
                "learner_stats": {
                    "allreduce_latency": 0.0,
                    "grad_gnorm": 3.410966634750366,
                    "cur_kl_coeff": 0.3,
                    "cur_lr": 5e-05,
                    "total_loss": 6.853521108627319,
                    "policy_loss": -0.08476019893406016,
                    "vf_loss": 6.986244217554728,
                    "vf_explained_var": -0.03317279382185503,
                    "kl": 0.0127173250771429,
                    "entropy": 1.0355615185968803,
                    "entropy_coeff": 0.04999999999999999
                },
                "model": {},
                "custom_metrics": {},
                "num_agent_steps_trained": 121.27272727272727,
                "num_grad_updates_lifetime": 112365.5,
                "diff_num_grad_updates_vs_sampler_policy": 164.5
            },
            "policy_2": {
                "learner_stats": {
                    "allreduce_latency": 0.0,
                    "grad_gnorm": 1.6805680990219116,
                    "cur_kl_coeff": 0.3,
                    "cur_lr": 5e-05,
                    "total_loss": 7.473470190799597,
                    "policy_loss": -0.0947237796658142,
                    "vf_loss": 7.687980583942298,
                    "vf_explained_var": -0.0048078661615198305,
                    "kl": 0.011843703691194854,
                    "entropy": 1.2333976288636526,
                    "entropy_coeff": 0.09999999999999998
                },
                "model": {},
                "custom_metrics": {},
                "num_agent_steps_trained": 121.0909090909091,
                "num_grad_updates_lifetime": 112365.5,
                "diff_num_grad_updates_vs_sampler_policy": 164.5
            }
        },
        "num_env_steps_sampled": 1364000,
        "num_env_steps_trained": 1364000,
        "num_agent_steps_sampled": 1363998,
        "num_agent_steps_trained": 1363998
    },
    "env_runners": {
        "episode_reward_max": -161.0,
        "episode_reward_min": -702.0,
        "episode_reward_mean": -411.02,
        "episode_len_mean": 322.5,
        "episode_media": {},
        "episodes_timesteps_total": 32250,
        "policy_reward_min": {
            "policy_0": -450.0,
            "policy_1": -400.0,
            "policy_2": -355.0
        },
        "policy_reward_max": {
            "policy_0": -9.0,
            "policy_1": -20.0,
            "policy_2": -14.0
        },
        "policy_reward_mean": {
            "policy_0": -112.69,
            "policy_1": -117.32,
            "policy_2": -181.01
        },
        "custom_metrics": {},
        "hist_stats": {
            "episode_reward": [
                -475.0,
                -403.0,
                -287.0,
                -399.0,
                -547.0,
                -399.0,
                -455.0,
                -397.0,
                -499.0,
                -333.0,
                -313.0,
                -312.0,
                -478.0,
                -452.0,
                -349.0,
                -283.0,
                -161.0,
                -341.0,
                -460.0,
                -441.0,
                -323.0,
                -400.0,
                -429.0,
                -608.0,
                -422.0,
                -394.0,
                -456.0,
                -492.0,
                -484.0,
                -702.0,
                -461.0,
                -506.0,
                -366.0,
                -351.0,
                -272.0,
                -266.0,
                -465.0,
                -580.0,
                -409.0,
                -593.0,
                -336.0,
                -282.0,
                -415.0,
                -417.0,
                -474.0,
                -539.0,
                -519.0,
                -405.0,
                -396.0,
                -396.0,
                -533.0,
                -297.0,
                -271.0,
                -277.0,
                -381.0,
                -341.0,
                -431.0,
                -500.0,
                -187.0,
                -485.0,
                -319.0,
                -576.0,
                -500.0,
                -305.0,
                -409.0,
                -278.0,
                -437.0,
                -417.0,
                -274.0,
                -509.0,
                -456.0,
                -485.0,
                -416.0,
                -285.0,
                -661.0,
                -253.0,
                -393.0,
                -437.0,
                -438.0,
                -423.0,
                -478.0,
                -411.0,
                -411.0,
                -430.0,
                -462.0,
                -393.0,
                -473.0,
                -404.0,
                -445.0,
                -190.0,
                -441.0,
                -561.0,
                -521.0,
                -348.0,
                -410.0,
                -415.0,
                -468.0,
                -327.0,
                -379.0,
                -219.0
            ],