{
    "custom_metrics": {},
    "episode_media": {},
    "info": {
        "learner": {
            "policy_0": {
                "learner_stats": {
                    "allreduce_latency": 0.0,
                    "grad_gnorm": 5.732290744781494,
                    "cur_kl_coeff": 0.1876800149205436,
                    "cur_lr": 5e-05,
                    "total_loss": 3.819455128727537,
                    "policy_loss": -0.06529019693420691,
                    "vf_loss": 3.8855544502084904,
                    "vf_explained_var": 0.014232824065468528,
                    "kl": 0.010309059939880056,
                    "entropy": 0.27439362171924475,
                    "entropy_coeff": 0.01
                },
                "model": {},
                "custom_metrics": {},
                "num_agent_steps_trained": 121.27272727272727,
                "num_grad_updates_lifetime": 265815.5,
                "diff_num_grad_updates_vs_sampler_policy": 164.5
            },
            "policy_1": {
                "learner_stats": {
                    "allreduce_latency": 0.0,
                    "grad_gnorm": 2.558027744293213,
                    "cur_kl_coeff": 0.2703048706054688,
                    "cur_lr": 5e-05,
                    "total_loss": 4.8435904098279545,
                    "policy_loss": -0.0928491331135967,
                    "vf_loss": 4.971738385431694,
                    "vf_explained_var": 0.011332856525074353,
                    "kl": 0.018262960019956316,
                    "entropy": 0.8047077977296078,
                    "entropy_coeff": 0.04999999999999999
                },
                "model": {},
                "custom_metrics": {},
                "num_agent_steps_trained": 120.9090909090909,
                "num_grad_updates_lifetime": 265815.5,
                "diff_num_grad_updates_vs_sampler_policy": 164.5
            },
            "policy_2": {
                "learner_stats": {
                    "allreduce_latency": 0.0,
                    "grad_gnorm": 3.034970998764038,
                    "cur_kl_coeff": 0.3796875000000002,
                    "cur_lr": 5e-05,
                    "total_loss": 4.294960891116749,
                    "policy_loss": -0.0889670821982718,
                    "vf_loss": 4.500400171135411,
                    "vf_explained_var": -0.0023343461932558,
                    "kl": 0.012454983582370818,
                    "entropy": 1.2120122537468418,
                    "entropy_coeff": 0.09999999999999998
                },
                "model": {},
                "custom_metrics": {},
                "num_agent_steps_trained": 121.45454545454545,
                "num_grad_updates_lifetime": 265815.5,
                "diff_num_grad_updates_vs_sampler_policy": 164.5
            }
        },
        "num_env_steps_sampled": 3224000,
        "num_env_steps_trained": 3224000,
        "num_agent_steps_sampled": 3223998,
        "num_agent_steps_trained": 3223998
    },
    "env_runners": {
        "episode_reward_max": -51.0,
        "episode_reward_min": -635.0,
        "episode_reward_mean": -402.65,
        "episode_len_mean": 516.82,
        "episode_media": {},
        "episodes_timesteps_total": 51682,
        "policy_reward_min": {
            "policy_0": -370.0,
            "policy_1": -380.0,
            "policy_2": -400.0
        },
        "policy_reward_max": {
            "policy_0": 9.0,
            "policy_1": -5.0,
            "policy_2": -10.0
        },
        "policy_reward_mean": {
            "policy_0": -104.09,
            "policy_1": -132.75,
            "policy_2": -165.81
        },
        "custom_metrics": {},
        "hist_stats": {
            "episode_reward": [
                -457.0,
                -524.0,
                -424.0,
                -155.0,
                -543.0,
                -437.0,
                -451.0,
                -467.0,
                -512.0,
                -310.0,
                -423.0,
                -316.0,
                -266.0,
                -481.0,
                -480.0,
                -537.0,
                -548.0,
                -455.0,
                -412.0,
                -506.0,
                -283.0,
                -379.0,
                -542.0,
                -457.0,
                -470.0,
                -563.0,
                -525.0,
                -505.0,
                -362.0,
                -445.0,
                -412.0,
                -402.0,
                -377.0,
                -307.0,
                -443.0,
                -537.0,
                -470.0,
                -267.0,
                -239.0,
                -469.0,
                -437.0,
                -443.0,
                -124.0,
                -635.0,
                -243.0,
                -415.0,
                -471.0,
                -239.0,
                -533.0,
                -410.0,
                -328.0,
                -247.0,
                -448.0,
                -84.0,
                -481.0,
                -489.0,
                -474.0,
                -451.0,
                -51.0,
                -221.0,
                -497.0,
                -592.0,
                -148.0,
                -360.0,
                -504.0,
                -455.0,
                -72.0,
                -445.0,
                -378.0,
                -344.0,
                -349.0,
                -506.0,
                -500.0,
                -278.0,
                -614.0,
                -470.0,
                -235.0,
                -170.0,
                -309.0,
                -410.0,
                -162.0,
                -424.0,
                -327.0,
                -343.0,
                -486.0,
                -375.0,
                -353.0,
                -531.0,
                -450.0,
                -490.0,
                -388.0,
                -429.0,
                -498.0,
                -470.0,
                -249.0,
                -323.0,
                -536.0,
                -329.0,
                -491.0,
                -593.0
            ],