{
    "custom_metrics": {},
    "episode_media": {},
    "info": {
        "learner": {
            "policy_0": {
                "learner_stats": {
                    "allreduce_latency": 0.0,
                    "grad_gnorm": 1.7133275270462036,
                    "cur_kl_coeff": 0.20041806280821725,
                    "cur_lr": 5e-05,
                    "total_loss": 9.641946960218025,
                    "policy_loss": -0.08907798488737281,
                    "vf_loss": 9.73932879187844,
                    "vf_explained_var": -0.0015757927388855904,
                    "kl": 0.015075311238399784,
                    "entropy": 1.1325209052273721,
                    "entropy_coeff": 0.01
                },
                "model": {},
                "custom_metrics": {},
                "num_agent_steps_trained": 121.54545454545455,
                "num_grad_updates_lifetime": 290565.5,
                "diff_num_grad_updates_vs_sampler_policy": 164.5
            },
            "policy_1": {
                "learner_stats": {
                    "allreduce_latency": 0.0,
                    "grad_gnorm": 1.6982650756835938,
                    "cur_kl_coeff": 0.40545730590820295,
                    "cur_lr": 5e-05,
                    "total_loss": 9.576205505024303,
                    "policy_loss": -0.10322885805175191,
                    "vf_loss": 9.73858029047648,
                    "vf_explained_var": -0.0018573775435938979,
                    "kl": 0.015392640991610512,
                    "entropy": 1.307739049015623,
                    "entropy_coeff": 0.04999999999999999
                },
                "model": {},
                "custom_metrics": {},
                "num_agent_steps_trained": 121.36363636363636,
                "num_grad_updates_lifetime": 290565.5,
                "diff_num_grad_updates_vs_sampler_policy": 164.5
            },
            "policy_2": {
                "learner_stats": {
                    "allreduce_latency": 0.0,
                    "grad_gnorm": 2.261505603790283,
                    "cur_kl_coeff": 0.3796875000000002,
                    "cur_lr": 5e-05,
                    "total_loss": 8.006181274760854,
                    "policy_loss": -0.10040469976798208,
                    "vf_loss": 8.240350971799907,
                    "vf_explained_var": -0.01574494621970437,
                    "kl": 0.014114400216523226,
                    "entropy": 1.3912404692534244,
                    "entropy_coeff": 0.09999999999999998
                },
                "model": {},
                "custom_metrics": {},
                "num_agent_steps_trained": 120.63636363636364,
                "num_grad_updates_lifetime": 290565.5,
                "diff_num_grad_updates_vs_sampler_policy": 164.5
            }
        },
        "num_env_steps_sampled": 3524000,
        "num_env_steps_trained": 3524000,
        "num_agent_steps_sampled": 3523998,
        "num_agent_steps_trained": 3523998
    },
    "env_runners": {
        "episode_reward_max": -44.0,
        "episode_reward_min": -684.0,
        "episode_reward_mean": -438.37,
        "episode_len_mean": 331.28,
        "episode_media": {},
        "episodes_timesteps_total": 33128,
        "policy_reward_min": {
            "policy_2": -455.0,
            "policy_0": -465.0,
            "policy_1": -415.0
        },
        "policy_reward_max": {
            "policy_2": -10.0,
            "policy_0": 3.0,
            "policy_1": -15.0
        },
        "policy_reward_mean": {
            "policy_2": -176.88,
            "policy_0": -99.26,
            "policy_1": -162.23
        },
        "custom_metrics": {},
        "hist_stats": {
            "episode_reward": [
                -612.0,
                -333.0,
                -452.0,
                -511.0,
                -394.0,
                -390.0,
                -414.0,
                -538.0,
                -395.0,
                -502.0,
                -634.0,
                -529.0,
                -364.0,
                -479.0,
                -443.0,
                -460.0,
                -523.0,
                -324.0,
                -300.0,
                -357.0,
                -425.0,
                -559.0,
                -248.0,
                -319.0,
                -439.0,
                -428.0,
                -296.0,
                -475.0,
                -388.0,
                -414.0,
                -557.0,
                -500.0,
                -273.0,
                -509.0,
                -44.0,
                -519.0,
                -350.0,
                -588.0,
                -538.0,
                -413.0,
                -475.0,
                -428.0,
                -309.0,
                -330.0,
                -423.0,
                -417.0,
                -455.0,
                -311.0,
                -467.0,
                -634.0,
                -225.0,
                -419.0,
                -575.0,
                -544.0,
                -365.0,
                -433.0,
                -349.0,
                -570.0,
                -467.0,
                -490.0,
                -517.0,
                -465.0,
                -684.0,
                -354.0,
                -294.0,
                -658.0,
                -258.0,
                -558.0,
                -459.0,
                -474.0,
                -475.0,
                -450.0,
                -406.0,
                -317.0,
                -381.0,
                -487.0,
                -378.0,
                -582.0,
                -433.0,
                -289.0,
                -306.0,
                -522.0,
                -430.0,
                -515.0,
                -613.0,
                -448.0,
                -320.0,
                -375.0,
                -434.0,
                -400.0,
                -438.0,
                -324.0,
                -369.0,
                -516.0,
                -544.0,
                -561.0,
                -656.0,
                -350.0,
                -374.0,
                -501.0
            ],