{
    "custom_metrics": {},
    "episode_media": {},
    "info": {
        "learner": {
            "policy_0": {
                "learner_stats": {
                    "allreduce_latency": 0.0,
                    "grad_gnorm": 1.533310055732727,
                    "cur_kl_coeff": 0.3374999999999999,
                    "cur_lr": 5e-05,
                    "total_loss": 8.731956151037505,
                    "policy_loss": -0.08256821664275997,
                    "vf_loss": 8.816882237521085,
                    "vf_explained_var": 0.0606694960232937,
                    "kl": 0.0157871284524222,
                    "entropy": 0.7685964526552143,
                    "entropy_coeff": 0.01
                },
                "model": {},
                "custom_metrics": {},
                "num_agent_steps_trained": 121.0909090909091,
                "num_grad_updates_lifetime": 64515.5,
                "diff_num_grad_updates_vs_sampler_policy": 164.5
            },
            "policy_1": {
                "learner_stats": {
                    "allreduce_latency": 0.0,
                    "grad_gnorm": 1.7042450904846191,
                    "cur_kl_coeff": 0.19999999999999996,
                    "cur_lr": 5e-05,
                    "total_loss": 8.678474160396691,
                    "policy_loss": -0.09094348698501672,
                    "vf_loss": 8.826733005408085,
                    "vf_explained_var": -0.004328482620643847,
                    "kl": 0.01756576410978833,
                    "entropy": 1.2165697383158134,
                    "entropy_coeff": 0.04999999999999999
                },
                "model": {},
                "custom_metrics": {},
                "num_agent_steps_trained": 121.18181818181819,
                "num_grad_updates_lifetime": 64515.5,
                "diff_num_grad_updates_vs_sampler_policy": 164.5
            },
            "policy_2": {
                "learner_stats": {
                    "allreduce_latency": 0.0,
                    "grad_gnorm": 2.606715202331543,
                    "cur_kl_coeff": 0.19999999999999996,
                    "cur_lr": 5e-05,
                    "total_loss": 7.632025064121593,
                    "policy_loss": -0.08953525227296985,
                    "vf_loss": 7.857133782993664,
                    "vf_explained_var": 0.006437405853560477,
                    "kl": 0.015193102811334428,
                    "entropy": 1.386120809208263,
                    "entropy_coeff": 0.09999999999999998
                },
                "model": {},
                "custom_metrics": {},
                "num_agent_steps_trained": 121.36363636363636,
                "num_grad_updates_lifetime": 64515.5,
                "diff_num_grad_updates_vs_sampler_policy": 164.5
            }
        },
        "num_env_steps_sampled": 784000,
        "num_env_steps_trained": 784000,
        "num_agent_steps_sampled": 783998,
        "num_agent_steps_trained": 783998
    },
    "env_runners": {
        "episode_reward_max": -85.0,
        "episode_reward_min": -606.0,
        "episode_reward_mean": -434.0,
        "episode_len_mean": 393.76,
        "episode_media": {},
        "episodes_timesteps_total": 39376,
        "policy_reward_min": {
            "policy_1": -415.0,
            "policy_2": -380.0,
            "policy_0": -425.0
        },
        "policy_reward_max": {
            "policy_1": -1.0,
            "policy_2": -21.0,
            "policy_0": -2.0
        },
        "policy_reward_mean": {
            "policy_1": -127.22,
            "policy_2": -183.1,
            "policy_0": -123.68
        },
        "custom_metrics": {},
        "hist_stats": {
            "episode_reward": [
                -419.0,
                -554.0,
                -346.0,
                -269.0,
                -440.0,
                -341.0,
                -386.0,
                -393.0,
                -533.0,
                -443.0,
                -388.0,
                -511.0,
                -584.0,
                -421.0,
                -530.0,
                -542.0,
                -533.0,
                -515.0,
                -498.0,
                -340.0,
                -570.0,
                -519.0,
                -356.0,
                -413.0,
                -489.0,
                -563.0,
                -561.0,
                -201.0,
                -449.0,
                -603.0,
                -534.0,
                -469.0,
                -517.0,
                -359.0,
                -261.0,
                -459.0,
                -546.0,
                -182.0,
                -410.0,
                -500.0,
                -467.0,
                -465.0,
                -504.0,
                -606.0,
                -501.0,
                -491.0,
                -469.0,
                -603.0,
                -227.0,
                -203.0,
                -433.0,
                -414.0,
                -548.0,
                -546.0,
                -340.0,
                -587.0,
                -350.0,
                -489.0,
                -514.0,
                -425.0,
                -415.0,
                -334.0,
                -428.0,
                -423.0,
                -254.0,
                -531.0,
                -596.0,
                -490.0,
                -319.0,
                -535.0,
                -338.0,
                -481.0,
                -405.0,
                -468.0,
                -489.0,
                -436.0,
                -461.0,
                -301.0,
                -463.0,
                -212.0,
                -472.0,
                -364.0,
                -123.0,
                -496.0,
                -504.0,
                -374.0,
                -369.0,
                -85.0,
                -440.0,
                -366.0,
                -379.0,
                -364.0,
                -524.0,
                -466.0,
                -449.0,
                -438.0,
                -472.0,
                -470.0,
                -426.0,
                -311.0
            ],