{
    "custom_metrics": {},
    "episode_media": {},
    "info": {
        "learner": {
            "policy_0": {
                "learner_stats": {
                    "allreduce_latency": 0.0,
                    "grad_gnorm": 3.4959280490875244,
                    "cur_kl_coeff": 0.3,
                    "cur_lr": 5e-05,
                    "total_loss": 6.90090939059402,
                    "policy_loss": -0.07697889405500256,
                    "vf_loss": 6.982759085568515,
                    "vf_explained_var": 0.00579832810344118,
                    "kl": 0.014438575573127886,
                    "entropy": 0.9202381296591325,
                    "entropy_coeff": 0.01
                },
                "model": {},
                "custom_metrics": {},
                "num_agent_steps_trained": 121.45454545454545,
                "num_grad_updates_lifetime": 29865.5,
                "diff_num_grad_updates_vs_sampler_policy": 164.5
            },
            "policy_1": {
                "learner_stats": {
                    "allreduce_latency": 0.0,
                    "grad_gnorm": 3.3853745460510254,
                    "cur_kl_coeff": 0.19999999999999996,
                    "cur_lr": 5e-05,
                    "total_loss": 8.192641281359123,
                    "policy_loss": -0.07254294186802299,
                    "vf_loss": 8.324431251757073,
                    "vf_explained_var": 0.00343882856947003,
                    "kl": 0.015144982471936607,
                    "entropy": 1.245520078052174,
                    "entropy_coeff": 0.04999999999999999
                },
                "model": {},
                "custom_metrics": {},
                "num_agent_steps_trained": 121.27272727272727,
                "num_grad_updates_lifetime": 29865.5,
                "diff_num_grad_updates_vs_sampler_policy": 164.5
            },
            "policy_2": {
                "learner_stats": {
                    "allreduce_latency": 0.0,
                    "grad_gnorm": 2.5668444633483887,
                    "cur_kl_coeff": 0.19999999999999996,
                    "cur_lr": 5e-05,
                    "total_loss": 8.27725710146355,
                    "policy_loss": -0.07807375311456395,
                    "vf_loss": 8.494925524971702,
                    "vf_explained_var": -0.018347687974120633,
                    "kl": 0.014251149049254529,
                    "entropy": 1.4244491270094206,
                    "entropy_coeff": 0.09999999999999998
                },
                "model": {},
                "custom_metrics": {},
                "num_agent_steps_trained": 120.9090909090909,
                "num_grad_updates_lifetime": 29865.5,
                "diff_num_grad_updates_vs_sampler_policy": 164.5
            }
        },
        "num_env_steps_sampled": 364000,
        "num_env_steps_trained": 364000,
        "num_agent_steps_sampled": 363998,
        "num_agent_steps_trained": 363998
    },
    "env_runners": {
        "episode_reward_max": -277.0,
        "episode_reward_min": -658.0,
        "episode_reward_mean": -447.51,
        "episode_len_mean": 356.68,
        "episode_media": {},
        "episodes_timesteps_total": 35668,
        "policy_reward_min": {
            "policy_2": -420.0,
            "policy_0": -420.0,
            "policy_1": -415.0
        },
        "policy_reward_max": {
            "policy_2": -24.0,
            "policy_0": -9.0,
            "policy_1": -10.0
        },
        "policy_reward_mean": {
            "policy_2": -185.96,
            "policy_0": -117.56,
            "policy_1": -143.99
        },
        "custom_metrics": {},
        "hist_stats": {
            "episode_reward": [
                -470.0,
                -508.0,
                -451.0,
                -416.0,
                -290.0,
                -547.0,
                -394.0,
                -435.0,
                -560.0,
                -418.0,
                -451.0,
                -432.0,
                -385.0,
                -391.0,
                -510.0,
                -383.0,
                -505.0,
                -277.0,
                -469.0,
                -506.0,
                -541.0,
                -529.0,
                -579.0,
                -295.0,
                -442.0,
                -386.0,
                -394.0,
                -439.0,
                -363.0,
                -658.0,
                -456.0,
                -507.0,
                -438.0,
                -520.0,
                -433.0,
                -355.0,
                -319.0,
                -277.0,
                -351.0,
                -488.0,
                -471.0,
                -467.0,
                -303.0,
                -468.0,
                -574.0,
                -426.0,
                -396.0,
                -485.0,
                -556.0,
                -494.0,
                -438.0,
                -491.0,
                -506.0,
                -530.0,
                -388.0,
                -504.0,
                -558.0,
                -446.0,
                -475.0,
                -370.0,
                -440.0,
                -312.0,
                -472.0,
                -376.0,
                -312.0,
                -417.0,
                -556.0,
                -429.0,
                -577.0,
                -338.0,
                -528.0,
                -311.0,
                -394.0,
                -411.0,
                -394.0,
                -369.0,
                -650.0,
                -386.0,
                -319.0,
                -511.0,
                -326.0,
                -628.0,
                -426.0,
                -449.0,
                -277.0,
                -505.0,
                -393.0,
                -534.0,
                -635.0,
                -375.0,
                -557.0,
                -429.0,
                -487.0,
                -483.0,
                -581.0,
                -449.0,
                -535.0,
                -307.0,
                -505.0,
                -454.0
            ],