{
    "custom_metrics": {},
    "episode_media": {},
    "info": {
        "learner": {
            "policy_0": {
                "learner_stats": {
                    "allreduce_latency": 0.0,
                    "grad_gnorm": 4.245771408081055,
                    "cur_kl_coeff": 0.21357421875,
                    "cur_lr": 5e-05,
                    "total_loss": 5.093304918751572,
                    "policy_loss": -0.07969080373983492,
                    "vf_loss": 5.177937702699141,
                    "vf_explained_var": -0.030437589052951696,
                    "kl": 0.013400031561141565,
                    "entropy": 0.7803905290184598,
                    "entropy_coeff": 0.01
                },
                "model": {},
                "custom_metrics": {},
                "num_agent_steps_trained": 121.63636363636364,
                "num_grad_updates_lifetime": 87615.5,
                "diff_num_grad_updates_vs_sampler_policy": 164.5
            },
            "policy_1": {
                "learner_stats": {
                    "allreduce_latency": 0.0,
                    "grad_gnorm": 1.6895596981048584,
                    "cur_kl_coeff": 0.3,
                    "cur_lr": 5e-05,
                    "total_loss": 9.80224392341845,
                    "policy_loss": -0.09250654071908106,
                    "vf_loss": 9.948686117114443,
                    "vf_explained_var": -0.0006921719421039928,
                    "kl": 0.015118628499138996,
                    "entropy": 1.169424638964913,
                    "entropy_coeff": 0.04999999999999999
                },
                "model": {},
                "custom_metrics": {},
                "num_agent_steps_trained": 120.9090909090909,
                "num_grad_updates_lifetime": 87615.5,
                "diff_num_grad_updates_vs_sampler_policy": 164.5
            },
            "policy_2": {
                "learner_stats": {
                    "allreduce_latency": 0.0,
                    "grad_gnorm": 1.493321418762207,
                    "cur_kl_coeff": 0.3,
                    "cur_lr": 5e-05,
                    "total_loss": 9.726131430539217,
                    "policy_loss": -0.08880225595820582,
                    "vf_loss": 9.948238612666275,
                    "vf_explained_var": -0.006930723334803726,
                    "kl": 0.012399581740131019,
                    "entropy": 1.3702488328471327,
                    "entropy_coeff": 0.09999999999999998
                },
                "model": {},
                "custom_metrics": {},
                "num_agent_steps_trained": 121.0909090909091,
                "num_grad_updates_lifetime": 87615.5,
                "diff_num_grad_updates_vs_sampler_policy": 164.5
            }
        },
        "num_env_steps_sampled": 1064000,
        "num_env_steps_trained": 1064000,
        "num_agent_steps_sampled": 1063998,
        "num_agent_steps_trained": 1063998
    },
    "env_runners": {
        "episode_reward_max": -120.0,
        "episode_reward_min": -687.0,
        "episode_reward_mean": -407.61,
        "episode_len_mean": 375.24,
        "episode_media": {},
        "episodes_timesteps_total": 37524,
        "policy_reward_min": {
            "policy_2": -365.0,
            "policy_0": -455.0,
            "policy_1": -375.0
        },
        "policy_reward_max": {
            "policy_2": -21.0,
            "policy_0": -1.0,
            "policy_1": -10.0
        },
        "policy_reward_mean": {
            "policy_2": -146.0,
            "policy_0": -110.5,
            "policy_1": -151.11
        },
        "custom_metrics": {},
        "hist_stats": {
            "episode_reward": [
                -579.0,
                -120.0,
                -444.0,
                -226.0,
                -333.0,
                -452.0,
                -616.0,
                -473.0,
                -687.0,
                -395.0,
                -395.0,
                -384.0,
                -436.0,
                -355.0,
                -387.0,
                -492.0,
                -302.0,
                -380.0,
                -483.0,
                -336.0,
                -335.0,
                -292.0,
                -199.0,
                -344.0,
                -480.0,
                -377.0,
                -464.0,
                -406.0,
                -515.0,
                -303.0,
                -352.0,
                -351.0,
                -317.0,
                -362.0,
                -305.0,
                -409.0,
                -312.0,
                -431.0,
                -258.0,
                -483.0,
                -458.0,
                -468.0,
                -357.0,
                -265.0,
                -446.0,
                -441.0,
                -384.0,
                -433.0,
                -518.0,
                -340.0,
                -492.0,
                -446.0,
                -440.0,
                -516.0,
                -471.0,
                -376.0,
                -411.0,
                -286.0,
                -445.0,
                -497.0,
                -430.0,
                -553.0,
                -411.0,
                -375.0,
                -387.0,
                -307.0,
                -499.0,
                -427.0,
                -265.0,
                -599.0,
                -470.0,
                -425.0,
                -559.0,
                -418.0,
                -449.0,
                -496.0,
                -405.0,
                -210.0,
                -208.0,
                -517.0,
                -539.0,
                -356.0,
                -327.0,
                -575.0,
                -338.0,
                -176.0,
                -299.0,
                -568.0,
                -438.0,
                -418.0,
                -560.0,
                -534.0,
                -486.0,
                -482.0,
                -497.0,
                -384.0,
                -219.0,
                -204.0,
                -421.0,
                -470.0
            ],