{
    "custom_metrics": {},
    "episode_media": {},
    "info": {
        "learner": {
            "policy_0": {
                "learner_stats": {
                    "allreduce_latency": 0.0,
                    "grad_gnorm": 2.726335048675537,
                    "cur_kl_coeff": 0.15204648971557622,
                    "cur_lr": 5e-05,
                    "total_loss": 5.889815418647998,
                    "policy_loss": -0.07801775700751354,
                    "vf_loss": 5.972934160810528,
                    "vf_explained_var": 0.0038200289914102265,
                    "kl": 0.01602831221404174,
                    "entropy": 0.7538043845783581,
                    "entropy_coeff": 0.01
                },
                "model": {},
                "custom_metrics": {},
                "num_agent_steps_trained": 121.18181818181819,
                "num_grad_updates_lifetime": 127215.5,
                "diff_num_grad_updates_vs_sampler_policy": 164.5
            },
            "policy_1": {
                "learner_stats": {
                    "allreduce_latency": 0.0,
                    "grad_gnorm": 2.6138365268707275,
                    "cur_kl_coeff": 0.4500000000000002,
                    "cur_lr": 5e-05,
                    "total_loss": 5.8256293007821744,
                    "policy_loss": -0.09248724182164579,
                    "vf_loss": 5.965779183127664,
                    "vf_explained_var": 0.026446823279062906,
                    "kl": 0.012960678691466932,
                    "entropy": 1.0698989230574985,
                    "entropy_coeff": 0.04999999999999999
                },
                "model": {},
                "custom_metrics": {},
                "num_agent_steps_trained": 120.9090909090909,
                "num_grad_updates_lifetime": 127215.5,
                "diff_num_grad_updates_vs_sampler_policy": 164.5
            },
            "policy_2": {
                "learner_stats": {
                    "allreduce_latency": 0.0,
                    "grad_gnorm": 2.128798246383667,
                    "cur_kl_coeff": 0.3,
                    "cur_lr": 5e-05,
                    "total_loss": 5.695767691641143,
                    "policy_loss": -0.09525339336586043,
                    "vf_loss": 5.920059475754247,
                    "vf_explained_var": -0.005497161908583207,
                    "kl": 0.014563586149130614,
                    "entropy": 1.3340748183655016,
                    "entropy_coeff": 0.09999999999999998
                },
                "model": {},
                "custom_metrics": {},
                "num_agent_steps_trained": 121.54545454545455,
                "num_grad_updates_lifetime": 127215.5,
                "diff_num_grad_updates_vs_sampler_policy": 164.5
            }
        },
        "num_env_steps_sampled": 1544000,
        "num_env_steps_trained": 1544000,
        "num_agent_steps_sampled": 1543998,
        "num_agent_steps_trained": 1543998
    },
    "env_runners": {
        "episode_reward_max": -138.0,
        "episode_reward_min": -627.0,
        "episode_reward_mean": -421.0,
        "episode_len_mean": 384.66,
        "episode_media": {},
        "episodes_timesteps_total": 38466,
        "policy_reward_min": {
            "policy_1": -390.0,
            "policy_2": -420.0,
            "policy_0": -375.0
        },
        "policy_reward_max": {
            "policy_1": -5.0,
            "policy_2": -29.0,
            "policy_0": -3.0
        },
        "policy_reward_mean": {
            "policy_1": -132.12,
            "policy_2": -174.6,
            "policy_0": -114.28
        },
        "custom_metrics": {},
        "hist_stats": {
            "episode_reward": [
                -514.0,
                -185.0,
                -569.0,
                -407.0,
                -549.0,
                -457.0,
                -286.0,
                -369.0,
                -627.0,
                -303.0,
                -527.0,
                -431.0,
                -370.0,
                -450.0,
                -412.0,
                -300.0,
                -388.0,
                -227.0,
                -516.0,
                -598.0,
                -486.0,
                -213.0,
                -438.0,
                -550.0,
                -385.0,
                -377.0,
                -315.0,
                -285.0,
                -476.0,
                -521.0,
                -226.0,
                -451.0,
                -484.0,
                -536.0,
                -427.0,
                -436.0,
                -501.0,
                -543.0,
                -615.0,
                -544.0,
                -563.0,
                -374.0,
                -463.0,
                -432.0,
                -335.0,
                -343.0,
                -514.0,
                -464.0,
                -536.0,
                -409.0,
                -418.0,
                -598.0,
                -355.0,
                -486.0,
                -314.0,
                -269.0,
                -491.0,
                -529.0,
                -523.0,
                -349.0,
                -282.0,
                -431.0,
                -481.0,
                -255.0,
                -360.0,
                -464.0,
                -434.0,
                -241.0,
                -238.0,
                -291.0,
                -604.0,
                -516.0,
                -562.0,
                -161.0,
                -352.0,
                -484.0,
                -520.0,
                -396.0,
                -161.0,
                -570.0,
                -334.0,
                -532.0,
                -374.0,
                -366.0,
                -470.0,
                -237.0,
                -138.0,
                -482.0,
                -500.0,
                -313.0,
                -480.0,
                -478.0,
                -465.0,
                -445.0,
                -468.0,
                -542.0,
                -419.0,
                -452.0,
                -294.0,
                -449.0
            ],