{
    "custom_metrics": {},
    "episode_media": {},
    "info": {
        "learner": {
            "policy_1": {
                "learner_stats": {
                    "allreduce_latency": 0.0,
                    "grad_gnorm": 1.259304404258728,
                    "cur_kl_coeff": 0.09999999999999998,
                    "cur_lr": 5e-05,
                    "total_loss": 9.028173056515781,
                    "policy_loss": -0.0839080501792275,
                    "vf_loss": 9.903109287493157,
                    "vf_explained_var": 5.642573038736979e-07,
                    "kl": 0.012016937444458921,
                    "entropy": 1.5844596963940245,
                    "entropy_coeff": 0.5
                },
                "model": {},
                "custom_metrics": {},
                "num_agent_steps_trained": 121.81818181818181,
                "num_grad_updates_lifetime": 132165.5,
                "diff_num_grad_updates_vs_sampler_policy": 164.5
            },
            "policy_2": {
                "learner_stats": {
                    "allreduce_latency": 0.0,
                    "grad_gnorm": 1.1701769828796387,
                    "cur_kl_coeff": 0.04999999999999999,
                    "cur_lr": 5e-05,
                    "total_loss": 8.201787262251884,
                    "policy_loss": -0.07475340761032412,
                    "vf_loss": 9.899535167578495,
                    "vf_explained_var": -7.712299173528499e-06,
                    "kl": 0.009410878451688472,
                    "entropy": 1.6234650575753413,
                    "entropy_coeff": 1.0
                },
                "model": {},
                "custom_metrics": {},
                "num_agent_steps_trained": 120.36363636363636,
                "num_grad_updates_lifetime": 132165.5,
                "diff_num_grad_updates_vs_sampler_policy": 164.5
            },
            "policy_0": {
                "learner_stats": {
                    "allreduce_latency": 0.0,
                    "grad_gnorm": 3.505540609359741,
                    "cur_kl_coeff": 0.19999999999999996,
                    "cur_lr": 5e-05,
                    "total_loss": 8.525418384147413,
                    "policy_loss": -0.10193290100009604,
                    "vf_loss": 8.758766404065218,
                    "vf_explained_var": 0.017997328440348306,
                    "kl": 0.015633887648919438,
                    "entropy": 1.3454191341544643,
                    "entropy_coeff": 0.09999999999999998
                },
                "model": {},
                "custom_metrics": {},
                "num_agent_steps_trained": 121.45454545454545,
                "num_grad_updates_lifetime": 132165.5,
                "diff_num_grad_updates_vs_sampler_policy": 164.5
            }
        },
        "num_env_steps_sampled": 1604000,
        "num_env_steps_trained": 1604000,
        "num_agent_steps_sampled": 1603998,
        "num_agent_steps_trained": 1603998
    },
    "env_runners": {
        "episode_reward_max": -206.0,
        "episode_reward_min": -650.0,
        "episode_reward_mean": -447.94,
        "episode_len_mean": 151.68,
        "episode_media": {},
        "episodes_timesteps_total": 15168,
        "policy_reward_min": {
            "policy_1": -430.0,
            "policy_2": -375.0,
            "policy_0": -350.0
        },
        "policy_reward_max": {
            "policy_1": -21.0,
            "policy_2": -30.0,
            "policy_0": -11.0
        },
        "policy_reward_mean": {
            "policy_1": -144.23,
            "policy_2": -199.97,
            "policy_0": -103.74
        },
        "custom_metrics": {},
        "hist_stats": {
            "episode_reward": [
                -460.0,
                -558.0,
                -466.0,
                -431.0,
                -387.0,
                -377.0,
                -445.0,
                -436.0,
                -487.0,
                -374.0,
                -505.0,
                -450.0,
                -254.0,
                -630.0,
                -523.0,
                -497.0,
                -560.0,
                -474.0,
                -454.0,
                -430.0,
                -378.0,
                -392.0,
                -510.0,
                -428.0,
                -412.0,
                -323.0,
                -382.0,
                -340.0,
                -573.0,
                -475.0,
                -460.0,
                -532.0,
                -410.0,
                -386.0,
                -419.0,
                -426.0,
                -206.0,
                -633.0,
                -501.0,
                -495.0,
                -511.0,
                -328.0,
                -479.0,
                -559.0,
                -345.0,
                -418.0,
                -428.0,
                -437.0,
                -364.0,
                -531.0,
                -320.0,
                -523.0,
                -410.0,
                -508.0,
                -483.0,
                -490.0,
                -437.0,
                -420.0,
                -436.0,
                -544.0,
                -500.0,
                -439.0,
                -483.0,
                -571.0,
                -413.0,
                -390.0,
                -377.0,
                -344.0,
                -451.0,
                -277.0,
                -584.0,
                -280.0,
                -494.0,
                -209.0,
                -542.0,
                -466.0,
                -415.0,
                -532.0,
                -446.0,
                -425.0,
                -535.0,
                -308.0,
                -636.0,
                -474.0,
                -464.0,
                -329.0,
                -650.0,
                -491.0,
                -354.0,
                -531.0,
                -566.0,
                -452.0,
                -326.0,
                -505.0,
                -535.0,
                -458.0,
                -412.0,
                -398.0,
                -485.0,
                -397.0
            ],