{
    "custom_metrics": {},
    "episode_media": {},
    "info": {
        "learner": {
            "policy_1": {
                "learner_stats": {
                    "allreduce_latency": 0.0,
                    "grad_gnorm": 1.3106387853622437,
                    "cur_kl_coeff": 0.09999999999999998,
                    "cur_lr": 5e-05,
                    "total_loss": 8.882768440246583,
                    "policy_loss": -0.09843084805038278,
                    "vf_loss": 9.776411859916918,
                    "vf_explained_var": -0.0004646281401316325,
                    "kl": 0.014828499371874592,
                    "entropy": 1.5933911659500815,
                    "entropy_coeff": 0.5
                },
                "model": {},
                "custom_metrics": {},
                "num_agent_steps_trained": 121.72727272727273,
                "num_grad_updates_lifetime": 227865.5,
                "diff_num_grad_updates_vs_sampler_policy": 164.5
            },
            "policy_2": {
                "learner_stats": {
                    "allreduce_latency": 0.0,
                    "grad_gnorm": 1.2064855098724365,
                    "cur_kl_coeff": 0.04999999999999999,
                    "cur_lr": 5e-05,
                    "total_loss": 8.07839203892332,
                    "policy_loss": -0.08101381831167435,
                    "vf_loss": 9.779685468384713,
                    "vf_explained_var": 4.118139093572443e-08,
                    "kl": 0.011386137939155936,
                    "entropy": 1.6208488764184894,
                    "entropy_coeff": 1.0
                },
                "model": {},
                "custom_metrics": {},
                "num_agent_steps_trained": 120.54545454545455,
                "num_grad_updates_lifetime": 227865.5,
                "diff_num_grad_updates_vs_sampler_policy": 164.5
            },
            "policy_0": {
                "learner_stats": {
                    "allreduce_latency": 0.0,
                    "grad_gnorm": 4.509177207946777,
                    "cur_kl_coeff": 0.19999999999999996,
                    "cur_lr": 5e-05,
                    "total_loss": 8.788576195456764,
                    "policy_loss": -0.09764241037579874,
                    "vf_loss": 9.002437808296897,
                    "vf_explained_var": -0.004230376987746268,
                    "kl": 0.01520116153886822,
                    "entropy": 1.192593597643303,
                    "entropy_coeff": 0.09999999999999998
                },
                "model": {},
                "custom_metrics": {},
                "num_agent_steps_trained": 121.36363636363636,
                "num_grad_updates_lifetime": 227865.5,
                "diff_num_grad_updates_vs_sampler_policy": 164.5
            }
        },
        "num_env_steps_sampled": 2764000,
        "num_env_steps_trained": 2764000,
        "num_agent_steps_sampled": 2763998,
        "num_agent_steps_trained": 2763998
    },
    "env_runners": {
        "episode_reward_max": -238.0,
        "episode_reward_min": -649.0,
        "episode_reward_mean": -444.13,
        "episode_len_mean": 147.12,
        "episode_media": {},
        "episodes_timesteps_total": 14712,
        "policy_reward_min": {
            "policy_0": -395.0,
            "policy_1": -385.0,
            "policy_2": -445.0
        },
        "policy_reward_max": {
            "policy_0": -9.0,
            "policy_1": -19.0,
            "policy_2": -8.0
        },
        "policy_reward_mean": {
            "policy_0": -103.98,
            "policy_1": -138.11,
            "policy_2": -202.04
        },
        "custom_metrics": {},
        "hist_stats": {
            "episode_reward": [
                -580.0,
                -623.0,
                -300.0,
                -411.0,
                -415.0,
                -433.0,
                -281.0,
                -402.0,
                -484.0,
                -343.0,
                -502.0,
                -428.0,
                -315.0,
                -369.0,
                -473.0,
                -458.0,
                -344.0,
                -537.0,
                -592.0,
                -393.0,
                -501.0,
                -513.0,
                -551.0,
                -403.0,
                -303.0,
                -383.0,
                -506.0,
                -284.0,
                -363.0,
                -427.0,
                -407.0,
                -479.0,
                -418.0,
                -408.0,
                -562.0,
                -450.0,
                -464.0,
                -374.0,
                -474.0,
                -350.0,
                -466.0,
                -486.0,
                -520.0,
                -423.0,
                -463.0,
                -491.0,
                -575.0,
                -475.0,
                -314.0,
                -392.0,
                -532.0,
                -362.0,
                -569.0,
                -501.0,
                -238.0,
                -373.0,
                -508.0,
                -428.0,
                -422.0,
                -590.0,
                -318.0,
                -406.0,
                -424.0,
                -491.0,
                -620.0,
                -375.0,
                -318.0,
                -329.0,
                -467.0,
                -525.0,
                -442.0,
                -350.0,
                -620.0,
                -282.0,
                -421.0,
                -473.0,
                -649.0,
                -438.0,
                -592.0,
                -384.0,
                -534.0,
                -380.0,
                -419.0,
                -635.0,
                -456.0,
                -503.0,
                -494.0,
                -501.0,
                -461.0,
                -402.0,
                -494.0,
                -451.0,
                -348.0,
                -288.0,
                -406.0,
                -496.0,
                -474.0,
                -461.0,
                -477.0,
                -378.0
            ],