{
    "custom_metrics": {},
    "episode_media": {},
    "info": {
        "learner": {
            "policy_1": {
                "learner_stats": {
                    "allreduce_latency": 0.0,
                    "grad_gnorm": 1.3579498529434204,
                    "cur_kl_coeff": 0.09999999999999998,
                    "cur_lr": 5e-05,
                    "total_loss": 8.903364625121608,
                    "policy_loss": -0.09778292152296865,
                    "vf_loss": 9.791403628840591,
                    "vf_explained_var": 8.624792098999023e-06,
                    "kl": 0.012615273138370662,
                    "entropy": 1.5830353054133328,
                    "entropy_coeff": 0.5
                },
                "model": {},
                "custom_metrics": {},
                "num_agent_steps_trained": 121.27272727272727,
                "num_grad_updates_lifetime": 312015.5,
                "diff_num_grad_updates_vs_sampler_policy": 164.5
            },
            "policy_2": {
                "learner_stats": {
                    "allreduce_latency": 0.0,
                    "grad_gnorm": 1.1981664896011353,
                    "cur_kl_coeff": 0.04999999999999999,
                    "cur_lr": 5e-05,
                    "total_loss": 8.102324995850072,
                    "policy_loss": -0.06752068144128179,
                    "vf_loss": 9.79715909090909,
                    "vf_explained_var": -8.154457265680487e-06,
                    "kl": 0.00788919118231568,
                    "entropy": 1.6277078187826908,
                    "entropy_coeff": 1.0
                },
                "model": {},
                "custom_metrics": {},
                "num_agent_steps_trained": 120.9090909090909,
                "num_grad_updates_lifetime": 312015.5,
                "diff_num_grad_updates_vs_sampler_policy": 164.5
            },
            "policy_0": {
                "learner_stats": {
                    "allreduce_latency": 0.0,
                    "grad_gnorm": 3.3768210411071777,
                    "cur_kl_coeff": 0.19999999999999996,
                    "cur_lr": 5e-05,
                    "total_loss": 8.263533482407079,
                    "policy_loss": -0.09710230467744348,
                    "vf_loss": 8.466368813948197,
                    "vf_explained_var": 0.06562207539876302,
                    "kl": 0.013732935971378096,
                    "entropy": 1.084795731125456,
                    "entropy_coeff": 0.09999999999999998
                },
                "model": {},
                "custom_metrics": {},
                "num_agent_steps_trained": 121.45454545454545,
                "num_grad_updates_lifetime": 312015.5,
                "diff_num_grad_updates_vs_sampler_policy": 164.5
            }
        },
        "num_env_steps_sampled": 3784000,
        "num_env_steps_trained": 3784000,
        "num_agent_steps_sampled": 3783998,
        "num_agent_steps_trained": 3783998
    },
    "env_runners": {
        "episode_reward_max": -282.0,
        "episode_reward_min": -632.0,
        "episode_reward_mean": -446.62,
        "episode_len_mean": 139.16,
        "episode_media": {},
        "episodes_timesteps_total": 13916,
        "policy_reward_min": {
            "policy_1": -390.0,
            "policy_2": -385.0,
            "policy_0": -370.0
        },
        "policy_reward_max": {
            "policy_1": -26.0,
            "policy_2": -39.0,
            "policy_0": -3.0
        },
        "policy_reward_mean": {
            "policy_1": -157.55,
            "policy_2": -189.21,
            "policy_0": -99.86
        },
        "custom_metrics": {},
        "hist_stats": {
            "episode_reward": [
                -485.0,
                -439.0,
                -602.0,
                -529.0,
                -456.0,
                -395.0,
                -335.0,
                -399.0,
                -463.0,
                -499.0,
                -495.0,
                -367.0,
                -426.0,
                -335.0,
                -616.0,
                -372.0,
                -292.0,
                -472.0,
                -353.0,
                -347.0,
                -502.0,
                -550.0,
                -348.0,
                -416.0,
                -447.0,
                -456.0,
                -472.0,
                -316.0,
                -445.0,
                -547.0,
                -368.0,
                -390.0,
                -467.0,
                -466.0,
                -390.0,
                -348.0,
                -595.0,
                -458.0,
                -456.0,
                -384.0,
                -383.0,
                -525.0,
                -282.0,
                -632.0,
                -404.0,
                -417.0,
                -470.0,
                -569.0,
                -464.0,
                -606.0,
                -400.0,
                -330.0,
                -537.0,
                -408.0,
                -583.0,
                -575.0,
                -419.0,
                -524.0,
                -387.0,
                -458.0,
                -327.0,
                -478.0,
                -549.0,
                -465.0,
                -460.0,
                -417.0,
                -365.0,
                -406.0,
                -396.0,
                -492.0,
                -306.0,
                -435.0,
                -427.0,
                -404.0,
                -502.0,
                -439.0,
                -549.0,
                -327.0,
                -305.0,
                -455.0,
                -529.0,
                -406.0,
                -503.0,
                -367.0,
                -477.0,
                -393.0,
                -525.0,
                -474.0,
                -541.0,
                -411.0,
                -427.0,
                -596.0,
                -351.0,
                -374.0,
                -479.0,
                -569.0,
                -337.0,
                -554.0,
                -459.0,
                -515.0
            ],