{
    "custom_metrics": {},
    "episode_media": {},
    "info": {
        "learner": {
            "policy_1": {
                "learner_stats": {
                    "allreduce_latency": 0.0,
                    "grad_gnorm": 1.1249791383743286,
                    "cur_kl_coeff": 0.09999999999999998,
                    "cur_lr": 5e-05,
                    "total_loss": 9.123815764802876,
                    "policy_loss": -0.07645938005862814,
                    "vf_loss": 10.0,
                    "vf_explained_var": 1.800602132623846e-06,
                    "kl": 0.011480548989300165,
                    "entropy": 1.6017457311803645,
                    "entropy_coeff": 0.5
                },
                "model": {},
                "custom_metrics": {},
                "num_agent_steps_trained": 121.36363636363636,
                "num_grad_updates_lifetime": 59565.5,
                "diff_num_grad_updates_vs_sampler_policy": 164.5
            },
            "policy_2": {
                "learner_stats": {
                    "allreduce_latency": 0.0,
                    "grad_gnorm": 1.0424277782440186,
                    "cur_kl_coeff": 0.04999999999999999,
                    "cur_lr": 5e-05,
                    "total_loss": 8.313077352986191,
                    "policy_loss": -0.06168865364355346,
                    "vf_loss": 10.0,
                    "vf_explained_var": -1.515222318244703e-06,
                    "kl": 0.007511238217187979,
                    "entropy": 1.6256095319083244,
                    "entropy_coeff": 1.0
                },
                "model": {},
                "custom_metrics": {},
                "num_agent_steps_trained": 121.18181818181819,
                "num_grad_updates_lifetime": 59565.5,
                "diff_num_grad_updates_vs_sampler_policy": 164.5
            },
            "policy_0": {
                "learner_stats": {
                    "allreduce_latency": 0.0,
                    "grad_gnorm": 3.2095348834991455,
                    "cur_kl_coeff": 0.19999999999999996,
                    "cur_lr": 5e-05,
                    "total_loss": 9.248480123462098,
                    "policy_loss": -0.08782319529264263,
                    "vf_loss": 9.464860910357851,
                    "vf_explained_var": 0.008091319510431001,
                    "kl": 0.012988646202210682,
                    "entropy": 1.3115532640254859,
                    "entropy_coeff": 0.09999999999999998
                },
                "model": {},
                "custom_metrics": {},
                "num_agent_steps_trained": 121.27272727272727,
                "num_grad_updates_lifetime": 59565.5,
                "diff_num_grad_updates_vs_sampler_policy": 164.5
            }
        },
        "num_env_steps_sampled": 724000,
        "num_env_steps_trained": 724000,
        "num_agent_steps_sampled": 724000,
        "num_agent_steps_trained": 724000
    },
    "env_runners": {
        "episode_reward_max": -289.0,
        "episode_reward_min": -645.0,
        "episode_reward_mean": -454.63,
        "episode_len_mean": 145.22,
        "episode_media": {},
        "episodes_timesteps_total": 14522,
        "policy_reward_min": {
            "policy_1": -470.0,
            "policy_2": -380.0,
            "policy_0": -405.0
        },
        "policy_reward_max": {
            "policy_1": -31.0,
            "policy_2": -20.0,
            "policy_0": -11.0
        },
        "policy_reward_mean": {
            "policy_1": -140.28,
            "policy_2": -194.75,
            "policy_0": -119.6
        },
        "custom_metrics": {},
        "hist_stats": {
            "episode_reward": [
                -427.0,
                -407.0,
                -425.0,
                -611.0,
                -458.0,
                -540.0,
                -517.0,
                -470.0,
                -458.0,
                -559.0,
                -492.0,
                -496.0,
                -384.0,
                -578.0,
                -380.0,
                -628.0,
                -390.0,
                -409.0,
                -440.0,
                -346.0,
                -355.0,
                -493.0,
                -465.0,
                -367.0,
                -645.0,
                -452.0,
                -448.0,
                -586.0,
                -404.0,
                -464.0,
                -495.0,
                -427.0,
                -478.0,
                -313.0,
                -492.0,
                -485.0,
                -384.0,
                -321.0,
                -399.0,
                -353.0,
                -583.0,
                -599.0,
                -430.0,
                -385.0,
                -625.0,
                -358.0,
                -487.0,
                -481.0,
                -540.0,
                -406.0,
                -447.0,
                -424.0,
                -609.0,
                -467.0,
                -401.0,
                -407.0,
                -415.0,
                -452.0,
                -595.0,
                -322.0,
                -618.0,
                -289.0,
                -380.0,
                -475.0,
                -408.0,
                -413.0,
                -421.0,
                -419.0,
                -553.0,
                -451.0,
                -289.0,
                -412.0,
                -376.0,
                -392.0,
                -446.0,
                -519.0,
                -542.0,
                -316.0,
                -590.0,
                -490.0,
                -421.0,
                -422.0,
                -527.0,
                -355.0,
                -489.0,
                -358.0,
                -582.0,
                -516.0,
                -450.0,
                -517.0,
                -399.0,
                -378.0,
                -504.0,
                -425.0,
                -358.0,
                -492.0,
                -335.0,
                -512.0,
                -480.0,
                -470.0
            ],