{
    "custom_metrics": {},
    "episode_media": {},
    "info": {
        "learner": {
            "policy_1": {
                "learner_stats": {
                    "allreduce_latency": 0.0,
                    "grad_gnorm": 1.1866847276687622,
                    "cur_kl_coeff": 0.09999999999999998,
                    "cur_lr": 5e-05,
                    "total_loss": 8.975826858751702,
                    "policy_loss": -0.08648665831988733,
                    "vf_loss": 9.858199449018999,
                    "vf_explained_var": -4.360170075387666e-07,
                    "kl": 0.012695200967270717,
                    "entropy": 1.594310889822064,
                    "entropy_coeff": 0.5
                },
                "model": {},
                "custom_metrics": {},
                "num_agent_steps_trained": 121.63636363636364,
                "num_grad_updates_lifetime": 90915.5,
                "diff_num_grad_updates_vs_sampler_policy": 164.5
            },
            "policy_2": {
                "learner_stats": {
                    "allreduce_latency": 0.0,
                    "grad_gnorm": 1.0879805088043213,
                    "cur_kl_coeff": 0.04999999999999999,
                    "cur_lr": 5e-05,
                    "total_loss": 8.137800431974007,
                    "policy_loss": -0.06823693142011479,
                    "vf_loss": 9.83990591800574,
                    "vf_explained_var": -0.0014486757191744717,
                    "kl": 0.00957338626235383,
                    "entropy": 1.6343472289316583,
                    "entropy_coeff": 1.0
                },
                "model": {},
                "custom_metrics": {},
                "num_agent_steps_trained": 120.54545454545455,
                "num_grad_updates_lifetime": 90915.5,
                "diff_num_grad_updates_vs_sampler_policy": 164.5
            },
            "policy_0": {
                "learner_stats": {
                    "allreduce_latency": 0.0,
                    "grad_gnorm": 3.655527114868164,
                    "cur_kl_coeff": 0.19999999999999996,
                    "cur_lr": 5e-05,
                    "total_loss": 8.538407003518307,
                    "policy_loss": -0.09834235356027035,
                    "vf_loss": 8.767650936589096,
                    "vf_explained_var": 0.03143697814507918,
                    "kl": 0.013567174575447037,
                    "entropy": 1.3361503785306756,
                    "entropy_coeff": 0.09999999999999998
                },
                "model": {},
                "custom_metrics": {},
                "num_agent_steps_trained": 121.45454545454545,
                "num_grad_updates_lifetime": 90915.5,
                "diff_num_grad_updates_vs_sampler_policy": 164.5
            }
        },
        "num_env_steps_sampled": 1104000,
        "num_env_steps_trained": 1104000,
        "num_agent_steps_sampled": 1103998,
        "num_agent_steps_trained": 1103998
    },
    "env_runners": {
        "episode_reward_max": -267.0,
        "episode_reward_min": -646.0,
        "episode_reward_mean": -448.74,
        "episode_len_mean": 147.98,
        "episode_media": {},
        "episodes_timesteps_total": 14798,
        "policy_reward_min": {
            "policy_2": -370.0,
            "policy_0": -340.0,
            "policy_1": -440.0
        },
        "policy_reward_max": {
            "policy_2": -19.0,
            "policy_0": -5.0,
            "policy_1": -11.0
        },
        "policy_reward_mean": {
            "policy_2": -187.76,
            "policy_0": -102.91,
            "policy_1": -158.07
        },
        "custom_metrics": {},
        "hist_stats": {
            "episode_reward": [
                -455.0,
                -338.0,
                -454.0,
                -326.0,
                -462.0,
                -435.0,
                -398.0,
                -524.0,
                -551.0,
                -366.0,
                -509.0,
                -551.0,
                -447.0,
                -513.0,
                -516.0,
                -375.0,
                -522.0,
                -600.0,
                -489.0,
                -449.0,
                -308.0,
                -643.0,
                -337.0,
                -455.0,
                -468.0,
                -329.0,
                -438.0,
                -628.0,
                -448.0,
                -376.0,
                -382.0,
                -473.0,
                -472.0,
                -454.0,
                -568.0,
                -466.0,
                -646.0,
                -594.0,
                -288.0,
                -446.0,
                -547.0,
                -543.0,
                -557.0,
                -267.0,
                -453.0,
                -468.0,
                -422.0,
                -504.0,
                -347.0,
                -441.0,
                -413.0,
                -446.0,
                -436.0,
                -517.0,
                -527.0,
                -362.0,
                -381.0,
                -486.0,
                -303.0,
                -292.0,
                -336.0,
                -469.0,
                -353.0,
                -489.0,
                -544.0,
                -363.0,
                -354.0,
                -510.0,
                -447.0,
                -455.0,
                -438.0,
                -566.0,
                -478.0,
                -560.0,
                -412.0,
                -431.0,
                -323.0,
                -493.0,
                -489.0,
                -432.0,
                -560.0,
                -367.0,
                -374.0,
                -514.0,
                -387.0,
                -513.0,
                -308.0,
                -429.0,
                -419.0,
                -487.0,
                -482.0,
                -468.0,
                -435.0,
                -368.0,
                -469.0,
                -378.0,
                -461.0,
                -435.0,
                -468.0,
                -399.0
            ],