{
    "custom_metrics": {},
    "episode_media": {},
    "info": {
        "learner": {
            "policy_1": {
                "learner_stats": {
                    "allreduce_latency": 0.0,
                    "grad_gnorm": 1.1819230318069458,
                    "cur_kl_coeff": 0.09999999999999998,
                    "cur_lr": 5e-05,
                    "total_loss": 8.94209832278165,
                    "policy_loss": -0.0828152539025089,
                    "vf_loss": 9.817290762699011,
                    "vf_explained_var": -1.4883099180279357e-07,
                    "kl": 0.011291102619214058,
                    "entropy": 1.5870126471374975,
                    "entropy_coeff": 0.5
                },
                "model": {},
                "custom_metrics": {},
                "num_agent_steps_trained": 121.36363636363636,
                "num_grad_updates_lifetime": 109065.5,
                "diff_num_grad_updates_vs_sampler_policy": 164.5
            },
            "policy_2": {
                "learner_stats": {
                    "allreduce_latency": 0.0,
                    "grad_gnorm": 1.1156573295593262,
                    "cur_kl_coeff": 0.04999999999999999,
                    "cur_lr": 5e-05,
                    "total_loss": 8.129967510338986,
                    "policy_loss": -0.0671003565590857,
                    "vf_loss": 9.812503990982519,
                    "vf_explained_var": 6.78102175394694e-05,
                    "kl": 0.008390876446367202,
                    "entropy": 1.6158557093504704,
                    "entropy_coeff": 1.0
                },
                "model": {},
                "custom_metrics": {},
                "num_agent_steps_trained": 120.36363636363636,
                "num_grad_updates_lifetime": 109065.5,
                "diff_num_grad_updates_vs_sampler_policy": 164.5
            },
            "policy_0": {
                "learner_stats": {
                    "allreduce_latency": 0.0,
                    "grad_gnorm": 2.724076986312866,
                    "cur_kl_coeff": 0.19999999999999996,
                    "cur_lr": 5e-05,
                    "total_loss": 8.957162338314635,
                    "policy_loss": -0.08743906677241974,
                    "vf_loss": 9.167527210351192,
                    "vf_explained_var": 0.03170839746793111,
                    "kl": 0.013179807610916852,
                    "entropy": 1.255617738492561,
                    "entropy_coeff": 0.09999999999999998
                },
                "model": {},
                "custom_metrics": {},
                "num_agent_steps_trained": 121.9090909090909,
                "num_grad_updates_lifetime": 109065.5,
                "diff_num_grad_updates_vs_sampler_policy": 164.5
            }
        },
        "num_env_steps_sampled": 1324000,
        "num_env_steps_trained": 1324000,
        "num_agent_steps_sampled": 1323998,
        "num_agent_steps_trained": 1323998
    },
    "env_runners": {
        "episode_reward_max": -244.0,
        "episode_reward_min": -640.0,
        "episode_reward_mean": -449.87,
        "episode_len_mean": 150.3,
        "episode_media": {},
        "episodes_timesteps_total": 15030,
        "policy_reward_min": {
            "policy_1": -460.0,
            "policy_2": -400.0,
            "policy_0": -365.0
        },
        "policy_reward_max": {
            "policy_1": -21.0,
            "policy_2": -19.0,
            "policy_0": -9.0
        },
        "policy_reward_mean": {
            "policy_1": -135.33,
            "policy_2": -215.61,
            "policy_0": -98.93
        },
        "custom_metrics": {},
        "hist_stats": {
            "episode_reward": [
                -328.0,
                -429.0,
                -447.0,
                -640.0,
                -581.0,
                -332.0,
                -345.0,
                -317.0,
                -487.0,
                -525.0,
                -396.0,
                -515.0,
                -523.0,
                -456.0,
                -360.0,
                -380.0,
                -386.0,
                -405.0,
                -480.0,
                -520.0,
                -582.0,
                -499.0,
                -514.0,
                -406.0,
                -354.0,
                -394.0,
                -388.0,
                -412.0,
                -423.0,
                -313.0,
                -576.0,
                -415.0,
                -311.0,
                -386.0,
                -568.0,
                -411.0,
                -308.0,
                -371.0,
                -429.0,
                -497.0,
                -455.0,
                -431.0,
                -362.0,
                -463.0,
                -440.0,
                -431.0,
                -528.0,
                -527.0,
                -501.0,
                -466.0,
                -428.0,
                -512.0,
                -407.0,
                -524.0,
                -568.0,
                -397.0,
                -467.0,
                -567.0,
                -502.0,
                -624.0,
                -491.0,
                -487.0,
                -368.0,
                -374.0,
                -550.0,
                -491.0,
                -610.0,
                -457.0,
                -569.0,
                -505.0,
                -321.0,
                -370.0,
                -532.0,
                -244.0,
                -435.0,
                -566.0,
                -546.0,
                -293.0,
                -563.0,
                -561.0,
                -507.0,
                -428.0,
                -408.0,
                -440.0,
                -340.0,
                -342.0,
                -359.0,
                -402.0,
                -438.0,
                -422.0,
                -459.0,
                -530.0,
                -373.0,
                -541.0,
                -477.0,
                -536.0,
                -431.0,
                -299.0,
                -523.0,
                -390.0
            ],