{
    "custom_metrics": {},
    "episode_media": {},
    "info": {
        "learner": {
            "policy_1": {
                "learner_stats": {
                    "allreduce_latency": 0.0,
                    "grad_gnorm": 1.2047507762908936,
                    "cur_kl_coeff": 0.09999999999999998,
                    "cur_lr": 5e-05,
                    "total_loss": 8.551868333238543,
                    "policy_loss": -0.0875549116821,
                    "vf_loss": 9.43719570275509,
                    "vf_explained_var": -1.8723083264899977e-06,
                    "kl": 0.010889721083949212,
                    "entropy": 1.597722968188199,
                    "entropy_coeff": 0.5
                },
                "model": {},
                "custom_metrics": {},
                "num_agent_steps_trained": 121.45454545454545,
                "num_grad_updates_lifetime": 84315.5,
                "diff_num_grad_updates_vs_sampler_policy": 164.5
            },
            "policy_2": {
                "learner_stats": {
                    "allreduce_latency": 0.0,
                    "grad_gnorm": 1.0659927129745483,
                    "cur_kl_coeff": 0.04999999999999999,
                    "cur_lr": 5e-05,
                    "total_loss": 7.736278000744906,
                    "policy_loss": -0.0732019959948957,
                    "vf_loss": 9.438625867439038,
                    "vf_explained_var": -4.190387147845644e-08,
                    "kl": 0.009583032271631273,
                    "entropy": 1.6296250346935157,
                    "entropy_coeff": 1.0
                },
                "model": {},
                "custom_metrics": {},
                "num_agent_steps_trained": 120.45454545454545,
                "num_grad_updates_lifetime": 84315.5,
                "diff_num_grad_updates_vs_sampler_policy": 164.5
            },
            "policy_0": {
                "learner_stats": {
                    "allreduce_latency": 0.0,
                    "grad_gnorm": 5.828551292419434,
                    "cur_kl_coeff": 0.19999999999999996,
                    "cur_lr": 5e-05,
                    "total_loss": 7.561374931624441,
                    "policy_loss": -0.08996383720500903,
                    "vf_loss": 7.781158473274925,
                    "vf_explained_var": -0.04132541273579453,
                    "kl": 0.012922241648921187,
                    "entropy": 1.324041304624442,
                    "entropy_coeff": 0.09999999999999998
                },
                "model": {},
                "custom_metrics": {},
                "num_agent_steps_trained": 121.72727272727273,
                "num_grad_updates_lifetime": 84315.5,
                "diff_num_grad_updates_vs_sampler_policy": 164.5
            }
        },
        "num_env_steps_sampled": 1024000,
        "num_env_steps_trained": 1024000,
        "num_agent_steps_sampled": 1023998,
        "num_agent_steps_trained": 1023998
    },
    "env_runners": {
        "episode_reward_max": -235.0,
        "episode_reward_min": -638.0,
        "episode_reward_mean": -452.18,
        "episode_len_mean": 147.68,
        "episode_media": {},
        "episodes_timesteps_total": 14768,
        "policy_reward_min": {
            "policy_2": -365.0,
            "policy_0": -355.0,
            "policy_1": -410.0
        },
        "policy_reward_max": {
            "policy_2": -30.0,
            "policy_0": -18.0,
            "policy_1": -22.0
        },
        "policy_reward_mean": {
            "policy_2": -194.39,
            "policy_0": -118.17,
            "policy_1": -139.62
        },
        "custom_metrics": {},
        "hist_stats": {
            "episode_reward": [
                -391.0,
                -553.0,
                -561.0,
                -444.0,
                -356.0,
                -416.0,
                -442.0,
                -434.0,
                -392.0,
                -427.0,
                -436.0,
                -424.0,
                -436.0,
                -280.0,
                -556.0,
                -507.0,
                -495.0,
                -403.0,
                -514.0,
                -488.0,
                -505.0,
                -420.0,
                -638.0,
                -452.0,
                -449.0,
                -547.0,
                -549.0,
                -470.0,
                -480.0,
                -462.0,
                -444.0,
                -509.0,
                -241.0,
                -350.0,
                -383.0,
                -377.0,
                -451.0,
                -467.0,
                -546.0,
                -235.0,
                -560.0,
                -517.0,
                -428.0,
                -521.0,
                -590.0,
                -409.0,
                -408.0,
                -476.0,
                -415.0,
                -537.0,
                -376.0,
                -454.0,
                -418.0,
                -600.0,
                -475.0,
                -364.0,
                -440.0,
                -587.0,
                -477.0,
                -505.0,
                -436.0,
                -409.0,
                -558.0,
                -445.0,
                -557.0,
                -525.0,
                -498.0,
                -295.0,
                -367.0,
                -355.0,
                -441.0,
                -349.0,
                -395.0,
                -468.0,
                -401.0,
                -496.0,
                -382.0,
                -453.0,
                -441.0,
                -445.0,
                -529.0,
                -382.0,
                -536.0,
                -595.0,
                -569.0,
                -339.0,
                -411.0,
                -409.0,
                -474.0,
                -392.0,
                -412.0,
                -388.0,
                -391.0,
                -538.0,
                -436.0,
                -520.0,
                -553.0,
                -387.0,
                -284.0,
                -470.0
            ],