{
    "custom_metrics": {},
    "episode_media": {},
    "info": {
        "learner": {
            "policy_1": {
                "learner_stats": {
                    "allreduce_latency": 0.0,
                    "grad_gnorm": 1.1916513442993164,
                    "cur_kl_coeff": 0.09999999999999998,
                    "cur_lr": 5e-05,
                    "total_loss": 9.000467560508035,
                    "policy_loss": -0.08942144686641934,
                    "vf_loss": 9.887626275149259,
                    "vf_explained_var": 2.6240493312026515e-06,
                    "kl": 0.012610311107955125,
                    "entropy": 1.5979966990875476,
                    "entropy_coeff": 0.5
                },
                "model": {},
                "custom_metrics": {},
                "num_agent_steps_trained": 121.27272727272727,
                "num_grad_updates_lifetime": 95865.5,
                "diff_num_grad_updates_vs_sampler_policy": 164.5
            },
            "policy_2": {
                "learner_stats": {
                    "allreduce_latency": 0.0,
                    "grad_gnorm": 1.086787223815918,
                    "cur_kl_coeff": 0.04999999999999999,
                    "cur_lr": 5e-05,
                    "total_loss": 8.18494810624556,
                    "policy_loss": -0.07349071381225561,
                    "vf_loss": 9.885882571249297,
                    "vf_explained_var": -0.0006299459572994347,
                    "kl": 0.010036648787977864,
                    "entropy": 1.6279456438440265,
                    "entropy_coeff": 1.0
                },
                "model": {},
                "custom_metrics": {},
                "num_agent_steps_trained": 120.54545454545455,
                "num_grad_updates_lifetime": 95865.5,
                "diff_num_grad_updates_vs_sampler_policy": 164.5
            },
            "policy_0": {
                "learner_stats": {
                    "allreduce_latency": 0.0,
                    "grad_gnorm": 3.237513303756714,
                    "cur_kl_coeff": 0.19999999999999996,
                    "cur_lr": 5e-05,
                    "total_loss": 8.837005684592507,
                    "policy_loss": -0.09436273647359375,
                    "vf_loss": 9.063774129116174,
                    "vf_explained_var": 0.023870731303186128,
                    "kl": 0.01433861407509861,
                    "entropy": 1.3527344205162741,
                    "entropy_coeff": 0.09999999999999998
                },
                "model": {},
                "custom_metrics": {},
                "num_agent_steps_trained": 121.81818181818181,
                "num_grad_updates_lifetime": 95865.5,
                "diff_num_grad_updates_vs_sampler_policy": 164.5
            }
        },
        "num_env_steps_sampled": 1164000,
        "num_env_steps_trained": 1164000,
        "num_agent_steps_sampled": 1163998,
        "num_agent_steps_trained": 1163998
    },
    "env_runners": {
        "episode_reward_max": -297.0,
        "episode_reward_min": -643.0,
        "episode_reward_mean": -458.95,
        "episode_len_mean": 144.84,
        "episode_media": {},
        "episodes_timesteps_total": 14484,
        "policy_reward_min": {
            "policy_0": -370.0,
            "policy_1": -465.0,
            "policy_2": -445.0
        },
        "policy_reward_max": {
            "policy_0": 0.0,
            "policy_1": -20.0,
            "policy_2": -35.0
        },
        "policy_reward_mean": {
            "policy_0": -102.48,
            "policy_1": -156.01,
            "policy_2": -200.46
        },
        "custom_metrics": {},
        "hist_stats": {
            "episode_reward": [
                -531.0,
                -326.0,
                -511.0,
                -423.0,
                -495.0,
                -439.0,
                -473.0,
                -435.0,
                -398.0,
                -513.0,
                -365.0,
                -532.0,
                -541.0,
                -303.0,
                -496.0,
                -533.0,
                -427.0,
                -410.0,
                -368.0,
                -384.0,
                -307.0,
                -538.0,
                -643.0,
                -478.0,
                -423.0,
                -491.0,
                -297.0,
                -624.0,
                -463.0,
                -490.0,
                -541.0,
                -411.0,
                -464.0,
                -575.0,
                -461.0,
                -519.0,
                -342.0,
                -515.0,
                -448.0,
                -403.0,
                -378.0,
                -414.0,
                -449.0,
                -298.0,
                -460.0,
                -523.0,
                -587.0,
                -497.0,
                -357.0,
                -571.0,
                -468.0,
                -520.0,
                -452.0,
                -430.0,
                -376.0,
                -466.0,
                -440.0,
                -393.0,
                -399.0,
                -518.0,
                -524.0,
                -494.0,
                -372.0,
                -522.0,
                -453.0,
                -372.0,
                -538.0,
                -407.0,
                -406.0,
                -559.0,
                -365.0,
                -374.0,
                -579.0,
                -449.0,
                -626.0,
                -608.0,
                -417.0,
                -372.0,
                -499.0,
                -474.0,
                -502.0,
                -329.0,
                -548.0,
                -631.0,
                -446.0,
                -353.0,
                -434.0,
                -454.0,
                -465.0,
                -466.0,
                -422.0,
                -358.0,
                -536.0,
                -377.0,
                -409.0,
                -520.0,
                -496.0,
                -503.0,
                -461.0,
                -443.0
            ],