{
    "custom_metrics": {},
    "episode_media": {},
    "info": {
        "learner": {
            "policy_1": {
                "learner_stats": {
                    "allreduce_latency": 0.0,
                    "grad_gnorm": 1.2134125232696533,
                    "cur_kl_coeff": 0.09999999999999998,
                    "cur_lr": 5e-05,
                    "total_loss": 8.884619105945934,
                    "policy_loss": -0.10108044631355866,
                    "vf_loss": 9.780618745630438,
                    "vf_explained_var": -3.6756197611490887e-07,
                    "kl": 0.015263360919302207,
                    "entropy": 1.5928911584796328,
                    "entropy_coeff": 0.5
                },
                "model": {},
                "custom_metrics": {},
                "num_agent_steps_trained": 121.81818181818181,
                "num_grad_updates_lifetime": 143715.5,
                "diff_num_grad_updates_vs_sampler_policy": 164.5
            },
            "policy_2": {
                "learner_stats": {
                    "allreduce_latency": 0.0,
                    "grad_gnorm": 1.0701477527618408,
                    "cur_kl_coeff": 0.04999999999999999,
                    "cur_lr": 5e-05,
                    "total_loss": 8.099935944875082,
                    "policy_loss": -0.07321979276215036,
                    "vf_loss": 9.788896242777506,
                    "vf_explained_var": -1.9656528126109732e-05,
                    "kl": 0.010655041109930225,
                    "entropy": 1.6162733395894369,
                    "entropy_coeff": 1.0
                },
                "model": {},
                "custom_metrics": {},
                "num_agent_steps_trained": 120.63636363636364,
                "num_grad_updates_lifetime": 143715.5,
                "diff_num_grad_updates_vs_sampler_policy": 164.5
            },
            "policy_0": {
                "learner_stats": {
                    "allreduce_latency": 0.0,
                    "grad_gnorm": 3.5762617588043213,
                    "cur_kl_coeff": 0.19999999999999996,
                    "cur_lr": 5e-05,
                    "total_loss": 8.048258051727757,
                    "policy_loss": -0.10266096063282792,
                    "vf_loss": 8.272027560436364,
                    "vf_explained_var": 0.02114445296200839,
                    "kl": 0.015008942831971657,
                    "entropy": 1.241103648778164,
                    "entropy_coeff": 0.09999999999999998
                },
                "model": {},
                "custom_metrics": {},
                "num_agent_steps_trained": 121.18181818181819,
                "num_grad_updates_lifetime": 143715.5,
                "diff_num_grad_updates_vs_sampler_policy": 164.5
            }
        },
        "num_env_steps_sampled": 1744000,
        "num_env_steps_trained": 1744000,
        "num_agent_steps_sampled": 1743998,
        "num_agent_steps_trained": 1743998
    },
    "env_runners": {
        "episode_reward_max": -193.0,
        "episode_reward_min": -654.0,
        "episode_reward_mean": -443.61,
        "episode_len_mean": 145.94,
        "episode_media": {},
        "episodes_timesteps_total": 14594,
        "policy_reward_min": {
            "policy_0": -375.0,
            "policy_1": -490.0,
            "policy_2": -490.0
        },
        "policy_reward_max": {
            "policy_0": -3.0,
            "policy_1": -22.0,
            "policy_2": -32.0
        },
        "policy_reward_mean": {
            "policy_0": -113.31,
            "policy_1": -126.68,
            "policy_2": -203.62
        },
        "custom_metrics": {},
        "hist_stats": {
            "episode_reward": [
                -491.0,
                -460.0,
                -455.0,
                -402.0,
                -348.0,
                -500.0,
                -587.0,
                -537.0,
                -506.0,
                -372.0,
                -416.0,
                -420.0,
                -346.0,
                -421.0,
                -307.0,
                -290.0,
                -393.0,
                -362.0,
                -508.0,
                -379.0,
                -555.0,
                -461.0,
                -425.0,
                -654.0,
                -316.0,
                -430.0,
                -413.0,
                -497.0,
                -470.0,
                -313.0,
                -649.0,
                -291.0,
                -404.0,
                -389.0,
                -376.0,
                -464.0,
                -276.0,
                -618.0,
                -431.0,
                -583.0,
                -423.0,
                -507.0,
                -338.0,
                -492.0,
                -507.0,
                -563.0,
                -403.0,
                -394.0,
                -355.0,
                -412.0,
                -382.0,
                -556.0,
                -446.0,
                -398.0,
                -535.0,
                -400.0,
                -521.0,
                -521.0,
                -525.0,
                -467.0,
                -529.0,
                -328.0,
                -356.0,
                -465.0,
                -488.0,
                -457.0,
                -560.0,
                -443.0,
                -418.0,
                -496.0,
                -346.0,
                -450.0,
                -478.0,
                -268.0,
                -642.0,
                -513.0,
                -468.0,
                -541.0,
                -341.0,
                -603.0,
                -572.0,
                -238.0,
                -597.0,
                -193.0,
                -626.0,
                -491.0,
                -264.0,
                -595.0,
                -450.0,
                -493.0,
                -382.0,
                -386.0,
                -497.0,
                -410.0,
                -347.0,
                -385.0,
                -451.0,
                -292.0,
                -464.0,
                -378.0
            ],