{
    "custom_metrics": {},
    "episode_media": {},
    "info": {
        "learner": {
            "policy_1": {
                "learner_stats": {
                    "allreduce_latency": 0.0,
                    "grad_gnorm": 1.2053163051605225,
                    "cur_kl_coeff": 0.09999999999999998,
                    "cur_lr": 5e-05,
                    "total_loss": 8.832162044987534,
                    "policy_loss": -0.08290997438951198,
                    "vf_loss": 9.710630107648445,
                    "vf_explained_var": 3.715590997175737e-05,
                    "kl": 0.011920608927624664,
                    "entropy": 1.5935005061554186,
                    "entropy_coeff": 0.5
                },
                "model": {},
                "custom_metrics": {},
                "num_agent_steps_trained": 122.27272727272727,
                "num_grad_updates_lifetime": 209715.5,
                "diff_num_grad_updates_vs_sampler_policy": 164.5
            },
            "policy_2": {
                "learner_stats": {
                    "allreduce_latency": 0.0,
                    "grad_gnorm": 1.1537890434265137,
                    "cur_kl_coeff": 0.04999999999999999,
                    "cur_lr": 5e-05,
                    "total_loss": 8.008192232883339,
                    "policy_loss": -0.07536569383898467,
                    "vf_loss": 9.711204702203924,
                    "vf_explained_var": -5.979790832057144e-06,
                    "kl": 0.008776998921751749,
                    "entropy": 1.628085724512736,
                    "entropy_coeff": 1.0
                },
                "model": {},
                "custom_metrics": {},
                "num_agent_steps_trained": 119.9090909090909,
                "num_grad_updates_lifetime": 209715.5,
                "diff_num_grad_updates_vs_sampler_policy": 164.5
            },
            "policy_0": {
                "learner_stats": {
                    "allreduce_latency": 0.0,
                    "grad_gnorm": 2.5376791954040527,
                    "cur_kl_coeff": 0.19999999999999996,
                    "cur_lr": 5e-05,
                    "total_loss": 8.93259520964189,
                    "policy_loss": -0.09594342539256269,
                    "vf_loss": 9.142186901786111,
                    "vf_explained_var": 0.03801126570412607,
                    "kl": 0.012862383235673009,
                    "entropy": 1.162206946177916,
                    "entropy_coeff": 0.09999999999999998
                },
                "model": {},
                "custom_metrics": {},
                "num_agent_steps_trained": 121.45454545454545,
                "num_grad_updates_lifetime": 209715.5,
                "diff_num_grad_updates_vs_sampler_policy": 164.5
            }
        },
        "num_env_steps_sampled": 2544000,
        "num_env_steps_trained": 2544000,
        "num_agent_steps_sampled": 2543998,
        "num_agent_steps_trained": 2543998
    },
    "env_runners": {
        "episode_reward_max": -254.0,
        "episode_reward_min": -681.0,
        "episode_reward_mean": -430.26,
        "episode_len_mean": 143.8,
        "episode_media": {},
        "episodes_timesteps_total": 14380,
        "policy_reward_min": {
            "policy_2": -440.0,
            "policy_0": -320.0,
            "policy_1": -395.0
        },
        "policy_reward_max": {
            "policy_2": -25.0,
            "policy_0": -8.0,
            "policy_1": -26.0
        },
        "policy_reward_mean": {
            "policy_2": -220.82,
            "policy_0": -93.3,
            "policy_1": -116.14
        },
        "custom_metrics": {},
        "hist_stats": {
            "episode_reward": [
                -432.0,
                -516.0,
                -405.0,
                -404.0,
                -555.0,
                -315.0,
                -517.0,
                -445.0,
                -477.0,
                -575.0,
                -489.0,
                -347.0,
                -338.0,
                -498.0,
                -507.0,
                -451.0,
                -398.0,
                -471.0,
                -503.0,
                -435.0,
                -407.0,
                -523.0,
                -362.0,
                -407.0,
                -319.0,
                -501.0,
                -372.0,
                -443.0,
                -525.0,
                -338.0,
                -310.0,
                -452.0,
                -332.0,
                -401.0,
                -505.0,
                -481.0,
                -462.0,
                -502.0,
                -395.0,
                -400.0,
                -580.0,
                -410.0,
                -380.0,
                -536.0,
                -368.0,
                -586.0,
                -359.0,
                -547.0,
                -403.0,
                -497.0,
                -389.0,
                -307.0,
                -347.0,
                -422.0,
                -482.0,
                -531.0,
                -417.0,
                -416.0,
                -300.0,
                -383.0,
                -453.0,
                -488.0,
                -361.0,
                -402.0,
                -305.0,
                -503.0,
                -457.0,
                -387.0,
                -493.0,
                -373.0,
                -296.0,
                -254.0,
                -294.0,
                -358.0,
                -461.0,
                -474.0,
                -383.0,
                -332.0,
                -492.0,
                -444.0,
                -467.0,
                -402.0,
                -506.0,
                -483.0,
                -549.0,
                -347.0,
                -376.0,
                -484.0,
                -489.0,
                -323.0,
                -436.0,
                -541.0,
                -379.0,
                -388.0,
                -324.0,
                -681.0,
                -415.0,
                -507.0,
                -459.0,
                -285.0
            ],