{
    "custom_metrics": {},
    "episode_media": {},
    "info": {
        "learner": {
            "policy_1": {
                "learner_stats": {
                    "allreduce_latency": 0.0,
                    "grad_gnorm": 1.3234843015670776,
                    "cur_kl_coeff": 0.09999999999999998,
                    "cur_lr": 5e-05,
                    "total_loss": 8.886578744830507,
                    "policy_loss": -0.0949328365100717,
                    "vf_loss": 9.762999083779075,
                    "vf_explained_var": 0.00047743808139454237,
                    "kl": 0.01370646968831036,
                    "entropy": 1.56571638620261,
                    "entropy_coeff": 0.5
                },
                "model": {},
                "custom_metrics": {},
                "num_agent_steps_trained": 121.36363636363636,
                "num_grad_updates_lifetime": 326865.5,
                "diff_num_grad_updates_vs_sampler_policy": 164.5
            },
            "policy_2": {
                "learner_stats": {
                    "allreduce_latency": 0.0,
                    "grad_gnorm": 1.2347482442855835,
                    "cur_kl_coeff": 0.04999999999999999,
                    "cur_lr": 5e-05,
                    "total_loss": 8.067457889788079,
                    "policy_loss": -0.07806854957404236,
                    "vf_loss": 9.765765230583423,
                    "vf_explained_var": -2.108740084099047e-06,
                    "kl": 0.015172464910041195,
                    "entropy": 1.6209974747715574,
                    "entropy_coeff": 1.0
                },
                "model": {},
                "custom_metrics": {},
                "num_agent_steps_trained": 120.0909090909091,
                "num_grad_updates_lifetime": 326865.5,
                "diff_num_grad_updates_vs_sampler_policy": 164.5
            },
            "policy_0": {
                "learner_stats": {
                    "allreduce_latency": 0.0,
                    "grad_gnorm": 3.9186642169952393,
                    "cur_kl_coeff": 0.19999999999999996,
                    "cur_lr": 5e-05,
                    "total_loss": 7.7116790944879705,
                    "policy_loss": -0.11428429062450023,
                    "vf_loss": 7.947367983153372,
                    "vf_explained_var": 0.07646882208910856,
                    "kl": 0.018312029397478193,
                    "entropy": 1.2506706682118502,
                    "entropy_coeff": 0.09999999999999998
                },
                "model": {},
                "custom_metrics": {},
                "num_agent_steps_trained": 122.18181818181819,
                "num_grad_updates_lifetime": 326865.5,
                "diff_num_grad_updates_vs_sampler_policy": 164.5
            }
        },
        "num_env_steps_sampled": 3964000,
        "num_env_steps_trained": 3964000,
        "num_agent_steps_sampled": 3963998,
        "num_agent_steps_trained": 3963998
    },
    "env_runners": {
        "episode_reward_max": -231.0,
        "episode_reward_min": -671.0,
        "episode_reward_mean": -446.8,
        "episode_len_mean": 151.12,
        "episode_media": {},
        "episodes_timesteps_total": 15112,
        "policy_reward_min": {
            "policy_1": -455.0,
            "policy_2": -465.0,
            "policy_0": -390.0
        },
        "policy_reward_max": {
            "policy_1": -19.0,
            "policy_2": -36.0,
            "policy_0": -6.0
        },
        "policy_reward_mean": {
            "policy_1": -145.67,
            "policy_2": -195.36,
            "policy_0": -105.77
        },
        "custom_metrics": {},
        "hist_stats": {
            "episode_reward": [
                -459.0,
                -551.0,
                -535.0,
                -375.0,
                -518.0,
                -303.0,
                -281.0,
                -534.0,
                -585.0,
                -488.0,
                -500.0,
                -423.0,
                -231.0,
                -347.0,
                -343.0,
                -355.0,
                -434.0,
                -360.0,
                -514.0,
                -532.0,
                -541.0,
                -519.0,
                -391.0,
                -411.0,
                -430.0,
                -575.0,
                -403.0,
                -278.0,
                -284.0,
                -634.0,
                -570.0,
                -346.0,
                -475.0,
                -527.0,
                -496.0,
                -419.0,
                -408.0,
                -364.0,
                -520.0,
                -370.0,
                -452.0,
                -445.0,
                -478.0,
                -418.0,
                -557.0,
                -449.0,
                -327.0,
                -541.0,
                -558.0,
                -612.0,
                -374.0,
                -451.0,
                -603.0,
                -375.0,
                -427.0,
                -344.0,
                -562.0,
                -364.0,
                -398.0,
                -525.0,
                -407.0,
                -469.0,
                -444.0,
                -393.0,
                -514.0,
                -496.0,
                -432.0,
                -364.0,
                -362.0,
                -394.0,
                -491.0,
                -505.0,
                -514.0,
                -321.0,
                -338.0,
                -422.0,
                -453.0,
                -451.0,
                -292.0,
                -361.0,
                -415.0,
                -478.0,
                -460.0,
                -482.0,
                -477.0,
                -468.0,
                -530.0,
                -558.0,
                -485.0,
                -531.0,
                -441.0,
                -671.0,
                -441.0,
                -511.0,
                -399.0,
                -504.0,
                -482.0,
                -388.0,
                -276.0,
                -371.0
            ],