{
    "custom_metrics": {},
    "episode_media": {},
    "info": {
        "learner": {
            "policy_1": {
                "learner_stats": {
                    "allreduce_latency": 0.0,
                    "grad_gnorm": 1.2213764190673828,
                    "cur_kl_coeff": 0.09999999999999998,
                    "cur_lr": 5e-05,
                    "total_loss": 8.875308600339023,
                    "policy_loss": -0.0937127089494783,
                    "vf_loss": 9.765709278800271,
                    "vf_explained_var": 1.9850152911561907e-07,
                    "kl": 0.01386630451820813,
                    "entropy": 1.5961492412018052,
                    "entropy_coeff": 0.5
                },
                "model": {},
                "custom_metrics": {},
                "num_agent_steps_trained": 121.72727272727273,
                "num_grad_updates_lifetime": 137115.5,
                "diff_num_grad_updates_vs_sampler_policy": 164.5
            },
            "policy_2": {
                "learner_stats": {
                    "allreduce_latency": 0.0,
                    "grad_gnorm": 1.1392511129379272,
                    "cur_kl_coeff": 0.04999999999999999,
                    "cur_lr": 5e-05,
                    "total_loss": 8.064161358457623,
                    "policy_loss": -0.08028807772612763,
                    "vf_loss": 9.764129878535416,
                    "vf_explained_var": 4.7214103467536693e-07,
                    "kl": 0.01075367028336328,
                    "entropy": 1.6202183365821838,
                    "entropy_coeff": 1.0
                },
                "model": {},
                "custom_metrics": {},
                "num_agent_steps_trained": 119.81818181818181,
                "num_grad_updates_lifetime": 137115.5,
                "diff_num_grad_updates_vs_sampler_policy": 164.5
            },
            "policy_0": {
                "learner_stats": {
                    "allreduce_latency": 0.0,
                    "grad_gnorm": 5.354918956756592,
                    "cur_kl_coeff": 0.19999999999999996,
                    "cur_lr": 5e-05,
                    "total_loss": 8.160025468017116,
                    "policy_loss": -0.10255506361806482,
                    "vf_loss": 8.388174334439364,
                    "vf_explained_var": 0.03537543488271309,
                    "kl": 0.015340397198048498,
                    "entropy": 1.2866189627936393,
                    "entropy_coeff": 0.09999999999999998
                },
                "model": {},
                "custom_metrics": {},
                "num_agent_steps_trained": 122.0909090909091,
                "num_grad_updates_lifetime": 137115.5,
                "diff_num_grad_updates_vs_sampler_policy": 164.5
            }
        },
        "num_env_steps_sampled": 1664000,
        "num_env_steps_trained": 1664000,
        "num_agent_steps_sampled": 1663998,
        "num_agent_steps_trained": 1663998
    },
    "env_runners": {
        "episode_reward_max": -233.0,
        "episode_reward_min": -677.0,
        "episode_reward_mean": -454.14,
        "episode_len_mean": 143.0,
        "episode_media": {},
        "episodes_timesteps_total": 14300,
        "policy_reward_min": {
            "policy_0": -435.0,
            "policy_1": -410.0,
            "policy_2": -425.0
        },
        "policy_reward_max": {
            "policy_0": -11.0,
            "policy_1": -18.0,
            "policy_2": -26.0
        },
        "policy_reward_mean": {
            "policy_0": -111.68,
            "policy_1": -154.62,
            "policy_2": -187.84
        },
        "custom_metrics": {},
        "hist_stats": {
            "episode_reward": [
                -416.0,
                -634.0,
                -471.0,
                -512.0,
                -542.0,
                -444.0,
                -582.0,
                -394.0,
                -348.0,
                -460.0,
                -454.0,
                -397.0,
                -431.0,
                -562.0,
                -352.0,
                -444.0,
                -640.0,
                -513.0,
                -412.0,
                -325.0,
                -378.0,
                -503.0,
                -359.0,
                -289.0,
                -477.0,
                -378.0,
                -406.0,
                -610.0,
                -464.0,
                -412.0,
                -491.0,
                -374.0,
                -487.0,
                -432.0,
                -515.0,
                -282.0,
                -384.0,
                -520.0,
                -428.0,
                -489.0,
                -310.0,
                -357.0,
                -524.0,
                -558.0,
                -492.0,
                -512.0,
                -433.0,
                -453.0,
                -451.0,
                -404.0,
                -357.0,
                -501.0,
                -233.0,
                -453.0,
                -476.0,
                -424.0,
                -403.0,
                -634.0,
                -471.0,
                -536.0,
                -519.0,
                -401.0,
                -591.0,
                -349.0,
                -677.0,
                -456.0,
                -641.0,
                -450.0,
                -471.0,
                -343.0,
                -510.0,
                -488.0,
                -378.0,
                -439.0,
                -493.0,
                -469.0,
                -507.0,
                -545.0,
                -555.0,
                -401.0,
                -456.0,
                -462.0,
                -500.0,
                -463.0,
                -471.0,
                -494.0,
                -380.0,
                -340.0,
                -336.0,
                -340.0,
                -321.0,
                -370.0,
                -509.0,
                -579.0,
                -449.0,
                -444.0,
                -465.0,
                -493.0,
                -402.0,
                -464.0
            ],