{
    "custom_metrics": {},
    "episode_media": {},
    "info": {
        "learner": {
            "policy_1": {
                "learner_stats": {
                    "allreduce_latency": 0.0,
                    "grad_gnorm": 1.226683497428894,
                    "cur_kl_coeff": 0.09999999999999998,
                    "cur_lr": 5e-05,
                    "total_loss": 8.953594479416356,
                    "policy_loss": -0.09282682467054462,
                    "vf_loss": 9.835997864694306,
                    "vf_explained_var": 5.665168617710923e-05,
                    "kl": 0.013619733725754148,
                    "entropy": 1.5818772048661203,
                    "entropy_coeff": 0.5
                },
                "model": {},
                "custom_metrics": {},
                "num_agent_steps_trained": 121.72727272727273,
                "num_grad_updates_lifetime": 168465.5,
                "diff_num_grad_updates_vs_sampler_policy": 164.5
            },
            "policy_2": {
                "learner_stats": {
                    "allreduce_latency": 0.0,
                    "grad_gnorm": 1.1320897340774536,
                    "cur_kl_coeff": 0.04999999999999999,
                    "cur_lr": 5e-05,
                    "total_loss": 8.118955211928396,
                    "policy_loss": -0.07917865999889645,
                    "vf_loss": 9.827671637679591,
                    "vf_explained_var": 7.369301535866477e-07,
                    "kl": 0.011064148448284147,
                    "entropy": 1.630090977567615,
                    "entropy_coeff": 1.0
                },
                "model": {},
                "custom_metrics": {},
                "num_agent_steps_trained": 120.63636363636364,
                "num_grad_updates_lifetime": 168465.5,
                "diff_num_grad_updates_vs_sampler_policy": 164.5
            },
            "policy_0": {
                "learner_stats": {
                    "allreduce_latency": 0.0,
                    "grad_gnorm": 2.878929376602173,
                    "cur_kl_coeff": 0.19999999999999996,
                    "cur_lr": 5e-05,
                    "total_loss": 8.916267428253636,
                    "policy_loss": -0.09811228667244767,
                    "vf_loss": 9.131254886858391,
                    "vf_explained_var": -0.02318609862616568,
                    "kl": 0.014636706490337877,
                    "entropy": 1.1980247389186511,
                    "entropy_coeff": 0.09999999999999998
                },
                "model": {},
                "custom_metrics": {},
                "num_agent_steps_trained": 121.27272727272727,
                "num_grad_updates_lifetime": 168465.5,
                "diff_num_grad_updates_vs_sampler_policy": 164.5
            }
        },
        "num_env_steps_sampled": 2044000,
        "num_env_steps_trained": 2044000,
        "num_agent_steps_sampled": 2043998,
        "num_agent_steps_trained": 2043998
    },
    "env_runners": {
        "episode_reward_max": -280.0,
        "episode_reward_min": -663.0,
        "episode_reward_mean": -433.82,
        "episode_len_mean": 140.6,
        "episode_media": {},
        "episodes_timesteps_total": 14060,
        "policy_reward_min": {
            "policy_1": -430.0,
            "policy_2": -400.0,
            "policy_0": -330.0
        },
        "policy_reward_max": {
            "policy_1": -19.0,
            "policy_2": -30.0,
            "policy_0": 1.0
        },
        "policy_reward_mean": {
            "policy_1": -143.79,
            "policy_2": -190.33,
            "policy_0": -99.7
        },
        "custom_metrics": {},
        "hist_stats": {
            "episode_reward": [
                -454.0,
                -406.0,
                -351.0,
                -469.0,
                -510.0,
                -459.0,
                -372.0,
                -498.0,
                -402.0,
                -341.0,
                -398.0,
                -300.0,
                -401.0,
                -351.0,
                -299.0,
                -397.0,
                -544.0,
                -280.0,
                -502.0,
                -305.0,
                -385.0,
                -473.0,
                -367.0,
                -524.0,
                -558.0,
                -537.0,
                -296.0,
                -462.0,
                -653.0,
                -372.0,
                -427.0,
                -299.0,
                -337.0,
                -426.0,
                -415.0,
                -500.0,
                -421.0,
                -663.0,
                -431.0,
                -451.0,
                -338.0,
                -405.0,
                -393.0,
                -383.0,
                -541.0,
                -366.0,
                -473.0,
                -555.0,
                -461.0,
                -448.0,
                -436.0,
                -452.0,
                -455.0,
                -329.0,
                -435.0,
                -405.0,
                -509.0,
                -458.0,
                -374.0,
                -461.0,
                -588.0,
                -584.0,
                -315.0,
                -525.0,
                -295.0,
                -473.0,
                -321.0,
                -320.0,
                -476.0,
                -350.0,
                -566.0,
                -304.0,
                -476.0,
                -504.0,
                -480.0,
                -645.0,
                -439.0,
                -280.0,
                -446.0,
                -502.0,
                -509.0,
                -525.0,
                -312.0,
                -438.0,
                -493.0,
                -470.0,
                -372.0,
                -496.0,
                -419.0,
                -496.0,
                -528.0,
                -526.0,
                -457.0,
                -339.0,
                -532.0,
                -402.0,
                -344.0,
                -432.0,
                -398.0,
                -292.0
            ],