{
    "custom_metrics": {},
    "episode_media": {},
    "info": {
        "learner": {
            "policy_1": {
                "learner_stats": {
                    "allreduce_latency": 0.0,
                    "grad_gnorm": 1.1161249876022339,
                    "cur_kl_coeff": 0.09999999999999998,
                    "cur_lr": 5e-05,
                    "total_loss": 8.964270788250548,
                    "policy_loss": -0.08381346594824483,
                    "vf_loss": 9.843390502351703,
                    "vf_explained_var": 2.409472610011245e-07,
                    "kl": 0.009987445810560474,
                    "entropy": 1.5926099780834082,
                    "entropy_coeff": 0.5
                },
                "model": {},
                "custom_metrics": {},
                "num_agent_steps_trained": 121.27272727272727,
                "num_grad_updates_lifetime": 52965.5,
                "diff_num_grad_updates_vs_sampler_policy": 164.5
            },
            "policy_2": {
                "learner_stats": {
                    "allreduce_latency": 0.0,
                    "grad_gnorm": 1.0352001190185547,
                    "cur_kl_coeff": 0.04999999999999999,
                    "cur_lr": 5e-05,
                    "total_loss": 8.141719500223795,
                    "policy_loss": -0.060890669392591176,
                    "vf_loss": 9.829545480554755,
                    "vf_explained_var": -1.4081145777846828e-06,
                    "kl": 0.006793857543144302,
                    "entropy": 1.6272750305406976,
                    "entropy_coeff": 1.0
                },
                "model": {},
                "custom_metrics": {},
                "num_agent_steps_trained": 120.72727272727273,
                "num_grad_updates_lifetime": 52965.5,
                "diff_num_grad_updates_vs_sampler_policy": 164.5
            },
            "policy_0": {
                "learner_stats": {
                    "allreduce_latency": 0.0,
                    "grad_gnorm": 2.047755002975464,
                    "cur_kl_coeff": 0.19999999999999996,
                    "cur_lr": 5e-05,
                    "total_loss": 9.32405409668431,
                    "policy_loss": -0.08455862146802247,
                    "vf_loss": 9.539426777579568,
                    "vf_explained_var": 0.019737702788728655,
                    "kl": 0.012811190270985633,
                    "entropy": 1.3337633378577956,
                    "entropy_coeff": 0.09999999999999998
                },
                "model": {},
                "custom_metrics": {},
                "num_agent_steps_trained": 121.63636363636364,
                "num_grad_updates_lifetime": 52965.5,
                "diff_num_grad_updates_vs_sampler_policy": 164.5
            }
        },
        "num_env_steps_sampled": 644000,
        "num_env_steps_trained": 644000,
        "num_agent_steps_sampled": 643998,
        "num_agent_steps_trained": 643998
    },
    "env_runners": {
        "episode_reward_max": -298.0,
        "episode_reward_min": -631.0,
        "episode_reward_mean": -449.21,
        "episode_len_mean": 147.12,
        "episode_media": {},
        "episodes_timesteps_total": 14712,
        "policy_reward_min": {
            "policy_2": -430.0,
            "policy_0": -315.0,
            "policy_1": -410.0
        },
        "policy_reward_max": {
            "policy_2": -29.0,
            "policy_0": -10.0,
            "policy_1": -26.0
        },
        "policy_reward_mean": {
            "policy_2": -211.31,
            "policy_0": -104.83,
            "policy_1": -133.07
        },
        "custom_metrics": {},
        "hist_stats": {
            "episode_reward": [
                -514.0,
                -329.0,
                -415.0,
                -435.0,
                -494.0,
                -335.0,
                -513.0,
                -614.0,
                -488.0,
                -349.0,
                -351.0,
                -459.0,
                -513.0,
                -400.0,
                -344.0,
                -631.0,
                -401.0,
                -396.0,
                -590.0,
                -544.0,
                -396.0,
                -436.0,
                -527.0,
                -437.0,
                -439.0,
                -311.0,
                -409.0,
                -461.0,
                -311.0,
                -483.0,
                -463.0,
                -624.0,
                -495.0,
                -421.0,
                -549.0,
                -407.0,
                -358.0,
                -352.0,
                -407.0,
                -308.0,
                -427.0,
                -430.0,
                -548.0,
                -512.0,
                -448.0,
                -419.0,
                -485.0,
                -298.0,
                -540.0,
                -394.0,
                -503.0,
                -314.0,
                -364.0,
                -426.0,
                -423.0,
                -462.0,
                -356.0,
                -419.0,
                -307.0,
                -479.0,
                -627.0,
                -412.0,
                -512.0,
                -438.0,
                -499.0,
                -492.0,
                -465.0,
                -501.0,
                -470.0,
                -456.0,
                -439.0,
                -459.0,
                -460.0,
                -480.0,
                -434.0,
                -538.0,
                -360.0,
                -546.0,
                -452.0,
                -426.0,
                -356.0,
                -530.0,
                -481.0,
                -415.0,
                -390.0,
                -461.0,
                -415.0,
                -435.0,
                -530.0,
                -458.0,
                -437.0,
                -362.0,
                -581.0,
                -461.0,
                -502.0,
                -462.0,
                -517.0,
                -584.0,
                -315.0,
                -500.0
            ],