{
    "custom_metrics": {},
    "episode_media": {},
    "info": {
        "learner": {
            "policy_1": {
                "learner_stats": {
                    "allreduce_latency": 0.0,
                    "grad_gnorm": 0.7551838159561157,
                    "cur_kl_coeff": 0.09999999999999998,
                    "cur_lr": 5e-05,
                    "total_loss": 9.089888668060302,
                    "policy_loss": -0.04281546137733103,
                    "vf_loss": 9.94859601801092,
                    "vf_explained_var": 3.2945112748579546e-07,
                    "kl": 0.006735969944825757,
                    "entropy": 1.6331309372728522,
                    "entropy_coeff": 0.5
                },
                "model": {},
                "custom_metrics": {},
                "num_agent_steps_trained": 120.54545454545455,
                "num_grad_updates_lifetime": 1815.5,
                "diff_num_grad_updates_vs_sampler_policy": 164.5
            },
            "policy_2": {
                "learner_stats": {
                    "allreduce_latency": 0.0,
                    "grad_gnorm": 0.7049341797828674,
                    "cur_kl_coeff": 0.09999999999999998,
                    "cur_lr": 5e-05,
                    "total_loss": 8.243190044345278,
                    "policy_loss": -0.040291487201201646,
                    "vf_loss": 9.933159732818604,
                    "vf_explained_var": -7.096565130985145e-07,
                    "kl": 0.007225284709113082,
                    "entropy": 1.6504007494810855,
                    "entropy_coeff": 1.0
                },
                "model": {},
                "custom_metrics": {},
                "num_agent_steps_trained": 121.27272727272727,
                "num_grad_updates_lifetime": 1815.5,
                "diff_num_grad_updates_vs_sampler_policy": 164.5
            },
            "policy_0": {
                "learner_stats": {
                    "allreduce_latency": 0.0,
                    "grad_gnorm": 0.7551503777503967,
                    "cur_kl_coeff": 0.19999999999999996,
                    "cur_lr": 5e-05,
                    "total_loss": 9.731270697622588,
                    "policy_loss": -0.05082083139709677,
                    "vf_loss": 9.941303741570675,
                    "vf_explained_var": 3.844499588012695e-06,
                    "kl": 0.010587152352757258,
                    "entropy": 1.613295770413948,
                    "entropy_coeff": 0.09999999999999998
                },
                "model": {},
                "custom_metrics": {},
                "num_agent_steps_trained": 121.81818181818181,
                "num_grad_updates_lifetime": 1815.5,
                "diff_num_grad_updates_vs_sampler_policy": 164.5
            }
        },
        "num_env_steps_sampled": 24000,
        "num_env_steps_trained": 24000,
        "num_agent_steps_sampled": 23998,
        "num_agent_steps_trained": 23998
    },
    "env_runners": {
        "episode_reward_max": -304.0,
        "episode_reward_min": -741.0,
        "episode_reward_mean": -480.11,
        "episode_len_mean": 133.9,
        "episode_media": {},
        "episodes_timesteps_total": 13390,
        "policy_reward_min": {
            "policy_0": -460.0,
            "policy_1": -410.0,
            "policy_2": -475.0
        },
        "policy_reward_max": {
            "policy_0": -12.0,
            "policy_1": -27.0,
            "policy_2": -15.0
        },
        "policy_reward_mean": {
            "policy_0": -138.43,
            "policy_1": -180.4,
            "policy_2": -161.28
        },
        "custom_metrics": {},
        "hist_stats": {
            "episode_reward": [
                -525.0,
                -374.0,
                -479.0,
                -413.0,
                -493.0,
                -496.0,
                -502.0,
                -356.0,
                -470.0,
                -458.0,
                -348.0,
                -506.0,
                -459.0,
                -425.0,
                -566.0,
                -558.0,
                -457.0,
                -398.0,
                -401.0,
                -465.0,
                -444.0,
                -509.0,
                -426.0,
                -501.0,
                -538.0,
                -535.0,
                -416.0,
                -424.0,
                -628.0,
                -401.0,
                -411.0,
                -378.0,
                -483.0,
                -495.0,
                -535.0,
                -421.0,
                -477.0,
                -593.0,
                -441.0,
                -542.0,
                -507.0,
                -475.0,
                -426.0,
                -521.0,
                -548.0,
                -528.0,
                -458.0,
                -444.0,
                -490.0,
                -404.0,
                -367.0,
                -550.0,
                -537.0,
                -580.0,
                -488.0,
                -496.0,
                -505.0,
                -630.0,
                -462.0,
                -445.0,
                -399.0,
                -431.0,
                -514.0,
                -557.0,
                -417.0,
                -445.0,
                -496.0,
                -451.0,
                -515.0,
                -564.0,
                -392.0,
                -364.0,
                -375.0,
                -741.0,
                -623.0,
                -530.0,
                -491.0,
                -471.0,
                -440.0,
                -535.0,
                -428.0,
                -536.0,
                -454.0,
                -451.0,
                -386.0,
                -507.0,
                -544.0,
                -367.0,
                -598.0,
                -459.0,
                -620.0,
                -304.0,
                -506.0,
                -407.0,
                -544.0,
                -519.0,
                -534.0,
                -516.0,
                -398.0,
                -574.0
            ],