{
    "custom_metrics": {},
    "episode_media": {},
    "info": {
        "learner": {
            "policy_1": {
                "learner_stats": {
                    "allreduce_latency": 0.0,
                    "grad_gnorm": 1.2655107975006104,
                    "cur_kl_coeff": 0.09999999999999998,
                    "cur_lr": 5e-05,
                    "total_loss": 8.945814155809806,
                    "policy_loss": -0.09641075352009273,
                    "vf_loss": 9.82903838591142,
                    "vf_explained_var": -3.271139029300574e-05,
                    "kl": 0.015645902368850766,
                    "entropy": 1.5767564224474357,
                    "entropy_coeff": 0.5
                },
                "model": {},
                "custom_metrics": {},
                "num_agent_steps_trained": 121.45454545454545,
                "num_grad_updates_lifetime": 241065.5,
                "diff_num_grad_updates_vs_sampler_policy": 164.5
            },
            "policy_2": {
                "learner_stats": {
                    "allreduce_latency": 0.0,
                    "grad_gnorm": 1.157696008682251,
                    "cur_kl_coeff": 0.04999999999999999,
                    "cur_lr": 5e-05,
                    "total_loss": 8.105012107617927,
                    "policy_loss": -0.08394882738251577,
                    "vf_loss": 9.813664390101577,
                    "vf_explained_var": -3.2862027486165364e-06,
                    "kl": 0.010696890977344749,
                    "entropy": 1.6252383055108965,
                    "entropy_coeff": 1.0
                },
                "model": {},
                "custom_metrics": {},
                "num_agent_steps_trained": 120.81818181818181,
                "num_grad_updates_lifetime": 241065.5,
                "diff_num_grad_updates_vs_sampler_policy": 164.5
            },
            "policy_0": {
                "learner_stats": {
                    "allreduce_latency": 0.0,
                    "grad_gnorm": 3.450965404510498,
                    "cur_kl_coeff": 0.19999999999999996,
                    "cur_lr": 5e-05,
                    "total_loss": 8.942018884601016,
                    "policy_loss": -0.1073008093686605,
                    "vf_loss": 9.165772741491145,
                    "vf_explained_var": -0.0010265711582068242,
                    "kl": 0.01567476163428969,
                    "entropy": 1.1958793392687133,
                    "entropy_coeff": 0.09999999999999998
                },
                "model": {},
                "custom_metrics": {},
                "num_agent_steps_trained": 121.36363636363636,
                "num_grad_updates_lifetime": 241065.5,
                "diff_num_grad_updates_vs_sampler_policy": 164.5
            }
        },
        "num_env_steps_sampled": 2924000,
        "num_env_steps_trained": 2924000,
        "num_agent_steps_sampled": 2923998,
        "num_agent_steps_trained": 2923998
    },
    "env_runners": {
        "episode_reward_max": -229.0,
        "episode_reward_min": -753.0,
        "episode_reward_mean": -433.79,
        "episode_len_mean": 150.02,
        "episode_media": {},
        "episodes_timesteps_total": 15002,
        "policy_reward_min": {
            "policy_0": -470.0,
            "policy_1": -420.0,
            "policy_2": -405.0
        },
        "policy_reward_max": {
            "policy_0": -9.0,
            "policy_1": -16.0,
            "policy_2": -12.0
        },
        "policy_reward_mean": {
            "policy_0": -114.56,
            "policy_1": -153.38,
            "policy_2": -165.85
        },
        "custom_metrics": {},
        "hist_stats": {
            "episode_reward": [
                -372.0,
                -358.0,
                -555.0,
                -229.0,
                -329.0,
                -502.0,
                -373.0,
                -479.0,
                -414.0,
                -546.0,
                -381.0,
                -432.0,
                -543.0,
                -401.0,
                -375.0,
                -257.0,
                -704.0,
                -428.0,
                -573.0,
                -426.0,
                -413.0,
                -482.0,
                -439.0,
                -451.0,
                -395.0,
                -360.0,
                -405.0,
                -430.0,
                -360.0,
                -464.0,
                -468.0,
                -338.0,
                -374.0,
                -531.0,
                -520.0,
                -362.0,
                -522.0,
                -451.0,
                -385.0,
                -316.0,
                -396.0,
                -337.0,
                -240.0,
                -641.0,
                -483.0,
                -491.0,
                -510.0,
                -514.0,
                -348.0,
                -334.0,
                -357.0,
                -398.0,
                -382.0,
                -467.0,
                -422.0,
                -445.0,
                -390.0,
                -424.0,
                -365.0,
                -459.0,
                -516.0,
                -410.0,
                -402.0,
                -371.0,
                -401.0,
                -753.0,
                -389.0,
                -318.0,
                -286.0,
                -333.0,
                -542.0,
                -341.0,
                -296.0,
                -414.0,
                -273.0,
                -511.0,
                -454.0,
                -457.0,
                -403.0,
                -471.0,
                -653.0,
                -526.0,
                -432.0,
                -449.0,
                -331.0,
                -537.0,
                -504.0,
                -329.0,
                -581.0,
                -440.0,
                -534.0,
                -314.0,
                -563.0,
                -566.0,
                -461.0,
                -365.0,
                -470.0,
                -468.0,
                -490.0,
                -479.0
            ],