{
    "custom_metrics": {},
    "episode_media": {},
    "info": {
        "learner": {
            "policy_1": {
                "learner_stats": {
                    "allreduce_latency": 0.0,
                    "grad_gnorm": 1.1950507164001465,
                    "cur_kl_coeff": 0.09999999999999998,
                    "cur_lr": 5e-05,
                    "total_loss": 8.866495496576482,
                    "policy_loss": -0.07812920089980419,
                    "vf_loss": 9.738445336890942,
                    "vf_explained_var": 1.3185269904859139e-08,
                    "kl": 0.010788949009556003,
                    "entropy": 1.5897992592869383,
                    "entropy_coeff": 0.5
                },
                "model": {},
                "custom_metrics": {},
                "num_agent_steps_trained": 121.54545454545455,
                "num_grad_updates_lifetime": 77715.5,
                "diff_num_grad_updates_vs_sampler_policy": 164.5
            },
            "policy_2": {
                "learner_stats": {
                    "allreduce_latency": 0.0,
                    "grad_gnorm": 1.0710968971252441,
                    "cur_kl_coeff": 0.04999999999999999,
                    "cur_lr": 5e-05,
                    "total_loss": 8.070952557072495,
                    "policy_loss": -0.06439198906759196,
                    "vf_loss": 9.745859637404934,
                    "vf_explained_var": -1.0078603571111506e-07,
                    "kl": 0.007814370982602778,
                    "entropy": 1.6109059207367173,
                    "entropy_coeff": 1.0
                },
                "model": {},
                "custom_metrics": {},
                "num_agent_steps_trained": 120.45454545454545,
                "num_grad_updates_lifetime": 77715.5,
                "diff_num_grad_updates_vs_sampler_policy": 164.5
            },
            "policy_0": {
                "learner_stats": {
                    "allreduce_latency": 0.0,
                    "grad_gnorm": 3.5725045204162598,
                    "cur_kl_coeff": 0.19999999999999996,
                    "cur_lr": 5e-05,
                    "total_loss": 8.831247069618918,
                    "policy_loss": -0.0947757763788104,
                    "vf_loss": 9.061001763199314,
                    "vf_explained_var": -0.010304902539108738,
                    "kl": 0.015259646861789964,
                    "entropy": 1.3803084525195035,
                    "entropy_coeff": 0.09999999999999998
                },
                "model": {},
                "custom_metrics": {},
                "num_agent_steps_trained": 121.63636363636364,
                "num_grad_updates_lifetime": 77715.5,
                "diff_num_grad_updates_vs_sampler_policy": 164.5
            }
        },
        "num_env_steps_sampled": 944000,
        "num_env_steps_trained": 944000,
        "num_agent_steps_sampled": 943998,
        "num_agent_steps_trained": 943998
    },
    "env_runners": {
        "episode_reward_max": -274.0,
        "episode_reward_min": -652.0,
        "episode_reward_mean": -458.96,
        "episode_len_mean": 149.5,
        "episode_media": {},
        "episodes_timesteps_total": 14950,
        "policy_reward_min": {
            "policy_0": -360.0,
            "policy_1": -410.0,
            "policy_2": -450.0
        },
        "policy_reward_max": {
            "policy_0": -18.0,
            "policy_1": -31.0,
            "policy_2": -17.0
        },
        "policy_reward_mean": {
            "policy_0": -111.17,
            "policy_1": -161.43,
            "policy_2": -186.36
        },
        "custom_metrics": {},
        "hist_stats": {
            "episode_reward": [
                -405.0,
                -492.0,
                -471.0,
                -408.0,
                -549.0,
                -438.0,
                -489.0,
                -652.0,
                -557.0,
                -459.0,
                -589.0,
                -369.0,
                -595.0,
                -508.0,
                -585.0,
                -370.0,
                -515.0,
                -536.0,
                -457.0,
                -511.0,
                -483.0,
                -379.0,
                -331.0,
                -567.0,
                -360.0,
                -538.0,
                -462.0,
                -532.0,
                -345.0,
                -529.0,
                -513.0,
                -423.0,
                -491.0,
                -361.0,
                -487.0,
                -277.0,
                -500.0,
                -483.0,
                -293.0,
                -475.0,
                -466.0,
                -444.0,
                -453.0,
                -335.0,
                -543.0,
                -423.0,
                -511.0,
                -455.0,
                -376.0,
                -382.0,
                -463.0,
                -456.0,
                -375.0,
                -429.0,
                -466.0,
                -274.0,
                -513.0,
                -623.0,
                -317.0,
                -470.0,
                -610.0,
                -531.0,
                -477.0,
                -479.0,
                -485.0,
                -388.0,
                -514.0,
                -394.0,
                -393.0,
                -340.0,
                -327.0,
                -460.0,
                -361.0,
                -382.0,
                -489.0,
                -526.0,
                -518.0,
                -463.0,
                -493.0,
                -534.0,
                -444.0,
                -379.0,
                -536.0,
                -475.0,
                -422.0,
                -480.0,
                -461.0,
                -393.0,
                -502.0,
                -431.0,
                -541.0,
                -358.0,
                -496.0,
                -396.0,
                -445.0,
                -487.0,
                -545.0,
                -375.0,
                -489.0,
                -519.0
            ],