{
    "custom_metrics": {},
    "episode_media": {},
    "info": {
        "learner": {
            "policy_1": {
                "learner_stats": {
                    "allreduce_latency": 0.0,
                    "grad_gnorm": 1.1757111549377441,
                    "cur_kl_coeff": 0.09999999999999998,
                    "cur_lr": 5e-05,
                    "total_loss": 8.998028136744644,
                    "policy_loss": -0.07958879943259738,
                    "vf_loss": 9.875000020229455,
                    "vf_explained_var": -2.1511858159845524e-07,
                    "kl": 0.01173856184174041,
                    "entropy": 1.5971138813278891,
                    "entropy_coeff": 0.5
                },
                "model": {},
                "custom_metrics": {},
                "num_agent_steps_trained": 121.45454545454545,
                "num_grad_updates_lifetime": 69465.5,
                "diff_num_grad_updates_vs_sampler_policy": 164.5
            },
            "policy_2": {
                "learner_stats": {
                    "allreduce_latency": 0.0,
                    "grad_gnorm": 1.057843565940857,
                    "cur_kl_coeff": 0.04999999999999999,
                    "cur_lr": 5e-05,
                    "total_loss": 8.163405039816192,
                    "policy_loss": -0.062280876087871466,
                    "vf_loss": 9.858349132537843,
                    "vf_explained_var": -3.7749608357747394e-07,
                    "kl": 0.007303400603090315,
                    "entropy": 1.633028433900891,
                    "entropy_coeff": 1.0
                },
                "model": {},
                "custom_metrics": {},
                "num_agent_steps_trained": 120.72727272727273,
                "num_grad_updates_lifetime": 69465.5,
                "diff_num_grad_updates_vs_sampler_policy": 164.5
            },
            "policy_0": {
                "learner_stats": {
                    "allreduce_latency": 0.0,
                    "grad_gnorm": 2.6899843215942383,
                    "cur_kl_coeff": 0.19999999999999996,
                    "cur_lr": 5e-05,
                    "total_loss": 8.853979471958045,
                    "policy_loss": -0.0953999767192837,
                    "vf_loss": 9.080320807659264,
                    "vf_explained_var": 0.034053280859282525,
                    "kl": 0.013515728147835642,
                    "entropy": 1.3364445780262804,
                    "entropy_coeff": 0.09999999999999998
                },
                "model": {},
                "custom_metrics": {},
                "num_agent_steps_trained": 121.45454545454545,
                "num_grad_updates_lifetime": 69465.5,
                "diff_num_grad_updates_vs_sampler_policy": 164.5
            }
        },
        "num_env_steps_sampled": 844000,
        "num_env_steps_trained": 844000,
        "num_agent_steps_sampled": 843998,
        "num_agent_steps_trained": 843998
    },
    "env_runners": {
        "episode_reward_max": -184.0,
        "episode_reward_min": -708.0,
        "episode_reward_mean": -448.46,
        "episode_len_mean": 148.34,
        "episode_media": {},
        "episodes_timesteps_total": 14834,
        "policy_reward_min": {
            "policy_0": -360.0,
            "policy_1": -435.0,
            "policy_2": -470.0
        },
        "policy_reward_max": {
            "policy_0": -8.0,
            "policy_1": -15.0,
            "policy_2": -29.0
        },
        "policy_reward_mean": {
            "policy_0": -107.77,
            "policy_1": -155.52,
            "policy_2": -185.17
        },
        "custom_metrics": {},
        "hist_stats": {
            "episode_reward": [
                -366.0,
                -387.0,
                -525.0,
                -604.0,
                -433.0,
                -536.0,
                -458.0,
                -270.0,
                -453.0,
                -423.0,
                -409.0,
                -533.0,
                -477.0,
                -598.0,
                -446.0,
                -472.0,
                -612.0,
                -514.0,
                -300.0,
                -462.0,
                -439.0,
                -363.0,
                -388.0,
                -496.0,
                -529.0,
                -363.0,
                -184.0,
                -369.0,
                -487.0,
                -489.0,
                -653.0,
                -476.0,
                -513.0,
                -384.0,
                -348.0,
                -428.0,
                -369.0,
                -369.0,
                -532.0,
                -453.0,
                -528.0,
                -425.0,
                -249.0,
                -348.0,
                -358.0,
                -395.0,
                -542.0,
                -447.0,
                -441.0,
                -546.0,
                -431.0,
                -412.0,
                -497.0,
                -495.0,
                -389.0,
                -489.0,
                -322.0,
                -487.0,
                -522.0,
                -464.0,
                -521.0,
                -315.0,
                -539.0,
                -435.0,
                -381.0,
                -478.0,
                -436.0,
                -224.0,
                -489.0,
                -422.0,
                -434.0,
                -436.0,
                -545.0,
                -590.0,
                -462.0,
                -436.0,
                -527.0,
                -404.0,
                -380.0,
                -456.0,
                -309.0,
                -499.0,
                -410.0,
                -424.0,
                -498.0,
                -389.0,
                -374.0,
                -407.0,
                -530.0,
                -545.0,
                -708.0,
                -343.0,
                -577.0,
                -550.0,
                -387.0,
                -444.0,
                -505.0,
                -367.0,
                -450.0,
                -523.0
            ],