{
    "custom_metrics": {},
    "episode_media": {},
    "info": {
        "learner": {
            "policy_1": {
                "learner_stats": {
                    "allreduce_latency": 0.0,
                    "grad_gnorm": 1.1496200561523438,
                    "cur_kl_coeff": 0.09999999999999998,
                    "cur_lr": 5e-05,
                    "total_loss": 8.986667687965161,
                    "policy_loss": -0.08285922612165891,
                    "vf_loss": 9.865301721746272,
                    "vf_explained_var": 2.8682477546460703e-06,
                    "kl": 0.012070505103196455,
                    "entropy": 1.5939638036670107,
                    "entropy_coeff": 0.5
                },
                "model": {},
                "custom_metrics": {},
                "num_agent_steps_trained": 121.63636363636364,
                "num_grad_updates_lifetime": 62865.5,
                "diff_num_grad_updates_vs_sampler_policy": 164.5
            },
            "policy_2": {
                "learner_stats": {
                    "allreduce_latency": 0.0,
                    "grad_gnorm": 1.035451054573059,
                    "cur_kl_coeff": 0.04999999999999999,
                    "cur_lr": 5e-05,
                    "total_loss": 8.184405393311472,
                    "policy_loss": -0.06337261716552982,
                    "vf_loss": 9.869365536082874,
                    "vf_explained_var": 4.486604170365767e-07,
                    "kl": 0.007745154310580712,
                    "entropy": 1.6219748121319395,
                    "entropy_coeff": 1.0
                },
                "model": {},
                "custom_metrics": {},
                "num_agent_steps_trained": 120.0,
                "num_grad_updates_lifetime": 62865.5,
                "diff_num_grad_updates_vs_sampler_policy": 164.5
            },
            "policy_0": {
                "learner_stats": {
                    "allreduce_latency": 0.0,
                    "grad_gnorm": 4.216977596282959,
                    "cur_kl_coeff": 0.19999999999999996,
                    "cur_lr": 5e-05,
                    "total_loss": 8.520844148867058,
                    "policy_loss": -0.08824864520028121,
                    "vf_loss": 8.742582792224306,
                    "vf_explained_var": 0.045757571133700284,
                    "kl": 0.01327732838324339,
                    "entropy": 1.3614543481306596,
                    "entropy_coeff": 0.09999999999999998
                },
                "model": {},
                "custom_metrics": {},
                "num_agent_steps_trained": 122.0,
                "num_grad_updates_lifetime": 62865.5,
                "diff_num_grad_updates_vs_sampler_policy": 164.5
            }
        },
        "num_env_steps_sampled": 764000,
        "num_env_steps_trained": 764000,
        "num_agent_steps_sampled": 763998,
        "num_agent_steps_trained": 763998
    },
    "env_runners": {
        "episode_reward_max": -247.0,
        "episode_reward_min": -621.0,
        "episode_reward_mean": -453.83,
        "episode_len_mean": 150.24,
        "episode_media": {},
        "episodes_timesteps_total": 15024,
        "policy_reward_min": {
            "policy_0": -320.0,
            "policy_1": -375.0,
            "policy_2": -435.0
        },
        "policy_reward_max": {
            "policy_0": -21.0,
            "policy_1": -18.0,
            "policy_2": -25.0
        },
        "policy_reward_mean": {
            "policy_0": -118.9,
            "policy_1": -124.38,
            "policy_2": -210.55
        },
        "custom_metrics": {},
        "hist_stats": {
            "episode_reward": [
                -530.0,
                -521.0,
                -399.0,
                -308.0,
                -526.0,
                -416.0,
                -247.0,
                -503.0,
                -543.0,
                -549.0,
                -468.0,
                -356.0,
                -468.0,
                -480.0,
                -416.0,
                -308.0,
                -516.0,
                -370.0,
                -506.0,
                -528.0,
                -460.0,
                -467.0,
                -490.0,
                -409.0,
                -417.0,
                -438.0,
                -270.0,
                -455.0,
                -477.0,
                -609.0,
                -550.0,
                -543.0,
                -416.0,
                -390.0,
                -484.0,
                -485.0,
                -298.0,
                -519.0,
                -386.0,
                -434.0,
                -525.0,
                -366.0,
                -393.0,
                -443.0,
                -345.0,
                -361.0,
                -577.0,
                -521.0,
                -312.0,
                -541.0,
                -375.0,
                -387.0,
                -389.0,
                -574.0,
                -506.0,
                -440.0,
                -605.0,
                -434.0,
                -538.0,
                -340.0,
                -407.0,
                -548.0,
                -377.0,
                -425.0,
                -315.0,
                -455.0,
                -349.0,
                -563.0,
                -484.0,
                -587.0,
                -621.0,
                -547.0,
                -408.0,
                -512.0,
                -336.0,
                -397.0,
                -535.0,
                -458.0,
                -437.0,
                -436.0,
                -501.0,
                -584.0,
                -367.0,
                -548.0,
                -538.0,
                -490.0,
                -502.0,
                -462.0,
                -343.0,
                -395.0,
                -412.0,
                -407.0,
                -415.0,
                -393.0,
                -437.0,
                -413.0,
                -517.0,
                -384.0,
                -571.0,
                -580.0
            ],