{
    "custom_metrics": {},
    "episode_media": {},
    "info": {
        "learner": {
            "policy_1": {
                "learner_stats": {
                    "allreduce_latency": 0.0,
                    "grad_gnorm": 1.1108511686325073,
                    "cur_kl_coeff": 0.09999999999999998,
                    "cur_lr": 5e-05,
                    "total_loss": 9.074905129634972,
                    "policy_loss": -0.07854721042976687,
                    "vf_loss": 9.956501691991633,
                    "vf_explained_var": 2.0482323386452417e-06,
                    "kl": 0.01230250318387485,
                    "entropy": 1.6085592450517596,
                    "entropy_coeff": 0.5
                },
                "model": {},
                "custom_metrics": {},
                "num_agent_steps_trained": 121.54545454545455,
                "num_grad_updates_lifetime": 44715.5,
                "diff_num_grad_updates_vs_sampler_policy": 164.5
            },
            "policy_2": {
                "learner_stats": {
                    "allreduce_latency": 0.0,
                    "grad_gnorm": 0.9993480443954468,
                    "cur_kl_coeff": 0.04999999999999999,
                    "cur_lr": 5e-05,
                    "total_loss": 8.270873695431334,
                    "policy_loss": -0.06200986179861833,
                    "vf_loss": 9.961868684942072,
                    "vf_explained_var": -5.74191411336263e-07,
                    "kl": 0.008811227793276926,
                    "entropy": 1.6294257127877438,
                    "entropy_coeff": 1.0
                },
                "model": {},
                "custom_metrics": {},
                "num_agent_steps_trained": 120.45454545454545,
                "num_grad_updates_lifetime": 44715.5,
                "diff_num_grad_updates_vs_sampler_policy": 164.5
            },
            "policy_0": {
                "learner_stats": {
                    "allreduce_latency": 0.0,
                    "grad_gnorm": 1.4393037557601929,
                    "cur_kl_coeff": 0.19999999999999996,
                    "cur_lr": 5e-05,
                    "total_loss": 9.728470865885416,
                    "policy_loss": -0.08821559849787843,
                    "vf_loss": 9.946467099045263,
                    "vf_explained_var": -0.007345305970220855,
                    "kl": 0.012851247074301303,
                    "entropy": 1.3235088778264594,
                    "entropy_coeff": 0.09999999999999998
                },
                "model": {},
                "custom_metrics": {},
                "num_agent_steps_trained": 121.63636363636364,
                "num_grad_updates_lifetime": 44715.5,
                "diff_num_grad_updates_vs_sampler_policy": 164.5
            }
        },
        "num_env_steps_sampled": 544000,
        "num_env_steps_trained": 544000,
        "num_agent_steps_sampled": 543998,
        "num_agent_steps_trained": 543998
    },
    "env_runners": {
        "episode_reward_max": -263.0,
        "episode_reward_min": -633.0,
        "episode_reward_mean": -460.58,
        "episode_len_mean": 145.32,
        "episode_media": {},
        "episodes_timesteps_total": 14532,
        "policy_reward_min": {
            "policy_0": -355.0,
            "policy_1": -415.0,
            "policy_2": -430.0
        },
        "policy_reward_max": {
            "policy_0": -9.0,
            "policy_1": -20.0,
            "policy_2": -46.0
        },
        "policy_reward_mean": {
            "policy_0": -100.57,
            "policy_1": -152.21,
            "policy_2": -207.8
        },
        "custom_metrics": {},
        "hist_stats": {
            "episode_reward": [
                -480.0,
                -567.0,
                -570.0,
                -519.0,
                -386.0,
                -353.0,
                -507.0,
                -404.0,
                -595.0,
                -568.0,
                -520.0,
                -479.0,
                -421.0,
                -496.0,
                -440.0,
                -470.0,
                -482.0,
                -609.0,
                -513.0,
                -519.0,
                -446.0,
                -448.0,
                -358.0,
                -500.0,
                -486.0,
                -562.0,
                -391.0,
                -602.0,
                -305.0,
                -359.0,
                -484.0,
                -518.0,
                -402.0,
                -511.0,
                -548.0,
                -495.0,
                -526.0,
                -480.0,
                -401.0,
                -456.0,
                -398.0,
                -493.0,
                -455.0,
                -411.0,
                -405.0,
                -423.0,
                -424.0,
                -450.0,
                -440.0,
                -280.0,
                -267.0,
                -555.0,
                -394.0,
                -485.0,
                -524.0,
                -382.0,
                -348.0,
                -474.0,
                -614.0,
                -417.0,
                -388.0,
                -562.0,
                -394.0,
                -387.0,
                -378.0,
                -507.0,
                -293.0,
                -571.0,
                -419.0,
                -421.0,
                -384.0,
                -597.0,
                -493.0,
                -443.0,
                -387.0,
                -519.0,
                -417.0,
                -633.0,
                -444.0,
                -489.0,
                -522.0,
                -468.0,
                -361.0,
                -534.0,
                -618.0,
                -283.0,
                -475.0,
                -263.0,
                -602.0,
                -550.0,
                -463.0,
                -302.0,
                -405.0,
                -528.0,
                -449.0,
                -442.0,
                -482.0,
                -475.0,
                -398.0,
                -497.0
            ],