{
    "custom_metrics": {},
    "episode_media": {},
    "info": {
        "learner": {
            "policy_1": {
                "learner_stats": {
                    "allreduce_latency": 0.0,
                    "grad_gnorm": 1.0701985359191895,
                    "cur_kl_coeff": 0.09999999999999998,
                    "cur_lr": 5e-05,
                    "total_loss": 8.96896063486735,
                    "policy_loss": -0.0723973439808822,
                    "vf_loss": 9.841161883961071,
                    "vf_explained_var": -1.0901870149554628e-05,
                    "kl": 0.009072294672926081,
                    "entropy": 1.6014223033731634,
                    "entropy_coeff": 0.5
                },
                "model": {},
                "custom_metrics": {},
                "num_agent_steps_trained": 121.72727272727273,
                "num_grad_updates_lifetime": 46365.5,
                "diff_num_grad_updates_vs_sampler_policy": 164.5
            },
            "policy_2": {
                "learner_stats": {
                    "allreduce_latency": 0.0,
                    "grad_gnorm": 0.9604482650756836,
                    "cur_kl_coeff": 0.04999999999999999,
                    "cur_lr": 5e-05,
                    "total_loss": 8.134526904424032,
                    "policy_loss": -0.06779113985513421,
                    "vf_loss": 9.826467800140382,
                    "vf_explained_var": 2.2198214675440932e-07,
                    "kl": 0.009056337674891798,
                    "entropy": 1.6246026133046005,
                    "entropy_coeff": 1.0
                },
                "model": {},
                "custom_metrics": {},
                "num_agent_steps_trained": 120.18181818181819,
                "num_grad_updates_lifetime": 46365.5,
                "diff_num_grad_updates_vs_sampler_policy": 164.5
            },
            "policy_0": {
                "learner_stats": {
                    "allreduce_latency": 0.0,
                    "grad_gnorm": 1.3744096755981445,
                    "cur_kl_coeff": 0.19999999999999996,
                    "cur_lr": 5e-05,
                    "total_loss": 9.609624501430627,
                    "policy_loss": -0.09353943397996552,
                    "vf_loss": 9.834536425272624,
                    "vf_explained_var": 0.004751978859756932,
                    "kl": 0.015322772124785161,
                    "entropy": 1.3443704355846753,
                    "entropy_coeff": 0.09999999999999998
                },
                "model": {},
                "custom_metrics": {},
                "num_agent_steps_trained": 121.72727272727273,
                "num_grad_updates_lifetime": 46365.5,
                "diff_num_grad_updates_vs_sampler_policy": 164.5
            }
        },
        "num_env_steps_sampled": 564000,
        "num_env_steps_trained": 564000,
        "num_agent_steps_sampled": 563998,
        "num_agent_steps_trained": 563998
    },
    "env_runners": {
        "episode_reward_max": -227.0,
        "episode_reward_min": -629.0,
        "episode_reward_mean": -435.3,
        "episode_len_mean": 144.8,
        "episode_media": {},
        "episodes_timesteps_total": 14480,
        "policy_reward_min": {
            "policy_0": -385.0,
            "policy_1": -420.0,
            "policy_2": -455.0
        },
        "policy_reward_max": {
            "policy_0": -8.0,
            "policy_1": -21.0,
            "policy_2": -40.0
        },
        "policy_reward_mean": {
            "policy_0": -98.66,
            "policy_1": -134.17,
            "policy_2": -202.47
        },
        "custom_metrics": {},
        "hist_stats": {
            "episode_reward": [
                -387.0,
                -334.0,
                -502.0,
                -612.0,
                -626.0,
                -332.0,
                -548.0,
                -548.0,
                -443.0,
                -463.0,
                -355.0,
                -511.0,
                -447.0,
                -518.0,
                -273.0,
                -468.0,
                -325.0,
                -454.0,
                -469.0,
                -351.0,
                -345.0,
                -468.0,
                -435.0,
                -574.0,
                -392.0,
                -620.0,
                -441.0,
                -480.0,
                -511.0,
                -413.0,
                -412.0,
                -334.0,
                -383.0,
                -508.0,
                -519.0,
                -374.0,
                -318.0,
                -451.0,
                -534.0,
                -418.0,
                -493.0,
                -485.0,
                -448.0,
                -550.0,
                -581.0,
                -410.0,
                -414.0,
                -314.0,
                -340.0,
                -414.0,
                -348.0,
                -446.0,
                -227.0,
                -377.0,
                -355.0,
                -461.0,
                -488.0,
                -331.0,
                -405.0,
                -363.0,
                -494.0,
                -286.0,
                -507.0,
                -411.0,
                -450.0,
                -492.0,
                -371.0,
                -529.0,
                -375.0,
                -426.0,
                -414.0,
                -290.0,
                -629.0,
                -588.0,
                -447.0,
                -357.0,
                -339.0,
                -413.0,
                -444.0,
                -404.0,
                -433.0,
                -350.0,
                -406.0,
                -400.0,
                -518.0,
                -471.0,
                -388.0,
                -365.0,
                -315.0,
                -456.0,
                -512.0,
                -570.0,
                -437.0,
                -444.0,
                -372.0,
                -356.0,
                -486.0,
                -558.0,
                -398.0,
                -483.0
            ],