{
    "custom_metrics": {},
    "episode_media": {},
    "info": {
        "learner": {
            "policy_1": {
                "learner_stats": {
                    "allreduce_latency": 0.0,
                    "grad_gnorm": 1.1012709140777588,
                    "cur_kl_coeff": 0.09999999999999998,
                    "cur_lr": 5e-05,
                    "total_loss": 9.110124209432891,
                    "policy_loss": -0.070006797830292,
                    "vf_loss": 9.97707105405403,
                    "vf_explained_var": 8.863030057964903e-07,
                    "kl": 0.011198392961553866,
                    "entropy": 1.5961198113181374,
                    "entropy_coeff": 0.5
                },
                "model": {},
                "custom_metrics": {},
                "num_agent_steps_trained": 121.27272727272727,
                "num_grad_updates_lifetime": 29865.5,
                "diff_num_grad_updates_vs_sampler_policy": 164.5
            },
            "policy_2": {
                "learner_stats": {
                    "allreduce_latency": 0.0,
                    "grad_gnorm": 0.9960325360298157,
                    "cur_kl_coeff": 0.04999999999999999,
                    "cur_lr": 5e-05,
                    "total_loss": 8.274706781271732,
                    "policy_loss": -0.05779730803051004,
                    "vf_loss": 9.97036690567479,
                    "vf_explained_var": 2.0873004739934748e-05,
                    "kl": 0.007695193467798131,
                    "entropy": 1.6382475354454733,
                    "entropy_coeff": 1.0
                },
                "model": {},
                "custom_metrics": {},
                "num_agent_steps_trained": 120.63636363636364,
                "num_grad_updates_lifetime": 29865.5,
                "diff_num_grad_updates_vs_sampler_policy": 164.5
            },
            "policy_0": {
                "learner_stats": {
                    "allreduce_latency": 0.0,
                    "grad_gnorm": 1.527201533317566,
                    "cur_kl_coeff": 0.19999999999999996,
                    "cur_lr": 5e-05,
                    "total_loss": 9.765666970339689,
                    "policy_loss": -0.07710123333205102,
                    "vf_loss": 9.977308906208386,
                    "vf_explained_var": -0.00038528279824690383,
                    "kl": 0.011828879500318992,
                    "entropy": 1.3690647605693702,
                    "entropy_coeff": 0.09999999999999998
                },
                "model": {},
                "custom_metrics": {},
                "num_agent_steps_trained": 121.72727272727273,
                "num_grad_updates_lifetime": 29865.5,
                "diff_num_grad_updates_vs_sampler_policy": 164.5
            }
        },
        "num_env_steps_sampled": 364000,
        "num_env_steps_trained": 364000,
        "num_agent_steps_sampled": 363998,
        "num_agent_steps_trained": 363998
    },
    "env_runners": {
        "episode_reward_max": -274.0,
        "episode_reward_min": -641.0,
        "episode_reward_mean": -453.15,
        "episode_len_mean": 145.42,
        "episode_media": {},
        "episodes_timesteps_total": 14542,
        "policy_reward_min": {
            "policy_0": -345.0,
            "policy_1": -420.0,
            "policy_2": -405.0
        },
        "policy_reward_max": {
            "policy_0": -14.0,
            "policy_1": -13.0,
            "policy_2": -35.0
        },
        "policy_reward_mean": {
            "policy_0": -107.35,
            "policy_1": -153.24,
            "policy_2": -192.56
        },
        "custom_metrics": {},
        "hist_stats": {
            "episode_reward": [
                -470.0,
                -322.0,
                -457.0,
                -641.0,
                -440.0,
                -549.0,
                -464.0,
                -451.0,
                -407.0,
                -515.0,
                -433.0,
                -418.0,
                -440.0,
                -412.0,
                -411.0,
                -515.0,
                -375.0,
                -521.0,
                -486.0,
                -554.0,
                -346.0,
                -496.0,
                -491.0,
                -436.0,
                -458.0,
                -315.0,
                -516.0,
                -339.0,
                -513.0,
                -612.0,
                -562.0,
                -359.0,
                -500.0,
                -483.0,
                -419.0,
                -302.0,
                -495.0,
                -359.0,
                -425.0,
                -474.0,
                -416.0,
                -538.0,
                -370.0,
                -400.0,
                -511.0,
                -477.0,
                -421.0,
                -487.0,
                -280.0,
                -484.0,
                -455.0,
                -515.0,
                -458.0,
                -560.0,
                -361.0,
                -377.0,
                -613.0,
                -403.0,
                -621.0,
                -535.0,
                -495.0,
                -484.0,
                -377.0,
                -471.0,
                -452.0,
                -458.0,
                -278.0,
                -412.0,
                -518.0,
                -637.0,
                -577.0,
                -363.0,
                -401.0,
                -530.0,
                -414.0,
                -561.0,
                -434.0,
                -378.0,
                -547.0,
                -421.0,
                -371.0,
                -480.0,
                -432.0,
                -567.0,
                -274.0,
                -403.0,
                -513.0,
                -383.0,
                -546.0,
                -449.0,
                -364.0,
                -518.0,
                -485.0,
                -472.0,
                -306.0,
                -587.0,
                -339.0,
                -434.0,
                -407.0,
                -314.0
            ],