{
    "custom_metrics": {},
    "episode_media": {},
    "info": {
        "learner": {
            "policy_1": {
                "learner_stats": {
                    "allreduce_latency": 0.0,
                    "grad_gnorm": 1.1870349645614624,
                    "cur_kl_coeff": 0.09999999999999998,
                    "cur_lr": 5e-05,
                    "total_loss": 8.86746880791404,
                    "policy_loss": -0.0789920221647304,
                    "vf_loss": 9.73982769648234,
                    "vf_explained_var": 6.186239647142815e-07,
                    "kl": 0.01100534501023266,
                    "entropy": 1.5889348449129046,
                    "entropy_coeff": 0.5
                },
                "model": {},
                "custom_metrics": {},
                "num_agent_steps_trained": 122.0,
                "num_grad_updates_lifetime": 142065.5,
                "diff_num_grad_updates_vs_sampler_policy": 164.5
            },
            "policy_2": {
                "learner_stats": {
                    "allreduce_latency": 0.0,
                    "grad_gnorm": 1.120038628578186,
                    "cur_kl_coeff": 0.04999999999999999,
                    "cur_lr": 5e-05,
                    "total_loss": 8.064207886204574,
                    "policy_loss": -0.06562907543230914,
                    "vf_loss": 9.741207484043006,
                    "vf_explained_var": -5.371100974805427e-06,
                    "kl": 0.009714740502414993,
                    "entropy": 1.6118563605077338,
                    "entropy_coeff": 1.0
                },
                "model": {},
                "custom_metrics": {},
                "num_agent_steps_trained": 120.27272727272727,
                "num_grad_updates_lifetime": 142065.5,
                "diff_num_grad_updates_vs_sampler_policy": 164.5
            },
            "policy_0": {
                "learner_stats": {
                    "allreduce_latency": 0.0,
                    "grad_gnorm": 2.648869276046753,
                    "cur_kl_coeff": 0.19999999999999996,
                    "cur_lr": 5e-05,
                    "total_loss": 8.95231709913774,
                    "policy_loss": -0.10041208646284897,
                    "vf_loss": 9.171598333300967,
                    "vf_explained_var": 0.05075672882975954,
                    "kl": 0.01475745872442634,
                    "entropy": 1.218206363735777,
                    "entropy_coeff": 0.09999999999999998
                },
                "model": {},
                "custom_metrics": {},
                "num_agent_steps_trained": 121.36363636363636,
                "num_grad_updates_lifetime": 142065.5,
                "diff_num_grad_updates_vs_sampler_policy": 164.5
            }
        },
        "num_env_steps_sampled": 1724000,
        "num_env_steps_trained": 1724000,
        "num_agent_steps_sampled": 1723998,
        "num_agent_steps_trained": 1723998
    },
    "env_runners": {
        "episode_reward_max": -207.0,
        "episode_reward_min": -667.0,
        "episode_reward_mean": -450.8,
        "episode_len_mean": 151.7,
        "episode_media": {},
        "episodes_timesteps_total": 15170,
        "policy_reward_min": {
            "policy_1": -435.0,
            "policy_2": -490.0,
            "policy_0": -340.0
        },
        "policy_reward_max": {
            "policy_1": -24.0,
            "policy_2": -29.0,
            "policy_0": -6.0
        },
        "policy_reward_mean": {
            "policy_1": -145.64,
            "policy_2": -193.93,
            "policy_0": -111.23
        },
        "custom_metrics": {},
        "hist_stats": {
            "episode_reward": [
                -366.0,
                -404.0,
                -484.0,
                -484.0,
                -427.0,
                -483.0,
                -401.0,
                -567.0,
                -506.0,
                -553.0,
                -455.0,
                -362.0,
                -563.0,
                -401.0,
                -582.0,
                -383.0,
                -375.0,
                -492.0,
                -522.0,
                -462.0,
                -467.0,
                -455.0,
                -522.0,
                -417.0,
                -446.0,
                -285.0,
                -268.0,
                -322.0,
                -514.0,
                -383.0,
                -360.0,
                -457.0,
                -474.0,
                -273.0,
                -498.0,
                -378.0,
                -388.0,
                -364.0,
                -534.0,
                -373.0,
                -349.0,
                -494.0,
                -421.0,
                -551.0,
                -508.0,
                -488.0,
                -207.0,
                -459.0,
                -498.0,
                -581.0,
                -408.0,
                -426.0,
                -445.0,
                -525.0,
                -450.0,
                -475.0,
                -450.0,
                -500.0,
                -475.0,
                -477.0,
                -405.0,
                -447.0,
                -373.0,
                -457.0,
                -403.0,
                -667.0,
                -400.0,
                -477.0,
                -445.0,
                -553.0,
                -426.0,
                -527.0,
                -575.0,
                -348.0,
                -511.0,
                -373.0,
                -416.0,
                -561.0,
                -464.0,
                -439.0,
                -403.0,
                -645.0,
                -394.0,
                -558.0,
                -584.0,
                -360.0,
                -277.0,
                -548.0,
                -421.0,
                -321.0,
                -526.0,
                -409.0,
                -382.0,
                -370.0,
                -555.0,
                -502.0,
                -359.0,
                -483.0,
                -478.0,
                -601.0
            ],