{
    "custom_metrics": {},
    "episode_media": {},
    "info": {
        "learner": {
            "policy_1": {
                "learner_stats": {
                    "allreduce_latency": 0.0,
                    "grad_gnorm": 0.9538441300392151,
                    "cur_kl_coeff": 0.09999999999999998,
                    "cur_lr": 5e-05,
                    "total_loss": 8.675487307346229,
                    "policy_loss": -0.06157421046642191,
                    "vf_loss": 9.539975816553289,
                    "vf_explained_var": 2.3469780430649266e-06,
                    "kl": 0.008954342058029426,
                    "entropy": 1.607619581078038,
                    "entropy_coeff": 0.5
                },
                "model": {},
                "custom_metrics": {},
                "num_agent_steps_trained": 121.45454545454545,
                "num_grad_updates_lifetime": 16665.5,
                "diff_num_grad_updates_vs_sampler_policy": 164.5
            },
            "policy_2": {
                "learner_stats": {
                    "allreduce_latency": 0.0,
                    "grad_gnorm": 0.9381593465805054,
                    "cur_kl_coeff": 0.04999999999999999,
                    "cur_lr": 5e-05,
                    "total_loss": 7.86385829520948,
                    "policy_loss": -0.05142211577375278,
                    "vf_loss": 9.54146516973322,
                    "vf_explained_var": 4.334883256392045e-09,
                    "kl": 0.006313164885646354,
                    "entropy": 1.6265004858826146,
                    "entropy_coeff": 1.0
                },
                "model": {},
                "custom_metrics": {},
                "num_agent_steps_trained": 120.63636363636364,
                "num_grad_updates_lifetime": 16665.5,
                "diff_num_grad_updates_vs_sampler_policy": 164.5
            },
            "policy_0": {
                "learner_stats": {
                    "allreduce_latency": 0.0,
                    "grad_gnorm": 1.242932915687561,
                    "cur_kl_coeff": 0.19999999999999996,
                    "cur_lr": 5e-05,
                    "total_loss": 9.322051585804333,
                    "policy_loss": -0.07050976621085835,
                    "vf_loss": 9.537815024636009,
                    "vf_explained_var": -0.0011884432850462017,
                    "kl": 0.012625072377302341,
                    "entropy": 1.4777872891137094,
                    "entropy_coeff": 0.09999999999999998
                },
                "model": {},
                "custom_metrics": {},
                "num_agent_steps_trained": 121.54545454545455,
                "num_grad_updates_lifetime": 16665.5,
                "diff_num_grad_updates_vs_sampler_policy": 164.5
            }
        },
        "num_env_steps_sampled": 204000,
        "num_env_steps_trained": 204000,
        "num_agent_steps_sampled": 203998,
        "num_agent_steps_trained": 203998
    },
    "env_runners": {
        "episode_reward_max": -268.0,
        "episode_reward_min": -599.0,
        "episode_reward_mean": -458.3,
        "episode_len_mean": 151.16,
        "episode_media": {},
        "episodes_timesteps_total": 15116,
        "policy_reward_min": {
            "policy_0": -355.0,
            "policy_1": -370.0,
            "policy_2": -455.0
        },
        "policy_reward_max": {
            "policy_0": 3.0,
            "policy_1": -26.0,
            "policy_2": -29.0
        },
        "policy_reward_mean": {
            "policy_0": -126.8,
            "policy_1": -123.95,
            "policy_2": -207.55
        },
        "custom_metrics": {},
        "hist_stats": {
            "episode_reward": [
                -465.0,
                -448.0,
                -355.0,
                -580.0,
                -441.0,
                -272.0,
                -501.0,
                -519.0,
                -354.0,
                -529.0,
                -502.0,
                -463.0,
                -431.0,
                -519.0,
                -404.0,
                -407.0,
                -508.0,
                -514.0,
                -268.0,
                -466.0,
                -507.0,
                -493.0,
                -501.0,
                -493.0,
                -491.0,
                -428.0,
                -545.0,
                -491.0,
                -455.0,
                -468.0,
                -427.0,
                -452.0,
                -422.0,
                -410.0,
                -538.0,
                -471.0,
                -312.0,
                -410.0,
                -473.0,
                -526.0,
                -477.0,
                -435.0,
                -505.0,
                -387.0,
                -529.0,
                -522.0,
                -553.0,
                -483.0,
                -270.0,
                -358.0,
                -558.0,
                -555.0,
                -424.0,
                -309.0,
                -487.0,
                -506.0,
                -528.0,
                -428.0,
                -531.0,
                -492.0,
                -471.0,
                -457.0,
                -439.0,
                -426.0,
                -386.0,
                -456.0,
                -477.0,
                -496.0,
                -496.0,
                -493.0,
                -492.0,
                -460.0,
                -421.0,
                -507.0,
                -530.0,
                -308.0,
                -431.0,
                -398.0,
                -410.0,
                -472.0,
                -470.0,
                -534.0,
                -462.0,
                -449.0,
                -577.0,
                -489.0,
                -452.0,
                -279.0,
                -599.0,
                -492.0,
                -430.0,
                -506.0,
                -546.0,
                -467.0,
                -436.0,
                -464.0,
                -466.0,
                -409.0,
                -292.0,
                -389.0
            ],