{
    "custom_metrics": {},
    "episode_media": {},
    "info": {
        "learner": {
            "policy_1": {
                "learner_stats": {
                    "allreduce_latency": 0.0,
                    "grad_gnorm": 1.275626301765442,
                    "cur_kl_coeff": 0.09999999999999998,
                    "cur_lr": 5e-05,
                    "total_loss": 8.968448520429206,
                    "policy_loss": -0.08629582985445405,
                    "vf_loss": 9.852298522718025,
                    "vf_explained_var": 9.464495109789299e-08,
                    "kl": 0.009339002269679588,
                    "entropy": 1.5969761714790807,
                    "entropy_coeff": 0.5
                },
                "model": {},
                "custom_metrics": {},
                "num_agent_steps_trained": 121.36363636363636,
                "num_grad_updates_lifetime": 147015.5,
                "diff_num_grad_updates_vs_sampler_policy": 164.5
            },
            "policy_2": {
                "learner_stats": {
                    "allreduce_latency": 0.0,
                    "grad_gnorm": 1.112805724143982,
                    "cur_kl_coeff": 0.04999999999999999,
                    "cur_lr": 5e-05,
                    "total_loss": 8.175104329080293,
                    "policy_loss": -0.07181077467164758,
                    "vf_loss": 9.858120814236727,
                    "vf_explained_var": -1.3130361383611505e-05,
                    "kl": 0.009949333844435694,
                    "entropy": 1.611703184517947,
                    "entropy_coeff": 1.0
                },
                "model": {},
                "custom_metrics": {},
                "num_agent_steps_trained": 120.63636363636364,
                "num_grad_updates_lifetime": 147015.5,
                "diff_num_grad_updates_vs_sampler_policy": 164.5
            },
            "policy_0": {
                "learner_stats": {
                    "allreduce_latency": 0.0,
                    "grad_gnorm": 3.298251152038574,
                    "cur_kl_coeff": 0.19999999999999996,
                    "cur_lr": 5e-05,
                    "total_loss": 8.573998812473182,
                    "policy_loss": -0.0928507178838393,
                    "vf_loss": 8.788816730903857,
                    "vf_explained_var": 0.016248897530815817,
                    "kl": 0.012116720553904364,
                    "entropy": 1.2439052224159242,
                    "entropy_coeff": 0.09999999999999998
                },
                "model": {},
                "custom_metrics": {},
                "num_agent_steps_trained": 121.63636363636364,
                "num_grad_updates_lifetime": 147015.5,
                "diff_num_grad_updates_vs_sampler_policy": 164.5
            }
        },
        "num_env_steps_sampled": 1784000,
        "num_env_steps_trained": 1784000,
        "num_agent_steps_sampled": 1783998,
        "num_agent_steps_trained": 1783998
    },
    "env_runners": {
        "episode_reward_max": -277.0,
        "episode_reward_min": -639.0,
        "episode_reward_mean": -439.92,
        "episode_len_mean": 148.3,
        "episode_media": {},
        "episodes_timesteps_total": 14830,
        "policy_reward_min": {
            "policy_0": -435.0,
            "policy_1": -405.0,
            "policy_2": -435.0
        },
        "policy_reward_max": {
            "policy_0": 0.0,
            "policy_1": -17.0,
            "policy_2": -26.0
        },
        "policy_reward_mean": {
            "policy_0": -101.48,
            "policy_1": -141.79,
            "policy_2": -196.65
        },
        "custom_metrics": {},
        "hist_stats": {
            "episode_reward": [
                -356.0,
                -433.0,
                -403.0,
                -611.0,
                -427.0,
                -387.0,
                -477.0,
                -355.0,
                -357.0,
                -470.0,
                -381.0,
                -277.0,
                -487.0,
                -456.0,
                -359.0,
                -606.0,
                -431.0,
                -430.0,
                -411.0,
                -372.0,
                -479.0,
                -452.0,
                -332.0,
                -575.0,
                -341.0,
                -474.0,
                -434.0,
                -298.0,
                -639.0,
                -324.0,
                -387.0,
                -537.0,
                -445.0,
                -496.0,
                -472.0,
                -417.0,
                -534.0,
                -483.0,
                -565.0,
                -316.0,
                -499.0,
                -531.0,
                -413.0,
                -442.0,
                -375.0,
                -418.0,
                -329.0,
                -470.0,
                -426.0,
                -424.0,
                -514.0,
                -416.0,
                -470.0,
                -509.0,
                -415.0,
                -333.0,
                -380.0,
                -590.0,
                -327.0,
                -407.0,
                -608.0,
                -410.0,
                -606.0,
                -360.0,
                -539.0,
                -396.0,
                -437.0,
                -515.0,
                -397.0,
                -422.0,
                -432.0,
                -422.0,
                -526.0,
                -511.0,
                -412.0,
                -329.0,
                -451.0,
                -466.0,
                -344.0,
                -380.0,
                -467.0,
                -476.0,
                -424.0,
                -570.0,
                -394.0,
                -277.0,
                -429.0,
                -373.0,
                -609.0,
                -399.0,
                -495.0,
                -398.0,
                -421.0,
                -336.0,
                -432.0,
                -548.0,
                -485.0,
                -467.0,
                -454.0,
                -401.0
            ],