{
    "custom_metrics": {},
    "episode_media": {},
    "info": {
        "learner": {
            "policy_1": {
                "learner_stats": {
                    "allreduce_latency": 0.0,
                    "grad_gnorm": 1.2471716403961182,
                    "cur_kl_coeff": 0.09999999999999998,
                    "cur_lr": 5e-05,
                    "total_loss": 8.803797487779097,
                    "policy_loss": -0.09210801885717294,
                    "vf_loss": 9.677793699322326,
                    "vf_explained_var": 8.135564399488045e-05,
                    "kl": 0.012075424354200368,
                    "entropy": 1.5661917744260845,
                    "entropy_coeff": 0.5
                },
                "model": {},
                "custom_metrics": {},
                "num_agent_steps_trained": 121.54545454545455,
                "num_grad_updates_lifetime": 254265.5,
                "diff_num_grad_updates_vs_sampler_policy": 164.5
            },
            "policy_2": {
                "learner_stats": {
                    "allreduce_latency": 0.0,
                    "grad_gnorm": 1.1541980504989624,
                    "cur_kl_coeff": 0.04999999999999999,
                    "cur_lr": 5e-05,
                    "total_loss": 7.969999226656827,
                    "policy_loss": -0.08383555183165961,
                    "vf_loss": 9.678819471417052,
                    "vf_explained_var": -2.1116300062699753e-06,
                    "kl": 0.011174749167221568,
                    "entropy": 1.6255433848409941,
                    "entropy_coeff": 1.0
                },
                "model": {},
                "custom_metrics": {},
                "num_agent_steps_trained": 120.72727272727273,
                "num_grad_updates_lifetime": 254265.5,
                "diff_num_grad_updates_vs_sampler_policy": 164.5
            },
            "policy_0": {
                "learner_stats": {
                    "allreduce_latency": 0.0,
                    "grad_gnorm": 3.2816269397735596,
                    "cur_kl_coeff": 0.19999999999999996,
                    "cur_lr": 5e-05,
                    "total_loss": 8.263650310400761,
                    "policy_loss": -0.0996855688902239,
                    "vf_loss": 8.470742646130649,
                    "vf_explained_var": 0.019230517835328073,
                    "kl": 0.011876965382624909,
                    "entropy": 1.0978212865916166,
                    "entropy_coeff": 0.09999999999999998
                },
                "model": {},
                "custom_metrics": {},
                "num_agent_steps_trained": 121.36363636363636,
                "num_grad_updates_lifetime": 254265.5,
                "diff_num_grad_updates_vs_sampler_policy": 164.5
            }
        },
        "num_env_steps_sampled": 3084000,
        "num_env_steps_trained": 3084000,
        "num_agent_steps_sampled": 3083998,
        "num_agent_steps_trained": 3083998
    },
    "env_runners": {
        "episode_reward_max": -217.0,
        "episode_reward_min": -646.0,
        "episode_reward_mean": -438.99,
        "episode_len_mean": 144.58,
        "episode_media": {},
        "episodes_timesteps_total": 14458,
        "policy_reward_min": {
            "policy_0": -375.0,
            "policy_1": -415.0,
            "policy_2": -410.0
        },
        "policy_reward_max": {
            "policy_0": -6.0,
            "policy_1": -25.0,
            "policy_2": -35.0
        },
        "policy_reward_mean": {
            "policy_0": -97.15,
            "policy_1": -140.42,
            "policy_2": -201.42
        },
        "custom_metrics": {},
        "hist_stats": {
            "episode_reward": [
                -501.0,
                -565.0,
                -478.0,
                -503.0,
                -457.0,
                -646.0,
                -498.0,
                -322.0,
                -507.0,
                -389.0,
                -330.0,
                -376.0,
                -375.0,
                -437.0,
                -288.0,
                -475.0,
                -524.0,
                -402.0,
                -473.0,
                -523.0,
                -550.0,
                -275.0,
                -367.0,
                -387.0,
                -317.0,
                -276.0,
                -328.0,
                -478.0,
                -505.0,
                -397.0,
                -438.0,
                -542.0,
                -531.0,
                -491.0,
                -494.0,
                -467.0,
                -354.0,
                -491.0,
                -433.0,
                -335.0,
                -506.0,
                -510.0,
                -556.0,
                -346.0,
                -588.0,
                -455.0,
                -500.0,
                -392.0,
                -484.0,
                -467.0,
                -471.0,
                -504.0,
                -332.0,
                -515.0,
                -444.0,
                -489.0,
                -605.0,
                -442.0,
                -457.0,
                -493.0,
                -366.0,
                -463.0,
                -519.0,
                -294.0,
                -436.0,
                -444.0,
                -610.0,
                -453.0,
                -291.0,
                -283.0,
                -425.0,
                -516.0,
                -508.0,
                -217.0,
                -476.0,
                -507.0,
                -422.0,
                -633.0,
                -507.0,
                -574.0,
                -436.0,
                -335.0,
                -377.0,
                -371.0,
                -324.0,
                -438.0,
                -468.0,
                -347.0,
                -461.0,
                -353.0,
                -256.0,
                -311.0,
                -403.0,
                -462.0,
                -618.0,
                -326.0,
                -458.0,
                -383.0,
                -449.0,
                -298.0
            ],