{
    "custom_metrics": {},
    "episode_media": {},
    "info": {
        "learner": {
            "policy_1": {
                "learner_stats": {
                    "allreduce_latency": 0.0,
                    "grad_gnorm": 1.2294546365737915,
                    "cur_kl_coeff": 0.09999999999999998,
                    "cur_lr": 5e-05,
                    "total_loss": 9.096648918498646,
                    "policy_loss": -0.08840431914537807,
                    "vf_loss": 9.978156650427616,
                    "vf_explained_var": 0.00018240990060748477,
                    "kl": 0.012068460463539956,
                    "entropy": 1.588620375141953,
                    "entropy_coeff": 0.5
                },
                "model": {},
                "custom_metrics": {},
                "num_agent_steps_trained": 121.81818181818181,
                "num_grad_updates_lifetime": 232815.5,
                "diff_num_grad_updates_vs_sampler_policy": 164.5
            },
            "policy_2": {
                "learner_stats": {
                    "allreduce_latency": 0.0,
                    "grad_gnorm": 1.1756248474121094,
                    "cur_kl_coeff": 0.04999999999999999,
                    "cur_lr": 5e-05,
                    "total_loss": 8.274872996590354,
                    "policy_loss": -0.07845903106975707,
                    "vf_loss": 9.985343493837298,
                    "vf_explained_var": -1.8898646036783854e-05,
                    "kl": 0.01033670790658855,
                    "entropy": 1.632528310472315,
                    "entropy_coeff": 1.0
                },
                "model": {},
                "custom_metrics": {},
                "num_agent_steps_trained": 120.36363636363636,
                "num_grad_updates_lifetime": 232815.5,
                "diff_num_grad_updates_vs_sampler_policy": 164.5
            },
            "policy_0": {
                "learner_stats": {
                    "allreduce_latency": 0.0,
                    "grad_gnorm": 2.606067419052124,
                    "cur_kl_coeff": 0.19999999999999996,
                    "cur_lr": 5e-05,
                    "total_loss": 8.969232651681612,
                    "policy_loss": -0.0926467240138939,
                    "vf_loss": 9.158815201846036,
                    "vf_explained_var": -0.0367992740688902,
                    "kl": 0.015386553167290871,
                    "entropy": 1.0001318284959504,
                    "entropy_coeff": 0.09999999999999998
                },
                "model": {},
                "custom_metrics": {},
                "num_agent_steps_trained": 121.45454545454545,
                "num_grad_updates_lifetime": 232815.5,
                "diff_num_grad_updates_vs_sampler_policy": 164.5
            }
        },
        "num_env_steps_sampled": 2824000,
        "num_env_steps_trained": 2824000,
        "num_agent_steps_sampled": 2823998,
        "num_agent_steps_trained": 2823998
    },
    "env_runners": {
        "episode_reward_max": -244.0,
        "episode_reward_min": -691.0,
        "episode_reward_mean": -440.23,
        "episode_len_mean": 148.34,
        "episode_media": {},
        "episodes_timesteps_total": 14834,
        "policy_reward_min": {
            "policy_1": -445.0,
            "policy_2": -495.0,
            "policy_0": -405.0
        },
        "policy_reward_max": {
            "policy_1": -25.0,
            "policy_2": -26.0,
            "policy_0": 5.0
        },
        "policy_reward_mean": {
            "policy_1": -158.53,
            "policy_2": -193.06,
            "policy_0": -88.64
        },
        "custom_metrics": {},
        "hist_stats": {
            "episode_reward": [
                -501.0,
                -403.0,
                -304.0,
                -373.0,
                -478.0,
                -427.0,
                -426.0,
                -524.0,
                -569.0,
                -491.0,
                -332.0,
                -334.0,
                -691.0,
                -350.0,
                -535.0,
                -537.0,
                -374.0,
                -411.0,
                -388.0,
                -342.0,
                -476.0,
                -560.0,
                -574.0,
                -350.0,
                -368.0,
                -464.0,
                -460.0,
                -327.0,
                -272.0,
                -627.0,
                -512.0,
                -450.0,
                -394.0,
                -645.0,
                -452.0,
                -393.0,
                -388.0,
                -292.0,
                -497.0,
                -428.0,
                -256.0,
                -523.0,
                -608.0,
                -365.0,
                -623.0,
                -487.0,
                -410.0,
                -496.0,
                -485.0,
                -423.0,
                -469.0,
                -512.0,
                -480.0,
                -404.0,
                -621.0,
                -395.0,
                -404.0,
                -309.0,
                -336.0,
                -410.0,
                -478.0,
                -270.0,
                -465.0,
                -421.0,
                -416.0,
                -340.0,
                -465.0,
                -403.0,
                -646.0,
                -359.0,
                -410.0,
                -459.0,
                -366.0,
                -605.0,
                -437.0,
                -244.0,
                -475.0,
                -353.0,
                -476.0,
                -578.0,
                -469.0,
                -249.0,
                -487.0,
                -440.0,
                -506.0,
                -433.0,
                -475.0,
                -486.0,
                -472.0,
                -464.0,
                -422.0,
                -298.0,
                -355.0,
                -540.0,
                -410.0,
                -427.0,
                -305.0,
                -489.0,
                -388.0,
                -507.0
            ],