{
    "custom_metrics": {},
    "episode_media": {},
    "info": {
        "learner": {
            "policy_1": {
                "learner_stats": {
                    "allreduce_latency": 0.0,
                    "grad_gnorm": 1.3609675168991089,
                    "cur_kl_coeff": 0.09999999999999998,
                    "cur_lr": 5e-05,
                    "total_loss": 9.056265244339452,
                    "policy_loss": -0.0984943312141254,
                    "vf_loss": 9.939499447562477,
                    "vf_explained_var": 0.00012746037858905215,
                    "kl": 0.013577045855495143,
                    "entropy": 1.5721951874819668,
                    "entropy_coeff": 0.5
                },
                "model": {},
                "custom_metrics": {},
                "num_agent_steps_trained": 121.18181818181819,
                "num_grad_updates_lifetime": 323565.5,
                "diff_num_grad_updates_vs_sampler_policy": 164.5
            },
            "policy_2": {
                "learner_stats": {
                    "allreduce_latency": 0.0,
                    "grad_gnorm": 1.1754087209701538,
                    "cur_kl_coeff": 0.04999999999999999,
                    "cur_lr": 5e-05,
                    "total_loss": 8.253181554331924,
                    "policy_loss": -0.07306210950270972,
                    "vf_loss": 9.94752210559267,
                    "vf_explained_var": -5.8372815450032554e-06,
                    "kl": 0.010159194070683409,
                    "entropy": 1.6217864148544543,
                    "entropy_coeff": 1.0
                },
                "model": {},
                "custom_metrics": {},
                "num_agent_steps_trained": 120.72727272727273,
                "num_grad_updates_lifetime": 323565.5,
                "diff_num_grad_updates_vs_sampler_policy": 164.5
            },
            "policy_0": {
                "learner_stats": {
                    "allreduce_latency": 0.0,
                    "grad_gnorm": 3.5466320514678955,
                    "cur_kl_coeff": 0.19999999999999996,
                    "cur_lr": 5e-05,
                    "total_loss": 7.797518561103127,
                    "policy_loss": -0.10265753455248407,
                    "vf_loss": 8.01488396471197,
                    "vf_explained_var": 0.06158650716145833,
                    "kl": 0.01498102632274781,
                    "entropy": 1.177040713483637,
                    "entropy_coeff": 0.09999999999999998
                },
                "model": {},
                "custom_metrics": {},
                "num_agent_steps_trained": 121.72727272727273,
                "num_grad_updates_lifetime": 323565.5,
                "diff_num_grad_updates_vs_sampler_policy": 164.5
            }
        },
        "num_env_steps_sampled": 3924000,
        "num_env_steps_trained": 3924000,
        "num_agent_steps_sampled": 3923998,
        "num_agent_steps_trained": 3923998
    },
    "env_runners": {
        "episode_reward_max": -238.0,
        "episode_reward_min": -611.0,
        "episode_reward_mean": -436.15,
        "episode_len_mean": 147.38,
        "episode_media": {},
        "episodes_timesteps_total": 14738,
        "policy_reward_min": {
            "policy_2": -455.0,
            "policy_0": -345.0,
            "policy_1": -395.0
        },
        "policy_reward_max": {
            "policy_2": -27.0,
            "policy_0": -6.0,
            "policy_1": -23.0
        },
        "policy_reward_mean": {
            "policy_2": -189.48,
            "policy_0": -84.8,
            "policy_1": -161.87
        },
        "custom_metrics": {},
        "hist_stats": {
            "episode_reward": [
                -336.0,
                -448.0,
                -323.0,
                -391.0,
                -492.0,
                -439.0,
                -331.0,
                -456.0,
                -486.0,
                -483.0,
                -522.0,
                -445.0,
                -558.0,
                -459.0,
                -569.0,
                -439.0,
                -346.0,
                -491.0,
                -414.0,
                -406.0,
                -542.0,
                -421.0,
                -546.0,
                -411.0,
                -357.0,
                -364.0,
                -536.0,
                -529.0,
                -517.0,
                -452.0,
                -364.0,
                -364.0,
                -488.0,
                -393.0,
                -516.0,
                -339.0,
                -480.0,
                -338.0,
                -541.0,
                -328.0,
                -390.0,
                -585.0,
                -278.0,
                -384.0,
                -322.0,
                -371.0,
                -370.0,
                -459.0,
                -393.0,
                -563.0,
                -458.0,
                -511.0,
                -383.0,
                -477.0,
                -420.0,
                -443.0,
                -512.0,
                -238.0,
                -441.0,
                -408.0,
                -462.0,
                -436.0,
                -308.0,
                -341.0,
                -359.0,
                -475.0,
                -495.0,
                -295.0,
                -452.0,
                -404.0,
                -567.0,
                -370.0,
                -409.0,
                -343.0,
                -286.0,
                -495.0,
                -440.0,
                -443.0,
                -498.0,
                -368.0,
                -474.0,
                -427.0,
                -517.0,
                -553.0,
                -462.0,
                -611.0,
                -458.0,
                -458.0,
                -357.0,
                -465.0,
                -577.0,
                -351.0,
                -398.0,
                -525.0,
                -437.0,
                -395.0,
                -436.0,
                -418.0,
                -492.0,
                -492.0
            ],