{
    "custom_metrics": {},
    "episode_media": {},
    "info": {
        "learner": {
            "policy_1": {
                "learner_stats": {
                    "allreduce_latency": 0.0,
                    "grad_gnorm": 0.982714831829071,
                    "cur_kl_coeff": 0.09999999999999998,
                    "cur_lr": 5e-05,
                    "total_loss": 8.906246092825224,
                    "policy_loss": -0.06653928675434806,
                    "vf_loss": 9.776074412374786,
                    "vf_explained_var": -1.8007827527595288e-07,
                    "kl": 0.009766381846416558,
                    "entropy": 1.6085313793384668,
                    "entropy_coeff": 0.5
                },
                "model": {},
                "custom_metrics": {},
                "num_agent_steps_trained": 121.63636363636364,
                "num_grad_updates_lifetime": 13365.5,
                "diff_num_grad_updates_vs_sampler_policy": 164.5
            },
            "policy_2": {
                "learner_stats": {
                    "allreduce_latency": 0.0,
                    "grad_gnorm": 0.891941249370575,
                    "cur_kl_coeff": 0.04999999999999999,
                    "cur_lr": 5e-05,
                    "total_loss": 8.09728374336705,
                    "policy_loss": -0.06290908517848671,
                    "vf_loss": 9.78179572134307,
                    "vf_explained_var": 1.0671037616151752e-06,
                    "kl": 0.007184826321630206,
                    "entropy": 1.621962184978254,
                    "entropy_coeff": 1.0
                },
                "model": {},
                "custom_metrics": {},
                "num_agent_steps_trained": 120.54545454545455,
                "num_grad_updates_lifetime": 13365.5,
                "diff_num_grad_updates_vs_sampler_policy": 164.5
            },
            "policy_0": {
                "learner_stats": {
                    "allreduce_latency": 0.0,
                    "grad_gnorm": 1.1692428588867188,
                    "cur_kl_coeff": 0.19999999999999996,
                    "cur_lr": 5e-05,
                    "total_loss": 9.571931743621827,
                    "policy_loss": -0.06802072656644283,
                    "vf_loss": 9.782771980401241,
                    "vf_explained_var": 1.132668870868105e-06,
                    "kl": 0.009604767384941067,
                    "entropy": 1.4474050110036676,
                    "entropy_coeff": 0.09999999999999998
                },
                "model": {},
                "custom_metrics": {},
                "num_agent_steps_trained": 121.45454545454545,
                "num_grad_updates_lifetime": 13365.5,
                "diff_num_grad_updates_vs_sampler_policy": 164.5
            }
        },
        "num_env_steps_sampled": 164000,
        "num_env_steps_trained": 164000,
        "num_agent_steps_sampled": 163998,
        "num_agent_steps_trained": 163998
    },
    "env_runners": {
        "episode_reward_max": -265.0,
        "episode_reward_min": -698.0,
        "episode_reward_mean": -448.24,
        "episode_len_mean": 148.94,
        "episode_media": {},
        "episodes_timesteps_total": 14894,
        "policy_reward_min": {
            "policy_2": -480.0,
            "policy_0": -360.0,
            "policy_1": -395.0
        },
        "policy_reward_max": {
            "policy_2": -17.0,
            "policy_0": -15.0,
            "policy_1": -13.0
        },
        "policy_reward_mean": {
            "policy_2": -190.43,
            "policy_0": -109.38,
            "policy_1": -148.43
        },
        "custom_metrics": {},
        "hist_stats": {
            "episode_reward": [
                -473.0,
                -425.0,
                -460.0,
                -317.0,
                -455.0,
                -498.0,
                -470.0,
                -562.0,
                -613.0,
                -406.0,
                -404.0,
                -518.0,
                -265.0,
                -475.0,
                -373.0,
                -507.0,
                -412.0,
                -446.0,
                -389.0,
                -476.0,
                -520.0,
                -358.0,
                -482.0,
                -440.0,
                -698.0,
                -401.0,
                -500.0,
                -514.0,
                -441.0,
                -562.0,
                -459.0,
                -294.0,
                -456.0,
                -542.0,
                -422.0,
                -582.0,
                -457.0,
                -368.0,
                -654.0,
                -381.0,
                -542.0,
                -560.0,
                -317.0,
                -403.0,
                -496.0,
                -457.0,
                -388.0,
                -391.0,
                -551.0,
                -325.0,
                -468.0,
                -532.0,
                -456.0,
                -425.0,
                -526.0,
                -340.0,
                -307.0,
                -411.0,
                -529.0,
                -363.0,
                -421.0,
                -490.0,
                -425.0,
                -390.0,
                -470.0,
                -425.0,
                -355.0,
                -408.0,
                -530.0,
                -501.0,
                -362.0,
                -481.0,
                -517.0,
                -517.0,
                -493.0,
                -486.0,
                -496.0,
                -502.0,
                -345.0,
                -384.0,
                -550.0,
                -463.0,
                -447.0,
                -354.0,
                -274.0,
                -361.0,
                -366.0,
                -415.0,
                -534.0,
                -502.0,
                -499.0,
                -415.0,
                -477.0,
                -354.0,
                -420.0,
                -374.0,
                -462.0,
                -483.0,
                -314.0,
                -500.0
            ],