{
    "custom_metrics": {},
    "episode_media": {},
    "info": {
        "learner": {
            "policy_1": {
                "learner_stats": {
                    "allreduce_latency": 0.0,
                    "grad_gnorm": 1.169827938079834,
                    "cur_kl_coeff": 0.09999999999999998,
                    "cur_lr": 5e-05,
                    "total_loss": 8.978455384572348,
                    "policy_loss": -0.08467181924718192,
                    "vf_loss": 9.858143910494718,
                    "vf_explained_var": -2.0717129562840316e-07,
                    "kl": 0.012852080687327377,
                    "entropy": 1.592603844946081,
                    "entropy_coeff": 0.5
                },
                "model": {},
                "custom_metrics": {},
                "num_agent_steps_trained": 121.36363636363636,
                "num_grad_updates_lifetime": 85965.5,
                "diff_num_grad_updates_vs_sampler_policy": 164.5
            },
            "policy_2": {
                "learner_stats": {
                    "allreduce_latency": 0.0,
                    "grad_gnorm": 1.0436489582061768,
                    "cur_kl_coeff": 0.04999999999999999,
                    "cur_lr": 5e-05,
                    "total_loss": 8.157206065727003,
                    "policy_loss": -0.06896893469066444,
                    "vf_loss": 9.857825441071482,
                    "vf_explained_var": -4.4452421592943596e-06,
                    "kl": 0.008669220284593966,
                    "entropy": 1.6320839163028833,
                    "entropy_coeff": 1.0
                },
                "model": {},
                "custom_metrics": {},
                "num_agent_steps_trained": 120.36363636363636,
                "num_grad_updates_lifetime": 85965.5,
                "diff_num_grad_updates_vs_sampler_policy": 164.5
            },
            "policy_0": {
                "learner_stats": {
                    "allreduce_latency": 0.0,
                    "grad_gnorm": 5.1020331382751465,
                    "cur_kl_coeff": 0.19999999999999996,
                    "cur_lr": 5e-05,
                    "total_loss": 8.036477035464662,
                    "policy_loss": -0.09574392721564932,
                    "vf_loss": 8.262094104651249,
                    "vf_explained_var": -0.039775407314300536,
                    "kl": 0.014511657081887426,
                    "entropy": 1.327754993872209,
                    "entropy_coeff": 0.09999999999999998
                },
                "model": {},
                "custom_metrics": {},
                "num_agent_steps_trained": 121.9090909090909,
                "num_grad_updates_lifetime": 85965.5,
                "diff_num_grad_updates_vs_sampler_policy": 164.5
            }
        },
        "num_env_steps_sampled": 1044000,
        "num_env_steps_trained": 1044000,
        "num_agent_steps_sampled": 1043998,
        "num_agent_steps_trained": 1043998
    },
    "env_runners": {
        "episode_reward_max": -231.0,
        "episode_reward_min": -708.0,
        "episode_reward_mean": -443.89,
        "episode_len_mean": 146.12,
        "episode_media": {},
        "episodes_timesteps_total": 14612,
        "policy_reward_min": {
            "policy_2": -395.0,
            "policy_0": -505.0,
            "policy_1": -420.0
        },
        "policy_reward_max": {
            "policy_2": -29.0,
            "policy_0": -10.0,
            "policy_1": -12.0
        },
        "policy_reward_mean": {
            "policy_2": -214.05,
            "policy_0": -100.07,
            "policy_1": -129.77
        },
        "custom_metrics": {},
        "hist_stats": {
            "episode_reward": [
                -551.0,
                -484.0,
                -424.0,
                -520.0,
                -324.0,
                -436.0,
                -437.0,
                -402.0,
                -528.0,
                -426.0,
                -422.0,
                -478.0,
                -536.0,
                -297.0,
                -395.0,
                -439.0,
                -347.0,
                -456.0,
                -451.0,
                -324.0,
                -414.0,
                -466.0,
                -353.0,
                -529.0,
                -422.0,
                -382.0,
                -574.0,
                -635.0,
                -379.0,
                -372.0,
                -381.0,
                -510.0,
                -283.0,
                -351.0,
                -556.0,
                -441.0,
                -507.0,
                -380.0,
                -507.0,
                -526.0,
                -431.0,
                -374.0,
                -545.0,
                -475.0,
                -469.0,
                -465.0,
                -405.0,
                -525.0,
                -382.0,
                -528.0,
                -410.0,
                -392.0,
                -517.0,
                -297.0,
                -415.0,
                -535.0,
                -421.0,
                -472.0,
                -494.0,
                -297.0,
                -491.0,
                -477.0,
                -393.0,
                -439.0,
                -400.0,
                -708.0,
                -303.0,
                -487.0,
                -264.0,
                -639.0,
                -530.0,
                -596.0,
                -513.0,
                -249.0,
                -588.0,
                -438.0,
                -464.0,
                -231.0,
                -403.0,
                -510.0,
                -414.0,
                -366.0,
                -478.0,
                -468.0,
                -442.0,
                -554.0,
                -415.0,
                -433.0,
                -445.0,
                -377.0,
                -425.0,
                -460.0,
                -517.0,
                -452.0,
                -447.0,
                -341.0,
                -397.0,
                -431.0,
                -489.0,
                -421.0
            ],