{
    "custom_metrics": {},
    "episode_media": {},
    "info": {
        "learner": {
            "policy_1": {
                "learner_stats": {
                    "allreduce_latency": 0.0,
                    "grad_gnorm": 1.1662451028823853,
                    "cur_kl_coeff": 0.09999999999999998,
                    "cur_lr": 5e-05,
                    "total_loss": 8.999826694257331,
                    "policy_loss": -0.08398450969182181,
                    "vf_loss": 9.88126585411303,
                    "vf_explained_var": -1.2932401714902935e-06,
                    "kl": 0.011086036187999517,
                    "entropy": 1.597126388911045,
                    "entropy_coeff": 0.5
                },
                "model": {},
                "custom_metrics": {},
                "num_agent_steps_trained": 121.81818181818181,
                "num_grad_updates_lifetime": 92565.5,
                "diff_num_grad_updates_vs_sampler_policy": 164.5
            },
            "policy_2": {
                "learner_stats": {
                    "allreduce_latency": 0.0,
                    "grad_gnorm": 1.0927975177764893,
                    "cur_kl_coeff": 0.04999999999999999,
                    "cur_lr": 5e-05,
                    "total_loss": 8.18925766655893,
                    "policy_loss": -0.07054000658663978,
                    "vf_loss": 9.886299306696111,
                    "vf_explained_var": -0.0005809153571273341,
                    "kl": 0.008858032101865814,
                    "entropy": 1.626944510864489,
                    "entropy_coeff": 1.0
                },
                "model": {},
                "custom_metrics": {},
                "num_agent_steps_trained": 120.54545454545455,
                "num_grad_updates_lifetime": 92565.5,
                "diff_num_grad_updates_vs_sampler_policy": 164.5
            },
            "policy_0": {
                "learner_stats": {
                    "allreduce_latency": 0.0,
                    "grad_gnorm": 2.813812017440796,
                    "cur_kl_coeff": 0.19999999999999996,
                    "cur_lr": 5e-05,
                    "total_loss": 9.105384124409069,
                    "policy_loss": -0.09366626570876123,
                    "vf_loss": 9.331577613136986,
                    "vf_explained_var": 0.020677599401185007,
                    "kl": 0.013579401322379614,
                    "entropy": 1.3524315452936924,
                    "entropy_coeff": 0.09999999999999998
                },
                "model": {},
                "custom_metrics": {},
                "num_agent_steps_trained": 121.27272727272727,
                "num_grad_updates_lifetime": 92565.5,
                "diff_num_grad_updates_vs_sampler_policy": 164.5
            }
        },
        "num_env_steps_sampled": 1124000,
        "num_env_steps_trained": 1124000,
        "num_agent_steps_sampled": 1123998,
        "num_agent_steps_trained": 1123998
    },
    "env_runners": {
        "episode_reward_max": -192.0,
        "episode_reward_min": -643.0,
        "episode_reward_mean": -442.81,
        "episode_len_mean": 142.02,
        "episode_media": {},
        "episodes_timesteps_total": 14202,
        "policy_reward_min": {
            "policy_2": -420.0,
            "policy_0": -340.0,
            "policy_1": -385.0
        },
        "policy_reward_max": {
            "policy_2": -18.0,
            "policy_0": -11.0,
            "policy_1": -9.0
        },
        "policy_reward_mean": {
            "policy_2": -190.23,
            "policy_0": -102.36,
            "policy_1": -150.22
        },
        "custom_metrics": {},
        "hist_stats": {
            "episode_reward": [
                -435.0,
                -488.0,
                -461.0,
                -515.0,
                -285.0,
                -497.0,
                -538.0,
                -192.0,
                -286.0,
                -456.0,
                -446.0,
                -524.0,
                -490.0,
                -566.0,
                -344.0,
                -405.0,
                -432.0,
                -407.0,
                -427.0,
                -413.0,
                -489.0,
                -514.0,
                -474.0,
                -633.0,
                -489.0,
                -503.0,
                -409.0,
                -378.0,
                -587.0,
                -537.0,
                -446.0,
                -499.0,
                -521.0,
                -438.0,
                -436.0,
                -334.0,
                -317.0,
                -536.0,
                -359.0,
                -510.0,
                -448.0,
                -574.0,
                -473.0,
                -372.0,
                -460.0,
                -382.0,
                -305.0,
                -391.0,
                -390.0,
                -337.0,
                -515.0,
                -417.0,
                -643.0,
                -520.0,
                -421.0,
                -408.0,
                -503.0,
                -436.0,
                -341.0,
                -351.0,
                -372.0,
                -430.0,
                -536.0,
                -460.0,
                -428.0,
                -409.0,
                -485.0,
                -331.0,
                -487.0,
                -507.0,
                -405.0,
                -515.0,
                -383.0,
                -523.0,
                -435.0,
                -367.0,
                -512.0,
                -390.0,
                -486.0,
                -442.0,
                -457.0,
                -503.0,
                -360.0,
                -409.0,
                -346.0,
                -392.0,
                -477.0,
                -473.0,
                -450.0,
                -425.0,
                -491.0,
                -454.0,
                -395.0,
                -284.0,
                -454.0,
                -539.0,
                -412.0,
                -419.0,
                -518.0,
                -417.0
            ],