{
    "custom_metrics": {},
    "episode_media": {},
    "info": {
        "learner": {
            "policy_1": {
                "learner_stats": {
                    "allreduce_latency": 0.0,
                    "grad_gnorm": 1.1240112781524658,
                    "cur_kl_coeff": 0.09999999999999998,
                    "cur_lr": 5e-05,
                    "total_loss": 8.916227227991277,
                    "policy_loss": -0.07725669027052143,
                    "vf_loss": 9.799686827804104,
                    "vf_explained_var": 4.932735905502782e-07,
                    "kl": 0.010063843114605632,
                    "entropy": 1.6144187724951542,
                    "entropy_coeff": 0.5
                },
                "model": {},
                "custom_metrics": {},
                "num_agent_steps_trained": 121.54545454545455,
                "num_grad_updates_lifetime": 43065.5,
                "diff_num_grad_updates_vs_sampler_policy": 164.5
            },
            "policy_2": {
                "learner_stats": {
                    "allreduce_latency": 0.0,
                    "grad_gnorm": 0.9977226257324219,
                    "cur_kl_coeff": 0.04999999999999999,
                    "cur_lr": 5e-05,
                    "total_loss": 8.106193882046323,
                    "policy_loss": -0.05990869011306627,
                    "vf_loss": 9.797688177860145,
                    "vf_explained_var": -4.048058480927439e-06,
                    "kl": 0.008259783422218475,
                    "entropy": 1.6319986267523332,
                    "entropy_coeff": 1.0
                },
                "model": {},
                "custom_metrics": {},
                "num_agent_steps_trained": 120.54545454545455,
                "num_grad_updates_lifetime": 43065.5,
                "diff_num_grad_updates_vs_sampler_policy": 164.5
            },
            "policy_0": {
                "learner_stats": {
                    "allreduce_latency": 0.0,
                    "grad_gnorm": 1.393381118774414,
                    "cur_kl_coeff": 0.19999999999999996,
                    "cur_lr": 5e-05,
                    "total_loss": 9.57875831488407,
                    "policy_loss": -0.08106772176441596,
                    "vf_loss": 9.78960674459284,
                    "vf_explained_var": 0.009295442248835708,
                    "kl": 0.013216453867719184,
                    "entropy": 1.3242401574597213,
                    "entropy_coeff": 0.09999999999999998
                },
                "model": {},
                "custom_metrics": {},
                "num_agent_steps_trained": 121.54545454545455,
                "num_grad_updates_lifetime": 43065.5,
                "diff_num_grad_updates_vs_sampler_policy": 164.5
            }
        },
        "num_env_steps_sampled": 524000,
        "num_env_steps_trained": 524000,
        "num_agent_steps_sampled": 523998,
        "num_agent_steps_trained": 523998
    },
    "env_runners": {
        "episode_reward_max": -270.0,
        "episode_reward_min": -706.0,
        "episode_reward_mean": -447.39,
        "episode_len_mean": 146.4,
        "episode_media": {},
        "episodes_timesteps_total": 14640,
        "policy_reward_min": {
            "policy_2": -415.0,
            "policy_0": -370.0,
            "policy_1": -515.0
        },
        "policy_reward_max": {
            "policy_2": -39.0,
            "policy_0": -16.0,
            "policy_1": -18.0
        },
        "policy_reward_mean": {
            "policy_2": -210.86,
            "policy_0": -106.52,
            "policy_1": -130.01
        },
        "custom_metrics": {},
        "hist_stats": {
            "episode_reward": [
                -401.0,
                -466.0,
                -283.0,
                -423.0,
                -393.0,
                -433.0,
                -446.0,
                -480.0,
                -468.0,
                -335.0,
                -511.0,
                -508.0,
                -444.0,
                -706.0,
                -600.0,
                -402.0,
                -409.0,
                -342.0,
                -463.0,
                -570.0,
                -500.0,
                -412.0,
                -435.0,
                -529.0,
                -441.0,
                -415.0,
                -483.0,
                -373.0,
                -453.0,
                -581.0,
                -531.0,
                -506.0,
                -369.0,
                -383.0,
                -498.0,
                -457.0,
                -532.0,
                -493.0,
                -598.0,
                -295.0,
                -407.0,
                -316.0,
                -429.0,
                -456.0,
                -490.0,
                -569.0,
                -302.0,
                -504.0,
                -429.0,
                -366.0,
                -540.0,
                -293.0,
                -411.0,
                -323.0,
                -403.0,
                -357.0,
                -366.0,
                -689.0,
                -555.0,
                -424.0,
                -564.0,
                -381.0,
                -471.0,
                -383.0,
                -519.0,
                -375.0,
                -330.0,
                -567.0,
                -351.0,
                -450.0,
                -514.0,
                -509.0,
                -495.0,
                -461.0,
                -393.0,
                -296.0,
                -458.0,
                -474.0,
                -580.0,
                -424.0,
                -511.0,
                -508.0,
                -491.0,
                -270.0,
                -361.0,
                -514.0,
                -339.0,
                -391.0,
                -563.0,
                -392.0,
                -525.0,
                -474.0,
                -527.0,
                -279.0,
                -379.0,
                -422.0,
                -491.0,
                -537.0,
                -441.0,
                -333.0
            ],