{
    "custom_metrics": {},
    "episode_media": {},
    "info": {
        "learner": {
            "policy_1": {
                "learner_stats": {
                    "allreduce_latency": 0.0,
                    "grad_gnorm": 1.23872971534729,
                    "cur_kl_coeff": 0.09999999999999998,
                    "cur_lr": 5e-05,
                    "total_loss": 8.887274944421018,
                    "policy_loss": -0.08570089309024766,
                    "vf_loss": 9.768831331079657,
                    "vf_explained_var": 0.00042159232226285067,
                    "kl": 0.011494306102627862,
                    "entropy": 1.594009945970593,
                    "entropy_coeff": 0.5
                },
                "model": {},
                "custom_metrics": {},
                "num_agent_steps_trained": 121.81818181818181,
                "num_grad_updates_lifetime": 208065.5,
                "diff_num_grad_updates_vs_sampler_policy": 164.5
            },
            "policy_2": {
                "learner_stats": {
                    "allreduce_latency": 0.0,
                    "grad_gnorm": 1.1509287357330322,
                    "cur_kl_coeff": 0.04999999999999999,
                    "cur_lr": 5e-05,
                    "total_loss": 8.065513175906556,
                    "policy_loss": -0.08410067152034378,
                    "vf_loss": 9.769965304750384,
                    "vf_explained_var": 2.723245909719756e-05,
                    "kl": 0.011063416840255856,
                    "entropy": 1.6209045923117436,
                    "entropy_coeff": 1.0
                },
                "model": {},
                "custom_metrics": {},
                "num_agent_steps_trained": 120.72727272727273,
                "num_grad_updates_lifetime": 208065.5,
                "diff_num_grad_updates_vs_sampler_policy": 164.5
            },
            "policy_0": {
                "learner_stats": {
                    "allreduce_latency": 0.0,
                    "grad_gnorm": 2.6159167289733887,
                    "cur_kl_coeff": 0.19999999999999996,
                    "cur_lr": 5e-05,
                    "total_loss": 8.537818658713139,
                    "policy_loss": -0.1102815835976578,
                    "vf_loss": 8.766208937673857,
                    "vf_explained_var": 0.014848974798664902,
                    "kl": 0.01841344550971549,
                    "entropy": 1.2179138797702211,
                    "entropy_coeff": 0.09999999999999998
                },
                "model": {},
                "custom_metrics": {},
                "num_agent_steps_trained": 121.0909090909091,
                "num_grad_updates_lifetime": 208065.5,
                "diff_num_grad_updates_vs_sampler_policy": 164.5
            }
        },
        "num_env_steps_sampled": 2524000,
        "num_env_steps_trained": 2524000,
        "num_agent_steps_sampled": 2523998,
        "num_agent_steps_trained": 2523998
    },
    "env_runners": {
        "episode_reward_max": -215.0,
        "episode_reward_min": -620.0,
        "episode_reward_mean": -441.77,
        "episode_len_mean": 147.88,
        "episode_media": {},
        "episodes_timesteps_total": 14788,
        "policy_reward_min": {
            "policy_2": -430.0,
            "policy_0": -435.0,
            "policy_1": -410.0
        },
        "policy_reward_max": {
            "policy_2": -33.0,
            "policy_0": -3.0,
            "policy_1": -27.0
        },
        "policy_reward_mean": {
            "policy_2": -215.3,
            "policy_0": -92.51,
            "policy_1": -133.96
        },
        "custom_metrics": {},
        "hist_stats": {
            "episode_reward": [
                -495.0,
                -387.0,
                -469.0,
                -480.0,
                -518.0,
                -547.0,
                -610.0,
                -386.0,
                -479.0,
                -475.0,
                -354.0,
                -398.0,
                -415.0,
                -215.0,
                -620.0,
                -515.0,
                -424.0,
                -374.0,
                -400.0,
                -340.0,
                -560.0,
                -460.0,
                -391.0,
                -483.0,
                -462.0,
                -362.0,
                -291.0,
                -413.0,
                -481.0,
                -495.0,
                -443.0,
                -449.0,
                -312.0,
                -348.0,
                -369.0,
                -440.0,
                -490.0,
                -396.0,
                -376.0,
                -491.0,
                -561.0,
                -504.0,
                -413.0,
                -522.0,
                -478.0,
                -476.0,
                -510.0,
                -376.0,
                -387.0,
                -542.0,
                -501.0,
                -452.0,
                -291.0,
                -433.0,
                -370.0,
                -516.0,
                -311.0,
                -384.0,
                -404.0,
                -410.0,
                -610.0,
                -283.0,
                -427.0,
                -367.0,
                -444.0,
                -330.0,
                -378.0,
                -444.0,
                -410.0,
                -565.0,
                -351.0,
                -451.0,
                -447.0,
                -412.0,
                -491.0,
                -378.0,
                -460.0,
                -537.0,
                -458.0,
                -501.0,
                -355.0,
                -491.0,
                -501.0,
                -457.0,
                -507.0,
                -529.0,
                -400.0,
                -405.0,
                -426.0,
                -466.0,
                -349.0,
                -532.0,
                -405.0,
                -506.0,
                -510.0,
                -397.0,
                -543.0,
                -462.0,
                -374.0,
                -564.0
            ],