{
    "custom_metrics": {},
    "episode_media": {},
    "info": {
        "learner": {
            "policy_1": {
                "learner_stats": {
                    "allreduce_latency": 0.0,
                    "grad_gnorm": 1.2823721170425415,
                    "cur_kl_coeff": 0.09999999999999998,
                    "cur_lr": 5e-05,
                    "total_loss": 9.001165681896788,
                    "policy_loss": -0.0920093499702599,
                    "vf_loss": 9.88500987255212,
                    "vf_explained_var": 6.162433913259796e-05,
                    "kl": 0.013024137937612751,
                    "entropy": 1.5862745610150424,
                    "entropy_coeff": 0.5
                },
                "model": {},
                "custom_metrics": {},
                "num_agent_steps_trained": 121.36363636363636,
                "num_grad_updates_lifetime": 188265.5,
                "diff_num_grad_updates_vs_sampler_policy": 164.5
            },
            "policy_2": {
                "learner_stats": {
                    "allreduce_latency": 0.0,
                    "grad_gnorm": 1.13047194480896,
                    "cur_kl_coeff": 0.04999999999999999,
                    "cur_lr": 5e-05,
                    "total_loss": 8.17143977916602,
                    "policy_loss": -0.0753977316996139,
                    "vf_loss": 9.873342817479914,
                    "vf_explained_var": -5.189938978715377e-06,
                    "kl": 0.009273854247459662,
                    "entropy": 1.6269690267967456,
                    "entropy_coeff": 1.0
                },
                "model": {},
                "custom_metrics": {},
                "num_agent_steps_trained": 120.72727272727273,
                "num_grad_updates_lifetime": 188265.5,
                "diff_num_grad_updates_vs_sampler_policy": 164.5
            },
            "policy_0": {
                "learner_stats": {
                    "allreduce_latency": 0.0,
                    "grad_gnorm": 4.9890594482421875,
                    "cur_kl_coeff": 0.19999999999999996,
                    "cur_lr": 5e-05,
                    "total_loss": 7.629113123633645,
                    "policy_loss": -0.11143982737804904,
                    "vf_loss": 7.856171290079753,
                    "vf_explained_var": 0.0008864921150785504,
                    "kl": 0.015810911791393253,
                    "entropy": 1.1878050863742828,
                    "entropy_coeff": 0.09999999999999998
                },
                "model": {},
                "custom_metrics": {},
                "num_agent_steps_trained": 121.54545454545455,
                "num_grad_updates_lifetime": 188265.5,
                "diff_num_grad_updates_vs_sampler_policy": 164.5
            }
        },
        "num_env_steps_sampled": 2284000,
        "num_env_steps_trained": 2284000,
        "num_agent_steps_sampled": 2283998,
        "num_agent_steps_trained": 2283998
    },
    "env_runners": {
        "episode_reward_max": -291.0,
        "episode_reward_min": -679.0,
        "episode_reward_mean": -460.49,
        "episode_len_mean": 141.22,
        "episode_media": {},
        "episodes_timesteps_total": 14122,
        "policy_reward_min": {
            "policy_2": -455.0,
            "policy_0": -330.0,
            "policy_1": -445.0
        },
        "policy_reward_max": {
            "policy_2": -20.0,
            "policy_0": -8.0,
            "policy_1": -18.0
        },
        "policy_reward_mean": {
            "policy_2": -211.68,
            "policy_0": -86.76,
            "policy_1": -162.05
        },
        "custom_metrics": {},
        "hist_stats": {
            "episode_reward": [
                -503.0,
                -559.0,
                -568.0,
                -471.0,
                -337.0,
                -338.0,
                -377.0,
                -479.0,
                -594.0,
                -503.0,
                -477.0,
                -309.0,
                -479.0,
                -331.0,
                -478.0,
                -427.0,
                -509.0,
                -477.0,
                -434.0,
                -423.0,
                -382.0,
                -456.0,
                -400.0,
                -387.0,
                -461.0,
                -484.0,
                -506.0,
                -570.0,
                -407.0,
                -418.0,
                -552.0,
                -456.0,
                -482.0,
                -546.0,
                -486.0,
                -443.0,
                -294.0,
                -409.0,
                -411.0,
                -671.0,
                -291.0,
                -556.0,
                -496.0,
                -318.0,
                -546.0,
                -538.0,
                -444.0,
                -510.0,
                -464.0,
                -416.0,
                -611.0,
                -484.0,
                -475.0,
                -487.0,
                -576.0,
                -521.0,
                -359.0,
                -300.0,
                -446.0,
                -628.0,
                -295.0,
                -561.0,
                -496.0,
                -381.0,
                -656.0,
                -328.0,
                -520.0,
                -469.0,
                -472.0,
                -478.0,
                -583.0,
                -504.0,
                -342.0,
                -492.0,
                -588.0,
                -679.0,
                -350.0,
                -461.0,
                -422.0,
                -393.0,
                -505.0,
                -362.0,
                -437.0,
                -369.0,
                -443.0,
                -310.0,
                -303.0,
                -405.0,
                -572.0,
                -492.0,
                -585.0,
                -611.0,
                -303.0,
                -606.0,
                -449.0,
                -452.0,
                -396.0,
                -373.0,
                -437.0,
                -409.0
            ],