{
    "custom_metrics": {},
    "episode_media": {},
    "info": {
        "learner": {
            "policy_1": {
                "learner_stats": {
                    "allreduce_latency": 0.0,
                    "grad_gnorm": 1.2974833250045776,
                    "cur_kl_coeff": 0.09999999999999998,
                    "cur_lr": 5e-05,
                    "total_loss": 8.935179664149429,
                    "policy_loss": -0.08685235878396215,
                    "vf_loss": 9.811789798736573,
                    "vf_explained_var": -7.60952631632487e-07,
                    "kl": 0.011441205666775102,
                    "entropy": 1.5818038008429787,
                    "entropy_coeff": 0.5
                },
                "model": {},
                "custom_metrics": {},
                "num_agent_steps_trained": 121.45454545454545,
                "num_grad_updates_lifetime": 122265.5,
                "diff_num_grad_updates_vs_sampler_policy": 164.5
            },
            "policy_2": {
                "learner_stats": {
                    "allreduce_latency": 0.0,
                    "grad_gnorm": 1.1319013833999634,
                    "cur_kl_coeff": 0.04999999999999999,
                    "cur_lr": 5e-05,
                    "total_loss": 8.106286252628673,
                    "policy_loss": -0.07671382895840162,
                    "vf_loss": 9.810204661976208,
                    "vf_explained_var": -1.605243393869111e-05,
                    "kl": 0.009718626314837442,
                    "entropy": 1.6276905139287312,
                    "entropy_coeff": 1.0
                },
                "model": {},
                "custom_metrics": {},
                "num_agent_steps_trained": 120.54545454545455,
                "num_grad_updates_lifetime": 122265.5,
                "diff_num_grad_updates_vs_sampler_policy": 164.5
            },
            "policy_0": {
                "learner_stats": {
                    "allreduce_latency": 0.0,
                    "grad_gnorm": 3.8987600803375244,
                    "cur_kl_coeff": 0.19999999999999996,
                    "cur_lr": 5e-05,
                    "total_loss": 8.160617251829667,
                    "policy_loss": -0.10259768848561428,
                    "vf_loss": 8.390146599393903,
                    "vf_explained_var": 0.011858501036961873,
                    "kl": 0.015257632076585297,
                    "entropy": 1.299831131371585,
                    "entropy_coeff": 0.09999999999999998
                },
                "model": {},
                "custom_metrics": {},
                "num_agent_steps_trained": 121.63636363636364,
                "num_grad_updates_lifetime": 122265.5,
                "diff_num_grad_updates_vs_sampler_policy": 164.5
            }
        },
        "num_env_steps_sampled": 1484000,
        "num_env_steps_trained": 1484000,
        "num_agent_steps_sampled": 1483998,
        "num_agent_steps_trained": 1483998
    },
    "env_runners": {
        "episode_reward_max": -261.0,
        "episode_reward_min": -669.0,
        "episode_reward_mean": -452.82,
        "episode_len_mean": 152.5,
        "episode_media": {},
        "episodes_timesteps_total": 15250,
        "policy_reward_min": {
            "policy_1": -375.0,
            "policy_2": -425.0,
            "policy_0": -405.0
        },
        "policy_reward_max": {
            "policy_1": -28.0,
            "policy_2": -27.0,
            "policy_0": -9.0
        },
        "policy_reward_mean": {
            "policy_1": -156.69,
            "policy_2": -190.81,
            "policy_0": -105.32
        },
        "custom_metrics": {},
        "hist_stats": {
            "episode_reward": [
                -381.0,
                -446.0,
                -362.0,
                -553.0,
                -356.0,
                -406.0,
                -447.0,
                -568.0,
                -401.0,
                -320.0,
                -281.0,
                -368.0,
                -443.0,
                -476.0,
                -566.0,
                -353.0,
                -584.0,
                -490.0,
                -462.0,
                -325.0,
                -396.0,
                -600.0,
                -527.0,
                -369.0,
                -452.0,
                -606.0,
                -365.0,
                -547.0,
                -307.0,
                -401.0,
                -383.0,
                -488.0,
                -499.0,
                -437.0,
                -373.0,
                -482.0,
                -337.0,
                -514.0,
                -503.0,
                -261.0,
                -496.0,
                -595.0,
                -392.0,
                -484.0,
                -431.0,
                -331.0,
                -487.0,
                -453.0,
                -464.0,
                -482.0,
                -311.0,
                -472.0,
                -518.0,
                -389.0,
                -429.0,
                -406.0,
                -419.0,
                -545.0,
                -408.0,
                -546.0,
                -429.0,
                -586.0,
                -317.0,
                -628.0,
                -524.0,
                -482.0,
                -318.0,
                -445.0,
                -537.0,
                -436.0,
                -275.0,
                -414.0,
                -466.0,
                -439.0,
                -578.0,
                -283.0,
                -513.0,
                -563.0,
                -396.0,
                -490.0,
                -401.0,
                -373.0,
                -570.0,
                -529.0,
                -493.0,
                -669.0,
                -558.0,
                -485.0,
                -434.0,
                -434.0,
                -362.0,
                -515.0,
                -532.0,
                -363.0,
                -559.0,
                -469.0,
                -475.0,
                -519.0,
                -551.0,
                -379.0
            ],