{
    "custom_metrics": {},
    "episode_media": {},
    "info": {
        "learner": {
            "policy_1": {
                "learner_stats": {
                    "allreduce_latency": 0.0,
                    "grad_gnorm": 1.3130284547805786,
                    "cur_kl_coeff": 0.09999999999999998,
                    "cur_lr": 5e-05,
                    "total_loss": 8.858266159982392,
                    "policy_loss": -0.0897966849720185,
                    "vf_loss": 9.738123786810673,
                    "vf_explained_var": 0.0009120617852066503,
                    "kl": 0.014158116748617926,
                    "entropy": 1.5829535722732544,
                    "entropy_coeff": 0.5
                },
                "model": {},
                "custom_metrics": {},
                "num_agent_steps_trained": 121.18181818181819,
                "num_grad_updates_lifetime": 196515.5,
                "diff_num_grad_updates_vs_sampler_policy": 164.5
            },
            "policy_2": {
                "learner_stats": {
                    "allreduce_latency": 0.0,
                    "grad_gnorm": 1.1294548511505127,
                    "cur_kl_coeff": 0.04999999999999999,
                    "cur_lr": 5e-05,
                    "total_loss": 8.030140381148367,
                    "policy_loss": -0.07039231281783996,
                    "vf_loss": 9.736392943064372,
                    "vf_explained_var": -1.8679734432336056e-06,
                    "kl": 0.010326943806728111,
                    "entropy": 1.636376641735886,
                    "entropy_coeff": 1.0
                },
                "model": {},
                "custom_metrics": {},
                "num_agent_steps_trained": 120.18181818181819,
                "num_grad_updates_lifetime": 196515.5,
                "diff_num_grad_updates_vs_sampler_policy": 164.5
            },
            "policy_0": {
                "learner_stats": {
                    "allreduce_latency": 0.0,
                    "grad_gnorm": 4.289176940917969,
                    "cur_kl_coeff": 0.19999999999999996,
                    "cur_lr": 5e-05,
                    "total_loss": 8.017860036907773,
                    "policy_loss": -0.07969567859298408,
                    "vf_loss": 8.21039836912444,
                    "vf_explained_var": 0.006868502226742831,
                    "kl": 0.013124653209571548,
                    "entropy": 1.1546761254469553,
                    "entropy_coeff": 0.09999999999999998
                },
                "model": {},
                "custom_metrics": {},
                "num_agent_steps_trained": 122.27272727272727,
                "num_grad_updates_lifetime": 196515.5,
                "diff_num_grad_updates_vs_sampler_policy": 164.5
            }
        },
        "num_env_steps_sampled": 2384000,
        "num_env_steps_trained": 2384000,
        "num_agent_steps_sampled": 2383998,
        "num_agent_steps_trained": 2383998
    },
    "env_runners": {
        "episode_reward_max": -216.0,
        "episode_reward_min": -637.0,
        "episode_reward_mean": -439.35,
        "episode_len_mean": 149.5,
        "episode_media": {},
        "episodes_timesteps_total": 14950,
        "policy_reward_min": {
            "policy_2": -450.0,
            "policy_0": -360.0,
            "policy_1": -445.0
        },
        "policy_reward_max": {
            "policy_2": -18.0,
            "policy_0": 0.0,
            "policy_1": -17.0
        },
        "policy_reward_mean": {
            "policy_2": -184.62,
            "policy_0": -87.32,
            "policy_1": -167.41
        },
        "custom_metrics": {},
        "hist_stats": {
            "episode_reward": [
                -420.0,
                -527.0,
                -521.0,
                -406.0,
                -382.0,
                -482.0,
                -490.0,
                -482.0,
                -338.0,
                -455.0,
                -513.0,
                -258.0,
                -635.0,
                -366.0,
                -527.0,
                -526.0,
                -420.0,
                -449.0,
                -500.0,
                -395.0,
                -436.0,
                -573.0,
                -421.0,
                -489.0,
                -389.0,
                -604.0,
                -579.0,
                -395.0,
                -412.0,
                -491.0,
                -318.0,
                -361.0,
                -383.0,
                -390.0,
                -443.0,
                -383.0,
                -235.0,
                -393.0,
                -485.0,
                -395.0,
                -506.0,
                -481.0,
                -354.0,
                -380.0,
                -408.0,
                -536.0,
                -442.0,
                -403.0,
                -416.0,
                -372.0,
                -507.0,
                -495.0,
                -480.0,
                -500.0,
                -319.0,
                -406.0,
                -528.0,
                -571.0,
                -418.0,
                -451.0,
                -359.0,
                -477.0,
                -287.0,
                -400.0,
                -485.0,
                -294.0,
                -497.0,
                -546.0,
                -484.0,
                -533.0,
                -338.0,
                -358.0,
                -275.0,
                -483.0,
                -533.0,
                -344.0,
                -472.0,
                -379.0,
                -616.0,
                -504.0,
                -380.0,
                -318.0,
                -460.0,
                -584.0,
                -479.0,
                -521.0,
                -216.0,
                -406.0,
                -344.0,
                -249.0,
                -467.0,
                -526.0,
                -354.0,
                -375.0,
                -420.0,
                -389.0,
                -637.0,
                -557.0,
                -374.0,
                -575.0
            ],