{
    "custom_metrics": {},
    "episode_media": {},
    "info": {
        "learner": {
            "policy_1": {
                "learner_stats": {
                    "allreduce_latency": 0.0,
                    "grad_gnorm": 1.2746753692626953,
                    "cur_kl_coeff": 0.09999999999999998,
                    "cur_lr": 5e-05,
                    "total_loss": 9.039495462359804,
                    "policy_loss": -0.09754470309637712,
                    "vf_loss": 9.918300706690008,
                    "vf_explained_var": 0.00019457177682356402,
                    "kl": 0.015299758159739201,
                    "entropy": 1.5655811429023743,
                    "entropy_coeff": 0.5
                },
                "model": {},
                "custom_metrics": {},
                "num_agent_steps_trained": 121.0,
                "num_grad_updates_lifetime": 246015.5,
                "diff_num_grad_updates_vs_sampler_policy": 164.5
            },
            "policy_2": {
                "learner_stats": {
                    "allreduce_latency": 0.0,
                    "grad_gnorm": 1.1724259853363037,
                    "cur_kl_coeff": 0.04999999999999999,
                    "cur_lr": 5e-05,
                    "total_loss": 8.22780306411512,
                    "policy_loss": -0.070637875953407,
                    "vf_loss": 9.915547550085819,
                    "vf_explained_var": -6.760972918886127e-06,
                    "kl": 0.011225050289331665,
                    "entropy": 1.6176678390213937,
                    "entropy_coeff": 1.0
                },
                "model": {},
                "custom_metrics": {},
                "num_agent_steps_trained": 120.36363636363636,
                "num_grad_updates_lifetime": 246015.5,
                "diff_num_grad_updates_vs_sampler_policy": 164.5
            },
            "policy_0": {
                "learner_stats": {
                    "allreduce_latency": 0.0,
                    "grad_gnorm": 3.3173344135284424,
                    "cur_kl_coeff": 0.19999999999999996,
                    "cur_lr": 5e-05,
                    "total_loss": 8.393542783910577,
                    "policy_loss": -0.09885246150167376,
                    "vf_loss": 8.611461265159376,
                    "vf_explained_var": 0.03894804228435863,
                    "kl": 0.01562116216125459,
                    "entropy": 1.2219023139187783,
                    "entropy_coeff": 0.09999999999999998
                },
                "model": {},
                "custom_metrics": {},
                "num_agent_steps_trained": 122.18181818181819,
                "num_grad_updates_lifetime": 246015.5,
                "diff_num_grad_updates_vs_sampler_policy": 164.5
            }
        },
        "num_env_steps_sampled": 2984000,
        "num_env_steps_trained": 2984000,
        "num_agent_steps_sampled": 2983998,
        "num_agent_steps_trained": 2983998
    },
    "env_runners": {
        "episode_reward_max": -224.0,
        "episode_reward_min": -603.0,
        "episode_reward_mean": -445.94,
        "episode_len_mean": 157.66,
        "episode_media": {},
        "episodes_timesteps_total": 15766,
        "policy_reward_min": {
            "policy_1": -390.0,
            "policy_2": -420.0,
            "policy_0": -335.0
        },
        "policy_reward_max": {
            "policy_1": -9.0,
            "policy_2": -46.0,
            "policy_0": -6.0
        },
        "policy_reward_mean": {
            "policy_1": -143.52,
            "policy_2": -211.59,
            "policy_0": -90.83
        },
        "custom_metrics": {},
        "hist_stats": {
            "episode_reward": [
                -277.0,
                -597.0,
                -407.0,
                -462.0,
                -490.0,
                -499.0,
                -321.0,
                -579.0,
                -456.0,
                -404.0,
                -481.0,
                -439.0,
                -403.0,
                -582.0,
                -512.0,
                -453.0,
                -224.0,
                -495.0,
                -463.0,
                -498.0,
                -454.0,
                -473.0,
                -344.0,
                -382.0,
                -416.0,
                -472.0,
                -316.0,
                -545.0,
                -403.0,
                -365.0,
                -465.0,
                -578.0,
                -398.0,
                -546.0,
                -474.0,
                -461.0,
                -287.0,
                -336.0,
                -401.0,
                -409.0,
                -581.0,
                -477.0,
                -326.0,
                -474.0,
                -514.0,
                -496.0,
                -400.0,
                -374.0,
                -444.0,
                -324.0,
                -543.0,
                -372.0,
                -466.0,
                -494.0,
                -365.0,
                -498.0,
                -397.0,
                -338.0,
                -459.0,
                -303.0,
                -520.0,
                -459.0,
                -603.0,
                -593.0,
                -553.0,
                -458.0,
                -390.0,
                -529.0,
                -522.0,
                -516.0,
                -467.0,
                -456.0,
                -473.0,
                -397.0,
                -462.0,
                -391.0,
                -348.0,
                -277.0,
                -433.0,
                -419.0,
                -555.0,
                -538.0,
                -454.0,
                -531.0,
                -347.0,
                -314.0,
                -480.0,
                -481.0,
                -523.0,
                -514.0,
                -478.0,
                -299.0,
                -457.0,
                -593.0,
                -408.0,
                -359.0,
                -339.0,
                -464.0,
                -555.0,
                -427.0
            ],