{
    "custom_metrics": {},
    "episode_media": {},
    "info": {
        "learner": {
            "policy_1": {
                "learner_stats": {
                    "allreduce_latency": 0.0,
                    "grad_gnorm": 1.1810071468353271,
                    "cur_kl_coeff": 0.09999999999999998,
                    "cur_lr": 5e-05,
                    "total_loss": 8.806967348040956,
                    "policy_loss": -0.07796910289731442,
                    "vf_loss": 9.686621845129764,
                    "vf_explained_var": -1.708666483561198e-07,
                    "kl": 0.012941103911896335,
                    "entropy": 1.6059590939319495,
                    "entropy_coeff": 0.5
                },
                "model": {},
                "custom_metrics": {},
                "num_agent_steps_trained": 121.36363636363636,
                "num_grad_updates_lifetime": 79365.5,
                "diff_num_grad_updates_vs_sampler_policy": 164.5
            },
            "policy_2": {
                "learner_stats": {
                    "allreduce_latency": 0.0,
                    "grad_gnorm": 1.0661802291870117,
                    "cur_kl_coeff": 0.04999999999999999,
                    "cur_lr": 5e-05,
                    "total_loss": 7.97318844795227,
                    "policy_loss": -0.07268013297721292,
                    "vf_loss": 9.670969226143576,
                    "vf_explained_var": 2.8926314729632754e-06,
                    "kl": 0.008614676629025283,
                    "entropy": 1.6255314375414993,
                    "entropy_coeff": 1.0
                },
                "model": {},
                "custom_metrics": {},
                "num_agent_steps_trained": 120.54545454545455,
                "num_grad_updates_lifetime": 79365.5,
                "diff_num_grad_updates_vs_sampler_policy": 164.5
            },
            "policy_0": {
                "learner_stats": {
                    "allreduce_latency": 0.0,
                    "grad_gnorm": 2.8769915103912354,
                    "cur_kl_coeff": 0.19999999999999996,
                    "cur_lr": 5e-05,
                    "total_loss": 9.253128441897305,
                    "policy_loss": -0.09367844097767815,
                    "vf_loss": 9.475710993102103,
                    "vf_explained_var": -0.006884225390174172,
                    "kl": 0.01361450950344103,
                    "entropy": 1.316270163564971,
                    "entropy_coeff": 0.09999999999999998
                },
                "model": {},
                "custom_metrics": {},
                "num_agent_steps_trained": 121.72727272727273,
                "num_grad_updates_lifetime": 79365.5,
                "diff_num_grad_updates_vs_sampler_policy": 164.5
            }
        },
        "num_env_steps_sampled": 964000,
        "num_env_steps_trained": 964000,
        "num_agent_steps_sampled": 963998,
        "num_agent_steps_trained": 963998
    },
    "env_runners": {
        "episode_reward_max": -256.0,
        "episode_reward_min": -638.0,
        "episode_reward_mean": -442.33,
        "episode_len_mean": 149.92,
        "episode_media": {},
        "episodes_timesteps_total": 14992,
        "policy_reward_min": {
            "policy_0": -425.0,
            "policy_1": -465.0,
            "policy_2": -415.0
        },
        "policy_reward_max": {
            "policy_0": -13.0,
            "policy_1": -30.0,
            "policy_2": -22.0
        },
        "policy_reward_mean": {
            "policy_0": -119.25,
            "policy_1": -144.18,
            "policy_2": -178.9
        },
        "custom_metrics": {},
        "hist_stats": {
            "episode_reward": [
                -496.0,
                -365.0,
                -528.0,
                -428.0,
                -300.0,
                -543.0,
                -541.0,
                -346.0,
                -445.0,
                -337.0,
                -392.0,
                -457.0,
                -560.0,
                -561.0,
                -497.0,
                -384.0,
                -521.0,
                -390.0,
                -635.0,
                -413.0,
                -407.0,
                -437.0,
                -265.0,
                -515.0,
                -319.0,
                -502.0,
                -436.0,
                -256.0,
                -370.0,
                -456.0,
                -380.0,
                -481.0,
                -325.0,
                -537.0,
                -528.0,
                -404.0,
                -508.0,
                -491.0,
                -361.0,
                -612.0,
                -571.0,
                -542.0,
                -415.0,
                -455.0,
                -426.0,
                -483.0,
                -422.0,
                -384.0,
                -487.0,
                -502.0,
                -435.0,
                -406.0,
                -413.0,
                -486.0,
                -323.0,
                -462.0,
                -638.0,
                -312.0,
                -512.0,
                -387.0,
                -446.0,
                -533.0,
                -408.0,
                -289.0,
                -390.0,
                -543.0,
                -390.0,
                -533.0,
                -457.0,
                -312.0,
                -563.0,
                -527.0,
                -367.0,
                -412.0,
                -504.0,
                -396.0,
                -539.0,
                -473.0,
                -431.0,
                -387.0,
                -343.0,
                -470.0,
                -380.0,
                -526.0,
                -504.0,
                -361.0,
                -443.0,
                -441.0,
                -414.0,
                -571.0,
                -418.0,
                -433.0,
                -465.0,
                -256.0,
                -555.0,
                -355.0,
                -389.0,
                -416.0,
                -427.0,
                -376.0
            ],