{
    "custom_metrics": {},
    "episode_media": {},
    "info": {
        "learner": {
            "policy_1": {
                "learner_stats": {
                    "allreduce_latency": 0.0,
                    "grad_gnorm": 1.0342916250228882,
                    "cur_kl_coeff": 0.09999999999999998,
                    "cur_lr": 5e-05,
                    "total_loss": 8.926267173073509,
                    "policy_loss": -0.07702608745770924,
                    "vf_loss": 9.804159632596102,
                    "vf_explained_var": 2.1869486028497867e-06,
                    "kl": 0.012074692034932557,
                    "entropy": 1.6041476582035874,
                    "entropy_coeff": 0.5
                },
                "model": {},
                "custom_metrics": {},
                "num_agent_steps_trained": 121.9090909090909,
                "num_grad_updates_lifetime": 72765.5,
                "diff_num_grad_updates_vs_sampler_policy": 164.5
            },
            "policy_2": {
                "learner_stats": {
                    "allreduce_latency": 0.0,
                    "grad_gnorm": 1.0662932395935059,
                    "cur_kl_coeff": 0.04999999999999999,
                    "cur_lr": 5e-05,
                    "total_loss": 8.11631185502717,
                    "policy_loss": -0.06053279553765826,
                    "vf_loss": 9.811526723341508,
                    "vf_explained_var": -6.160952828147194e-07,
                    "kl": 0.00909944196284596,
                    "entropy": 1.6351370778950778,
                    "entropy_coeff": 1.0
                },
                "model": {},
                "custom_metrics": {},
                "num_agent_steps_trained": 120.45454545454545,
                "num_grad_updates_lifetime": 72765.5,
                "diff_num_grad_updates_vs_sampler_policy": 164.5
            },
            "policy_0": {
                "learner_stats": {
                    "allreduce_latency": 0.0,
                    "grad_gnorm": 2.327821731567383,
                    "cur_kl_coeff": 0.19999999999999996,
                    "cur_lr": 5e-05,
                    "total_loss": 9.146959408846769,
                    "policy_loss": -0.0873013501803419,
                    "vf_loss": 9.365232771093195,
                    "vf_explained_var": 0.04550258535327333,
                    "kl": 0.014815983213678306,
                    "entropy": 1.3393521825472514,
                    "entropy_coeff": 0.09999999999999998
                },
                "model": {},
                "custom_metrics": {},
                "num_agent_steps_trained": 121.27272727272727,
                "num_grad_updates_lifetime": 72765.5,
                "diff_num_grad_updates_vs_sampler_policy": 164.5
            }
        },
        "num_env_steps_sampled": 884000,
        "num_env_steps_trained": 884000,
        "num_agent_steps_sampled": 883998,
        "num_agent_steps_trained": 883998
    },
    "env_runners": {
        "episode_reward_max": -279.0,
        "episode_reward_min": -641.0,
        "episode_reward_mean": -442.6,
        "episode_len_mean": 146.92,
        "episode_media": {},
        "episodes_timesteps_total": 14692,
        "policy_reward_min": {
            "policy_2": -405.0,
            "policy_0": -330.0,
            "policy_1": -405.0
        },
        "policy_reward_max": {
            "policy_2": -30.0,
            "policy_0": -12.0,
            "policy_1": -24.0
        },
        "policy_reward_mean": {
            "policy_2": -213.2,
            "policy_0": -108.19,
            "policy_1": -121.21
        },
        "custom_metrics": {},
        "hist_stats": {
            "episode_reward": [
                -356.0,
                -391.0,
                -551.0,
                -406.0,
                -327.0,
                -422.0,
                -394.0,
                -352.0,
                -341.0,
                -490.0,
                -466.0,
                -482.0,
                -343.0,
                -330.0,
                -397.0,
                -419.0,
                -554.0,
                -471.0,
                -531.0,
                -394.0,
                -492.0,
                -444.0,
                -387.0,
                -416.0,
                -387.0,
                -506.0,
                -471.0,
                -619.0,
                -384.0,
                -540.0,
                -299.0,
                -502.0,
                -457.0,
                -413.0,
                -521.0,
                -438.0,
                -462.0,
                -355.0,
                -446.0,
                -422.0,
                -414.0,
                -523.0,
                -397.0,
                -307.0,
                -417.0,
                -480.0,
                -525.0,
                -575.0,
                -372.0,
                -500.0,
                -377.0,
                -516.0,
                -505.0,
                -461.0,
                -496.0,
                -474.0,
                -404.0,
                -279.0,
                -386.0,
                -433.0,
                -568.0,
                -469.0,
                -382.0,
                -558.0,
                -485.0,
                -475.0,
                -388.0,
                -472.0,
                -489.0,
                -429.0,
                -641.0,
                -445.0,
                -360.0,
                -418.0,
                -362.0,
                -551.0,
                -404.0,
                -488.0,
                -370.0,
                -473.0,
                -371.0,
                -477.0,
                -528.0,
                -424.0,
                -481.0,
                -559.0,
                -582.0,
                -492.0,
                -399.0,
                -490.0,
                -399.0,
                -315.0,
                -394.0,
                -348.0,
                -519.0,
                -330.0,
                -442.0,
                -513.0,
                -448.0,
                -303.0
            ],