{
    "custom_metrics": {},
    "episode_media": {},
    "info": {
        "learner": {
            "policy_1": {
                "learner_stats": {
                    "allreduce_latency": 0.0,
                    "grad_gnorm": 1.1708837747573853,
                    "cur_kl_coeff": 0.09999999999999998,
                    "cur_lr": 5e-05,
                    "total_loss": 8.74652617483428,
                    "policy_loss": -0.08360987656792118,
                    "vf_loss": 9.628757309191155,
                    "vf_explained_var": -1.9868214925130207e-08,
                    "kl": 0.012604165432267772,
                    "entropy": 1.5997634465044195,
                    "entropy_coeff": 0.5
                },
                "model": {},
                "custom_metrics": {},
                "num_agent_steps_trained": 122.0,
                "num_grad_updates_lifetime": 87615.5,
                "diff_num_grad_updates_vs_sampler_policy": 164.5
            },
            "policy_2": {
                "learner_stats": {
                    "allreduce_latency": 0.0,
                    "grad_gnorm": 1.068577527999878,
                    "cur_kl_coeff": 0.04999999999999999,
                    "cur_lr": 5e-05,
                    "total_loss": 7.931419113910559,
                    "policy_loss": -0.06576423883212335,
                    "vf_loss": 9.6324719024427,
                    "vf_explained_var": -9.11329731796727e-05,
                    "kl": 0.007243031129537609,
                    "entropy": 1.6356506878679449,
                    "entropy_coeff": 1.0
                },
                "model": {},
                "custom_metrics": {},
                "num_agent_steps_trained": 120.36363636363636,
                "num_grad_updates_lifetime": 87615.5,
                "diff_num_grad_updates_vs_sampler_policy": 164.5
            },
            "policy_0": {
                "learner_stats": {
                    "allreduce_latency": 0.0,
                    "grad_gnorm": 5.230474472045898,
                    "cur_kl_coeff": 0.19999999999999996,
                    "cur_lr": 5e-05,
                    "total_loss": 8.387997530445908,
                    "policy_loss": -0.09700457089524152,
                    "vf_loss": 8.61523704962297,
                    "vf_explained_var": -0.02165996161374179,
                    "kl": 0.014267558907829563,
                    "entropy": 1.3308847416530956,
                    "entropy_coeff": 0.09999999999999998
                },
                "model": {},
                "custom_metrics": {},
                "num_agent_steps_trained": 121.27272727272727,
                "num_grad_updates_lifetime": 87615.5,
                "diff_num_grad_updates_vs_sampler_policy": 164.5
            }
        },
        "num_env_steps_sampled": 1064000,
        "num_env_steps_trained": 1064000,
        "num_agent_steps_sampled": 1063998,
        "num_agent_steps_trained": 1063998
    },
    "env_runners": {
        "episode_reward_max": -223.0,
        "episode_reward_min": -717.0,
        "episode_reward_mean": -450.01,
        "episode_len_mean": 147.58,
        "episode_media": {},
        "episodes_timesteps_total": 14758,
        "policy_reward_min": {
            "policy_2": -470.0,
            "policy_0": -370.0,
            "policy_1": -390.0
        },
        "policy_reward_max": {
            "policy_2": 5.0,
            "policy_0": -12.0,
            "policy_1": -14.0
        },
        "policy_reward_mean": {
            "policy_2": -202.99,
            "policy_0": -111.3,
            "policy_1": -135.72
        },
        "custom_metrics": {},
        "hist_stats": {
            "episode_reward": [
                -336.0,
                -370.0,
                -462.0,
                -490.0,
                -615.0,
                -614.0,
                -489.0,
                -223.0,
                -426.0,
                -417.0,
                -397.0,
                -371.0,
                -439.0,
                -436.0,
                -528.0,
                -518.0,
                -370.0,
                -442.0,
                -408.0,
                -447.0,
                -393.0,
                -415.0,
                -524.0,
                -358.0,
                -286.0,
                -457.0,
                -555.0,
                -467.0,
                -393.0,
                -464.0,
                -495.0,
                -312.0,
                -411.0,
                -559.0,
                -556.0,
                -450.0,
                -348.0,
                -412.0,
                -536.0,
                -362.0,
                -431.0,
                -309.0,
                -495.0,
                -442.0,
                -568.0,
                -604.0,
                -448.0,
                -580.0,
                -417.0,
                -551.0,
                -438.0,
                -344.0,
                -393.0,
                -380.0,
                -542.0,
                -465.0,
                -550.0,
                -548.0,
                -488.0,
                -402.0,
                -286.0,
                -520.0,
                -482.0,
                -371.0,
                -507.0,
                -459.0,
                -570.0,
                -461.0,
                -503.0,
                -324.0,
                -386.0,
                -455.0,
                -630.0,
                -523.0,
                -418.0,
                -491.0,
                -458.0,
                -421.0,
                -410.0,
                -429.0,
                -510.0,
                -500.0,
                -432.0,
                -415.0,
                -430.0,
                -496.0,
                -411.0,
                -481.0,
                -588.0,
                -400.0,
                -391.0,
                -717.0,
                -385.0,
                -468.0,
                -385.0,
                -418.0,
                -450.0,
                -318.0,
                -440.0,
                -316.0
            ],