{
    "custom_metrics": {},
    "episode_media": {},
    "info": {
        "learner": {
            "policy_1": {
                "learner_stats": {
                    "allreduce_latency": 0.0,
                    "grad_gnorm": 0.9538227319717407,
                    "cur_kl_coeff": 0.09999999999999998,
                    "cur_lr": 5e-05,
                    "total_loss": 8.929112255212033,
                    "policy_loss": -0.05546052884874922,
                    "vf_loss": 9.792376891049472,
                    "vf_explained_var": 1.2004014217492307e-06,
                    "kl": 0.00837522654432193,
                    "entropy": 1.617283242037802,
                    "entropy_coeff": 0.5
                },
                "model": {},
                "custom_metrics": {},
                "num_agent_steps_trained": 121.27272727272727,
                "num_grad_updates_lifetime": 10065.5,
                "diff_num_grad_updates_vs_sampler_policy": 164.5
            },
            "policy_2": {
                "learner_stats": {
                    "allreduce_latency": 0.0,
                    "grad_gnorm": 0.8781691193580627,
                    "cur_kl_coeff": 0.04999999999999999,
                    "cur_lr": 5e-05,
                    "total_loss": 8.093762004736698,
                    "policy_loss": -0.05246447911203811,
                    "vf_loss": 9.782269847754277,
                    "vf_explained_var": -5.582968393961589e-07,
                    "kl": 0.009626600102999903,
                    "entropy": 1.6365247311014117,
                    "entropy_coeff": 1.0
                },
                "model": {},
                "custom_metrics": {},
                "num_agent_steps_trained": 121.0909090909091,
                "num_grad_updates_lifetime": 10065.5,
                "diff_num_grad_updates_vs_sampler_policy": 164.5
            },
            "policy_0": {
                "learner_stats": {
                    "allreduce_latency": 0.0,
                    "grad_gnorm": 1.0416748523712158,
                    "cur_kl_coeff": 0.19999999999999996,
                    "cur_lr": 5e-05,
                    "total_loss": 9.569283202200225,
                    "policy_loss": -0.06425883734429425,
                    "vf_loss": 9.781057106364857,
                    "vf_explained_var": 3.1951702002323034e-07,
                    "kl": 0.009386038254888736,
                    "entropy": 1.493923630136432,
                    "entropy_coeff": 0.09999999999999998
                },
                "model": {},
                "custom_metrics": {},
                "num_agent_steps_trained": 121.27272727272727,
                "num_grad_updates_lifetime": 10065.5,
                "diff_num_grad_updates_vs_sampler_policy": 164.5
            }
        },
        "num_env_steps_sampled": 124000,
        "num_env_steps_trained": 124000,
        "num_agent_steps_sampled": 123998,
        "num_agent_steps_trained": 123998
    },
    "env_runners": {
        "episode_reward_max": -281.0,
        "episode_reward_min": -695.0,
        "episode_reward_mean": -469.06,
        "episode_len_mean": 147.48,
        "episode_media": {},
        "episodes_timesteps_total": 14748,
        "policy_reward_min": {
            "policy_2": -435.0,
            "policy_0": -390.0,
            "policy_1": -385.0
        },
        "policy_reward_max": {
            "policy_2": -30.0,
            "policy_0": -24.0,
            "policy_1": -14.0
        },
        "policy_reward_mean": {
            "policy_2": -197.36,
            "policy_0": -124.64,
            "policy_1": -147.06
        },
        "custom_metrics": {},
        "hist_stats": {
            "episode_reward": [
                -487.0,
                -495.0,
                -519.0,
                -364.0,
                -540.0,
                -322.0,
                -528.0,
                -429.0,
                -417.0,
                -472.0,
                -486.0,
                -561.0,
                -305.0,
                -395.0,
                -414.0,
                -484.0,
                -419.0,
                -385.0,
                -463.0,
                -545.0,
                -373.0,
                -363.0,
                -457.0,
                -337.0,
                -367.0,
                -364.0,
                -380.0,
                -556.0,
                -566.0,
                -452.0,
                -433.0,
                -518.0,
                -558.0,
                -487.0,
                -511.0,
                -349.0,
                -511.0,
                -415.0,
                -670.0,
                -572.0,
                -695.0,
                -486.0,
                -529.0,
                -488.0,
                -494.0,
                -382.0,
                -608.0,
                -459.0,
                -524.0,
                -366.0,
                -467.0,
                -394.0,
                -539.0,
                -507.0,
                -394.0,
                -483.0,
                -460.0,
                -475.0,
                -431.0,
                -519.0,
                -506.0,
                -501.0,
                -484.0,
                -432.0,
                -583.0,
                -327.0,
                -281.0,
                -510.0,
                -350.0,
                -584.0,
                -559.0,
                -445.0,
                -485.0,
                -451.0,
                -568.0,
                -456.0,
                -477.0,
                -496.0,
                -443.0,
                -472.0,
                -473.0,
                -357.0,
                -461.0,
                -422.0,
                -477.0,
                -585.0,
                -562.0,
                -417.0,
                -436.0,
                -395.0,
                -615.0,
                -459.0,
                -312.0,
                -483.0,
                -580.0,
                -473.0,
                -592.0,
                -528.0,
                -510.0,
                -390.0
            ],