{
    "custom_metrics": {},
    "episode_media": {},
    "info": {
        "learner": {
            "policy_1": {
                "learner_stats": {
                    "allreduce_latency": 0.0,
                    "grad_gnorm": 1.2825596332550049,
                    "cur_kl_coeff": 0.09999999999999998,
                    "cur_lr": 5e-05,
                    "total_loss": 8.996601364829324,
                    "policy_loss": -0.09212373292327604,
                    "vf_loss": 9.881162998893045,
                    "vf_explained_var": 0.00010463234150048459,
                    "kl": 0.013363938936386346,
                    "entropy": 1.587548670985482,
                    "entropy_coeff": 0.5
                },
                "model": {},
                "custom_metrics": {},
                "num_agent_steps_trained": 121.9090909090909,
                "num_grad_updates_lifetime": 285615.5,
                "diff_num_grad_updates_vs_sampler_policy": 164.5
            },
            "policy_2": {
                "learner_stats": {
                    "allreduce_latency": 0.0,
                    "grad_gnorm": 1.22910737991333,
                    "cur_kl_coeff": 0.04999999999999999,
                    "cur_lr": 5e-05,
                    "total_loss": 8.16188801129659,
                    "policy_loss": -0.08109899593347852,
                    "vf_loss": 9.869886363636363,
                    "vf_explained_var": -2.8086431098706797e-06,
                    "kl": 0.011761451265779047,
                    "entropy": 1.627487430789254,
                    "entropy_coeff": 1.0
                },
                "model": {},
                "custom_metrics": {},
                "num_agent_steps_trained": 120.0,
                "num_grad_updates_lifetime": 285615.5,
                "diff_num_grad_updates_vs_sampler_policy": 164.5
            },
            "policy_0": {
                "learner_stats": {
                    "allreduce_latency": 0.0,
                    "grad_gnorm": 2.656099557876587,
                    "cur_kl_coeff": 0.19999999999999996,
                    "cur_lr": 5e-05,
                    "total_loss": 8.801535753770308,
                    "policy_loss": -0.10079023170136762,
                    "vf_loss": 9.009545655684038,
                    "vf_explained_var": 0.008950324853261311,
                    "kl": 0.014222797487155511,
                    "entropy": 1.100642059246699,
                    "entropy_coeff": 0.09999999999999998
                },
                "model": {},
                "custom_metrics": {},
                "num_agent_steps_trained": 121.72727272727273,
                "num_grad_updates_lifetime": 285615.5,
                "diff_num_grad_updates_vs_sampler_policy": 164.5
            }
        },
        "num_env_steps_sampled": 3464000,
        "num_env_steps_trained": 3464000,
        "num_agent_steps_sampled": 3463998,
        "num_agent_steps_trained": 3463998
    },
    "env_runners": {
        "episode_reward_max": -138.0,
        "episode_reward_min": -691.0,
        "episode_reward_mean": -439.4,
        "episode_len_mean": 147.3,
        "episode_media": {},
        "episodes_timesteps_total": 14730,
        "policy_reward_min": {
            "policy_0": -400.0,
            "policy_1": -380.0,
            "policy_2": -445.0
        },
        "policy_reward_max": {
            "policy_0": -6.0,
            "policy_1": -17.0,
            "policy_2": -25.0
        },
        "policy_reward_mean": {
            "policy_0": -90.99,
            "policy_1": -135.91,
            "policy_2": -212.5
        },
        "custom_metrics": {},
        "hist_stats": {
            "episode_reward": [
                -551.0,
                -333.0,
                -472.0,
                -473.0,
                -499.0,
                -526.0,
                -525.0,
                -415.0,
                -379.0,
                -445.0,
                -393.0,
                -513.0,
                -507.0,
                -571.0,
                -470.0,
                -519.0,
                -383.0,
                -473.0,
                -405.0,
                -536.0,
                -474.0,
                -424.0,
                -419.0,
                -417.0,
                -565.0,
                -691.0,
                -462.0,
                -320.0,
                -359.0,
                -415.0,
                -520.0,
                -477.0,
                -464.0,
                -319.0,
                -511.0,
                -317.0,
                -420.0,
                -458.0,
                -539.0,
                -375.0,
                -645.0,
                -433.0,
                -383.0,
                -529.0,
                -257.0,
                -370.0,
                -526.0,
                -515.0,
                -313.0,
                -468.0,
                -414.0,
                -522.0,
                -376.0,
                -454.0,
                -395.0,
                -510.0,
                -449.0,
                -381.0,
                -557.0,
                -532.0,
                -440.0,
                -393.0,
                -594.0,
                -138.0,
                -445.0,
                -490.0,
                -326.0,
                -401.0,
                -441.0,
                -364.0,
                -392.0,
                -331.0,
                -343.0,
                -377.0,
                -511.0,
                -481.0,
                -415.0,
                -539.0,
                -367.0,
                -468.0,
                -317.0,
                -293.0,
                -365.0,
                -438.0,
                -382.0,
                -383.0,
                -542.0,
                -466.0,
                -458.0,
                -331.0,
                -479.0,
                -342.0,
                -511.0,
                -367.0,
                -425.0,
                -521.0,
                -563.0,
                -402.0,
                -375.0,
                -361.0
            ],