{
    "custom_metrics": {},
    "episode_media": {},
    "info": {
        "learner": {
            "policy_1": {
                "learner_stats": {
                    "allreduce_latency": 0.0,
                    "grad_gnorm": 1.3134018182754517,
                    "cur_kl_coeff": 0.09999999999999998,
                    "cur_lr": 5e-05,
                    "total_loss": 8.917541839137222,
                    "policy_loss": -0.08855064986555865,
                    "vf_loss": 9.791421968286688,
                    "vf_explained_var": 2.3167783563787287e-05,
                    "kl": 0.012764115813334136,
                    "entropy": 1.5732120463342378,
                    "entropy_coeff": 0.5
                },
                "model": {},
                "custom_metrics": {},
                "num_agent_steps_trained": 121.63636363636364,
                "num_grad_updates_lifetime": 313665.5,
                "diff_num_grad_updates_vs_sampler_policy": 164.5
            },
            "policy_2": {
                "learner_stats": {
                    "allreduce_latency": 0.0,
                    "grad_gnorm": 1.2027804851531982,
                    "cur_kl_coeff": 0.04999999999999999,
                    "cur_lr": 5e-05,
                    "total_loss": 8.08835244178772,
                    "policy_loss": -0.07981067714704708,
                    "vf_loss": 9.785353553656376,
                    "vf_explained_var": -5.625955986254143e-06,
                    "kl": 0.009877659795754879,
                    "entropy": 1.6176843357808661,
                    "entropy_coeff": 1.0
                },
                "model": {},
                "custom_metrics": {},
                "num_agent_steps_trained": 120.72727272727273,
                "num_grad_updates_lifetime": 313665.5,
                "diff_num_grad_updates_vs_sampler_policy": 164.5
            },
            "policy_0": {
                "learner_stats": {
                    "allreduce_latency": 0.0,
                    "grad_gnorm": 4.622123718261719,
                    "cur_kl_coeff": 0.19999999999999996,
                    "cur_lr": 5e-05,
                    "total_loss": 7.996510369849927,
                    "policy_loss": -0.10748672077827381,
                    "vf_loss": 8.211325833291719,
                    "vf_explained_var": 0.024133896285837345,
                    "kl": 0.015410955459037982,
                    "entropy": 1.1041093676379232,
                    "entropy_coeff": 0.09999999999999998
                },
                "model": {},
                "custom_metrics": {},
                "num_agent_steps_trained": 121.27272727272727,
                "num_grad_updates_lifetime": 313665.5,
                "diff_num_grad_updates_vs_sampler_policy": 164.5
            }
        },
        "num_env_steps_sampled": 3804000,
        "num_env_steps_trained": 3804000,
        "num_agent_steps_sampled": 3803998,
        "num_agent_steps_trained": 3803998
    },
    "env_runners": {
        "episode_reward_max": -216.0,
        "episode_reward_min": -653.0,
        "episode_reward_mean": -450.33,
        "episode_len_mean": 150.92,
        "episode_media": {},
        "episodes_timesteps_total": 15092,
        "policy_reward_min": {
            "policy_0": -325.0,
            "policy_1": -415.0,
            "policy_2": -425.0
        },
        "policy_reward_max": {
            "policy_0": -5.0,
            "policy_1": -19.0,
            "policy_2": -25.0
        },
        "policy_reward_mean": {
            "policy_0": -95.12,
            "policy_1": -136.76,
            "policy_2": -218.45
        },
        "custom_metrics": {},
        "hist_stats": {
            "episode_reward": [
                -448.0,
                -495.0,
                -457.0,
                -454.0,
                -413.0,
                -572.0,
                -473.0,
                -653.0,
                -414.0,
                -494.0,
                -377.0,
                -509.0,
                -468.0,
                -550.0,
                -400.0,
                -535.0,
                -476.0,
                -538.0,
                -481.0,
                -570.0,
                -456.0,
                -372.0,
                -417.0,
                -604.0,
                -369.0,
                -374.0,
                -488.0,
                -503.0,
                -448.0,
                -388.0,
                -388.0,
                -417.0,
                -454.0,
                -216.0,
                -424.0,
                -411.0,
                -571.0,
                -316.0,
                -540.0,
                -394.0,
                -465.0,
                -346.0,
                -274.0,
                -532.0,
                -484.0,
                -553.0,
                -343.0,
                -343.0,
                -589.0,
                -558.0,
                -448.0,
                -464.0,
                -372.0,
                -383.0,
                -416.0,
                -547.0,
                -531.0,
                -408.0,
                -373.0,
                -470.0,
                -310.0,
                -505.0,
                -424.0,
                -413.0,
                -334.0,
                -351.0,
                -570.0,
                -519.0,
                -386.0,
                -444.0,
                -356.0,
                -485.0,
                -377.0,
                -521.0,
                -442.0,
                -389.0,
                -540.0,
                -344.0,
                -421.0,
                -327.0,
                -400.0,
                -617.0,
                -572.0,
                -314.0,
                -545.0,
                -437.0,
                -386.0,
                -372.0,
                -391.0,
                -413.0,
                -552.0,
                -523.0,
                -464.0,
                -523.0,
                -416.0,
                -523.0,
                -540.0,
                -533.0,
                -440.0,
                -388.0
            ],