{
    "custom_metrics": {},
    "episode_media": {},
    "info": {
        "learner": {
            "policy_1": {
                "learner_stats": {
                    "allreduce_latency": 0.0,
                    "grad_gnorm": 1.2415802478790283,
                    "cur_kl_coeff": 0.09999999999999998,
                    "cur_lr": 5e-05,
                    "total_loss": 9.078290052124949,
                    "policy_loss": -0.07928064876263803,
                    "vf_loss": 9.947603994427306,
                    "vf_explained_var": 1.1342944520892519e-07,
                    "kl": 0.010699116311584688,
                    "entropy": 1.582206498854088,
                    "entropy_coeff": 0.5
                },
                "model": {},
                "custom_metrics": {},
                "num_agent_steps_trained": 121.18181818181819,
                "num_grad_updates_lifetime": 81015.5,
                "diff_num_grad_updates_vs_sampler_policy": 164.5
            },
            "policy_2": {
                "learner_stats": {
                    "allreduce_latency": 0.0,
                    "grad_gnorm": 1.068211555480957,
                    "cur_kl_coeff": 0.04999999999999999,
                    "cur_lr": 5e-05,
                    "total_loss": 8.24821332584728,
                    "policy_loss": -0.06715334521070349,
                    "vf_loss": 9.948806820493756,
                    "vf_explained_var": -7.575208490545099e-07,
                    "kl": 0.008748090912400898,
                    "entropy": 1.633877500259515,
                    "entropy_coeff": 1.0
                },
                "model": {},
                "custom_metrics": {},
                "num_agent_steps_trained": 120.9090909090909,
                "num_grad_updates_lifetime": 81015.5,
                "diff_num_grad_updates_vs_sampler_policy": 164.5
            },
            "policy_0": {
                "learner_stats": {
                    "allreduce_latency": 0.0,
                    "grad_gnorm": 4.013879776000977,
                    "cur_kl_coeff": 0.19999999999999996,
                    "cur_lr": 5e-05,
                    "total_loss": 8.935603244376905,
                    "policy_loss": -0.08751851430473229,
                    "vf_loss": 9.157374526515152,
                    "vf_explained_var": 0.01534409017273874,
                    "kl": 0.011994668950466005,
                    "entropy": 1.3665171493183483,
                    "entropy_coeff": 0.09999999999999998
                },
                "model": {},
                "custom_metrics": {},
                "num_agent_steps_trained": 121.54545454545455,
                "num_grad_updates_lifetime": 81015.5,
                "diff_num_grad_updates_vs_sampler_policy": 164.5
            }
        },
        "num_env_steps_sampled": 984000,
        "num_env_steps_trained": 984000,
        "num_agent_steps_sampled": 983998,
        "num_agent_steps_trained": 983998
    },
    "env_runners": {
        "episode_reward_max": -215.0,
        "episode_reward_min": -658.0,
        "episode_reward_mean": -453.27,
        "episode_len_mean": 149.96,
        "episode_media": {},
        "episodes_timesteps_total": 14996,
        "policy_reward_min": {
            "policy_1": -390.0,
            "policy_2": -425.0,
            "policy_0": -395.0
        },
        "policy_reward_max": {
            "policy_1": -13.0,
            "policy_2": -36.0,
            "policy_0": -5.0
        },
        "policy_reward_mean": {
            "policy_1": -141.43,
            "policy_2": -199.27,
            "policy_0": -112.57
        },
        "custom_metrics": {},
        "hist_stats": {
            "episode_reward": [
                -392.0,
                -619.0,
                -436.0,
                -412.0,
                -450.0,
                -387.0,
                -624.0,
                -359.0,
                -422.0,
                -589.0,
                -311.0,
                -503.0,
                -404.0,
                -600.0,
                -431.0,
                -465.0,
                -358.0,
                -366.0,
                -394.0,
                -467.0,
                -279.0,
                -300.0,
                -417.0,
                -287.0,
                -533.0,
                -465.0,
                -353.0,
                -439.0,
                -488.0,
                -358.0,
                -413.0,
                -430.0,
                -442.0,
                -471.0,
                -476.0,
                -467.0,
                -483.0,
                -516.0,
                -504.0,
                -592.0,
                -502.0,
                -372.0,
                -383.0,
                -356.0,
                -550.0,
                -486.0,
                -518.0,
                -547.0,
                -341.0,
                -490.0,
                -521.0,
                -410.0,
                -609.0,
                -506.0,
                -482.0,
                -401.0,
                -402.0,
                -251.0,
                -528.0,
                -539.0,
                -658.0,
                -564.0,
                -443.0,
                -215.0,
                -381.0,
                -441.0,
                -482.0,
                -483.0,
                -437.0,
                -424.0,
                -378.0,
                -530.0,
                -553.0,
                -446.0,
                -469.0,
                -594.0,
                -464.0,
                -498.0,
                -392.0,
                -403.0,
                -538.0,
                -464.0,
                -577.0,
                -333.0,
                -471.0,
                -421.0,
                -527.0,
                -539.0,
                -483.0,
                -543.0,
                -391.0,
                -628.0,
                -463.0,
                -371.0,
                -364.0,
                -391.0,
                -382.0,
                -453.0,
                -428.0,
                -409.0
            ],