{
    "custom_metrics": {},
    "episode_media": {},
    "info": {
        "learner": {
            "policy_1": {
                "learner_stats": {
                    "allreduce_latency": 0.0,
                    "grad_gnorm": 1.3199472427368164,
                    "cur_kl_coeff": 0.09999999999999998,
                    "cur_lr": 5e-05,
                    "total_loss": 9.030569952184504,
                    "policy_loss": -0.10051657204361011,
                    "vf_loss": 9.91747591712258,
                    "vf_explained_var": 3.1691609006939515e-05,
                    "kl": 0.013349276548635288,
                    "entropy": 1.5754486990697456,
                    "entropy_coeff": 0.5
                },
                "model": {},
                "custom_metrics": {},
                "num_agent_steps_trained": 121.36363636363636,
                "num_grad_updates_lifetime": 279015.5,
                "diff_num_grad_updates_vs_sampler_policy": 164.5
            },
            "policy_2": {
                "learner_stats": {
                    "allreduce_latency": 0.0,
                    "grad_gnorm": 1.1817373037338257,
                    "cur_kl_coeff": 0.04999999999999999,
                    "cur_lr": 5e-05,
                    "total_loss": 8.202611138603904,
                    "policy_loss": -0.07953021696938033,
                    "vf_loss": 9.90091816295277,
                    "vf_explained_var": 6.69920083248254e-06,
                    "kl": 0.009882270997858504,
                    "entropy": 1.6192709420666551,
                    "entropy_coeff": 1.0
                },
                "model": {},
                "custom_metrics": {},
                "num_agent_steps_trained": 120.54545454545455,
                "num_grad_updates_lifetime": 279015.5,
                "diff_num_grad_updates_vs_sampler_policy": 164.5
            },
            "policy_0": {
                "learner_stats": {
                    "allreduce_latency": 0.0,
                    "grad_gnorm": 2.8006527423858643,
                    "cur_kl_coeff": 0.19999999999999996,
                    "cur_lr": 5e-05,
                    "total_loss": 8.852208099943219,
                    "policy_loss": -0.09942524210465226,
                    "vf_loss": 9.051580189213608,
                    "vf_explained_var": 0.03457345799966292,
                    "kl": 0.015386446671582425,
                    "entropy": 1.0302410409306035,
                    "entropy_coeff": 0.09999999999999998
                },
                "model": {},
                "custom_metrics": {},
                "num_agent_steps_trained": 121.72727272727273,
                "num_grad_updates_lifetime": 279015.5,
                "diff_num_grad_updates_vs_sampler_policy": 164.5
            }
        },
        "num_env_steps_sampled": 3384000,
        "num_env_steps_trained": 3384000,
        "num_agent_steps_sampled": 3383998,
        "num_agent_steps_trained": 3383998
    },
    "env_runners": {
        "episode_reward_max": -222.0,
        "episode_reward_min": -622.0,
        "episode_reward_mean": -438.75,
        "episode_len_mean": 153.26,
        "episode_media": {},
        "episodes_timesteps_total": 15326,
        "policy_reward_min": {
            "policy_0": -375.0,
            "policy_1": -395.0,
            "policy_2": -415.0
        },
        "policy_reward_max": {
            "policy_0": -8.0,
            "policy_1": -32.0,
            "policy_2": -16.0
        },
        "policy_reward_mean": {
            "policy_0": -95.31,
            "policy_1": -157.46,
            "policy_2": -185.98
        },
        "custom_metrics": {},
        "hist_stats": {
            "episode_reward": [
                -559.0,
                -522.0,
                -511.0,
                -425.0,
                -349.0,
                -498.0,
                -415.0,
                -600.0,
                -517.0,
                -419.0,
                -418.0,
                -537.0,
                -391.0,
                -622.0,
                -331.0,
                -438.0,
                -548.0,
                -442.0,
                -521.0,
                -505.0,
                -351.0,
                -304.0,
                -290.0,
                -507.0,
                -388.0,
                -498.0,
                -382.0,
                -505.0,
                -488.0,
                -479.0,
                -482.0,
                -431.0,
                -222.0,
                -330.0,
                -386.0,
                -528.0,
                -460.0,
                -392.0,
                -330.0,
                -455.0,
                -380.0,
                -403.0,
                -618.0,
                -380.0,
                -511.0,
                -280.0,
                -420.0,
                -451.0,
                -257.0,
                -547.0,
                -415.0,
                -492.0,
                -276.0,
                -419.0,
                -431.0,
                -395.0,
                -373.0,
                -454.0,
                -425.0,
                -448.0,
                -316.0,
                -377.0,
                -512.0,
                -362.0,
                -419.0,
                -316.0,
                -456.0,
                -520.0,
                -527.0,
                -332.0,
                -457.0,
                -438.0,
                -415.0,
                -355.0,
                -403.0,
                -474.0,
                -372.0,
                -499.0,
                -615.0,
                -519.0,
                -346.0,
                -460.0,
                -522.0,
                -374.0,
                -370.0,
                -438.0,
                -479.0,
                -404.0,
                -460.0,
                -581.0,
                -311.0,
                -404.0,
                -409.0,
                -563.0,
                -403.0,
                -455.0,
                -490.0,
                -577.0,
                -538.0,
                -456.0
            ],