{
    "custom_metrics": {},
    "episode_media": {},
    "info": {
        "learner": {
            "policy_1": {
                "learner_stats": {
                    "allreduce_latency": 0.0,
                    "grad_gnorm": 1.2589505910873413,
                    "cur_kl_coeff": 0.09999999999999998,
                    "cur_lr": 5e-05,
                    "total_loss": 8.793204741044478,
                    "policy_loss": -0.08757141652576772,
                    "vf_loss": 9.67728702949755,
                    "vf_explained_var": 2.510619885993726e-07,
                    "kl": 0.009761791579078548,
                    "entropy": 1.5949740962548689,
                    "entropy_coeff": 0.5
                },
                "model": {},
                "custom_metrics": {},
                "num_agent_steps_trained": 120.27272727272727,
                "num_grad_updates_lifetime": 105765.5,
                "diff_num_grad_updates_vs_sampler_policy": 164.5
            },
            "policy_2": {
                "learner_stats": {
                    "allreduce_latency": 0.0,
                    "grad_gnorm": 1.0922931432724,
                    "cur_kl_coeff": 0.04999999999999999,
                    "cur_lr": 5e-05,
                    "total_loss": 7.972457557736021,
                    "policy_loss": -0.06759582520109798,
                    "vf_loss": 9.677274241591945,
                    "vf_explained_var": -0.00010914152318781072,
                    "kl": 0.00885615830648513,
                    "entropy": 1.6376636747157935,
                    "entropy_coeff": 1.0
                },
                "model": {},
                "custom_metrics": {},
                "num_agent_steps_trained": 120.9090909090909,
                "num_grad_updates_lifetime": 105765.5,
                "diff_num_grad_updates_vs_sampler_policy": 164.5
            },
            "policy_0": {
                "learner_stats": {
                    "allreduce_latency": 0.0,
                    "grad_gnorm": 4.080926895141602,
                    "cur_kl_coeff": 0.19999999999999996,
                    "cur_lr": 5e-05,
                    "total_loss": 8.293825218894264,
                    "policy_loss": -0.10082542097873308,
                    "vf_loss": 8.525085967959779,
                    "vf_explained_var": -0.009158448920105443,
                    "kl": 0.016010944707712547,
                    "entropy": 1.3363755023840702,
                    "entropy_coeff": 0.09999999999999998
                },
                "model": {},
                "custom_metrics": {},
                "num_agent_steps_trained": 122.45454545454545,
                "num_grad_updates_lifetime": 105765.5,
                "diff_num_grad_updates_vs_sampler_policy": 164.5
            }
        },
        "num_env_steps_sampled": 1284000,
        "num_env_steps_trained": 1284000,
        "num_agent_steps_sampled": 1283998,
        "num_agent_steps_trained": 1283998
    },
    "env_runners": {
        "episode_reward_max": -230.0,
        "episode_reward_min": -659.0,
        "episode_reward_mean": -456.41,
        "episode_len_mean": 137.1,
        "episode_media": {},
        "episodes_timesteps_total": 13710,
        "policy_reward_min": {
            "policy_1": -420.0,
            "policy_2": -380.0,
            "policy_0": -355.0
        },
        "policy_reward_max": {
            "policy_1": -19.0,
            "policy_2": -29.0,
            "policy_0": -18.0
        },
        "policy_reward_mean": {
            "policy_1": -169.7,
            "policy_2": -186.51,
            "policy_0": -100.2
        },
        "custom_metrics": {},
        "hist_stats": {
            "episode_reward": [
                -587.0,
                -465.0,
                -309.0,
                -431.0,
                -452.0,
                -619.0,
                -401.0,
                -359.0,
                -359.0,
                -444.0,
                -230.0,
                -514.0,
                -372.0,
                -503.0,
                -539.0,
                -431.0,
                -623.0,
                -493.0,
                -502.0,
                -493.0,
                -539.0,
                -277.0,
                -389.0,
                -513.0,
                -432.0,
                -367.0,
                -521.0,
                -403.0,
                -440.0,
                -616.0,
                -415.0,
                -330.0,
                -585.0,
                -560.0,
                -400.0,
                -413.0,
                -454.0,
                -396.0,
                -592.0,
                -403.0,
                -555.0,
                -457.0,
                -507.0,
                -470.0,
                -495.0,
                -397.0,
                -417.0,
                -411.0,
                -552.0,
                -339.0,
                -382.0,
                -571.0,
                -407.0,
                -496.0,
                -536.0,
                -517.0,
                -291.0,
                -490.0,
                -534.0,
                -552.0,
                -323.0,
                -562.0,
                -479.0,
                -442.0,
                -502.0,
                -470.0,
                -333.0,
                -503.0,
                -424.0,
                -591.0,
                -542.0,
                -361.0,
                -474.0,
                -508.0,
                -490.0,
                -406.0,
                -461.0,
                -340.0,
                -539.0,
                -530.0,
                -450.0,
                -428.0,
                -332.0,
                -466.0,
                -445.0,
                -435.0,
                -566.0,
                -470.0,
                -345.0,
                -530.0,
                -407.0,
                -271.0,
                -526.0,
                -391.0,
                -431.0,
                -373.0,
                -498.0,
                -365.0,
                -426.0,
                -659.0
            ],