{
    "custom_metrics": {},
    "episode_media": {},
    "info": {
        "learner": {
            "policy_1": {
                "learner_stats": {
                    "allreduce_latency": 0.0,
                    "grad_gnorm": 1.2605464458465576,
                    "cur_kl_coeff": 0.09999999999999998,
                    "cur_lr": 5e-05,
                    "total_loss": 8.714558112982548,
                    "policy_loss": -0.08970141093190195,
                    "vf_loss": 9.58952085610592,
                    "vf_explained_var": -5.90555595629143e-06,
                    "kl": 0.012352173802100904,
                    "entropy": 1.572993366284804,
                    "entropy_coeff": 0.5
                },
                "model": {},
                "custom_metrics": {},
                "num_agent_steps_trained": 121.81818181818181,
                "num_grad_updates_lifetime": 305415.5,
                "diff_num_grad_updates_vs_sampler_policy": 164.5
            },
            "policy_2": {
                "learner_stats": {
                    "allreduce_latency": 0.0,
                    "grad_gnorm": 1.2071765661239624,
                    "cur_kl_coeff": 0.04999999999999999,
                    "cur_lr": 5e-05,
                    "total_loss": 7.895152578931866,
                    "policy_loss": -0.07824680590239233,
                    "vf_loss": 9.591587818030154,
                    "vf_explained_var": -8.422497547034062e-06,
                    "kl": 0.010388891059114868,
                    "entropy": 1.6187079718618682,
                    "entropy_coeff": 1.0
                },
                "model": {},
                "custom_metrics": {},
                "num_agent_steps_trained": 120.45454545454545,
                "num_grad_updates_lifetime": 305415.5,
                "diff_num_grad_updates_vs_sampler_policy": 164.5
            },
            "policy_0": {
                "learner_stats": {
                    "allreduce_latency": 0.0,
                    "grad_gnorm": 3.0097591876983643,
                    "cur_kl_coeff": 0.19999999999999996,
                    "cur_lr": 5e-05,
                    "total_loss": 7.72493064475782,
                    "policy_loss": -0.10355813425937385,
                    "vf_loss": 7.9408656799432,
                    "vf_explained_var": 0.019186093951716568,
                    "kl": 0.014461804946618766,
                    "entropy": 1.1526927377238418,
                    "entropy_coeff": 0.09999999999999998
                },
                "model": {},
                "custom_metrics": {},
                "num_agent_steps_trained": 121.36363636363636,
                "num_grad_updates_lifetime": 305415.5,
                "diff_num_grad_updates_vs_sampler_policy": 164.5
            }
        },
        "num_env_steps_sampled": 3704000,
        "num_env_steps_trained": 3704000,
        "num_agent_steps_sampled": 3703998,
        "num_agent_steps_trained": 3703998
    },
    "env_runners": {
        "episode_reward_max": -228.0,
        "episode_reward_min": -682.0,
        "episode_reward_mean": -450.61,
        "episode_len_mean": 138.9,
        "episode_media": {},
        "episodes_timesteps_total": 13890,
        "policy_reward_min": {
            "policy_2": -390.0,
            "policy_0": -330.0,
            "policy_1": -455.0
        },
        "policy_reward_max": {
            "policy_2": -18.0,
            "policy_0": -8.0,
            "policy_1": -20.0
        },
        "policy_reward_mean": {
            "policy_2": -195.14,
            "policy_0": -108.25,
            "policy_1": -147.22
        },
        "custom_metrics": {},
        "hist_stats": {
            "episode_reward": [
                -415.0,
                -507.0,
                -458.0,
                -470.0,
                -318.0,
                -309.0,
                -682.0,
                -560.0,
                -493.0,
                -470.0,
                -474.0,
                -471.0,
                -515.0,
                -346.0,
                -532.0,
                -359.0,
                -415.0,
                -365.0,
                -434.0,
                -556.0,
                -416.0,
                -574.0,
                -489.0,
                -529.0,
                -536.0,
                -346.0,
                -400.0,
                -491.0,
                -507.0,
                -466.0,
                -477.0,
                -479.0,
                -367.0,
                -385.0,
                -456.0,
                -333.0,
                -371.0,
                -228.0,
                -462.0,
                -314.0,
                -275.0,
                -401.0,
                -307.0,
                -427.0,
                -448.0,
                -545.0,
                -485.0,
                -418.0,
                -434.0,
                -521.0,
                -507.0,
                -425.0,
                -476.0,
                -467.0,
                -554.0,
                -669.0,
                -418.0,
                -597.0,
                -584.0,
                -349.0,
                -308.0,
                -463.0,
                -443.0,
                -403.0,
                -490.0,
                -368.0,
                -551.0,
                -465.0,
                -467.0,
                -516.0,
                -514.0,
                -485.0,
                -360.0,
                -382.0,
                -527.0,
                -467.0,
                -556.0,
                -380.0,
                -427.0,
                -462.0,
                -436.0,
                -456.0,
                -523.0,
                -419.0,
                -544.0,
                -348.0,
                -576.0,
                -427.0,
                -493.0,
                -405.0,
                -293.0,
                -455.0,
                -513.0,
                -314.0,
                -410.0,
                -535.0,
                -459.0,
                -542.0,
                -370.0,
                -427.0
            ],