{
    "custom_metrics": {},
    "episode_media": {},
    "info": {
        "learner": {
            "policy_1": {
                "learner_stats": {
                    "allreduce_latency": 0.0,
                    "grad_gnorm": 1.300094723701477,
                    "cur_kl_coeff": 0.09999999999999998,
                    "cur_lr": 5e-05,
                    "total_loss": 9.000059457258745,
                    "policy_loss": -0.10001150524300156,
                    "vf_loss": 9.888894355658328,
                    "vf_explained_var": -0.00011056264241536459,
                    "kl": 0.014024522471315132,
                    "entropy": 1.580451809276234,
                    "entropy_coeff": 0.5
                },
                "model": {},
                "custom_metrics": {},
                "num_agent_steps_trained": 121.63636363636364,
                "num_grad_updates_lifetime": 234465.5,
                "diff_num_grad_updates_vs_sampler_policy": 164.5
            },
            "policy_2": {
                "learner_stats": {
                    "allreduce_latency": 0.0,
                    "grad_gnorm": 1.167352557182312,
                    "cur_kl_coeff": 0.04999999999999999,
                    "cur_lr": 5e-05,
                    "total_loss": 8.191860616568363,
                    "policy_loss": -0.08258285665545952,
                    "vf_loss": 9.886364017833364,
                    "vf_explained_var": -2.0630251277576794e-05,
                    "kl": 0.010904504891209966,
                    "entropy": 1.6124657974098668,
                    "entropy_coeff": 1.0
                },
                "model": {},
                "custom_metrics": {},
                "num_agent_steps_trained": 120.72727272727273,
                "num_grad_updates_lifetime": 234465.5,
                "diff_num_grad_updates_vs_sampler_policy": 164.5
            },
            "policy_0": {
                "learner_stats": {
                    "allreduce_latency": 0.0,
                    "grad_gnorm": 3.104616403579712,
                    "cur_kl_coeff": 0.19999999999999996,
                    "cur_lr": 5e-05,
                    "total_loss": 9.144624054070675,
                    "policy_loss": -0.11233555993178125,
                    "vf_loss": 9.369411485845392,
                    "vf_explained_var": 0.015108462535973751,
                    "kl": 0.01602247637407951,
                    "entropy": 1.1565641954089656,
                    "entropy_coeff": 0.09999999999999998
                },
                "model": {},
                "custom_metrics": {},
                "num_agent_steps_trained": 121.27272727272727,
                "num_grad_updates_lifetime": 234465.5,
                "diff_num_grad_updates_vs_sampler_policy": 164.5
            }
        },
        "num_env_steps_sampled": 2844000,
        "num_env_steps_trained": 2844000,
        "num_agent_steps_sampled": 2843998,
        "num_agent_steps_trained": 2843998
    },
    "env_runners": {
        "episode_reward_max": -231.0,
        "episode_reward_min": -699.0,
        "episode_reward_mean": -443.02,
        "episode_len_mean": 146.08,
        "episode_media": {},
        "episodes_timesteps_total": 14608,
        "policy_reward_min": {
            "policy_2": -445.0,
            "policy_0": -335.0,
            "policy_1": -490.0
        },
        "policy_reward_max": {
            "policy_2": -32.0,
            "policy_0": 6.0,
            "policy_1": -18.0
        },
        "policy_reward_mean": {
            "policy_2": -203.86,
            "policy_0": -95.24,
            "policy_1": -143.92
        },
        "custom_metrics": {},
        "hist_stats": {
            "episode_reward": [
                -376.0,
                -413.0,
                -514.0,
                -382.0,
                -576.0,
                -415.0,
                -551.0,
                -377.0,
                -387.0,
                -536.0,
                -441.0,
                -441.0,
                -454.0,
                -392.0,
                -561.0,
                -699.0,
                -439.0,
                -444.0,
                -592.0,
                -446.0,
                -458.0,
                -527.0,
                -513.0,
                -375.0,
                -231.0,
                -354.0,
                -548.0,
                -388.0,
                -358.0,
                -358.0,
                -469.0,
                -512.0,
                -420.0,
                -299.0,
                -472.0,
                -411.0,
                -390.0,
                -399.0,
                -402.0,
                -308.0,
                -372.0,
                -497.0,
                -541.0,
                -516.0,
                -381.0,
                -454.0,
                -415.0,
                -371.0,
                -421.0,
                -524.0,
                -567.0,
                -382.0,
                -451.0,
                -347.0,
                -297.0,
                -414.0,
                -566.0,
                -549.0,
                -456.0,
                -617.0,
                -566.0,
                -466.0,
                -494.0,
                -307.0,
                -410.0,
                -301.0,
                -538.0,
                -603.0,
                -430.0,
                -340.0,
                -394.0,
                -360.0,
                -534.0,
                -560.0,
                -365.0,
                -445.0,
                -572.0,
                -366.0,
                -532.0,
                -417.0,
                -506.0,
                -365.0,
                -352.0,
                -362.0,
                -382.0,
                -437.0,
                -363.0,
                -419.0,
                -346.0,
                -274.0,
                -450.0,
                -493.0,
                -426.0,
                -531.0,
                -469.0,
                -499.0,
                -509.0,
                -436.0,
                -523.0,
                -394.0
            ],