{
    "custom_metrics": {},
    "episode_media": {},
    "info": {
        "learner": {
            "policy_1": {
                "learner_stats": {
                    "allreduce_latency": 0.0,
                    "grad_gnorm": 1.3519850969314575,
                    "cur_kl_coeff": 0.09999999999999998,
                    "cur_lr": 5e-05,
                    "total_loss": 9.061686160347678,
                    "policy_loss": -0.10025109821704753,
                    "vf_loss": 9.948457804593174,
                    "vf_explained_var": 1.633871685374867e-05,
                    "kl": 0.012687305767197643,
                    "entropy": 1.5755785848155166,
                    "entropy_coeff": 0.5
                },
                "model": {},
                "custom_metrics": {},
                "num_agent_steps_trained": 121.45454545454545,
                "num_grad_updates_lifetime": 265815.5,
                "diff_num_grad_updates_vs_sampler_policy": 164.5
            },
            "policy_2": {
                "learner_stats": {
                    "allreduce_latency": 0.0,
                    "grad_gnorm": 1.1945648193359375,
                    "cur_kl_coeff": 0.04999999999999999,
                    "cur_lr": 5e-05,
                    "total_loss": 8.253058341055205,
                    "policy_loss": -0.07509146705904807,
                    "vf_loss": 9.944558793848211,
                    "vf_explained_var": -2.5575811212713067e-06,
                    "kl": 0.01153159580853978,
                    "entropy": 1.616985477100719,
                    "entropy_coeff": 1.0
                },
                "model": {},
                "custom_metrics": {},
                "num_agent_steps_trained": 120.81818181818181,
                "num_grad_updates_lifetime": 265815.5,
                "diff_num_grad_updates_vs_sampler_policy": 164.5
            },
            "policy_0": {
                "learner_stats": {
                    "allreduce_latency": 0.0,
                    "grad_gnorm": 4.91171932220459,
                    "cur_kl_coeff": 0.19999999999999996,
                    "cur_lr": 5e-05,
                    "total_loss": 8.027302490581166,
                    "policy_loss": -0.10494884137120662,
                    "vf_loss": 8.24880383086927,
                    "vf_explained_var": 0.03891785614418261,
                    "kl": 0.01461174028849344,
                    "entropy": 1.1947483819542508,
                    "entropy_coeff": 0.09999999999999998
                },
                "model": {},
                "custom_metrics": {},
                "num_agent_steps_trained": 121.36363636363636,
                "num_grad_updates_lifetime": 265815.5,
                "diff_num_grad_updates_vs_sampler_policy": 164.5
            }
        },
        "num_env_steps_sampled": 3224000,
        "num_env_steps_trained": 3224000,
        "num_agent_steps_sampled": 3223998,
        "num_agent_steps_trained": 3223998
    },
    "env_runners": {
        "episode_reward_max": -266.0,
        "episode_reward_min": -673.0,
        "episode_reward_mean": -453.92,
        "episode_len_mean": 146.44,
        "episode_media": {},
        "episodes_timesteps_total": 14644,
        "policy_reward_min": {
            "policy_2": -440.0,
            "policy_0": -365.0,
            "policy_1": -440.0
        },
        "policy_reward_max": {
            "policy_2": -28.0,
            "policy_0": -7.0,
            "policy_1": -22.0
        },
        "policy_reward_mean": {
            "policy_2": -200.81,
            "policy_0": -109.22,
            "policy_1": -143.89
        },
        "custom_metrics": {},
        "hist_stats": {
            "episode_reward": [
                -463.0,
                -453.0,
                -444.0,
                -598.0,
                -443.0,
                -616.0,
                -413.0,
                -308.0,
                -310.0,
                -401.0,
                -521.0,
                -532.0,
                -480.0,
                -480.0,
                -402.0,
                -555.0,
                -345.0,
                -438.0,
                -316.0,
                -385.0,
                -597.0,
                -529.0,
                -455.0,
                -436.0,
                -266.0,
                -285.0,
                -461.0,
                -540.0,
                -535.0,
                -553.0,
                -632.0,
                -370.0,
                -385.0,
                -533.0,
                -325.0,
                -481.0,
                -504.0,
                -449.0,
                -407.0,
                -462.0,
                -581.0,
                -312.0,
                -673.0,
                -435.0,
                -510.0,
                -401.0,
                -312.0,
                -476.0,
                -490.0,
                -331.0,
                -467.0,
                -525.0,
                -419.0,
                -444.0,
                -534.0,
                -304.0,
                -524.0,
                -350.0,
                -452.0,
                -499.0,
                -412.0,
                -341.0,
                -427.0,
                -536.0,
                -480.0,
                -354.0,
                -530.0,
                -531.0,
                -380.0,
                -465.0,
                -366.0,
                -364.0,
                -428.0,
                -393.0,
                -430.0,
                -359.0,
                -352.0,
                -430.0,
                -529.0,
                -507.0,
                -494.0,
                -405.0,
                -489.0,
                -513.0,
                -544.0,
                -461.0,
                -538.0,
                -516.0,
                -516.0,
                -530.0,
                -418.0,
                -300.0,
                -454.0,
                -483.0,
                -565.0,
                -359.0,
                -543.0,
                -513.0,
                -498.0,
                -492.0
            ],