{
    "custom_metrics": {},
    "episode_media": {},
    "info": {
        "learner": {
            "policy_1": {
                "learner_stats": {
                    "allreduce_latency": 0.0,
                    "grad_gnorm": 1.2932709455490112,
                    "cur_kl_coeff": 0.09999999999999998,
                    "cur_lr": 5e-05,
                    "total_loss": 8.91280188704982,
                    "policy_loss": -0.09375246748659816,
                    "vf_loss": 9.797295769778165,
                    "vf_explained_var": -0.0001428810032931241,
                    "kl": 0.012751090740908383,
                    "entropy": 1.584033147132758,
                    "entropy_coeff": 0.5
                },
                "model": {},
                "custom_metrics": {},
                "num_agent_steps_trained": 121.45454545454545,
                "num_grad_updates_lifetime": 206415.5,
                "diff_num_grad_updates_vs_sampler_policy": 164.5
            },
            "policy_2": {
                "learner_stats": {
                    "allreduce_latency": 0.0,
                    "grad_gnorm": 1.1551342010498047,
                    "cur_kl_coeff": 0.04999999999999999,
                    "cur_lr": 5e-05,
                    "total_loss": 8.099438777114406,
                    "policy_loss": -0.07793843704769671,
                    "vf_loss": 9.794180647532146,
                    "vf_explained_var": -1.4454668218439275e-05,
                    "kl": 0.010913963085477202,
                    "entropy": 1.617349201260191,
                    "entropy_coeff": 1.0
                },
                "model": {},
                "custom_metrics": {},
                "num_agent_steps_trained": 120.18181818181819,
                "num_grad_updates_lifetime": 206415.5,
                "diff_num_grad_updates_vs_sampler_policy": 164.5
            },
            "policy_0": {
                "learner_stats": {
                    "allreduce_latency": 0.0,
                    "grad_gnorm": 3.2941935062408447,
                    "cur_kl_coeff": 0.19999999999999996,
                    "cur_lr": 5e-05,
                    "total_loss": 8.72812088764075,
                    "policy_loss": -0.09867855030902181,
                    "vf_loss": 8.947933494683468,
                    "vf_explained_var": 0.012835661750851256,
                    "kl": 0.014293566590743463,
                    "entropy": 1.2399276440793818,
                    "entropy_coeff": 0.09999999999999998
                },
                "model": {},
                "custom_metrics": {},
                "num_agent_steps_trained": 122.0,
                "num_grad_updates_lifetime": 206415.5,
                "diff_num_grad_updates_vs_sampler_policy": 164.5
            }
        },
        "num_env_steps_sampled": 2504000,
        "num_env_steps_trained": 2504000,
        "num_agent_steps_sampled": 2503998,
        "num_agent_steps_trained": 2503998
    },
    "env_runners": {
        "episode_reward_max": -264.0,
        "episode_reward_min": -636.0,
        "episode_reward_mean": -442.34,
        "episode_len_mean": 145.84,
        "episode_media": {},
        "episodes_timesteps_total": 14584,
        "policy_reward_min": {
            "policy_0": -410.0,
            "policy_1": -385.0,
            "policy_2": -430.0
        },
        "policy_reward_max": {
            "policy_0": -6.0,
            "policy_1": -9.0,
            "policy_2": -23.0
        },
        "policy_reward_mean": {
            "policy_0": -102.99,
            "policy_1": -121.8,
            "policy_2": -217.55
        },
        "custom_metrics": {},
        "hist_stats": {
            "episode_reward": [
                -536.0,
                -511.0,
                -405.0,
                -494.0,
                -495.0,
                -281.0,
                -464.0,
                -465.0,
                -352.0,
                -344.0,
                -533.0,
                -470.0,
                -616.0,
                -436.0,
                -413.0,
                -399.0,
                -467.0,
                -442.0,
                -497.0,
                -511.0,
                -348.0,
                -443.0,
                -359.0,
                -369.0,
                -531.0,
                -550.0,
                -379.0,
                -542.0,
                -502.0,
                -354.0,
                -422.0,
                -546.0,
                -359.0,
                -369.0,
                -335.0,
                -487.0,
                -509.0,
                -624.0,
                -543.0,
                -591.0,
                -358.0,
                -328.0,
                -455.0,
                -388.0,
                -510.0,
                -525.0,
                -437.0,
                -333.0,
                -312.0,
                -413.0,
                -443.0,
                -323.0,
                -309.0,
                -554.0,
                -366.0,
                -312.0,
                -286.0,
                -520.0,
                -372.0,
                -460.0,
                -514.0,
                -410.0,
                -485.0,
                -595.0,
                -415.0,
                -364.0,
                -580.0,
                -383.0,
                -474.0,
                -436.0,
                -385.0,
                -378.0,
                -353.0,
                -377.0,
                -461.0,
                -429.0,
                -542.0,
                -527.0,
                -406.0,
                -569.0,
                -509.0,
                -433.0,
                -614.0,
                -542.0,
                -303.0,
                -331.0,
                -264.0,
                -636.0,
                -483.0,
                -477.0,
                -360.0,
                -384.0,
                -440.0,
                -361.0,
                -554.0,
                -437.0,
                -465.0,
                -344.0,
                -310.0,
                -607.0
            ],