{
    "custom_metrics": {},
    "episode_media": {},
    "info": {
        "learner": {
            "policy_1": {
                "learner_stats": {
                    "allreduce_latency": 0.0,
                    "grad_gnorm": 1.3100764751434326,
                    "cur_kl_coeff": 0.09999999999999998,
                    "cur_lr": 5e-05,
                    "total_loss": 8.970203359199292,
                    "policy_loss": -0.09167041986418718,
                    "vf_loss": 9.85495829148726,
                    "vf_explained_var": 0.0033294009439872973,
                    "kl": 0.013573805314645006,
                    "entropy": 1.5888837937152747,
                    "entropy_coeff": 0.5
                },
                "model": {},
                "custom_metrics": {},
                "num_agent_steps_trained": 121.0909090909091,
                "num_grad_updates_lifetime": 175065.5,
                "diff_num_grad_updates_vs_sampler_policy": 164.5
            },
            "policy_2": {
                "learner_stats": {
                    "allreduce_latency": 0.0,
                    "grad_gnorm": 1.128662347793579,
                    "cur_kl_coeff": 0.04999999999999999,
                    "cur_lr": 5e-05,
                    "total_loss": 8.16757909745881,
                    "policy_loss": -0.06499809766696259,
                    "vf_loss": 9.856469550277248,
                    "vf_explained_var": 1.1568719690496272e-06,
                    "kl": 0.008076025205942415,
                    "entropy": 1.624296142838218,
                    "entropy_coeff": 1.0
                },
                "model": {},
                "custom_metrics": {},
                "num_agent_steps_trained": 120.36363636363636,
                "num_grad_updates_lifetime": 175065.5,
                "diff_num_grad_updates_vs_sampler_policy": 164.5
            },
            "policy_0": {
                "learner_stats": {
                    "allreduce_latency": 0.0,
                    "grad_gnorm": 2.9261906147003174,
                    "cur_kl_coeff": 0.19999999999999996,
                    "cur_lr": 5e-05,
                    "total_loss": 8.096702538114606,
                    "policy_loss": -0.0998665224986546,
                    "vf_loss": 8.320031530206853,
                    "vf_explained_var": 0.0073480185234185424,
                    "kl": 0.014515206602914233,
                    "entropy": 1.2636550065242882,
                    "entropy_coeff": 0.09999999999999998
                },
                "model": {},
                "custom_metrics": {},
                "num_agent_steps_trained": 122.18181818181819,
                "num_grad_updates_lifetime": 175065.5,
                "diff_num_grad_updates_vs_sampler_policy": 164.5
            }
        },
        "num_env_steps_sampled": 2124000,
        "num_env_steps_trained": 2124000,
        "num_agent_steps_sampled": 2123998,
        "num_agent_steps_trained": 2123998
    },
    "env_runners": {
        "episode_reward_max": -215.0,
        "episode_reward_min": -638.0,
        "episode_reward_mean": -434.04,
        "episode_len_mean": 150.46,
        "episode_media": {},
        "episodes_timesteps_total": 15046,
        "policy_reward_min": {
            "policy_1": -400.0,
            "policy_2": -370.0,
            "policy_0": -360.0
        },
        "policy_reward_max": {
            "policy_1": -27.0,
            "policy_2": -43.0,
            "policy_0": -3.0
        },
        "policy_reward_mean": {
            "policy_1": -152.95,
            "policy_2": -194.33,
            "policy_0": -86.76
        },
        "custom_metrics": {},
        "hist_stats": {
            "episode_reward": [
                -464.0,
                -501.0,
                -559.0,
                -403.0,
                -452.0,
                -520.0,
                -301.0,
                -400.0,
                -369.0,
                -366.0,
                -407.0,
                -529.0,
                -485.0,
                -541.0,
                -495.0,
                -511.0,
                -489.0,
                -441.0,
                -350.0,
                -458.0,
                -541.0,
                -349.0,
                -334.0,
                -638.0,
                -459.0,
                -353.0,
                -577.0,
                -475.0,
                -447.0,
                -315.0,
                -310.0,
                -396.0,
                -290.0,
                -427.0,
                -421.0,
                -306.0,
                -448.0,
                -507.0,
                -474.0,
                -306.0,
                -502.0,
                -362.0,
                -232.0,
                -293.0,
                -447.0,
                -245.0,
                -491.0,
                -473.0,
                -458.0,
                -496.0,
                -586.0,
                -346.0,
                -444.0,
                -318.0,
                -394.0,
                -487.0,
                -528.0,
                -313.0,
                -427.0,
                -513.0,
                -269.0,
                -427.0,
                -354.0,
                -572.0,
                -296.0,
                -392.0,
                -407.0,
                -582.0,
                -322.0,
                -531.0,
                -533.0,
                -539.0,
                -495.0,
                -452.0,
                -446.0,
                -554.0,
                -442.0,
                -483.0,
                -519.0,
                -331.0,
                -509.0,
                -464.0,
                -585.0,
                -635.0,
                -506.0,
                -439.0,
                -289.0,
                -385.0,
                -215.0,
                -427.0,
                -394.0,
                -446.0,
                -353.0,
                -378.0,
                -534.0,
                -466.0,
                -383.0,
                -448.0,
                -441.0,
                -392.0
            ],