{
    "custom_metrics": {},
    "episode_media": {},
    "info": {
        "learner": {
            "policy_1": {
                "learner_stats": {
                    "allreduce_latency": 0.0,
                    "grad_gnorm": 1.0049564838409424,
                    "cur_kl_coeff": 0.09999999999999998,
                    "cur_lr": 5e-05,
                    "total_loss": 8.99110977866433,
                    "policy_loss": -0.07610556045829346,
                    "vf_loss": 9.871891122875791,
                    "vf_explained_var": 3.0750578100031074e-06,
                    "kl": 0.011838555730381521,
                    "entropy": 1.6117193402666035,
                    "entropy_coeff": 0.5
                },
                "model": {},
                "custom_metrics": {},
                "num_agent_steps_trained": 121.18181818181819,
                "num_grad_updates_lifetime": 21615.5,
                "diff_num_grad_updates_vs_sampler_policy": 164.5
            },
            "policy_2": {
                "learner_stats": {
                    "allreduce_latency": 0.0,
                    "grad_gnorm": 0.9369077086448669,
                    "cur_kl_coeff": 0.04999999999999999,
                    "cur_lr": 5e-05,
                    "total_loss": 8.189253276767152,
                    "policy_loss": -0.054267276805881975,
                    "vf_loss": 9.872241734013413,
                    "vf_explained_var": 2.379489667487867e-06,
                    "kl": 0.01017819884035145,
                    "entropy": 1.629230144890872,
                    "entropy_coeff": 1.0
                },
                "model": {},
                "custom_metrics": {},
                "num_agent_steps_trained": 120.27272727272727,
                "num_grad_updates_lifetime": 21615.5,
                "diff_num_grad_updates_vs_sampler_policy": 164.5
            },
            "policy_0": {
                "learner_stats": {
                    "allreduce_latency": 0.0,
                    "grad_gnorm": 1.2600173950195312,
                    "cur_kl_coeff": 0.19999999999999996,
                    "cur_lr": 5e-05,
                    "total_loss": 9.662558070096102,
                    "policy_loss": -0.06407584969561095,
                    "vf_loss": 9.866113610701127,
                    "vf_explained_var": -0.0010495527224107222,
                    "kl": 0.011083177533289827,
                    "entropy": 1.4169636404875554,
                    "entropy_coeff": 0.09999999999999998
                },
                "model": {},
                "custom_metrics": {},
                "num_agent_steps_trained": 122.0,
                "num_grad_updates_lifetime": 21615.5,
                "diff_num_grad_updates_vs_sampler_policy": 164.5
            }
        },
        "num_env_steps_sampled": 264000,
        "num_env_steps_trained": 264000,
        "num_agent_steps_sampled": 263998,
        "num_agent_steps_trained": 263998
    },
    "env_runners": {
        "episode_reward_max": -202.0,
        "episode_reward_min": -667.0,
        "episode_reward_mean": -453.82,
        "episode_len_mean": 149.8,
        "episode_media": {},
        "episodes_timesteps_total": 14980,
        "policy_reward_min": {
            "policy_1": -440.0,
            "policy_2": -410.0,
            "policy_0": -380.0
        },
        "policy_reward_max": {
            "policy_1": -30.0,
            "policy_2": -37.0,
            "policy_0": -12.0
        },
        "policy_reward_mean": {
            "policy_1": -161.17,
            "policy_2": -187.86,
            "policy_0": -104.79
        },
        "custom_metrics": {},
        "hist_stats": {
            "episode_reward": [
                -446.0,
                -415.0,
                -559.0,
                -572.0,
                -569.0,
                -508.0,
                -435.0,
                -504.0,
                -420.0,
                -428.0,
                -487.0,
                -412.0,
                -397.0,
                -401.0,
                -511.0,
                -463.0,
                -319.0,
                -545.0,
                -526.0,
                -412.0,
                -597.0,
                -516.0,
                -477.0,
                -335.0,
                -437.0,
                -517.0,
                -479.0,
                -518.0,
                -502.0,
                -421.0,
                -616.0,
                -614.0,
                -533.0,
                -340.0,
                -558.0,
                -429.0,
                -315.0,
                -324.0,
                -362.0,
                -483.0,
                -382.0,
                -497.0,
                -412.0,
                -337.0,
                -384.0,
                -444.0,
                -385.0,
                -434.0,
                -377.0,
                -426.0,
                -472.0,
                -407.0,
                -462.0,
                -516.0,
                -308.0,
                -543.0,
                -559.0,
                -331.0,
                -483.0,
                -381.0,
                -525.0,
                -667.0,
                -495.0,
                -544.0,
                -340.0,
                -501.0,
                -341.0,
                -574.0,
                -581.0,
                -376.0,
                -562.0,
                -350.0,
                -202.0,
                -496.0,
                -285.0,
                -529.0,
                -383.0,
                -411.0,
                -411.0,
                -374.0,
                -520.0,
                -412.0,
                -380.0,
                -440.0,
                -401.0,
                -568.0,
                -371.0,
                -374.0,
                -436.0,
                -465.0,
                -504.0,
                -440.0,
                -551.0,
                -461.0,
                -495.0,
                -513.0,
                -368.0,
                -544.0,
                -397.0,
                -553.0
            ],