{
    "custom_metrics": {},
    "episode_media": {},
    "info": {
        "learner": {
            "policy_1": {
                "learner_stats": {
                    "allreduce_latency": 0.0,
                    "grad_gnorm": 1.214612603187561,
                    "cur_kl_coeff": 0.09999999999999998,
                    "cur_lr": 5e-05,
                    "total_loss": 8.724291824572013,
                    "policy_loss": -0.08624368692240254,
                    "vf_loss": 9.602816370761756,
                    "vf_explained_var": 4.009767012162642e-08,
                    "kl": 0.012394099681809252,
                    "entropy": 1.587040567036831,
                    "entropy_coeff": 0.5
                },
                "model": {},
                "custom_metrics": {},
                "num_agent_steps_trained": 121.27272727272727,
                "num_grad_updates_lifetime": 135465.5,
                "diff_num_grad_updates_vs_sampler_policy": 164.5
            },
            "policy_2": {
                "learner_stats": {
                    "allreduce_latency": 0.0,
                    "grad_gnorm": 1.0931023359298706,
                    "cur_kl_coeff": 0.04999999999999999,
                    "cur_lr": 5e-05,
                    "total_loss": 7.897479051532168,
                    "policy_loss": -0.07326871738522173,
                    "vf_loss": 9.592049971493807,
                    "vf_explained_var": -2.0301342010498048e-05,
                    "kl": 0.01020533211661595,
                    "entropy": 1.621812568288861,
                    "entropy_coeff": 1.0
                },
                "model": {},
                "custom_metrics": {},
                "num_agent_steps_trained": 120.81818181818181,
                "num_grad_updates_lifetime": 135465.5,
                "diff_num_grad_updates_vs_sampler_policy": 164.5
            },
            "policy_0": {
                "learner_stats": {
                    "allreduce_latency": 0.0,
                    "grad_gnorm": 4.163397312164307,
                    "cur_kl_coeff": 0.19999999999999996,
                    "cur_lr": 5e-05,
                    "total_loss": 8.800731897354126,
                    "policy_loss": -0.09429937457440025,
                    "vf_loss": 9.024879640521425,
                    "vf_explained_var": -0.00993491808573405,
                    "kl": 0.013172931880001156,
                    "entropy": 1.3248290441252968,
                    "entropy_coeff": 0.09999999999999998
                },
                "model": {},
                "custom_metrics": {},
                "num_agent_steps_trained": 121.54545454545455,
                "num_grad_updates_lifetime": 135465.5,
                "diff_num_grad_updates_vs_sampler_policy": 164.5
            }
        },
        "num_env_steps_sampled": 1644000,
        "num_env_steps_trained": 1644000,
        "num_agent_steps_sampled": 1643998,
        "num_agent_steps_trained": 1643998
    },
    "env_runners": {
        "episode_reward_max": -231.0,
        "episode_reward_min": -613.0,
        "episode_reward_mean": -441.34,
        "episode_len_mean": 143.42,
        "episode_media": {},
        "episodes_timesteps_total": 14342,
        "policy_reward_min": {
            "policy_2": -410.0,
            "policy_0": -390.0,
            "policy_1": -405.0
        },
        "policy_reward_max": {
            "policy_2": -11.0,
            "policy_0": -1.0,
            "policy_1": -16.0
        },
        "policy_reward_mean": {
            "policy_2": -208.96,
            "policy_0": -101.3,
            "policy_1": -131.08
        },
        "custom_metrics": {},
        "hist_stats": {
            "episode_reward": [
                -373.0,
                -471.0,
                -478.0,
                -613.0,
                -414.0,
                -488.0,
                -553.0,
                -542.0,
                -356.0,
                -528.0,
                -372.0,
                -421.0,
                -348.0,
                -563.0,
                -498.0,
                -459.0,
                -364.0,
                -452.0,
                -386.0,
                -424.0,
                -384.0,
                -453.0,
                -476.0,
                -379.0,
                -410.0,
                -346.0,
                -500.0,
                -576.0,
                -418.0,
                -466.0,
                -487.0,
                -504.0,
                -425.0,
                -325.0,
                -380.0,
                -481.0,
                -492.0,
                -448.0,
                -481.0,
                -423.0,
                -273.0,
                -565.0,
                -545.0,
                -544.0,
                -399.0,
                -436.0,
                -411.0,
                -599.0,
                -349.0,
                -411.0,
                -345.0,
                -466.0,
                -423.0,
                -523.0,
                -432.0,
                -540.0,
                -455.0,
                -420.0,
                -486.0,
                -482.0,
                -405.0,
                -231.0,
                -470.0,
                -487.0,
                -494.0,
                -513.0,
                -389.0,
                -416.0,
                -476.0,
                -509.0,
                -468.0,
                -558.0,
                -407.0,
                -448.0,
                -391.0,
                -507.0,
                -412.0,
                -429.0,
                -469.0,
                -241.0,
                -422.0,
                -568.0,
                -591.0,
                -405.0,
                -359.0,
                -564.0,
                -353.0,
                -414.0,
                -490.0,
                -340.0,
                -350.0,
                -472.0,
                -390.0,
                -329.0,
                -455.0,
                -360.0,
                -390.0,
                -420.0,
                -340.0,
                -341.0
            ],