{
    "custom_metrics": {},
    "episode_media": {},
    "info": {
        "learner": {
            "policy_1": {
                "learner_stats": {
                    "allreduce_latency": 0.0,
                    "grad_gnorm": 0.8593509793281555,
                    "cur_kl_coeff": 0.09999999999999998,
                    "cur_lr": 5e-05,
                    "total_loss": 9.006777474374482,
                    "policy_loss": -0.053650455948699154,
                    "vf_loss": 9.870404020945232,
                    "vf_explained_var": -5.061518062244762e-06,
                    "kl": 0.007526835361895888,
                    "entropy": 1.6214576706741795,
                    "entropy_coeff": 0.5
                },
                "model": {},
                "custom_metrics": {},
                "num_agent_steps_trained": 121.63636363636364,
                "num_grad_updates_lifetime": 6765.5,
                "diff_num_grad_updates_vs_sampler_policy": 164.5
            },
            "policy_2": {
                "learner_stats": {
                    "allreduce_latency": 0.0,
                    "grad_gnorm": 0.8403645753860474,
                    "cur_kl_coeff": 0.04999999999999999,
                    "cur_lr": 5e-05,
                    "total_loss": 8.1768445000504,
                    "policy_loss": -0.052397110564351985,
                    "vf_loss": 9.869555002270323,
                    "vf_explained_var": -1.044887484926166e-06,
                    "kl": 0.008496672420892403,
                    "entropy": 1.640738325769251,
                    "entropy_coeff": 1.0
                },
                "model": {},
                "custom_metrics": {},
                "num_agent_steps_trained": 120.54545454545455,
                "num_grad_updates_lifetime": 6765.5,
                "diff_num_grad_updates_vs_sampler_policy": 164.5
            },
            "policy_0": {
                "learner_stats": {
                    "allreduce_latency": 0.0,
                    "grad_gnorm": 0.9475156664848328,
                    "cur_kl_coeff": 0.19999999999999996,
                    "cur_lr": 5e-05,
                    "total_loss": 9.659209736910734,
                    "policy_loss": -0.06083189399470222,
                    "vf_loss": 9.867288985396877,
                    "vf_explained_var": 2.1336656628233014e-06,
                    "kl": 0.009799849476350132,
                    "entropy": 1.4920731410835728,
                    "entropy_coeff": 0.09999999999999998
                },
                "model": {},
                "custom_metrics": {},
                "num_agent_steps_trained": 121.45454545454545,
                "num_grad_updates_lifetime": 6765.5,
                "diff_num_grad_updates_vs_sampler_policy": 164.5
            }
        },
        "num_env_steps_sampled": 84000,
        "num_env_steps_trained": 84000,
        "num_agent_steps_sampled": 83998,
        "num_agent_steps_trained": 83998
    },
    "env_runners": {
        "episode_reward_max": -292.0,
        "episode_reward_min": -684.0,
        "episode_reward_mean": -459.52,
        "episode_len_mean": 143.42,
        "episode_media": {},
        "episodes_timesteps_total": 14342,
        "policy_reward_min": {
            "policy_0": -370.0,
            "policy_1": -460.0,
            "policy_2": -475.0
        },
        "policy_reward_max": {
            "policy_0": -25.0,
            "policy_1": -24.0,
            "policy_2": -21.0
        },
        "policy_reward_mean": {
            "policy_0": -132.79,
            "policy_1": -140.77,
            "policy_2": -185.96
        },
        "custom_metrics": {},
        "hist_stats": {
            "episode_reward": [
                -380.0,
                -447.0,
                -432.0,
                -491.0,
                -350.0,
                -567.0,
                -371.0,
                -490.0,
                -512.0,
                -332.0,
                -308.0,
                -381.0,
                -684.0,
                -463.0,
                -314.0,
                -348.0,
                -398.0,
                -540.0,
                -449.0,
                -417.0,
                -456.0,
                -322.0,
                -441.0,
                -405.0,
                -425.0,
                -462.0,
                -433.0,
                -386.0,
                -547.0,
                -397.0,
                -369.0,
                -388.0,
                -508.0,
                -494.0,
                -444.0,
                -518.0,
                -543.0,
                -436.0,
                -407.0,
                -405.0,
                -466.0,
                -566.0,
                -609.0,
                -486.0,
                -492.0,
                -483.0,
                -546.0,
                -324.0,
                -440.0,
                -575.0,
                -396.0,
                -566.0,
                -387.0,
                -425.0,
                -591.0,
                -596.0,
                -440.0,
                -428.0,
                -427.0,
                -615.0,
                -497.0,
                -584.0,
                -503.0,
                -375.0,
                -393.0,
                -528.0,
                -466.0,
                -500.0,
                -315.0,
                -471.0,
                -493.0,
                -414.0,
                -303.0,
                -499.0,
                -478.0,
                -457.0,
                -533.0,
                -424.0,
                -404.0,
                -292.0,
                -478.0,
                -621.0,
                -619.0,
                -512.0,
                -520.0,
                -581.0,
                -586.0,
                -503.0,
                -493.0,
                -469.0,
                -324.0,
                -631.0,
                -510.0,
                -325.0,
                -305.0,
                -452.0,
                -365.0,
                -431.0,
                -491.0,
                -489.0
            ],