{
    "custom_metrics": {},
    "episode_media": {},
    "info": {
        "learner": {
            "policy_1": {
                "learner_stats": {
                    "allreduce_latency": 0.0,
                    "grad_gnorm": 1.302573800086975,
                    "cur_kl_coeff": 0.09999999999999998,
                    "cur_lr": 5e-05,
                    "total_loss": 8.627850743496056,
                    "policy_loss": -0.09643975457063679,
                    "vf_loss": 9.517806154308897,
                    "vf_explained_var": 0.002233665097843517,
                    "kl": 0.013568709324412318,
                    "entropy": 1.5897450685501098,
                    "entropy_coeff": 0.5
                },
                "model": {},
                "custom_metrics": {},
                "num_agent_steps_trained": 121.0909090909091,
                "num_grad_updates_lifetime": 180015.5,
                "diff_num_grad_updates_vs_sampler_policy": 164.5
            },
            "policy_2": {
                "learner_stats": {
                    "allreduce_latency": 0.0,
                    "grad_gnorm": 1.174318790435791,
                    "cur_kl_coeff": 0.04999999999999999,
                    "cur_lr": 5e-05,
                    "total_loss": 7.796112962202592,
                    "policy_loss": -0.07458016812998915,
                    "vf_loss": 9.500541565634988,
                    "vf_explained_var": -1.806020736694336e-06,
                    "kl": 0.010835237429240401,
                    "entropy": 1.6303902420130643,
                    "entropy_coeff": 1.0
                },
                "model": {},
                "custom_metrics": {},
                "num_agent_steps_trained": 120.18181818181819,
                "num_grad_updates_lifetime": 180015.5,
                "diff_num_grad_updates_vs_sampler_policy": 164.5
            },
            "policy_0": {
                "learner_stats": {
                    "allreduce_latency": 0.0,
                    "grad_gnorm": 2.6758484840393066,
                    "cur_kl_coeff": 0.19999999999999996,
                    "cur_lr": 5e-05,
                    "total_loss": 8.33940710732431,
                    "policy_loss": -0.09432072036575075,
                    "vf_loss": 8.54688904502175,
                    "vf_explained_var": 0.0006291400302540172,
                    "kl": 0.014525883744510902,
                    "entropy": 1.1606640853665091,
                    "entropy_coeff": 0.09999999999999998
                },
                "model": {},
                "custom_metrics": {},
                "num_agent_steps_trained": 122.36363636363636,
                "num_grad_updates_lifetime": 180015.5,
                "diff_num_grad_updates_vs_sampler_policy": 164.5
            }
        },
        "num_env_steps_sampled": 2184000,
        "num_env_steps_trained": 2184000,
        "num_agent_steps_sampled": 2183998,
        "num_agent_steps_trained": 2183998
    },
    "env_runners": {
        "episode_reward_max": -255.0,
        "episode_reward_min": -635.0,
        "episode_reward_mean": -454.3,
        "episode_len_mean": 145.42,
        "episode_media": {},
        "episodes_timesteps_total": 14542,
        "policy_reward_min": {
            "policy_1": -410.0,
            "policy_2": -425.0,
            "policy_0": -395.0
        },
        "policy_reward_max": {
            "policy_1": -15.0,
            "policy_2": -27.0,
            "policy_0": -8.0
        },
        "policy_reward_mean": {
            "policy_1": -156.55,
            "policy_2": -194.91,
            "policy_0": -102.84
        },
        "custom_metrics": {},
        "hist_stats": {
            "episode_reward": [
                -547.0,
                -330.0,
                -411.0,
                -373.0,
                -497.0,
                -441.0,
                -464.0,
                -346.0,
                -467.0,
                -484.0,
                -375.0,
                -445.0,
                -515.0,
                -468.0,
                -489.0,
                -565.0,
                -527.0,
                -525.0,
                -364.0,
                -416.0,
                -526.0,
                -391.0,
                -415.0,
                -469.0,
                -454.0,
                -451.0,
                -405.0,
                -363.0,
                -319.0,
                -424.0,
                -420.0,
                -383.0,
                -448.0,
                -367.0,
                -600.0,
                -550.0,
                -443.0,
                -543.0,
                -385.0,
                -485.0,
                -517.0,
                -593.0,
                -585.0,
                -525.0,
                -391.0,
                -496.0,
                -313.0,
                -469.0,
                -409.0,
                -426.0,
                -422.0,
                -475.0,
                -376.0,
                -442.0,
                -373.0,
                -634.0,
                -341.0,
                -380.0,
                -546.0,
                -379.0,
                -336.0,
                -360.0,
                -427.0,
                -456.0,
                -359.0,
                -421.0,
                -532.0,
                -353.0,
                -412.0,
                -513.0,
                -511.0,
                -599.0,
                -409.0,
                -567.0,
                -341.0,
                -564.0,
                -255.0,
                -518.0,
                -595.0,
                -454.0,
                -483.0,
                -486.0,
                -463.0,
                -496.0,
                -465.0,
                -607.0,
                -318.0,
                -358.0,
                -492.0,
                -560.0,
                -415.0,
                -541.0,
                -635.0,
                -330.0,
                -608.0,
                -417.0,
                -352.0,
                -434.0,
                -571.0,
                -435.0
            ],