{
    "custom_metrics": {},
    "episode_media": {},
    "info": {
        "learner": {
            "policy_1": {
                "learner_stats": {
                    "allreduce_latency": 0.0,
                    "grad_gnorm": 1.2466906309127808,
                    "cur_kl_coeff": 0.09999999999999998,
                    "cur_lr": 5e-05,
                    "total_loss": 9.088958370324336,
                    "policy_loss": -0.0918600119179411,
                    "vf_loss": 9.97838880076553,
                    "vf_explained_var": -1.9795966870857008e-07,
                    "kl": 0.011313471937348956,
                    "entropy": 1.5974036068627329,
                    "entropy_coeff": 0.5
                },
                "model": {},
                "custom_metrics": {},
                "num_agent_steps_trained": 121.45454545454545,
                "num_grad_updates_lifetime": 117315.5,
                "diff_num_grad_updates_vs_sampler_policy": 164.5
            },
            "policy_2": {
                "learner_stats": {
                    "allreduce_latency": 0.0,
                    "grad_gnorm": 1.1189459562301636,
                    "cur_kl_coeff": 0.04999999999999999,
                    "cur_lr": 5e-05,
                    "total_loss": 8.276148202202537,
                    "policy_loss": -0.0779776922398896,
                    "vf_loss": 9.985327474998705,
                    "vf_explained_var": -7.633801662560665e-05,
                    "kl": 0.010471675905017236,
                    "entropy": 1.6317251479986943,
                    "entropy_coeff": 1.0
                },
                "model": {},
                "custom_metrics": {},
                "num_agent_steps_trained": 120.27272727272727,
                "num_grad_updates_lifetime": 117315.5,
                "diff_num_grad_updates_vs_sampler_policy": 164.5
            },
            "policy_0": {
                "learner_stats": {
                    "allreduce_latency": 0.0,
                    "grad_gnorm": 3.547107219696045,
                    "cur_kl_coeff": 0.19999999999999996,
                    "cur_lr": 5e-05,
                    "total_loss": 8.201849616657604,
                    "policy_loss": -0.08982100751194538,
                    "vf_loss": 8.421264486601858,
                    "vf_explained_var": 0.0016343344341624867,
                    "kl": 0.01375759737154795,
                    "entropy": 1.3234535975889725,
                    "entropy_coeff": 0.09999999999999998
                },
                "model": {},
                "custom_metrics": {},
                "num_agent_steps_trained": 121.9090909090909,
                "num_grad_updates_lifetime": 117315.5,
                "diff_num_grad_updates_vs_sampler_policy": 164.5
            }
        },
        "num_env_steps_sampled": 1424000,
        "num_env_steps_trained": 1424000,
        "num_agent_steps_sampled": 1423998,
        "num_agent_steps_trained": 1423998
    },
    "env_runners": {
        "episode_reward_max": -284.0,
        "episode_reward_min": -689.0,
        "episode_reward_mean": -465.39,
        "episode_len_mean": 143.78,
        "episode_media": {},
        "episodes_timesteps_total": 14378,
        "policy_reward_min": {
            "policy_0": -455.0,
            "policy_1": -415.0,
            "policy_2": -410.0
        },
        "policy_reward_max": {
            "policy_0": -7.0,
            "policy_1": -11.0,
            "policy_2": -38.0
        },
        "policy_reward_mean": {
            "policy_0": -106.42,
            "policy_1": -151.05,
            "policy_2": -207.92
        },
        "custom_metrics": {},
        "hist_stats": {
            "episode_reward": [
                -415.0,
                -428.0,
                -511.0,
                -523.0,
                -460.0,
                -413.0,
                -492.0,
                -428.0,
                -519.0,
                -461.0,
                -370.0,
                -513.0,
                -529.0,
                -380.0,
                -408.0,
                -355.0,
                -433.0,
                -442.0,
                -376.0,
                -497.0,
                -298.0,
                -404.0,
                -585.0,
                -479.0,
                -373.0,
                -687.0,
                -520.0,
                -499.0,
                -371.0,
                -534.0,
                -337.0,
                -426.0,
                -456.0,
                -394.0,
                -363.0,
                -538.0,
                -365.0,
                -284.0,
                -469.0,
                -572.0,
                -481.0,
                -559.0,
                -307.0,
                -549.0,
                -477.0,
                -488.0,
                -422.0,
                -486.0,
                -479.0,
                -402.0,
                -378.0,
                -523.0,
                -542.0,
                -649.0,
                -450.0,
                -351.0,
                -564.0,
                -489.0,
                -513.0,
                -514.0,
                -481.0,
                -484.0,
                -689.0,
                -478.0,
                -481.0,
                -460.0,
                -458.0,
                -579.0,
                -545.0,
                -526.0,
                -548.0,
                -532.0,
                -336.0,
                -516.0,
                -428.0,
                -501.0,
                -415.0,
                -463.0,
                -360.0,
                -478.0,
                -420.0,
                -408.0,
                -534.0,
                -474.0,
                -557.0,
                -344.0,
                -588.0,
                -578.0,
                -431.0,
                -533.0,
                -323.0,
                -448.0,
                -352.0,
                -408.0,
                -534.0,
                -389.0,
                -471.0,
                -586.0,
                -462.0,
                -411.0
            ],