{
    "custom_metrics": {},
    "episode_media": {},
    "info": {
        "learner": {
            "policy_1": {
                "learner_stats": {
                    "allreduce_latency": 0.0,
                    "grad_gnorm": 1.360154151916504,
                    "cur_kl_coeff": 0.09999999999999998,
                    "cur_lr": 5e-05,
                    "total_loss": 8.990886641993667,
                    "policy_loss": -0.0998322422023524,
                    "vf_loss": 9.881562597101384,
                    "vf_explained_var": 5.338083614002575e-05,
                    "kl": 0.013107892311218592,
                    "entropy": 1.5843090584783843,
                    "entropy_coeff": 0.5
                },
                "model": {},
                "custom_metrics": {},
                "num_agent_steps_trained": 120.9090909090909,
                "num_grad_updates_lifetime": 237765.5,
                "diff_num_grad_updates_vs_sampler_policy": 164.5
            },
            "policy_2": {
                "learner_stats": {
                    "allreduce_latency": 0.0,
                    "grad_gnorm": 1.1528311967849731,
                    "cur_kl_coeff": 0.04999999999999999,
                    "cur_lr": 5e-05,
                    "total_loss": 8.199454365354596,
                    "policy_loss": -0.06747911383369655,
                    "vf_loss": 9.887152790300775,
                    "vf_explained_var": -3.699100378787879e-06,
                    "kl": 0.009811920457405405,
                    "entropy": 1.6207099502736872,
                    "entropy_coeff": 1.0
                },
                "model": {},
                "custom_metrics": {},
                "num_agent_steps_trained": 120.72727272727273,
                "num_grad_updates_lifetime": 237765.5,
                "diff_num_grad_updates_vs_sampler_policy": 164.5
            },
            "policy_0": {
                "learner_stats": {
                    "allreduce_latency": 0.0,
                    "grad_gnorm": 4.987922668457031,
                    "cur_kl_coeff": 0.19999999999999996,
                    "cur_lr": 5e-05,
                    "total_loss": 8.135173700795029,
                    "policy_loss": -0.11397140025986698,
                    "vf_loss": 8.371921919331406,
                    "vf_explained_var": 0.03921037785934679,
                    "kl": 0.014347351871630344,
                    "entropy": 1.2564623617764674,
                    "entropy_coeff": 0.09999999999999998
                },
                "model": {},
                "custom_metrics": {},
                "num_agent_steps_trained": 122.0,
                "num_grad_updates_lifetime": 237765.5,
                "diff_num_grad_updates_vs_sampler_policy": 164.5
            }
        },
        "num_env_steps_sampled": 2884000,
        "num_env_steps_trained": 2884000,
        "num_agent_steps_sampled": 2883998,
        "num_agent_steps_trained": 2883998
    },
    "env_runners": {
        "episode_reward_max": -276.0,
        "episode_reward_min": -639.0,
        "episode_reward_mean": -454.21,
        "episode_len_mean": 145.48,
        "episode_media": {},
        "episodes_timesteps_total": 14548,
        "policy_reward_min": {
            "policy_2": -395.0,
            "policy_0": -360.0,
            "policy_1": -430.0
        },
        "policy_reward_max": {
            "policy_2": -35.0,
            "policy_0": -11.0,
            "policy_1": -24.0
        },
        "policy_reward_mean": {
            "policy_2": -201.2,
            "policy_0": -102.15,
            "policy_1": -150.86
        },
        "custom_metrics": {},
        "hist_stats": {
            "episode_reward": [
                -483.0,
                -538.0,
                -542.0,
                -559.0,
                -496.0,
                -639.0,
                -425.0,
                -495.0,
                -527.0,
                -477.0,
                -481.0,
                -521.0,
                -387.0,
                -383.0,
                -423.0,
                -358.0,
                -427.0,
                -453.0,
                -387.0,
                -410.0,
                -459.0,
                -430.0,
                -304.0,
                -470.0,
                -607.0,
                -415.0,
                -292.0,
                -289.0,
                -413.0,
                -390.0,
                -500.0,
                -276.0,
                -536.0,
                -468.0,
                -358.0,
                -460.0,
                -427.0,
                -467.0,
                -447.0,
                -500.0,
                -344.0,
                -438.0,
                -467.0,
                -487.0,
                -474.0,
                -383.0,
                -379.0,
                -488.0,
                -445.0,
                -484.0,
                -492.0,
                -428.0,
                -500.0,
                -403.0,
                -376.0,
                -361.0,
                -354.0,
                -404.0,
                -472.0,
                -504.0,
                -468.0,
                -552.0,
                -540.0,
                -555.0,
                -460.0,
                -433.0,
                -480.0,
                -576.0,
                -549.0,
                -281.0,
                -530.0,
                -385.0,
                -429.0,
                -556.0,
                -305.0,
                -577.0,
                -475.0,
                -446.0,
                -385.0,
                -435.0,
                -450.0,
                -413.0,
                -581.0,
                -442.0,
                -345.0,
                -499.0,
                -498.0,
                -456.0,
                -440.0,
                -449.0,
                -523.0,
                -584.0,
                -285.0,
                -500.0,
                -395.0,
                -500.0,
                -477.0,
                -395.0,
                -632.0,
                -538.0
            ],