{
    "custom_metrics": {},
    "episode_media": {},
    "info": {
        "learner": {
            "policy_1": {
                "learner_stats": {
                    "allreduce_latency": 0.0,
                    "grad_gnorm": 1.2634851932525635,
                    "cur_kl_coeff": 0.09999999999999998,
                    "cur_lr": 5e-05,
                    "total_loss": 9.084314042871648,
                    "policy_loss": -0.0984304756801011,
                    "vf_loss": 9.977264629710804,
                    "vf_explained_var": 2.309932853236343e-05,
                    "kl": 0.013439511047047535,
                    "entropy": 1.5917281147205469,
                    "entropy_coeff": 0.5
                },
                "model": {},
                "custom_metrics": {},
                "num_agent_steps_trained": 121.63636363636364,
                "num_grad_updates_lifetime": 166815.5,
                "diff_num_grad_updates_vs_sampler_policy": 164.5
            },
            "policy_2": {
                "learner_stats": {
                    "allreduce_latency": 0.0,
                    "grad_gnorm": 1.1063222885131836,
                    "cur_kl_coeff": 0.04999999999999999,
                    "cur_lr": 5e-05,
                    "total_loss": 8.286117388985375,
                    "policy_loss": -0.07300025399520316,
                    "vf_loss": 9.985795457435376,
                    "vf_explained_var": -3.915844541607481e-07,
                    "kl": 0.010564881377417696,
                    "entropy": 1.6272060990333557,
                    "entropy_coeff": 1.0
                },
                "model": {},
                "custom_metrics": {},
                "num_agent_steps_trained": 120.45454545454545,
                "num_grad_updates_lifetime": 166815.5,
                "diff_num_grad_updates_vs_sampler_policy": 164.5
            },
            "policy_0": {
                "learner_stats": {
                    "allreduce_latency": 0.0,
                    "grad_gnorm": 3.0247867107391357,
                    "cur_kl_coeff": 0.19999999999999996,
                    "cur_lr": 5e-05,
                    "total_loss": 8.51562735673153,
                    "policy_loss": -0.10326338284084517,
                    "vf_loss": 8.734991145856453,
                    "vf_explained_var": 0.023457227511839433,
                    "kl": 0.01409637053024194,
                    "entropy": 1.189197275313464,
                    "entropy_coeff": 0.09999999999999998
                },
                "model": {},
                "custom_metrics": {},
                "num_agent_steps_trained": 121.54545454545455,
                "num_grad_updates_lifetime": 166815.5,
                "diff_num_grad_updates_vs_sampler_policy": 164.5
            }
        },
        "num_env_steps_sampled": 2024000,
        "num_env_steps_trained": 2024000,
        "num_agent_steps_sampled": 2023998,
        "num_agent_steps_trained": 2023998
    },
    "env_runners": {
        "episode_reward_max": -257.0,
        "episode_reward_min": -676.0,
        "episode_reward_mean": -434.04,
        "episode_len_mean": 145.02,
        "episode_media": {},
        "episodes_timesteps_total": 14502,
        "policy_reward_min": {
            "policy_0": -420.0,
            "policy_1": -440.0,
            "policy_2": -475.0
        },
        "policy_reward_max": {
            "policy_0": -9.0,
            "policy_1": -23.0,
            "policy_2": -21.0
        },
        "policy_reward_mean": {
            "policy_0": -89.83,
            "policy_1": -145.82,
            "policy_2": -198.39
        },
        "custom_metrics": {},
        "hist_stats": {
            "episode_reward": [
                -277.0,
                -428.0,
                -373.0,
                -413.0,
                -426.0,
                -498.0,
                -617.0,
                -413.0,
                -364.0,
                -397.0,
                -370.0,
                -553.0,
                -408.0,
                -434.0,
                -348.0,
                -390.0,
                -446.0,
                -309.0,
                -313.0,
                -473.0,
                -552.0,
                -457.0,
                -428.0,
                -549.0,
                -379.0,
                -348.0,
                -470.0,
                -342.0,
                -418.0,
                -497.0,
                -374.0,
                -475.0,
                -455.0,
                -499.0,
                -330.0,
                -340.0,
                -467.0,
                -317.0,
                -396.0,
                -412.0,
                -579.0,
                -443.0,
                -458.0,
                -260.0,
                -425.0,
                -396.0,
                -676.0,
                -257.0,
                -523.0,
                -365.0,
                -335.0,
                -405.0,
                -382.0,
                -483.0,
                -423.0,
                -474.0,
                -493.0,
                -620.0,
                -461.0,
                -464.0,
                -454.0,
                -630.0,
                -377.0,
                -370.0,
                -407.0,
                -436.0,
                -458.0,
                -427.0,
                -324.0,
                -308.0,
                -651.0,
                -391.0,
                -570.0,
                -299.0,
                -479.0,
                -502.0,
                -438.0,
                -385.0,
                -592.0,
                -462.0,
                -559.0,
                -280.0,
                -506.0,
                -312.0,
                -479.0,
                -444.0,
                -641.0,
                -382.0,
                -389.0,
                -291.0,
                -438.0,
                -387.0,
                -572.0,
                -469.0,
                -460.0,
                -380.0,
                -374.0,
                -483.0,
                -539.0,
                -382.0
            ],