{
    "custom_metrics": {},
    "episode_media": {},
    "info": {
        "learner": {
            "policy_1": {
                "learner_stats": {
                    "allreduce_latency": 0.0,
                    "grad_gnorm": 1.1765060424804688,
                    "cur_kl_coeff": 0.09999999999999998,
                    "cur_lr": 5e-05,
                    "total_loss": 9.070858703960072,
                    "policy_loss": -0.09622926449995826,
                    "vf_loss": 9.963658029382879,
                    "vf_explained_var": -3.9646119782418915e-07,
                    "kl": 0.014372837665506516,
                    "entropy": 1.5960147294131193,
                    "entropy_coeff": 0.5
                },
                "model": {},
                "custom_metrics": {},
                "num_agent_steps_trained": 121.72727272727273,
                "num_grad_updates_lifetime": 138765.5,
                "diff_num_grad_updates_vs_sampler_policy": 164.5
            },
            "policy_2": {
                "learner_stats": {
                    "allreduce_latency": 0.0,
                    "grad_gnorm": 1.1243211030960083,
                    "cur_kl_coeff": 0.04999999999999999,
                    "cur_lr": 5e-05,
                    "total_loss": 8.268451580856786,
                    "policy_loss": -0.07335277185352011,
                    "vf_loss": 9.961324914296467,
                    "vf_explained_var": -1.5358130137125652e-05,
                    "kl": 0.011017750830818917,
                    "entropy": 1.6200714241374623,
                    "entropy_coeff": 1.0
                },
                "model": {},
                "custom_metrics": {},
                "num_agent_steps_trained": 120.36363636363636,
                "num_grad_updates_lifetime": 138765.5,
                "diff_num_grad_updates_vs_sampler_policy": 164.5
            },
            "policy_0": {
                "learner_stats": {
                    "allreduce_latency": 0.0,
                    "grad_gnorm": 3.1832194328308105,
                    "cur_kl_coeff": 0.19999999999999996,
                    "cur_lr": 5e-05,
                    "total_loss": 8.793017385945175,
                    "policy_loss": -0.09335746721463334,
                    "vf_loss": 9.005456311774976,
                    "vf_explained_var": 0.04979019797209537,
                    "kl": 0.013501483674486638,
                    "entropy": 1.2178180423649874,
                    "entropy_coeff": 0.09999999999999998
                },
                "model": {},
                "custom_metrics": {},
                "num_agent_steps_trained": 121.54545454545455,
                "num_grad_updates_lifetime": 138765.5,
                "diff_num_grad_updates_vs_sampler_policy": 164.5
            }
        },
        "num_env_steps_sampled": 1684000,
        "num_env_steps_trained": 1684000,
        "num_agent_steps_sampled": 1683998,
        "num_agent_steps_trained": 1683998
    },
    "env_runners": {
        "episode_reward_max": -245.0,
        "episode_reward_min": -655.0,
        "episode_reward_mean": -447.42,
        "episode_len_mean": 146.54,
        "episode_media": {},
        "episodes_timesteps_total": 14654,
        "policy_reward_min": {
            "policy_1": -405.0,
            "policy_2": -485.0,
            "policy_0": -420.0
        },
        "policy_reward_max": {
            "policy_1": -6.0,
            "policy_2": -34.0,
            "policy_0": -9.0
        },
        "policy_reward_mean": {
            "policy_1": -130.78,
            "policy_2": -209.31,
            "policy_0": -107.33
        },
        "custom_metrics": {},
        "hist_stats": {
            "episode_reward": [
                -486.0,
                -631.0,
                -438.0,
                -442.0,
                -460.0,
                -477.0,
                -545.0,
                -445.0,
                -339.0,
                -371.0,
                -617.0,
                -564.0,
                -337.0,
                -475.0,
                -396.0,
                -519.0,
                -518.0,
                -405.0,
                -270.0,
                -424.0,
                -283.0,
                -413.0,
                -443.0,
                -410.0,
                -451.0,
                -464.0,
                -426.0,
                -378.0,
                -522.0,
                -417.0,
                -470.0,
                -458.0,
                -281.0,
                -311.0,
                -334.0,
                -245.0,
                -471.0,
                -421.0,
                -581.0,
                -457.0,
                -396.0,
                -481.0,
                -556.0,
                -438.0,
                -431.0,
                -467.0,
                -381.0,
                -489.0,
                -438.0,
                -564.0,
                -520.0,
                -384.0,
                -447.0,
                -417.0,
                -568.0,
                -493.0,
                -528.0,
                -592.0,
                -384.0,
                -356.0,
                -294.0,
                -347.0,
                -321.0,
                -506.0,
                -385.0,
                -428.0,
                -418.0,
                -427.0,
                -486.0,
                -574.0,
                -655.0,
                -428.0,
                -483.0,
                -509.0,
                -460.0,
                -461.0,
                -367.0,
                -482.0,
                -604.0,
                -440.0,
                -404.0,
                -334.0,
                -503.0,
                -521.0,
                -380.0,
                -510.0,
                -270.0,
                -577.0,
                -340.0,
                -422.0,
                -446.0,
                -465.0,
                -470.0,
                -429.0,
                -419.0,
                -365.0,
                -612.0,
                -468.0,
                -488.0,
                -519.0
            ],