{
    "custom_metrics": {},
    "episode_media": {},
    "info": {
        "learner": {
            "policy_1": {
                "learner_stats": {
                    "allreduce_latency": 0.0,
                    "grad_gnorm": 1.2550649642944336,
                    "cur_kl_coeff": 0.09999999999999998,
                    "cur_lr": 5e-05,
                    "total_loss": 9.013382336587616,
                    "policy_loss": -0.09533351555935841,
                    "vf_loss": 9.901384535702793,
                    "vf_explained_var": -4.0314414284446023e-07,
                    "kl": 0.01329965468610316,
                    "entropy": 1.5879973335699602,
                    "entropy_coeff": 0.5
                },
                "model": {},
                "custom_metrics": {},
                "num_agent_steps_trained": 121.63636363636364,
                "num_grad_updates_lifetime": 148665.5,
                "diff_num_grad_updates_vs_sampler_policy": 164.5
            },
            "policy_2": {
                "learner_stats": {
                    "allreduce_latency": 0.0,
                    "grad_gnorm": 1.1388823986053467,
                    "cur_kl_coeff": 0.04999999999999999,
                    "cur_lr": 5e-05,
                    "total_loss": 8.213662216880104,
                    "policy_loss": -0.0727364486450273,
                    "vf_loss": 9.908522727272727,
                    "vf_explained_var": -7.305181387699012e-06,
                    "kl": 0.008655365676449214,
                    "entropy": 1.622556911092816,
                    "entropy_coeff": 1.0
                },
                "model": {},
                "custom_metrics": {},
                "num_agent_steps_trained": 120.0,
                "num_grad_updates_lifetime": 148665.5,
                "diff_num_grad_updates_vs_sampler_policy": 164.5
            },
            "policy_0": {
                "learner_stats": {
                    "allreduce_latency": 0.0,
                    "grad_gnorm": 2.920320987701416,
                    "cur_kl_coeff": 0.19999999999999996,
                    "cur_lr": 5e-05,
                    "total_loss": 8.788830197941174,
                    "policy_loss": -0.08995470209329418,
                    "vf_loss": 8.996865515275434,
                    "vf_explained_var": 0.013597823995532412,
                    "kl": 0.014231849019563866,
                    "entropy": 1.2092697445190315,
                    "entropy_coeff": 0.09999999999999998
                },
                "model": {},
                "custom_metrics": {},
                "num_agent_steps_trained": 122.0,
                "num_grad_updates_lifetime": 148665.5,
                "diff_num_grad_updates_vs_sampler_policy": 164.5
            }
        },
        "num_env_steps_sampled": 1804000,
        "num_env_steps_trained": 1804000,
        "num_agent_steps_sampled": 1803998,
        "num_agent_steps_trained": 1803998
    },
    "env_runners": {
        "episode_reward_max": -189.0,
        "episode_reward_min": -628.0,
        "episode_reward_mean": -439.62,
        "episode_len_mean": 149.54,
        "episode_media": {},
        "episodes_timesteps_total": 14954,
        "policy_reward_min": {
            "policy_1": -390.0,
            "policy_2": -415.0,
            "policy_0": -345.0
        },
        "policy_reward_max": {
            "policy_1": -23.0,
            "policy_2": -30.0,
            "policy_0": -5.0
        },
        "policy_reward_mean": {
            "policy_1": -141.78,
            "policy_2": -198.22,
            "policy_0": -99.62
        },
        "custom_metrics": {},
        "hist_stats": {
            "episode_reward": [
                -471.0,
                -454.0,
                -515.0,
                -478.0,
                -616.0,
                -474.0,
                -383.0,
                -470.0,
                -377.0,
                -522.0,
                -368.0,
                -550.0,
                -423.0,
                -453.0,
                -353.0,
                -189.0,
                -466.0,
                -339.0,
                -459.0,
                -534.0,
                -515.0,
                -451.0,
                -485.0,
                -446.0,
                -531.0,
                -521.0,
                -366.0,
                -451.0,
                -469.0,
                -472.0,
                -453.0,
                -398.0,
                -628.0,
                -324.0,
                -393.0,
                -475.0,
                -297.0,
                -359.0,
                -339.0,
                -467.0,
                -431.0,
                -475.0,
                -385.0,
                -361.0,
                -419.0,
                -425.0,
                -455.0,
                -447.0,
                -309.0,
                -316.0,
                -418.0,
                -393.0,
                -456.0,
                -499.0,
                -435.0,
                -377.0,
                -381.0,
                -517.0,
                -364.0,
                -501.0,
                -432.0,
                -400.0,
                -463.0,
                -467.0,
                -492.0,
                -433.0,
                -403.0,
                -411.0,
                -414.0,
                -408.0,
                -371.0,
                -378.0,
                -424.0,
                -475.0,
                -365.0,
                -360.0,
                -455.0,
                -407.0,
                -601.0,
                -515.0,
                -603.0,
                -361.0,
                -437.0,
                -441.0,
                -546.0,
                -440.0,
                -447.0,
                -343.0,
                -473.0,
                -387.0,
                -442.0,
                -396.0,
                -513.0,
                -502.0,
                -490.0,
                -482.0,
                -278.0,
                -490.0,
                -494.0,
                -625.0
            ],