{
    "custom_metrics": {},
    "episode_media": {},
    "info": {
        "learner": {
            "policy_1": {
                "learner_stats": {
                    "allreduce_latency": 0.0,
                    "grad_gnorm": 1.3086388111114502,
                    "cur_kl_coeff": 0.09999999999999998,
                    "cur_lr": 5e-05,
                    "total_loss": 9.108957438035445,
                    "policy_loss": -0.09795375652187928,
                    "vf_loss": 9.992897727272727,
                    "vf_explained_var": 0.0002031468983852502,
                    "kl": 0.014553178502366544,
                    "entropy": 1.5748837727488894,
                    "entropy_coeff": 0.5
                },
                "model": {},
                "custom_metrics": {},
                "num_agent_steps_trained": 121.18181818181819,
                "num_grad_updates_lifetime": 308715.5,
                "diff_num_grad_updates_vs_sampler_policy": 164.5
            },
            "policy_2": {
                "learner_stats": {
                    "allreduce_latency": 0.0,
                    "grad_gnorm": 1.1896438598632812,
                    "cur_kl_coeff": 0.04999999999999999,
                    "cur_lr": 5e-05,
                    "total_loss": 8.283095027461197,
                    "policy_loss": -0.07642502036425426,
                    "vf_loss": 9.985438020301588,
                    "vf_explained_var": -3.3971035119258995e-06,
                    "kl": 0.01060994800578631,
                    "entropy": 1.6264485265269424,
                    "entropy_coeff": 1.0
                },
                "model": {},
                "custom_metrics": {},
                "num_agent_steps_trained": 121.0,
                "num_grad_updates_lifetime": 308715.5,
                "diff_num_grad_updates_vs_sampler_policy": 164.5
            },
            "policy_0": {
                "learner_stats": {
                    "allreduce_latency": 0.0,
                    "grad_gnorm": 1.4766677618026733,
                    "cur_kl_coeff": 0.19999999999999996,
                    "cur_lr": 5e-05,
                    "total_loss": 9.587120553218957,
                    "policy_loss": -0.09962578440309065,
                    "vf_loss": 9.800430341200395,
                    "vf_explained_var": -0.015387494997544722,
                    "kl": 0.013656375962860196,
                    "entropy": 1.1641521484562845,
                    "entropy_coeff": 0.09999999999999998
                },
                "model": {},
                "custom_metrics": {},
                "num_agent_steps_trained": 121.45454545454545,
                "num_grad_updates_lifetime": 308715.5,
                "diff_num_grad_updates_vs_sampler_policy": 164.5
            }
        },
        "num_env_steps_sampled": 3744000,
        "num_env_steps_trained": 3744000,
        "num_agent_steps_sampled": 3743998,
        "num_agent_steps_trained": 3743998
    },
    "env_runners": {
        "episode_reward_max": -240.0,
        "episode_reward_min": -650.0,
        "episode_reward_mean": -426.84,
        "episode_len_mean": 143.98,
        "episode_media": {},
        "episodes_timesteps_total": 14398,
        "policy_reward_min": {
            "policy_0": -345.0,
            "policy_1": -420.0,
            "policy_2": -380.0
        },
        "policy_reward_max": {
            "policy_0": -3.0,
            "policy_1": -19.0,
            "policy_2": -24.0
        },
        "policy_reward_mean": {
            "policy_0": -98.46,
            "policy_1": -145.47,
            "policy_2": -182.91
        },
        "custom_metrics": {},
        "hist_stats": {
            "episode_reward": [
                -463.0,
                -362.0,
                -483.0,
                -403.0,
                -650.0,
                -427.0,
                -431.0,
                -391.0,
                -434.0,
                -478.0,
                -477.0,
                -477.0,
                -357.0,
                -455.0,
                -543.0,
                -332.0,
                -414.0,
                -633.0,
                -390.0,
                -376.0,
                -426.0,
                -334.0,
                -357.0,
                -324.0,
                -421.0,
                -356.0,
                -436.0,
                -297.0,
                -386.0,
                -467.0,
                -394.0,
                -399.0,
                -278.0,
                -485.0,
                -406.0,
                -357.0,
                -535.0,
                -378.0,
                -322.0,
                -400.0,
                -499.0,
                -400.0,
                -485.0,
                -410.0,
                -488.0,
                -408.0,
                -273.0,
                -508.0,
                -292.0,
                -474.0,
                -583.0,
                -488.0,
                -461.0,
                -459.0,
                -361.0,
                -445.0,
                -325.0,
                -433.0,
                -472.0,
                -436.0,
                -470.0,
                -379.0,
                -416.0,
                -448.0,
                -481.0,
                -240.0,
                -420.0,
                -524.0,
                -423.0,
                -371.0,
                -310.0,
                -444.0,
                -352.0,
                -490.0,
                -625.0,
                -465.0,
                -346.0,
                -403.0,
                -487.0,
                -336.0,
                -296.0,
                -347.0,
                -418.0,
                -353.0,
                -552.0,
                -555.0,
                -447.0,
                -337.0,
                -480.0,
                -479.0,
                -378.0,
                -492.0,
                -337.0,
                -398.0,
                -372.0,
                -564.0,
                -427.0,
                -543.0,
                -564.0,
                -481.0
            ],