{
    "custom_metrics": {},
    "episode_media": {},
    "info": {
        "learner": {
            "policy_1": {
                "learner_stats": {
                    "allreduce_latency": 0.0,
                    "grad_gnorm": 1.2887579202651978,
                    "cur_kl_coeff": 0.09999999999999998,
                    "cur_lr": 5e-05,
                    "total_loss": 9.042692146879254,
                    "policy_loss": -0.09155538959823775,
                    "vf_loss": 9.925627243157589,
                    "vf_explained_var": -0.0002259545253984856,
                    "kl": 0.013874182240921197,
                    "entropy": 1.5855343547734346,
                    "entropy_coeff": 0.5
                },
                "model": {},
                "custom_metrics": {},
                "num_agent_steps_trained": 121.18181818181819,
                "num_grad_updates_lifetime": 226215.5,
                "diff_num_grad_updates_vs_sampler_policy": 164.5
            },
            "policy_2": {
                "learner_stats": {
                    "allreduce_latency": 0.0,
                    "grad_gnorm": 1.1785805225372314,
                    "cur_kl_coeff": 0.04999999999999999,
                    "cur_lr": 5e-05,
                    "total_loss": 8.227822283542517,
                    "policy_loss": -0.07759483927000088,
                    "vf_loss": 9.9324638597893,
                    "vf_explained_var": -1.7975315903172348e-06,
                    "kl": 0.01108604501841841,
                    "entropy": 1.627601070837541,
                    "entropy_coeff": 1.0
                },
                "model": {},
                "custom_metrics": {},
                "num_agent_steps_trained": 120.36363636363636,
                "num_grad_updates_lifetime": 226215.5,
                "diff_num_grad_updates_vs_sampler_policy": 164.5
            },
            "policy_0": {
                "learner_stats": {
                    "allreduce_latency": 0.0,
                    "grad_gnorm": 3.5270841121673584,
                    "cur_kl_coeff": 0.19999999999999996,
                    "cur_lr": 5e-05,
                    "total_loss": 8.916793605053064,
                    "policy_loss": -0.09548010968349196,
                    "vf_loss": 9.120252695950596,
                    "vf_explained_var": 0.0013236419721083207,
                    "kl": 0.014468816574990603,
                    "entropy": 1.1087277235406818,
                    "entropy_coeff": 0.09999999999999998
                },
                "model": {},
                "custom_metrics": {},
                "num_agent_steps_trained": 122.0909090909091,
                "num_grad_updates_lifetime": 226215.5,
                "diff_num_grad_updates_vs_sampler_policy": 164.5
            }
        },
        "num_env_steps_sampled": 2744000,
        "num_env_steps_trained": 2744000,
        "num_agent_steps_sampled": 2743998,
        "num_agent_steps_trained": 2743998
    },
    "env_runners": {
        "episode_reward_max": -158.0,
        "episode_reward_min": -637.0,
        "episode_reward_mean": -451.01,
        "episode_len_mean": 146.66,
        "episode_media": {},
        "episodes_timesteps_total": 14666,
        "policy_reward_min": {
            "policy_0": -370.0,
            "policy_1": -445.0,
            "policy_2": -445.0
        },
        "policy_reward_max": {
            "policy_0": 9.0,
            "policy_1": -25.0,
            "policy_2": -32.0
        },
        "policy_reward_mean": {
            "policy_0": -91.25,
            "policy_1": -162.13,
            "policy_2": -197.63
        },
        "custom_metrics": {},
        "hist_stats": {
            "episode_reward": [
                -538.0,
                -407.0,
                -398.0,
                -459.0,
                -419.0,
                -345.0,
                -496.0,
                -522.0,
                -514.0,
                -413.0,
                -470.0,
                -471.0,
                -353.0,
                -519.0,
                -476.0,
                -547.0,
                -286.0,
                -295.0,
                -556.0,
                -370.0,
                -158.0,
                -404.0,
                -434.0,
                -454.0,
                -364.0,
                -507.0,
                -453.0,
                -468.0,
                -390.0,
                -395.0,
                -430.0,
                -580.0,
                -460.0,
                -253.0,
                -510.0,
                -347.0,
                -367.0,
                -374.0,
                -637.0,
                -477.0,
                -511.0,
                -515.0,
                -511.0,
                -541.0,
                -602.0,
                -482.0,
                -505.0,
                -541.0,
                -518.0,
                -379.0,
                -271.0,
                -580.0,
                -449.0,
                -413.0,
                -431.0,
                -614.0,
                -457.0,
                -585.0,
                -421.0,
                -435.0,
                -525.0,
                -391.0,
                -366.0,
                -440.0,
                -411.0,
                -346.0,
                -281.0,
                -317.0,
                -332.0,
                -542.0,
                -464.0,
                -541.0,
                -535.0,
                -533.0,
                -289.0,
                -473.0,
                -458.0,
                -484.0,
                -526.0,
                -546.0,
                -548.0,
                -324.0,
                -365.0,
                -531.0,
                -449.0,
                -434.0,
                -469.0,
                -595.0,
                -513.0,
                -560.0,
                -543.0,
                -394.0,
                -528.0,
                -368.0,
                -418.0,
                -349.0,
                -501.0,
                -402.0,
                -459.0,
                -474.0
            ],