{
    "custom_metrics": {},
    "episode_media": {},
    "info": {
        "learner": {
            "policy_1": {
                "learner_stats": {
                    "allreduce_latency": 0.0,
                    "grad_gnorm": 0.9642144441604614,
                    "cur_kl_coeff": 0.09999999999999998,
                    "cur_lr": 5e-05,
                    "total_loss": 8.8497226339398,
                    "policy_loss": -0.06587051309391179,
                    "vf_loss": 9.710945811416163,
                    "vf_explained_var": -2.5265144579338306e-06,
                    "kl": 0.011193475913351202,
                    "entropy": 1.5929440061251323,
                    "entropy_coeff": 0.5
                },
                "model": {},
                "custom_metrics": {},
                "num_agent_steps_trained": 121.54545454545455,
                "num_grad_updates_lifetime": 18315.5,
                "diff_num_grad_updates_vs_sampler_policy": 164.5
            },
            "policy_2": {
                "learner_stats": {
                    "allreduce_latency": 0.0,
                    "grad_gnorm": 0.9376021027565002,
                    "cur_kl_coeff": 0.04999999999999999,
                    "cur_lr": 5e-05,
                    "total_loss": 8.036087010123513,
                    "policy_loss": -0.05870398640717295,
                    "vf_loss": 9.72094529469808,
                    "vf_explained_var": 1.7845269405480588e-07,
                    "kl": 0.00776503370886562,
                    "entropy": 1.626542659961816,
                    "entropy_coeff": 1.0
                },
                "model": {},
                "custom_metrics": {},
                "num_agent_steps_trained": 120.36363636363636,
                "num_grad_updates_lifetime": 18315.5,
                "diff_num_grad_updates_vs_sampler_policy": 164.5
            },
            "policy_0": {
                "learner_stats": {
                    "allreduce_latency": 0.0,
                    "grad_gnorm": 1.2191493511199951,
                    "cur_kl_coeff": 0.19999999999999996,
                    "cur_lr": 5e-05,
                    "total_loss": 9.497897645198938,
                    "policy_loss": -0.06902448839338665,
                    "vf_loss": 9.70791725100893,
                    "vf_explained_var": -0.0029726198225310356,
                    "kl": 0.010463615606236081,
                    "entropy": 1.430878466909582,
                    "entropy_coeff": 0.09999999999999998
                },
                "model": {},
                "custom_metrics": {},
                "num_agent_steps_trained": 121.72727272727273,
                "num_grad_updates_lifetime": 18315.5,
                "diff_num_grad_updates_vs_sampler_policy": 164.5
            }
        },
        "num_env_steps_sampled": 224000,
        "num_env_steps_trained": 224000,
        "num_agent_steps_sampled": 223998,
        "num_agent_steps_trained": 223998
    },
    "env_runners": {
        "episode_reward_max": -242.0,
        "episode_reward_min": -638.0,
        "episode_reward_mean": -433.95,
        "episode_len_mean": 150.28,
        "episode_media": {},
        "episodes_timesteps_total": 15028,
        "policy_reward_min": {
            "policy_2": -415.0,
            "policy_0": -385.0,
            "policy_1": -375.0
        },
        "policy_reward_max": {
            "policy_2": -17.0,
            "policy_0": -18.0,
            "policy_1": -23.0
        },
        "policy_reward_mean": {
            "policy_2": -181.29,
            "policy_0": -116.01,
            "policy_1": -136.65
        },
        "custom_metrics": {},
        "hist_stats": {
            "episode_reward": [
                -595.0,
                -517.0,
                -420.0,
                -513.0,
                -529.0,
                -450.0,
                -389.0,
                -452.0,
                -350.0,
                -570.0,
                -455.0,
                -377.0,
                -442.0,
                -393.0,
                -249.0,
                -400.0,
                -355.0,
                -623.0,
                -407.0,
                -397.0,
                -521.0,
                -482.0,
                -548.0,
                -638.0,
                -394.0,
                -459.0,
                -507.0,
                -452.0,
                -443.0,
                -497.0,
                -362.0,
                -410.0,
                -399.0,
                -483.0,
                -388.0,
                -602.0,
                -448.0,
                -443.0,
                -486.0,
                -278.0,
                -556.0,
                -496.0,
                -366.0,
                -494.0,
                -400.0,
                -362.0,
                -495.0,
                -519.0,
                -469.0,
                -392.0,
                -329.0,
                -422.0,
                -403.0,
                -346.0,
                -495.0,
                -467.0,
                -453.0,
                -419.0,
                -242.0,
                -369.0,
                -347.0,
                -422.0,
                -489.0,
                -278.0,
                -440.0,
                -443.0,
                -405.0,
                -492.0,
                -595.0,
                -416.0,
                -500.0,
                -537.0,
                -471.0,
                -526.0,
                -414.0,
                -371.0,
                -430.0,
                -438.0,
                -509.0,
                -338.0,
                -451.0,
                -448.0,
                -478.0,
                -434.0,
                -438.0,
                -436.0,
                -268.0,
                -434.0,
                -320.0,
                -463.0,
                -433.0,
                -299.0,
                -295.0,
                -421.0,
                -394.0,
                -310.0,
                -440.0,
                -448.0,
                -413.0,
                -294.0
            ],