{
    "custom_metrics": {},
    "episode_media": {},
    "info": {
        "learner": {
            "policy_1": {
                "learner_stats": {
                    "allreduce_latency": 0.0,
                    "grad_gnorm": 1.2035192251205444,
                    "cur_kl_coeff": 0.09999999999999998,
                    "cur_lr": 5e-05,
                    "total_loss": 9.105562331459739,
                    "policy_loss": -0.09534761944475273,
                    "vf_loss": 9.992209359371302,
                    "vf_explained_var": 0.002321336486122825,
                    "kl": 0.014064090109526065,
                    "entropy": 1.5854116728811554,
                    "entropy_coeff": 0.5
                },
                "model": {},
                "custom_metrics": {},
                "num_agent_steps_trained": 122.27272727272727,
                "num_grad_updates_lifetime": 178365.5,
                "diff_num_grad_updates_vs_sampler_policy": 164.5
            },
            "policy_2": {
                "learner_stats": {
                    "allreduce_latency": 0.0,
                    "grad_gnorm": 1.1636828184127808,
                    "cur_kl_coeff": 0.04999999999999999,
                    "cur_lr": 5e-05,
                    "total_loss": 8.29929911584565,
                    "policy_loss": -0.0753996912827433,
                    "vf_loss": 9.98428838036277,
                    "vf_explained_var": 3.2491756208015213e-06,
                    "kl": 0.011275833358015944,
                    "entropy": 1.610153318535198,
                    "entropy_coeff": 1.0
                },
                "model": {},
                "custom_metrics": {},
                "num_agent_steps_trained": 120.0909090909091,
                "num_grad_updates_lifetime": 178365.5,
                "diff_num_grad_updates_vs_sampler_policy": 164.5
            },
            "policy_0": {
                "learner_stats": {
                    "allreduce_latency": 0.0,
                    "grad_gnorm": 1.5003701448440552,
                    "cur_kl_coeff": 0.19999999999999996,
                    "cur_lr": 5e-05,
                    "total_loss": 9.769468087861032,
                    "policy_loss": -0.10615157477106109,
                    "vf_loss": 9.992951531843705,
                    "vf_explained_var": -0.003980447306777492,
                    "kl": 0.01694971597060996,
                    "entropy": 1.2072176991087018,
                    "entropy_coeff": 0.09999999999999998
                },
                "model": {},
                "custom_metrics": {},
                "num_agent_steps_trained": 121.27272727272727,
                "num_grad_updates_lifetime": 178365.5,
                "diff_num_grad_updates_vs_sampler_policy": 164.5
            }
        },
        "num_env_steps_sampled": 2164000,
        "num_env_steps_trained": 2164000,
        "num_agent_steps_sampled": 2163998,
        "num_agent_steps_trained": 2163998
    },
    "env_runners": {
        "episode_reward_max": -213.0,
        "episode_reward_min": -634.0,
        "episode_reward_mean": -443.19,
        "episode_len_mean": 140.84,
        "episode_media": {},
        "episodes_timesteps_total": 14084,
        "policy_reward_min": {
            "policy_2": -405.0,
            "policy_0": -405.0,
            "policy_1": -455.0
        },
        "policy_reward_max": {
            "policy_2": -34.0,
            "policy_0": -7.0,
            "policy_1": -26.0
        },
        "policy_reward_mean": {
            "policy_2": -212.54,
            "policy_0": -94.98,
            "policy_1": -135.67
        },
        "custom_metrics": {},
        "hist_stats": {
            "episode_reward": [
                -412.0,
                -524.0,
                -474.0,
                -433.0,
                -415.0,
                -275.0,
                -482.0,
                -381.0,
                -547.0,
                -464.0,
                -292.0,
                -454.0,
                -277.0,
                -525.0,
                -491.0,
                -510.0,
                -319.0,
                -509.0,
                -566.0,
                -530.0,
                -595.0,
                -477.0,
                -439.0,
                -592.0,
                -522.0,
                -580.0,
                -513.0,
                -419.0,
                -521.0,
                -520.0,
                -537.0,
                -213.0,
                -491.0,
                -502.0,
                -478.0,
                -353.0,
                -399.0,
                -596.0,
                -567.0,
                -291.0,
                -455.0,
                -223.0,
                -412.0,
                -358.0,
                -332.0,
                -481.0,
                -447.0,
                -217.0,
                -342.0,
                -428.0,
                -362.0,
                -634.0,
                -291.0,
                -391.0,
                -382.0,
                -356.0,
                -366.0,
                -303.0,
                -428.0,
                -511.0,
                -441.0,
                -491.0,
                -483.0,
                -470.0,
                -338.0,
                -309.0,
                -431.0,
                -491.0,
                -521.0,
                -489.0,
                -408.0,
                -503.0,
                -623.0,
                -299.0,
                -518.0,
                -344.0,
                -485.0,
                -435.0,
                -466.0,
                -592.0,
                -544.0,
                -337.0,
                -410.0,
                -284.0,
                -346.0,
                -546.0,
                -396.0,
                -333.0,
                -470.0,
                -577.0,
                -358.0,
                -573.0,
                -484.0,
                -427.0,
                -421.0,
                -431.0,
                -523.0,
                -491.0,
                -529.0,
                -498.0
            ],