{
    "custom_metrics": {},
    "episode_media": {},
    "info": {
        "learner": {
            "policy_1": {
                "learner_stats": {
                    "allreduce_latency": 0.0,
                    "grad_gnorm": 1.2951442003250122,
                    "cur_kl_coeff": 0.09999999999999998,
                    "cur_lr": 5e-05,
                    "total_loss": 9.06024522781372,
                    "policy_loss": -0.09373076164982085,
                    "vf_loss": 9.947335251894865,
                    "vf_explained_var": 0.0002613513758688262,
                    "kl": 0.013138805908473026,
                    "entropy": 1.5893463481556285,
                    "entropy_coeff": 0.5
                },
                "model": {},
                "custom_metrics": {},
                "num_agent_steps_trained": 121.54545454545455,
                "num_grad_updates_lifetime": 224565.5,
                "diff_num_grad_updates_vs_sampler_policy": 164.5
            },
            "policy_2": {
                "learner_stats": {
                    "allreduce_latency": 0.0,
                    "grad_gnorm": 1.1414281129837036,
                    "cur_kl_coeff": 0.04999999999999999,
                    "cur_lr": 5e-05,
                    "total_loss": 8.245116285844283,
                    "policy_loss": -0.08090655979926162,
                    "vf_loss": 9.948068185286088,
                    "vf_explained_var": -5.888216423265862e-07,
                    "kl": 0.010645786320967604,
                    "entropy": 1.6225776300285801,
                    "entropy_coeff": 1.0
                },
                "model": {},
                "custom_metrics": {},
                "num_agent_steps_trained": 120.9090909090909,
                "num_grad_updates_lifetime": 224565.5,
                "diff_num_grad_updates_vs_sampler_policy": 164.5
            },
            "policy_0": {
                "learner_stats": {
                    "allreduce_latency": 0.0,
                    "grad_gnorm": 1.8592092990875244,
                    "cur_kl_coeff": 0.19999999999999996,
                    "cur_lr": 5e-05,
                    "total_loss": 9.41894701755408,
                    "policy_loss": -0.09749627100474864,
                    "vf_loss": 9.613417050332734,
                    "vf_explained_var": -0.007631623383724328,
                    "kl": 0.01622025413408102,
                    "entropy": 1.002178545070417,
                    "entropy_coeff": 0.09999999999999998
                },
                "model": {},
                "custom_metrics": {},
                "num_agent_steps_trained": 121.18181818181819,
                "num_grad_updates_lifetime": 224565.5,
                "diff_num_grad_updates_vs_sampler_policy": 164.5
            }
        },
        "num_env_steps_sampled": 2724000,
        "num_env_steps_trained": 2724000,
        "num_agent_steps_sampled": 2723998,
        "num_agent_steps_trained": 2723998
    },
    "env_runners": {
        "episode_reward_max": -202.0,
        "episode_reward_min": -734.0,
        "episode_reward_mean": -435.6,
        "episode_len_mean": 150.2,
        "episode_media": {},
        "episodes_timesteps_total": 15020,
        "policy_reward_min": {
            "policy_0": -425.0,
            "policy_1": -390.0,
            "policy_2": -445.0
        },
        "policy_reward_max": {
            "policy_0": 3.0,
            "policy_1": -15.0,
            "policy_2": -33.0
        },
        "policy_reward_mean": {
            "policy_0": -85.95,
            "policy_1": -146.71,
            "policy_2": -202.94
        },
        "custom_metrics": {},
        "hist_stats": {
            "episode_reward": [
                -489.0,
                -295.0,
                -475.0,
                -554.0,
                -482.0,
                -420.0,
                -520.0,
                -416.0,
                -391.0,
                -358.0,
                -441.0,
                -462.0,
                -392.0,
                -361.0,
                -347.0,
                -434.0,
                -423.0,
                -374.0,
                -432.0,
                -447.0,
                -318.0,
                -503.0,
                -493.0,
                -426.0,
                -320.0,
                -347.0,
                -574.0,
                -594.0,
                -381.0,
                -537.0,
                -320.0,
                -336.0,
                -364.0,
                -457.0,
                -454.0,
                -539.0,
                -479.0,
                -347.0,
                -462.0,
                -470.0,
                -282.0,
                -508.0,
                -422.0,
                -564.0,
                -342.0,
                -613.0,
                -388.0,
                -539.0,
                -406.0,
                -447.0,
                -399.0,
                -541.0,
                -333.0,
                -336.0,
                -491.0,
                -467.0,
                -463.0,
                -450.0,
                -734.0,
                -449.0,
                -424.0,
                -325.0,
                -377.0,
                -515.0,
                -523.0,
                -488.0,
                -552.0,
                -381.0,
                -453.0,
                -330.0,
                -259.0,
                -521.0,
                -384.0,
                -540.0,
                -476.0,
                -479.0,
                -458.0,
                -498.0,
                -202.0,
                -397.0,
                -475.0,
                -378.0,
                -453.0,
                -496.0,
                -397.0,
                -335.0,
                -308.0,
                -521.0,
                -497.0,
                -519.0,
                -463.0,
                -414.0,
                -350.0,
                -439.0,
                -513.0,
                -463.0,
                -477.0,
                -269.0,
                -327.0,
                -476.0
            ],