{
    "custom_metrics": {},
    "episode_media": {},
    "info": {
        "learner": {
            "policy_1": {
                "learner_stats": {
                    "allreduce_latency": 0.0,
                    "grad_gnorm": 1.279574990272522,
                    "cur_kl_coeff": 0.09999999999999998,
                    "cur_lr": 5e-05,
                    "total_loss": 9.081284748424183,
                    "policy_loss": -0.09175508622870301,
                    "vf_loss": 9.9694811445294,
                    "vf_explained_var": 0.007083480827736132,
                    "kl": 0.012935501801579413,
                    "entropy": 1.5954697930451596,
                    "entropy_coeff": 0.5
                },
                "model": {},
                "custom_metrics": {},
                "num_agent_steps_trained": 121.45454545454545,
                "num_grad_updates_lifetime": 183315.5,
                "diff_num_grad_updates_vs_sampler_policy": 164.5
            },
            "policy_2": {
                "learner_stats": {
                    "allreduce_latency": 0.0,
                    "grad_gnorm": 1.1558375358581543,
                    "cur_kl_coeff": 0.04999999999999999,
                    "cur_lr": 5e-05,
                    "total_loss": 8.261693593227502,
                    "policy_loss": -0.07401018430986865,
                    "vf_loss": 9.961164780819054,
                    "vf_explained_var": 1.8820618138168798e-07,
                    "kl": 0.009879995840287566,
                    "entropy": 1.6259550018744036,
                    "entropy_coeff": 1.0
                },
                "model": {},
                "custom_metrics": {},
                "num_agent_steps_trained": 120.9090909090909,
                "num_grad_updates_lifetime": 183315.5,
                "diff_num_grad_updates_vs_sampler_policy": 164.5
            },
            "policy_0": {
                "learner_stats": {
                    "allreduce_latency": 0.0,
                    "grad_gnorm": 3.6721994876861572,
                    "cur_kl_coeff": 0.19999999999999996,
                    "cur_lr": 5e-05,
                    "total_loss": 8.119747536110156,
                    "policy_loss": -0.10141062713369275,
                    "vf_loss": 8.340587850050493,
                    "vf_explained_var": -0.06310817816040733,
                    "kl": 0.015159492212447478,
                    "entropy": 1.2246158961093787,
                    "entropy_coeff": 0.09999999999999998
                },
                "model": {},
                "custom_metrics": {},
                "num_agent_steps_trained": 121.27272727272727,
                "num_grad_updates_lifetime": 183315.5,
                "diff_num_grad_updates_vs_sampler_policy": 164.5
            }
        },
        "num_env_steps_sampled": 2224000,
        "num_env_steps_trained": 2224000,
        "num_agent_steps_sampled": 2223998,
        "num_agent_steps_trained": 2223998
    },
    "env_runners": {
        "episode_reward_max": -224.0,
        "episode_reward_min": -678.0,
        "episode_reward_mean": -439.91,
        "episode_len_mean": 147.68,
        "episode_media": {},
        "episodes_timesteps_total": 14768,
        "policy_reward_min": {
            "policy_0": -365.0,
            "policy_1": -400.0,
            "policy_2": -495.0
        },
        "policy_reward_max": {
            "policy_0": -9.0,
            "policy_1": -25.0,
            "policy_2": -30.0
        },
        "policy_reward_mean": {
            "policy_0": -93.04,
            "policy_1": -146.46,
            "policy_2": -200.41
        },
        "custom_metrics": {},
        "hist_stats": {
            "episode_reward": [
                -359.0,
                -498.0,
                -342.0,
                -562.0,
                -571.0,
                -418.0,
                -390.0,
                -488.0,
                -358.0,
                -490.0,
                -538.0,
                -420.0,
                -379.0,
                -429.0,
                -478.0,
                -370.0,
                -376.0,
                -321.0,
                -541.0,
                -481.0,
                -446.0,
                -299.0,
                -545.0,
                -415.0,
                -463.0,
                -480.0,
                -367.0,
                -331.0,
                -473.0,
                -224.0,
                -303.0,
                -324.0,
                -483.0,
                -465.0,
                -555.0,
                -361.0,
                -514.0,
                -517.0,
                -387.0,
                -469.0,
                -487.0,
                -303.0,
                -336.0,
                -293.0,
                -485.0,
                -600.0,
                -432.0,
                -417.0,
                -678.0,
                -407.0,
                -577.0,
                -341.0,
                -265.0,
                -591.0,
                -431.0,
                -406.0,
                -429.0,
                -552.0,
                -513.0,
                -322.0,
                -336.0,
                -374.0,
                -466.0,
                -519.0,
                -461.0,
                -563.0,
                -567.0,
                -385.0,
                -293.0,
                -383.0,
                -387.0,
                -469.0,
                -257.0,
                -408.0,
                -396.0,
                -415.0,
                -426.0,
                -657.0,
                -408.0,
                -483.0,
                -575.0,
                -593.0,
                -364.0,
                -592.0,
                -339.0,
                -446.0,
                -416.0,
                -512.0,
                -280.0,
                -329.0,
                -357.0,
                -485.0,
                -528.0,
                -360.0,
                -417.0,
                -554.0,
                -505.0,
                -437.0,
                -517.0,
                -637.0
            ],