{
    "custom_metrics": {},
    "episode_media": {},
    "info": {
        "learner": {
            "policy_1": {
                "learner_stats": {
                    "allreduce_latency": 0.0,
                    "grad_gnorm": 1.3029519319534302,
                    "cur_kl_coeff": 0.09999999999999998,
                    "cur_lr": 5e-05,
                    "total_loss": 9.049251330982555,
                    "policy_loss": -0.0863087922334671,
                    "vf_loss": 9.924952651515152,
                    "vf_explained_var": 3.3519665400187175e-05,
                    "kl": 0.011426573462891252,
                    "entropy": 1.5810704476905593,
                    "entropy_coeff": 0.5
                },
                "model": {},
                "custom_metrics": {},
                "num_agent_steps_trained": 122.18181818181819,
                "num_grad_updates_lifetime": 283965.5,
                "diff_num_grad_updates_vs_sampler_policy": 164.5
            },
            "policy_2": {
                "learner_stats": {
                    "allreduce_latency": 0.0,
                    "grad_gnorm": 1.2136834859848022,
                    "cur_kl_coeff": 0.04999999999999999,
                    "cur_lr": 5e-05,
                    "total_loss": 8.228078511266997,
                    "policy_loss": -0.07396494211659019,
                    "vf_loss": 9.931033195148816,
                    "vf_explained_var": -4.2422251267866654e-06,
                    "kl": 0.009472547271304761,
                    "entropy": 1.629463364499988,
                    "entropy_coeff": 1.0
                },
                "model": {},
                "custom_metrics": {},
                "num_agent_steps_trained": 119.81818181818181,
                "num_grad_updates_lifetime": 283965.5,
                "diff_num_grad_updates_vs_sampler_policy": 164.5
            },
            "policy_0": {
                "learner_stats": {
                    "allreduce_latency": 0.0,
                    "grad_gnorm": 4.070043087005615,
                    "cur_kl_coeff": 0.19999999999999996,
                    "cur_lr": 5e-05,
                    "total_loss": 7.544703941634207,
                    "policy_loss": -0.0989102680991037,
                    "vf_loss": 7.73500904603438,
                    "vf_explained_var": 0.05405952767892317,
                    "kl": 0.012587557930217656,
                    "entropy": 0.9391233171477462,
                    "entropy_coeff": 0.09999999999999998
                },
                "model": {},
                "custom_metrics": {},
                "num_agent_steps_trained": 121.63636363636364,
                "num_grad_updates_lifetime": 283965.5,
                "diff_num_grad_updates_vs_sampler_policy": 164.5
            }
        },
        "num_env_steps_sampled": 3444000,
        "num_env_steps_trained": 3444000,
        "num_agent_steps_sampled": 3443998,
        "num_agent_steps_trained": 3443998
    },
    "env_runners": {
        "episode_reward_max": -228.0,
        "episode_reward_min": -702.0,
        "episode_reward_mean": -430.4,
        "episode_len_mean": 150.82,
        "episode_media": {},
        "episodes_timesteps_total": 15082,
        "policy_reward_min": {
            "policy_0": -405.0,
            "policy_1": -415.0,
            "policy_2": -390.0
        },
        "policy_reward_max": {
            "policy_0": -9.0,
            "policy_1": -26.0,
            "policy_2": -36.0
        },
        "policy_reward_mean": {
            "policy_0": -92.78,
            "policy_1": -139.64,
            "policy_2": -197.98
        },
        "custom_metrics": {},
        "hist_stats": {
            "episode_reward": [
                -555.0,
                -432.0,
                -330.0,
                -519.0,
                -442.0,
                -506.0,
                -396.0,
                -517.0,
                -395.0,
                -478.0,
                -519.0,
                -584.0,
                -480.0,
                -471.0,
                -358.0,
                -458.0,
                -409.0,
                -310.0,
                -466.0,
                -346.0,
                -526.0,
                -357.0,
                -499.0,
                -430.0,
                -479.0,
                -471.0,
                -329.0,
                -483.0,
                -399.0,
                -406.0,
                -324.0,
                -422.0,
                -526.0,
                -569.0,
                -348.0,
                -436.0,
                -457.0,
                -411.0,
                -414.0,
                -702.0,
                -446.0,
                -558.0,
                -580.0,
                -304.0,
                -399.0,
                -409.0,
                -306.0,
                -288.0,
                -539.0,
                -450.0,
                -346.0,
                -494.0,
                -551.0,
                -414.0,
                -466.0,
                -322.0,
                -373.0,
                -337.0,
                -308.0,
                -532.0,
                -597.0,
                -581.0,
                -406.0,
                -339.0,
                -389.0,
                -591.0,
                -341.0,
                -551.0,
                -494.0,
                -459.0,
                -262.0,
                -423.0,
                -547.0,
                -310.0,
                -561.0,
                -478.0,
                -439.0,
                -327.0,
                -449.0,
                -376.0,
                -399.0,
                -455.0,
                -306.0,
                -389.0,
                -454.0,
                -530.0,
                -381.0,
                -331.0,
                -303.0,
                -557.0,
                -228.0,
                -434.0,
                -411.0,
                -377.0,
                -290.0,
                -353.0,
                -357.0,
                -426.0,
                -483.0,
                -275.0
            ],