{
    "custom_metrics": {},
    "episode_media": {},
    "info": {
        "learner": {
            "policy_1": {
                "learner_stats": {
                    "allreduce_latency": 0.0,
                    "grad_gnorm": 1.2613530158996582,
                    "cur_kl_coeff": 0.09999999999999998,
                    "cur_lr": 5e-05,
                    "total_loss": 9.046667720332291,
                    "policy_loss": -0.08707018870803894,
                    "vf_loss": 9.919220999515417,
                    "vf_explained_var": 0.00047980131524981873,
                    "kl": 0.010847944049620434,
                    "entropy": 1.5731358481175972,
                    "entropy_coeff": 0.5
                },
                "model": {},
                "custom_metrics": {},
                "num_agent_steps_trained": 121.54545454545455,
                "num_grad_updates_lifetime": 260865.5,
                "diff_num_grad_updates_vs_sampler_policy": 164.5
            },
            "policy_2": {
                "learner_stats": {
                    "allreduce_latency": 0.0,
                    "grad_gnorm": 1.1955525875091553,
                    "cur_kl_coeff": 0.04999999999999999,
                    "cur_lr": 5e-05,
                    "total_loss": 8.24181717670325,
                    "policy_loss": -0.07063838343531119,
                    "vf_loss": 9.924456232244319,
                    "vf_explained_var": -2.210971080895626e-06,
                    "kl": 0.008956644229920924,
                    "entropy": 1.6124485359047398,
                    "entropy_coeff": 1.0
                },
                "model": {},
                "custom_metrics": {},
                "num_agent_steps_trained": 120.0909090909091,
                "num_grad_updates_lifetime": 260865.5,
                "diff_num_grad_updates_vs_sampler_policy": 164.5
            },
            "policy_0": {
                "learner_stats": {
                    "allreduce_latency": 0.0,
                    "grad_gnorm": 2.1087939739227295,
                    "cur_kl_coeff": 0.19999999999999996,
                    "cur_lr": 5e-05,
                    "total_loss": 9.163831456502278,
                    "policy_loss": -0.09007351317894503,
                    "vf_loss": 9.353574241291392,
                    "vf_explained_var": -0.03716673399462844,
                    "kl": 0.01272352669116485,
                    "entropy": 1.0221395568414169,
                    "entropy_coeff": 0.09999999999999998
                },
                "model": {},
                "custom_metrics": {},
                "num_agent_steps_trained": 122.0,
                "num_grad_updates_lifetime": 260865.5,
                "diff_num_grad_updates_vs_sampler_policy": 164.5
            }
        },
        "num_env_steps_sampled": 3164000,
        "num_env_steps_trained": 3164000,
        "num_agent_steps_sampled": 3163998,
        "num_agent_steps_trained": 3163998
    },
    "env_runners": {
        "episode_reward_max": -192.0,
        "episode_reward_min": -646.0,
        "episode_reward_mean": -443.89,
        "episode_len_mean": 152.24,
        "episode_media": {},
        "episodes_timesteps_total": 15224,
        "policy_reward_min": {
            "policy_0": -355.0,
            "policy_1": -445.0,
            "policy_2": -465.0
        },
        "policy_reward_max": {
            "policy_0": -12.0,
            "policy_1": -17.0,
            "policy_2": -14.0
        },
        "policy_reward_mean": {
            "policy_0": -92.94,
            "policy_1": -142.75,
            "policy_2": -208.2
        },
        "custom_metrics": {},
        "hist_stats": {
            "episode_reward": [
                -466.0,
                -425.0,
                -401.0,
                -399.0,
                -482.0,
                -496.0,
                -291.0,
                -452.0,
                -555.0,
                -476.0,
                -387.0,
                -572.0,
                -464.0,
                -531.0,
                -436.0,
                -502.0,
                -327.0,
                -512.0,
                -346.0,
                -437.0,
                -369.0,
                -487.0,
                -379.0,
                -427.0,
                -386.0,
                -445.0,
                -408.0,
                -405.0,
                -490.0,
                -469.0,
                -436.0,
                -485.0,
                -280.0,
                -510.0,
                -383.0,
                -619.0,
                -585.0,
                -412.0,
                -646.0,
                -348.0,
                -481.0,
                -299.0,
                -436.0,
                -355.0,
                -492.0,
                -554.0,
                -453.0,
                -529.0,
                -416.0,
                -390.0,
                -601.0,
                -400.0,
                -366.0,
                -514.0,
                -435.0,
                -551.0,
                -453.0,
                -604.0,
                -536.0,
                -425.0,
                -454.0,
                -454.0,
                -552.0,
                -307.0,
                -496.0,
                -399.0,
                -424.0,
                -441.0,
                -562.0,
                -433.0,
                -369.0,
                -342.0,
                -520.0,
                -512.0,
                -515.0,
                -566.0,
                -481.0,
                -435.0,
                -484.0,
                -477.0,
                -269.0,
                -408.0,
                -394.0,
                -429.0,
                -548.0,
                -192.0,
                -335.0,
                -444.0,
                -442.0,
                -637.0,
                -293.0,
                -375.0,
                -491.0,
                -329.0,
                -455.0,
                -374.0,
                -374.0,
                -320.0,
                -398.0,
                -443.0
            ],