{
    "custom_metrics": {},
    "episode_media": {},
    "info": {
        "learner": {
            "policy_1": {
                "learner_stats": {
                    "allreduce_latency": 0.0,
                    "grad_gnorm": 1.3152989149093628,
                    "cur_kl_coeff": 0.09999999999999998,
                    "cur_lr": 5e-05,
                    "total_loss": 8.928439091191148,
                    "policy_loss": -0.08784448997484463,
                    "vf_loss": 9.811442320274585,
                    "vf_explained_var": 0.001031061013539632,
                    "kl": 0.012722333742892335,
                    "entropy": 1.592862021561825,
                    "entropy_coeff": 0.5
                },
                "model": {},
                "custom_metrics": {},
                "num_agent_steps_trained": 120.63636363636364,
                "num_grad_updates_lifetime": 194865.5,
                "diff_num_grad_updates_vs_sampler_policy": 164.5
            },
            "policy_2": {
                "learner_stats": {
                    "allreduce_latency": 0.0,
                    "grad_gnorm": 1.1448380947113037,
                    "cur_kl_coeff": 0.04999999999999999,
                    "cur_lr": 5e-05,
                    "total_loss": 8.111505379821315,
                    "policy_loss": -0.0708940510412283,
                    "vf_loss": 9.805285774577747,
                    "vf_explained_var": -2.2613640987511836e-06,
                    "kl": 0.010274531304300458,
                    "entropy": 1.62340008020401,
                    "entropy_coeff": 1.0
                },
                "model": {},
                "custom_metrics": {},
                "num_agent_steps_trained": 121.36363636363636,
                "num_grad_updates_lifetime": 194865.5,
                "diff_num_grad_updates_vs_sampler_policy": 164.5
            },
            "policy_0": {
                "learner_stats": {
                    "allreduce_latency": 0.0,
                    "grad_gnorm": 5.330073833465576,
                    "cur_kl_coeff": 0.19999999999999996,
                    "cur_lr": 5e-05,
                    "total_loss": 7.592807002501054,
                    "policy_loss": -0.10526591318828815,
                    "vf_loss": 7.816654708168723,
                    "vf_explained_var": 0.018662379004738546,
                    "kl": 0.015726484204774467,
                    "entropy": 1.2172711088801875,
                    "entropy_coeff": 0.09999999999999998
                },
                "model": {},
                "custom_metrics": {},
                "num_agent_steps_trained": 121.63636363636364,
                "num_grad_updates_lifetime": 194865.5,
                "diff_num_grad_updates_vs_sampler_policy": 164.5
            }
        },
        "num_env_steps_sampled": 2364000,
        "num_env_steps_trained": 2364000,
        "num_agent_steps_sampled": 2363998,
        "num_agent_steps_trained": 2363998
    },
    "env_runners": {
        "episode_reward_max": -265.0,
        "episode_reward_min": -632.0,
        "episode_reward_mean": -444.09,
        "episode_len_mean": 146.64,
        "episode_media": {},
        "episodes_timesteps_total": 14664,
        "policy_reward_min": {
            "policy_2": -410.0,
            "policy_0": -335.0,
            "policy_1": -405.0
        },
        "policy_reward_max": {
            "policy_2": -29.0,
            "policy_0": -3.0,
            "policy_1": -25.0
        },
        "policy_reward_mean": {
            "policy_2": -193.43,
            "policy_0": -103.05,
            "policy_1": -147.61
        },
        "custom_metrics": {},
        "hist_stats": {
            "episode_reward": [
                -462.0,
                -411.0,
                -475.0,
                -387.0,
                -469.0,
                -396.0,
                -359.0,
                -611.0,
                -265.0,
                -512.0,
                -441.0,
                -495.0,
                -556.0,
                -518.0,
                -455.0,
                -413.0,
                -406.0,
                -558.0,
                -389.0,
                -502.0,
                -361.0,
                -562.0,
                -426.0,
                -513.0,
                -303.0,
                -425.0,
                -393.0,
                -282.0,
                -312.0,
                -419.0,
                -550.0,
                -490.0,
                -555.0,
                -358.0,
                -528.0,
                -503.0,
                -453.0,
                -521.0,
                -490.0,
                -574.0,
                -366.0,
                -394.0,
                -425.0,
                -464.0,
                -313.0,
                -481.0,
                -425.0,
                -436.0,
                -392.0,
                -422.0,
                -494.0,
                -410.0,
                -468.0,
                -452.0,
                -592.0,
                -407.0,
                -341.0,
                -384.0,
                -426.0,
                -393.0,
                -417.0,
                -382.0,
                -385.0,
                -507.0,
                -493.0,
                -453.0,
                -429.0,
                -403.0,
                -311.0,
                -376.0,
                -437.0,
                -512.0,
                -350.0,
                -509.0,
                -570.0,
                -371.0,
                -507.0,
                -502.0,
                -584.0,
                -352.0,
                -415.0,
                -514.0,
                -463.0,
                -441.0,
                -450.0,
                -410.0,
                -533.0,
                -510.0,
                -352.0,
                -439.0,
                -410.0,
                -376.0,
                -503.0,
                -393.0,
                -447.0,
                -632.0,
                -407.0,
                -389.0,
                -430.0,
                -462.0
            ],