{
    "custom_metrics": {},
    "episode_media": {},
    "info": {
        "learner": {
            "policy_1": {
                "learner_stats": {
                    "allreduce_latency": 0.0,
                    "grad_gnorm": 1.2856324911117554,
                    "cur_kl_coeff": 0.09999999999999998,
                    "cur_lr": 5e-05,
                    "total_loss": 8.996763856483229,
                    "policy_loss": -0.08432263353359744,
                    "vf_loss": 9.878363372340347,
                    "vf_explained_var": -3.612402713660038e-08,
                    "kl": 0.012045629386042629,
                    "entropy": 1.5969629002339911,
                    "entropy_coeff": 0.5
                },
                "model": {},
                "custom_metrics": {},
                "num_agent_steps_trained": 121.63636363636364,
                "num_grad_updates_lifetime": 125565.5,
                "diff_num_grad_updates_vs_sampler_policy": 164.5
            },
            "policy_2": {
                "learner_stats": {
                    "allreduce_latency": 0.0,
                    "grad_gnorm": 1.1388503313064575,
                    "cur_kl_coeff": 0.04999999999999999,
                    "cur_lr": 5e-05,
                    "total_loss": 8.19503393606706,
                    "policy_loss": -0.06437445034653964,
                    "vf_loss": 9.888494355750806,
                    "vf_explained_var": -1.9629976966164328e-05,
                    "kl": 0.010248018853412281,
                    "entropy": 1.6295984600529527,
                    "entropy_coeff": 1.0
                },
                "model": {},
                "custom_metrics": {},
                "num_agent_steps_trained": 120.36363636363636,
                "num_grad_updates_lifetime": 125565.5,
                "diff_num_grad_updates_vs_sampler_policy": 164.5
            },
            "policy_0": {
                "learner_stats": {
                    "allreduce_latency": 0.0,
                    "grad_gnorm": 2.7405505180358887,
                    "cur_kl_coeff": 0.19999999999999996,
                    "cur_lr": 5e-05,
                    "total_loss": 9.289521856018991,
                    "policy_loss": -0.09396288555581123,
                    "vf_loss": 9.514469294114546,
                    "vf_explained_var": 0.010989706263397679,
                    "kl": 0.013894692900981737,
                    "entropy": 1.3376353346940242,
                    "entropy_coeff": 0.09999999999999998
                },
                "model": {},
                "custom_metrics": {},
                "num_agent_steps_trained": 121.63636363636364,
                "num_grad_updates_lifetime": 125565.5,
                "diff_num_grad_updates_vs_sampler_policy": 164.5
            }
        },
        "num_env_steps_sampled": 1524000,
        "num_env_steps_trained": 1524000,
        "num_agent_steps_sampled": 1523998,
        "num_agent_steps_trained": 1523998
    },
    "env_runners": {
        "episode_reward_max": -298.0,
        "episode_reward_min": -709.0,
        "episode_reward_mean": -465.08,
        "episode_len_mean": 150.3,
        "episode_media": {},
        "episodes_timesteps_total": 15030,
        "policy_reward_min": {
            "policy_1": -405.0,
            "policy_2": -395.0,
            "policy_0": -370.0
        },
        "policy_reward_max": {
            "policy_1": -31.0,
            "policy_2": -30.0,
            "policy_0": -10.0
        },
        "policy_reward_mean": {
            "policy_1": -160.76,
            "policy_2": -194.65,
            "policy_0": -109.67
        },
        "custom_metrics": {},
        "hist_stats": {
            "episode_reward": [
                -538.0,
                -547.0,
                -559.0,
                -309.0,
                -418.0,
                -540.0,
                -332.0,
                -339.0,
                -389.0,
                -469.0,
                -380.0,
                -298.0,
                -437.0,
                -469.0,
                -329.0,
                -380.0,
                -537.0,
                -499.0,
                -442.0,
                -517.0,
                -460.0,
                -709.0,
                -628.0,
                -345.0,
                -457.0,
                -498.0,
                -401.0,
                -510.0,
                -610.0,
                -541.0,
                -443.0,
                -531.0,
                -481.0,
                -387.0,
                -317.0,
                -426.0,
                -509.0,
                -462.0,
                -396.0,
                -589.0,
                -530.0,
                -380.0,
                -511.0,
                -521.0,
                -494.0,
                -370.0,
                -351.0,
                -356.0,
                -416.0,
                -392.0,
                -443.0,
                -434.0,
                -584.0,
                -446.0,
                -544.0,
                -516.0,
                -495.0,
                -489.0,
                -456.0,
                -387.0,
                -481.0,
                -586.0,
                -386.0,
                -529.0,
                -409.0,
                -507.0,
                -544.0,
                -496.0,
                -560.0,
                -466.0,
                -377.0,
                -498.0,
                -456.0,
                -471.0,
                -518.0,
                -353.0,
                -643.0,
                -483.0,
                -455.0,
                -509.0,
                -384.0,
                -463.0,
                -524.0,
                -377.0,
                -371.0,
                -349.0,
                -564.0,
                -452.0,
                -349.0,
                -372.0,
                -420.0,
                -409.0,
                -642.0,
                -591.0,
                -482.0,
                -485.0,
                -476.0,
                -432.0,
                -578.0,
                -518.0
            ],