{
    "custom_metrics": {},
    "episode_media": {},
    "info": {
        "learner": {
            "policy_1": {
                "learner_stats": {
                    "allreduce_latency": 0.0,
                    "grad_gnorm": 1.249289631843567,
                    "cur_kl_coeff": 0.09999999999999998,
                    "cur_lr": 5e-05,
                    "total_loss": 8.842046359091094,
                    "policy_loss": -0.09549884437018949,
                    "vf_loss": 9.725678764690052,
                    "vf_explained_var": 0.0002848684787750244,
                    "kl": 0.014173304119207048,
                    "entropy": 1.5791019241015116,
                    "entropy_coeff": 0.5
                },
                "model": {},
                "custom_metrics": {},
                "num_agent_steps_trained": 121.81818181818181,
                "num_grad_updates_lifetime": 264165.5,
                "diff_num_grad_updates_vs_sampler_policy": 164.5
            },
            "policy_2": {
                "learner_stats": {
                    "allreduce_latency": 0.0,
                    "grad_gnorm": 1.1777904033660889,
                    "cur_kl_coeff": 0.04999999999999999,
                    "cur_lr": 5e-05,
                    "total_loss": 8.034043979644775,
                    "policy_loss": -0.07923361183228818,
                    "vf_loss": 9.729719682173295,
                    "vf_explained_var": -4.729213136615175e-05,
                    "kl": 0.009250190071107875,
                    "entropy": 1.6169046582597675,
                    "entropy_coeff": 1.0
                },
                "model": {},
                "custom_metrics": {},
                "num_agent_steps_trained": 120.72727272727273,
                "num_grad_updates_lifetime": 264165.5,
                "diff_num_grad_updates_vs_sampler_policy": 164.5
            },
            "policy_0": {
                "learner_stats": {
                    "allreduce_latency": 0.0,
                    "grad_gnorm": 4.21566104888916,
                    "cur_kl_coeff": 0.19999999999999996,
                    "cur_lr": 5e-05,
                    "total_loss": 8.00314078619986,
                    "policy_loss": -0.10176330298241792,
                    "vf_loss": 8.213405447295218,
                    "vf_explained_var": 0.0673919135873968,
                    "kl": 0.014924656503199275,
                    "entropy": 1.1148628243894287,
                    "entropy_coeff": 0.09999999999999998
                },
                "model": {},
                "custom_metrics": {},
                "num_agent_steps_trained": 121.0909090909091,
                "num_grad_updates_lifetime": 264165.5,
                "diff_num_grad_updates_vs_sampler_policy": 164.5
            }
        },
        "num_env_steps_sampled": 3204000,
        "num_env_steps_trained": 3204000,
        "num_agent_steps_sampled": 3203998,
        "num_agent_steps_trained": 3203998
    },
    "env_runners": {
        "episode_reward_max": -251.0,
        "episode_reward_min": -641.0,
        "episode_reward_mean": -436.74,
        "episode_len_mean": 147.6,
        "episode_media": {},
        "episodes_timesteps_total": 14760,
        "policy_reward_min": {
            "policy_0": -335.0,
            "policy_1": -390.0,
            "policy_2": -435.0
        },
        "policy_reward_max": {
            "policy_0": -5.0,
            "policy_1": -23.0,
            "policy_2": -27.0
        },
        "policy_reward_mean": {
            "policy_0": -104.89,
            "policy_1": -131.48,
            "policy_2": -200.37
        },
        "custom_metrics": {},
        "hist_stats": {
            "episode_reward": [
                -454.0,
                -555.0,
                -533.0,
                -252.0,
                -639.0,
                -355.0,
                -418.0,
                -420.0,
                -396.0,
                -591.0,
                -402.0,
                -491.0,
                -448.0,
                -362.0,
                -414.0,
                -368.0,
                -462.0,
                -466.0,
                -434.0,
                -553.0,
                -300.0,
                -317.0,
                -333.0,
                -419.0,
                -353.0,
                -282.0,
                -453.0,
                -529.0,
                -394.0,
                -509.0,
                -470.0,
                -328.0,
                -518.0,
                -418.0,
                -395.0,
                -423.0,
                -554.0,
                -423.0,
                -607.0,
                -497.0,
                -429.0,
                -422.0,
                -383.0,
                -383.0,
                -447.0,
                -403.0,
                -323.0,
                -538.0,
                -333.0,
                -416.0,
                -475.0,
                -454.0,
                -520.0,
                -493.0,
                -481.0,
                -495.0,
                -453.0,
                -545.0,
                -552.0,
                -331.0,
                -507.0,
                -409.0,
                -579.0,
                -510.0,
                -491.0,
                -316.0,
                -506.0,
                -438.0,
                -517.0,
                -378.0,
                -442.0,
                -363.0,
                -454.0,
                -387.0,
                -467.0,
                -344.0,
                -641.0,
                -267.0,
                -495.0,
                -277.0,
                -434.0,
                -517.0,
                -525.0,
                -424.0,
                -536.0,
                -348.0,
                -289.0,
                -425.0,
                -467.0,
                -345.0,
                -573.0,
                -261.0,
                -472.0,
                -251.0,
                -497.0,
                -505.0,
                -306.0,
                -381.0,
                -455.0,
                -464.0
            ],