{
    "custom_metrics": {},
    "episode_media": {},
    "info": {
        "learner": {
            "policy_1": {
                "learner_stats": {
                    "allreduce_latency": 0.0,
                    "grad_gnorm": 1.1952381134033203,
                    "cur_kl_coeff": 0.09999999999999998,
                    "cur_lr": 5e-05,
                    "total_loss": 8.728970154848966,
                    "policy_loss": -0.08197641617082285,
                    "vf_loss": 9.609777161569307,
                    "vf_explained_var": -0.000992499878912261,
                    "kl": 0.011759547742186634,
                    "entropy": 1.6000131094094479,
                    "entropy_coeff": 0.5
                },
                "model": {},
                "custom_metrics": {},
                "num_agent_steps_trained": 122.72727272727273,
                "num_grad_updates_lifetime": 151965.5,
                "diff_num_grad_updates_vs_sampler_policy": 164.5
            },
            "policy_2": {
                "learner_stats": {
                    "allreduce_latency": 0.0,
                    "grad_gnorm": 1.1716084480285645,
                    "cur_kl_coeff": 0.04999999999999999,
                    "cur_lr": 5e-05,
                    "total_loss": 8.119046912048802,
                    "policy_loss": -0.07717506495501959,
                    "vf_loss": 9.826952558575254,
                    "vf_explained_var": 3.238121668497721e-05,
                    "kl": 0.009296976620611594,
                    "entropy": 1.6311955401391693,
                    "entropy_coeff": 1.0
                },
                "model": {},
                "custom_metrics": {},
                "num_agent_steps_trained": 120.18181818181819,
                "num_grad_updates_lifetime": 151965.5,
                "diff_num_grad_updates_vs_sampler_policy": 164.5
            },
            "policy_0": {
                "learner_stats": {
                    "allreduce_latency": 0.0,
                    "grad_gnorm": 1.5950957536697388,
                    "cur_kl_coeff": 0.19999999999999996,
                    "cur_lr": 5e-05,
                    "total_loss": 9.599916258725253,
                    "policy_loss": -0.10047107638339653,
                    "vf_loss": 9.827920853007923,
                    "vf_explained_var": 0.02347879590410175,
                    "kl": 0.01594054866718722,
                    "entropy": 1.3072166301987387,
                    "entropy_coeff": 0.09999999999999998
                },
                "model": {},
                "custom_metrics": {},
                "num_agent_steps_trained": 120.72727272727273,
                "num_grad_updates_lifetime": 151965.5,
                "diff_num_grad_updates_vs_sampler_policy": 164.5
            }
        },
        "num_env_steps_sampled": 1844000,
        "num_env_steps_trained": 1844000,
        "num_agent_steps_sampled": 1843998,
        "num_agent_steps_trained": 1843998
    },
    "env_runners": {
        "episode_reward_max": -303.0,
        "episode_reward_min": -665.0,
        "episode_reward_mean": -473.55,
        "episode_len_mean": 148.72,
        "episode_media": {},
        "episodes_timesteps_total": 14872,
        "policy_reward_min": {
            "policy_2": -435.0,
            "policy_0": -380.0,
            "policy_1": -410.0
        },
        "policy_reward_max": {
            "policy_2": -11.0,
            "policy_0": 3.0,
            "policy_1": -3.0
        },
        "policy_reward_mean": {
            "policy_2": -205.32,
            "policy_0": -113.93,
            "policy_1": -154.3
        },
        "custom_metrics": {},
        "hist_stats": {
            "episode_reward": [
                -356.0,
                -501.0,
                -411.0,
                -373.0,
                -601.0,
                -539.0,
                -553.0,
                -398.0,
                -380.0,
                -395.0,
                -429.0,
                -587.0,
                -400.0,
                -411.0,
                -370.0,
                -456.0,
                -575.0,
                -444.0,
                -472.0,
                -458.0,
                -428.0,
                -562.0,
                -598.0,
                -512.0,
                -377.0,
                -410.0,
                -566.0,
                -517.0,
                -457.0,
                -632.0,
                -424.0,
                -413.0,
                -388.0,
                -336.0,
                -473.0,
                -499.0,
                -430.0,
                -370.0,
                -397.0,
                -484.0,
                -451.0,
                -572.0,
                -380.0,
                -436.0,
                -395.0,
                -622.0,
                -448.0,
                -488.0,
                -489.0,
                -478.0,
                -544.0,
                -520.0,
                -425.0,
                -559.0,
                -535.0,
                -506.0,
                -522.0,
                -394.0,
                -553.0,
                -482.0,
                -576.0,
                -496.0,
                -439.0,
                -502.0,
                -496.0,
                -475.0,
                -429.0,
                -569.0,
                -467.0,
                -504.0,
                -472.0,
                -425.0,
                -510.0,
                -445.0,
                -521.0,
                -565.0,
                -449.0,
                -586.0,
                -389.0,
                -379.0,
                -303.0,
                -395.0,
                -592.0,
                -394.0,
                -481.0,
                -346.0,
                -570.0,
                -493.0,
                -534.0,
                -578.0,
                -502.0,
                -488.0,
                -528.0,
                -508.0,
                -665.0,
                -589.0,
                -320.0,
                -458.0,
                -353.0,
                -383.0
            ],