{
    "custom_metrics": {},
    "episode_media": {},
    "info": {
        "learner": {
            "policy_1": {
                "learner_stats": {
                    "allreduce_latency": 0.0,
                    "grad_gnorm": 1.1422669887542725,
                    "cur_kl_coeff": 0.09999999999999998,
                    "cur_lr": 5e-05,
                    "total_loss": 8.889145984071673,
                    "policy_loss": -0.07705284664548481,
                    "vf_loss": 9.75516104553685,
                    "vf_explained_var": -5.537813360040838e-07,
                    "kl": 0.010394201979866418,
                    "entropy": 1.5800032203847711,
                    "entropy_coeff": 0.5
                },
                "model": {},
                "custom_metrics": {},
                "num_agent_steps_trained": 121.81818181818181,
                "num_grad_updates_lifetime": 110715.5,
                "diff_num_grad_updates_vs_sampler_policy": 164.5
            },
            "policy_2": {
                "learner_stats": {
                    "allreduce_latency": 0.0,
                    "grad_gnorm": 1.123142123222351,
                    "cur_kl_coeff": 0.04999999999999999,
                    "cur_lr": 5e-05,
                    "total_loss": 8.062107899694732,
                    "policy_loss": -0.06900678659986817,
                    "vf_loss": 9.749169075127805,
                    "vf_explained_var": -0.00012251084501093085,
                    "kl": 0.008130986528779001,
                    "entropy": 1.6184609745488023,
                    "entropy_coeff": 1.0
                },
                "model": {},
                "custom_metrics": {},
                "num_agent_steps_trained": 120.54545454545455,
                "num_grad_updates_lifetime": 110715.5,
                "diff_num_grad_updates_vs_sampler_policy": 164.5
            },
            "policy_0": {
                "learner_stats": {
                    "allreduce_latency": 0.0,
                    "grad_gnorm": 3.0825860500335693,
                    "cur_kl_coeff": 0.19999999999999996,
                    "cur_lr": 5e-05,
                    "total_loss": 8.848858232209176,
                    "policy_loss": -0.0897918362932449,
                    "vf_loss": 9.063454457485314,
                    "vf_explained_var": -0.027703499794006346,
                    "kl": 0.012930666638835556,
                    "entropy": 1.273904486136003,
                    "entropy_coeff": 0.09999999999999998
                },
                "model": {},
                "custom_metrics": {},
                "num_agent_steps_trained": 121.27272727272727,
                "num_grad_updates_lifetime": 110715.5,
                "diff_num_grad_updates_vs_sampler_policy": 164.5
            }
        },
        "num_env_steps_sampled": 1344000,
        "num_env_steps_trained": 1344000,
        "num_agent_steps_sampled": 1343998,
        "num_agent_steps_trained": 1343998
    },
    "env_runners": {
        "episode_reward_max": -298.0,
        "episode_reward_min": -675.0,
        "episode_reward_mean": -459.32,
        "episode_len_mean": 143.34,
        "episode_media": {},
        "episodes_timesteps_total": 14334,
        "policy_reward_min": {
            "policy_0": -410.0,
            "policy_1": -405.0,
            "policy_2": -435.0
        },
        "policy_reward_max": {
            "policy_0": -9.0,
            "policy_1": -15.0,
            "policy_2": -23.0
        },
        "policy_reward_mean": {
            "policy_0": -118.42,
            "policy_1": -132.75,
            "policy_2": -208.15
        },
        "custom_metrics": {},
        "hist_stats": {
            "episode_reward": [
                -439.0,
                -387.0,
                -527.0,
                -556.0,
                -469.0,
                -543.0,
                -434.0,
                -492.0,
                -361.0,
                -415.0,
                -563.0,
                -385.0,
                -351.0,
                -526.0,
                -339.0,
                -566.0,
                -467.0,
                -532.0,
                -397.0,
                -571.0,
                -479.0,
                -462.0,
                -421.0,
                -414.0,
                -435.0,
                -496.0,
                -430.0,
                -496.0,
                -578.0,
                -327.0,
                -491.0,
                -515.0,
                -487.0,
                -497.0,
                -675.0,
                -374.0,
                -400.0,
                -633.0,
                -362.0,
                -406.0,
                -372.0,
                -494.0,
                -472.0,
                -522.0,
                -493.0,
                -461.0,
                -298.0,
                -409.0,
                -448.0,
                -399.0,
                -495.0,
                -478.0,
                -442.0,
                -446.0,
                -574.0,
                -417.0,
                -454.0,
                -404.0,
                -448.0,
                -507.0,
                -535.0,
                -504.0,
                -342.0,
                -404.0,
                -456.0,
                -422.0,
                -437.0,
                -489.0,
                -386.0,
                -403.0,
                -561.0,
                -354.0,
                -429.0,
                -350.0,
                -426.0,
                -428.0,
                -466.0,
                -469.0,
                -422.0,
                -361.0,
                -378.0,
                -358.0,
                -434.0,
                -421.0,
                -515.0,
                -508.0,
                -379.0,
                -584.0,
                -500.0,
                -384.0,
                -527.0,
                -663.0,
                -476.0,
                -561.0,
                -507.0,
                -547.0,
                -406.0,
                -412.0,
                -473.0,
                -524.0
            ],