{
    "custom_metrics": {},
    "episode_media": {},
    "info": {
        "learner": {
            "policy_1": {
                "learner_stats": {
                    "allreduce_latency": 0.0,
                    "grad_gnorm": 1.1733372211456299,
                    "cur_kl_coeff": 0.09999999999999998,
                    "cur_lr": 5e-05,
                    "total_loss": 8.91560964006366,
                    "policy_loss": -0.07711732882837002,
                    "vf_loss": 9.785815773588238,
                    "vf_explained_var": 3.5112554376775567e-07,
                    "kl": 0.010859621766174424,
                    "entropy": 1.5883495229663271,
                    "entropy_coeff": 0.5
                },
                "model": {},
                "custom_metrics": {},
                "num_agent_steps_trained": 121.45454545454545,
                "num_grad_updates_lifetime": 112365.5,
                "diff_num_grad_updates_vs_sampler_policy": 164.5
            },
            "policy_2": {
                "learner_stats": {
                    "allreduce_latency": 0.0,
                    "grad_gnorm": 1.1058130264282227,
                    "cur_kl_coeff": 0.04999999999999999,
                    "cur_lr": 5e-05,
                    "total_loss": 8.063391101721562,
                    "policy_loss": -0.0711885161838974,
                    "vf_loss": 9.766020419380881,
                    "vf_explained_var": -0.00013492558941696628,
                    "kl": 0.009144843526399302,
                    "entropy": 1.6318982062917766,
                    "entropy_coeff": 1.0
                },
                "model": {},
                "custom_metrics": {},
                "num_agent_steps_trained": 120.72727272727273,
                "num_grad_updates_lifetime": 112365.5,
                "diff_num_grad_updates_vs_sampler_policy": 164.5
            },
            "policy_0": {
                "learner_stats": {
                    "allreduce_latency": 0.0,
                    "grad_gnorm": 2.740377902984619,
                    "cur_kl_coeff": 0.19999999999999996,
                    "cur_lr": 5e-05,
                    "total_loss": 8.659339466961947,
                    "policy_loss": -0.09588363557263757,
                    "vf_loss": 8.880017823883982,
                    "vf_explained_var": -0.0253684760946216,
                    "kl": 0.01491765556757789,
                    "entropy": 1.2777822295824686,
                    "entropy_coeff": 0.09999999999999998
                },
                "model": {},
                "custom_metrics": {},
                "num_agent_steps_trained": 121.45454545454545,
                "num_grad_updates_lifetime": 112365.5,
                "diff_num_grad_updates_vs_sampler_policy": 164.5
            }
        },
        "num_env_steps_sampled": 1364000,
        "num_env_steps_trained": 1364000,
        "num_agent_steps_sampled": 1363998,
        "num_agent_steps_trained": 1363998
    },
    "env_runners": {
        "episode_reward_max": -233.0,
        "episode_reward_min": -732.0,
        "episode_reward_mean": -439.02,
        "episode_len_mean": 147.16,
        "episode_media": {},
        "episodes_timesteps_total": 14716,
        "policy_reward_min": {
            "policy_2": -455.0,
            "policy_0": -340.0,
            "policy_1": -420.0
        },
        "policy_reward_max": {
            "policy_2": -28.0,
            "policy_0": 0.0,
            "policy_1": -22.0
        },
        "policy_reward_mean": {
            "policy_2": -192.08,
            "policy_0": -104.5,
            "policy_1": -142.44
        },
        "custom_metrics": {},
        "hist_stats": {
            "episode_reward": [
                -307.0,
                -474.0,
                -486.0,
                -371.0,
                -484.0,
                -403.0,
                -515.0,
                -573.0,
                -531.0,
                -357.0,
                -422.0,
                -567.0,
                -417.0,
                -544.0,
                -366.0,
                -422.0,
                -294.0,
                -375.0,
                -463.0,
                -410.0,
                -411.0,
                -376.0,
                -541.0,
                -509.0,
                -405.0,
                -420.0,
                -428.0,
                -447.0,
                -411.0,
                -455.0,
                -549.0,
                -439.0,
                -422.0,
                -567.0,
                -523.0,
                -495.0,
                -314.0,
                -487.0,
                -588.0,
                -532.0,
                -404.0,
                -457.0,
                -610.0,
                -591.0,
                -375.0,
                -516.0,
                -330.0,
                -424.0,
                -394.0,
                -417.0,
                -373.0,
                -399.0,
                -420.0,
                -432.0,
                -480.0,
                -408.0,
                -559.0,
                -450.0,
                -459.0,
                -542.0,
                -437.0,
                -240.0,
                -380.0,
                -484.0,
                -332.0,
                -732.0,
                -463.0,
                -366.0,
                -442.0,
                -376.0,
                -399.0,
                -410.0,
                -386.0,
                -466.0,
                -565.0,
                -333.0,
                -298.0,
                -423.0,
                -653.0,
                -233.0,
                -434.0,
                -454.0,
                -443.0,
                -367.0,
                -361.0,
                -341.0,
                -479.0,
                -352.0,
                -421.0,
                -314.0,
                -400.0,
                -537.0,
                -443.0,
                -515.0,
                -362.0,
                -537.0,
                -559.0,
                -312.0,
                -282.0,
                -431.0
            ],