{
    "custom_metrics": {},
    "episode_media": {},
    "info": {
        "learner": {
            "policy_1": {
                "learner_stats": {
                    "allreduce_latency": 0.0,
                    "grad_gnorm": 1.0647999048233032,
                    "cur_kl_coeff": 0.09999999999999998,
                    "cur_lr": 5e-05,
                    "total_loss": 8.824059229186087,
                    "policy_loss": -0.07087059255237832,
                    "vf_loss": 9.693883283210523,
                    "vf_explained_var": -1.8098137595436789e-07,
                    "kl": 0.010512664297745425,
                    "entropy": 1.600009479667201,
                    "entropy_coeff": 0.5
                },
                "model": {},
                "custom_metrics": {},
                "num_agent_steps_trained": 121.27272727272727,
                "num_grad_updates_lifetime": 28215.5,
                "diff_num_grad_updates_vs_sampler_policy": 164.5
            },
            "policy_2": {
                "learner_stats": {
                    "allreduce_latency": 0.0,
                    "grad_gnorm": 0.9626528024673462,
                    "cur_kl_coeff": 0.04999999999999999,
                    "cur_lr": 5e-05,
                    "total_loss": 7.999646487380519,
                    "policy_loss": -0.06123648392403442,
                    "vf_loss": 9.693805477835916,
                    "vf_explained_var": -6.903301585804333e-07,
                    "kl": 0.007931888193812676,
                    "entropy": 1.6333191961953135,
                    "entropy_coeff": 1.0
                },
                "model": {},
                "custom_metrics": {},
                "num_agent_steps_trained": 120.0909090909091,
                "num_grad_updates_lifetime": 28215.5,
                "diff_num_grad_updates_vs_sampler_policy": 164.5
            },
            "policy_0": {
                "learner_stats": {
                    "allreduce_latency": 0.0,
                    "grad_gnorm": 1.4014915227890015,
                    "cur_kl_coeff": 0.19999999999999996,
                    "cur_lr": 5e-05,
                    "total_loss": 9.473761963121818,
                    "policy_loss": -0.08101978501954088,
                    "vf_loss": 9.693665458216811,
                    "vf_explained_var": -0.0004323634234341708,
                    "kl": 0.011598061499768378,
                    "entropy": 1.4120344526839979,
                    "entropy_coeff": 0.09999999999999998
                },
                "model": {},
                "custom_metrics": {},
                "num_agent_steps_trained": 122.27272727272727,
                "num_grad_updates_lifetime": 28215.5,
                "diff_num_grad_updates_vs_sampler_policy": 164.5
            }
        },
        "num_env_steps_sampled": 344000,
        "num_env_steps_trained": 344000,
        "num_agent_steps_sampled": 343998,
        "num_agent_steps_trained": 343998
    },
    "env_runners": {
        "episode_reward_max": -242.0,
        "episode_reward_min": -689.0,
        "episode_reward_mean": -461.82,
        "episode_len_mean": 148.34,
        "episode_media": {},
        "episodes_timesteps_total": 14834,
        "policy_reward_min": {
            "policy_0": -305.0,
            "policy_1": -415.0,
            "policy_2": -400.0
        },
        "policy_reward_max": {
            "policy_0": -8.0,
            "policy_1": -20.0,
            "policy_2": -18.0
        },
        "policy_reward_mean": {
            "policy_0": -108.8,
            "policy_1": -151.16,
            "policy_2": -201.86
        },
        "custom_metrics": {},
        "hist_stats": {
            "episode_reward": [
                -445.0,
                -460.0,
                -441.0,
                -539.0,
                -394.0,
                -491.0,
                -570.0,
                -500.0,
                -479.0,
                -421.0,
                -573.0,
                -337.0,
                -401.0,
                -574.0,
                -242.0,
                -422.0,
                -475.0,
                -358.0,
                -689.0,
                -478.0,
                -535.0,
                -495.0,
                -336.0,
                -503.0,
                -505.0,
                -602.0,
                -433.0,
                -349.0,
                -450.0,
                -505.0,
                -501.0,
                -421.0,
                -552.0,
                -406.0,
                -538.0,
                -500.0,
                -432.0,
                -480.0,
                -379.0,
                -551.0,
                -347.0,
                -548.0,
                -425.0,
                -415.0,
                -385.0,
                -363.0,
                -484.0,
                -318.0,
                -546.0,
                -381.0,
                -564.0,
                -488.0,
                -521.0,
                -430.0,
                -598.0,
                -623.0,
                -389.0,
                -429.0,
                -617.0,
                -426.0,
                -400.0,
                -468.0,
                -497.0,
                -316.0,
                -514.0,
                -345.0,
                -302.0,
                -428.0,
                -500.0,
                -441.0,
                -554.0,
                -393.0,
                -575.0,
                -453.0,
                -537.0,
                -496.0,
                -483.0,
                -430.0,
                -526.0,
                -452.0,
                -421.0,
                -395.0,
                -534.0,
                -494.0,
                -490.0,
                -383.0,
                -516.0,
                -439.0,
                -454.0,
                -342.0,
                -560.0,
                -504.0,
                -327.0,
                -497.0,
                -473.0,
                -464.0,
                -369.0,
                -568.0,
                -337.0,
                -446.0
            ],