{
    "custom_metrics": {},
    "episode_media": {},
    "info": {
        "learner": {
            "policy_1": {
                "learner_stats": {
                    "allreduce_latency": 0.0,
                    "grad_gnorm": 1.189731240272522,
                    "cur_kl_coeff": 0.09999999999999998,
                    "cur_lr": 5e-05,
                    "total_loss": 8.941126430395878,
                    "policy_loss": -0.07185227539373569,
                    "vf_loss": 9.806494215762976,
                    "vf_explained_var": 8.048433246034565e-07,
                    "kl": 0.01118457868176461,
                    "entropy": 1.5892680218725495,
                    "entropy_coeff": 0.5
                },
                "model": {},
                "custom_metrics": {},
                "num_agent_steps_trained": 121.54545454545455,
                "num_grad_updates_lifetime": 76065.5,
                "diff_num_grad_updates_vs_sampler_policy": 164.5
            },
            "policy_2": {
                "learner_stats": {
                    "allreduce_latency": 0.0,
                    "grad_gnorm": 1.0734556913375854,
                    "cur_kl_coeff": 0.04999999999999999,
                    "cur_lr": 5e-05,
                    "total_loss": 8.114988082827944,
                    "policy_loss": -0.06351610583845865,
                    "vf_loss": 9.808884325894443,
                    "vf_explained_var": 2.3395726175019235e-06,
                    "kl": 0.008717082927814365,
                    "entropy": 1.6308160016030977,
                    "entropy_coeff": 1.0
                },
                "model": {},
                "custom_metrics": {},
                "num_agent_steps_trained": 120.36363636363636,
                "num_grad_updates_lifetime": 76065.5,
                "diff_num_grad_updates_vs_sampler_policy": 164.5
            },
            "policy_0": {
                "learner_stats": {
                    "allreduce_latency": 0.0,
                    "grad_gnorm": 2.841552257537842,
                    "cur_kl_coeff": 0.19999999999999996,
                    "cur_lr": 5e-05,
                    "total_loss": 8.771849765199603,
                    "policy_loss": -0.09773043145736059,
                    "vf_loss": 9.004678503672283,
                    "vf_explained_var": 0.002252931667096687,
                    "kl": 0.013687514129041432,
                    "entropy": 1.3783587166757294,
                    "entropy_coeff": 0.09999999999999998
                },
                "model": {},
                "custom_metrics": {},
                "num_agent_steps_trained": 121.72727272727273,
                "num_grad_updates_lifetime": 76065.5,
                "diff_num_grad_updates_vs_sampler_policy": 164.5
            }
        },
        "num_env_steps_sampled": 924000,
        "num_env_steps_trained": 924000,
        "num_agent_steps_sampled": 923998,
        "num_agent_steps_trained": 923998
    },
    "env_runners": {
        "episode_reward_max": -266.0,
        "episode_reward_min": -731.0,
        "episode_reward_mean": -460.4,
        "episode_len_mean": 154.14,
        "episode_media": {},
        "episodes_timesteps_total": 15414,
        "policy_reward_min": {
            "policy_1": -475.0,
            "policy_2": -455.0,
            "policy_0": -375.0
        },
        "policy_reward_max": {
            "policy_1": -26.0,
            "policy_2": -32.0,
            "policy_0": -4.0
        },
        "policy_reward_mean": {
            "policy_1": -145.28,
            "policy_2": -198.54,
            "policy_0": -116.58
        },
        "custom_metrics": {},
        "hist_stats": {
            "episode_reward": [
                -400.0,
                -510.0,
                -568.0,
                -392.0,
                -484.0,
                -373.0,
                -486.0,
                -363.0,
                -569.0,
                -315.0,
                -434.0,
                -502.0,
                -434.0,
                -549.0,
                -529.0,
                -426.0,
                -518.0,
                -542.0,
                -684.0,
                -554.0,
                -543.0,
                -566.0,
                -514.0,
                -491.0,
                -564.0,
                -472.0,
                -731.0,
                -479.0,
                -394.0,
                -574.0,
                -393.0,
                -461.0,
                -381.0,
                -516.0,
                -473.0,
                -465.0,
                -453.0,
                -425.0,
                -421.0,
                -437.0,
                -542.0,
                -545.0,
                -336.0,
                -279.0,
                -541.0,
                -576.0,
                -520.0,
                -332.0,
                -456.0,
                -492.0,
                -398.0,
                -480.0,
                -461.0,
                -368.0,
                -342.0,
                -560.0,
                -390.0,
                -546.0,
                -454.0,
                -382.0,
                -390.0,
                -306.0,
                -488.0,
                -495.0,
                -266.0,
                -635.0,
                -611.0,
                -428.0,
                -406.0,
                -494.0,
                -342.0,
                -358.0,
                -554.0,
                -396.0,
                -338.0,
                -421.0,
                -482.0,
                -437.0,
                -428.0,
                -330.0,
                -404.0,
                -338.0,
                -403.0,
                -525.0,
                -510.0,
                -477.0,
                -635.0,
                -409.0,
                -518.0,
                -549.0,
                -400.0,
                -326.0,
                -329.0,
                -364.0,
                -486.0,
                -460.0,
                -371.0,
                -535.0,
                -532.0,
                -479.0
            ],