{
    "custom_metrics": {},
    "episode_media": {},
    "info": {
        "learner": {
            "policy_1": {
                "learner_stats": {
                    "allreduce_latency": 0.0,
                    "grad_gnorm": 1.3220988512039185,
                    "cur_kl_coeff": 0.09999999999999998,
                    "cur_lr": 5e-05,
                    "total_loss": 9.069120213479707,
                    "policy_loss": -0.09619086822212645,
                    "vf_loss": 9.956571729255446,
                    "vf_explained_var": 0.0004558176705331513,
                    "kl": 0.013301176209350613,
                    "entropy": 1.5851815556034898,
                    "entropy_coeff": 0.5
                },
                "model": {},
                "custom_metrics": {},
                "num_agent_steps_trained": 120.63636363636364,
                "num_grad_updates_lifetime": 198165.5,
                "diff_num_grad_updates_vs_sampler_policy": 164.5
            },
            "policy_2": {
                "learner_stats": {
                    "allreduce_latency": 0.0,
                    "grad_gnorm": 1.1580638885498047,
                    "cur_kl_coeff": 0.04999999999999999,
                    "cur_lr": 5e-05,
                    "total_loss": 8.26320903228991,
                    "policy_loss": -0.07735427786566575,
                    "vf_loss": 9.962448611403957,
                    "vf_explained_var": 4.507050369725083e-05,
                    "kl": 0.010978008584968923,
                    "entropy": 1.6224342039137176,
                    "entropy_coeff": 1.0
                },
                "model": {},
                "custom_metrics": {},
                "num_agent_steps_trained": 120.63636363636364,
                "num_grad_updates_lifetime": 198165.5,
                "diff_num_grad_updates_vs_sampler_policy": 164.5
            },
            "policy_0": {
                "learner_stats": {
                    "allreduce_latency": 0.0,
                    "grad_gnorm": 3.7240190505981445,
                    "cur_kl_coeff": 0.19999999999999996,
                    "cur_lr": 5e-05,
                    "total_loss": 8.024627283847693,
                    "policy_loss": -0.08649325787414316,
                    "vf_loss": 8.219826159332738,
                    "vf_explained_var": 0.048998069401943324,
                    "kl": 0.012446524997254824,
                    "entropy": 1.1119492962504878,
                    "entropy_coeff": 0.09999999999999998
                },
                "model": {},
                "custom_metrics": {},
                "num_agent_steps_trained": 122.36363636363636,
                "num_grad_updates_lifetime": 198165.5,
                "diff_num_grad_updates_vs_sampler_policy": 164.5
            }
        },
        "num_env_steps_sampled": 2404000,
        "num_env_steps_trained": 2404000,
        "num_agent_steps_sampled": 2403998,
        "num_agent_steps_trained": 2403998
    },
    "env_runners": {
        "episode_reward_max": -169.0,
        "episode_reward_min": -648.0,
        "episode_reward_mean": -442.92,
        "episode_len_mean": 151.98,
        "episode_media": {},
        "episodes_timesteps_total": 15198,
        "policy_reward_min": {
            "policy_0": -400.0,
            "policy_1": -385.0,
            "policy_2": -390.0
        },
        "policy_reward_max": {
            "policy_0": -8.0,
            "policy_1": -22.0,
            "policy_2": -17.0
        },
        "policy_reward_mean": {
            "policy_0": -78.12,
            "policy_1": -166.0,
            "policy_2": -198.8
        },
        "custom_metrics": {},
        "hist_stats": {
            "episode_reward": [
                -465.0,
                -512.0,
                -426.0,
                -452.0,
                -522.0,
                -501.0,
                -339.0,
                -547.0,
                -355.0,
                -467.0,
                -303.0,
                -479.0,
                -414.0,
                -529.0,
                -238.0,
                -504.0,
                -461.0,
                -518.0,
                -481.0,
                -381.0,
                -518.0,
                -403.0,
                -574.0,
                -648.0,
                -421.0,
                -356.0,
                -376.0,
                -456.0,
                -369.0,
                -576.0,
                -635.0,
                -393.0,
                -449.0,
                -505.0,
                -467.0,
                -532.0,
                -445.0,
                -458.0,
                -357.0,
                -362.0,
                -504.0,
                -541.0,
                -383.0,
                -331.0,
                -452.0,
                -444.0,
                -354.0,
                -463.0,
                -356.0,
                -435.0,
                -438.0,
                -480.0,
                -579.0,
                -408.0,
                -406.0,
                -377.0,
                -554.0,
                -464.0,
                -540.0,
                -463.0,
                -451.0,
                -443.0,
                -509.0,
                -494.0,
                -433.0,
                -387.0,
                -530.0,
                -465.0,
                -434.0,
                -382.0,
                -381.0,
                -405.0,
                -407.0,
                -466.0,
                -420.0,
                -451.0,
                -421.0,
                -325.0,
                -435.0,
                -515.0,
                -399.0,
                -490.0,
                -532.0,
                -438.0,
                -437.0,
                -342.0,
                -487.0,
                -344.0,
                -527.0,
                -169.0,
                -480.0,
                -338.0,
                -475.0,
                -417.0,
                -470.0,
                -464.0,
                -465.0,
                -305.0,
                -410.0,
                -383.0
            ],