{
    "custom_metrics": {},
    "episode_media": {},
    "info": {
        "learner": {
            "policy_1": {
                "learner_stats": {
                    "allreduce_latency": 0.0,
                    "grad_gnorm": 1.340349555015564,
                    "cur_kl_coeff": 0.09999999999999998,
                    "cur_lr": 5e-05,
                    "total_loss": 8.971741689335216,
                    "policy_loss": -0.09053962107917124,
                    "vf_loss": 9.855587996858539,
                    "vf_explained_var": 0.00028826630476749306,
                    "kl": 0.011665622890639486,
                    "entropy": 1.5889468796325452,
                    "entropy_coeff": 0.5
                },
                "model": {},
                "custom_metrics": {},
                "num_agent_steps_trained": 120.72727272727273,
                "num_grad_updates_lifetime": 221265.5,
                "diff_num_grad_updates_vs_sampler_policy": 164.5
            },
            "policy_2": {
                "learner_stats": {
                    "allreduce_latency": 0.0,
                    "grad_gnorm": 1.1658821105957031,
                    "cur_kl_coeff": 0.04999999999999999,
                    "cur_lr": 5e-05,
                    "total_loss": 8.143379367481579,
                    "policy_loss": -0.07819125903770327,
                    "vf_loss": 9.844624137878418,
                    "vf_explained_var": -9.097655614217122e-06,
                    "kl": 0.010530024773281556,
                    "entropy": 1.6235800616668932,
                    "entropy_coeff": 1.0
                },
                "model": {},
                "custom_metrics": {},
                "num_agent_steps_trained": 121.0909090909091,
                "num_grad_updates_lifetime": 221265.5,
                "diff_num_grad_updates_vs_sampler_policy": 164.5
            },
            "policy_0": {
                "learner_stats": {
                    "allreduce_latency": 0.0,
                    "grad_gnorm": 3.75775146484375,
                    "cur_kl_coeff": 0.19999999999999996,
                    "cur_lr": 5e-05,
                    "total_loss": 8.368410012216279,
                    "policy_loss": -0.10180560343927055,
                    "vf_loss": 8.585645324533635,
                    "vf_explained_var": -0.015688081582387287,
                    "kl": 0.014289055590566197,
                    "entropy": 1.1828750296072525,
                    "entropy_coeff": 0.09999999999999998
                },
                "model": {},
                "custom_metrics": {},
                "num_agent_steps_trained": 121.81818181818181,
                "num_grad_updates_lifetime": 221265.5,
                "diff_num_grad_updates_vs_sampler_policy": 164.5
            }
        },
        "num_env_steps_sampled": 2684000,
        "num_env_steps_trained": 2684000,
        "num_agent_steps_sampled": 2683998,
        "num_agent_steps_trained": 2683998
    },
    "env_runners": {
        "episode_reward_max": -215.0,
        "episode_reward_min": -669.0,
        "episode_reward_mean": -432.45,
        "episode_len_mean": 147.74,
        "episode_media": {},
        "episodes_timesteps_total": 14774,
        "policy_reward_min": {
            "policy_2": -425.0,
            "policy_0": -360.0,
            "policy_1": -455.0
        },
        "policy_reward_max": {
            "policy_2": -25.0,
            "policy_0": 3.0,
            "policy_1": -24.0
        },
        "policy_reward_mean": {
            "policy_2": -193.52,
            "policy_0": -89.98,
            "policy_1": -148.95
        },
        "custom_metrics": {},
        "hist_stats": {
            "episode_reward": [
                -328.0,
                -413.0,
                -375.0,
                -482.0,
                -339.0,
                -262.0,
                -600.0,
                -480.0,
                -549.0,
                -444.0,
                -525.0,
                -462.0,
                -424.0,
                -443.0,
                -536.0,
                -435.0,
                -511.0,
                -613.0,
                -501.0,
                -419.0,
                -465.0,
                -334.0,
                -284.0,
                -381.0,
                -444.0,
                -396.0,
                -396.0,
                -544.0,
                -321.0,
                -273.0,
                -456.0,
                -665.0,
                -373.0,
                -364.0,
                -415.0,
                -417.0,
                -275.0,
                -256.0,
                -430.0,
                -455.0,
                -459.0,
                -481.0,
                -270.0,
                -433.0,
                -502.0,
                -334.0,
                -267.0,
                -361.0,
                -659.0,
                -342.0,
                -404.0,
                -321.0,
                -297.0,
                -438.0,
                -397.0,
                -463.0,
                -378.0,
                -472.0,
                -427.0,
                -270.0,
                -342.0,
                -471.0,
                -497.0,
                -423.0,
                -487.0,
                -417.0,
                -580.0,
                -502.0,
                -367.0,
                -458.0,
                -669.0,
                -372.0,
                -503.0,
                -476.0,
                -451.0,
                -447.0,
                -402.0,
                -412.0,
                -460.0,
                -489.0,
                -529.0,
                -503.0,
                -533.0,
                -466.0,
                -572.0,
                -384.0,
                -332.0,
                -483.0,
                -463.0,
                -342.0,
                -353.0,
                -395.0,
                -431.0,
                -215.0,
                -605.0,
                -633.0,
                -457.0,
                -499.0,
                -430.0,
                -335.0
            ],