{
    "custom_metrics": {},
    "episode_media": {},
    "info": {
        "learner": {
            "policy_1": {
                "learner_stats": {
                    "allreduce_latency": 0.0,
                    "grad_gnorm": 1.1645158529281616,
                    "cur_kl_coeff": 0.09999999999999998,
                    "cur_lr": 5e-05,
                    "total_loss": 9.068614907698198,
                    "policy_loss": -0.08185269092513904,
                    "vf_loss": 9.945565847917036,
                    "vf_explained_var": -1.3020905581387606e-06,
                    "kl": 0.01290279468732288,
                    "entropy": 1.5927770473740317,
                    "entropy_coeff": 0.5
                },
                "model": {},
                "custom_metrics": {},
                "num_agent_steps_trained": 121.54545454545455,
                "num_grad_updates_lifetime": 61215.5,
                "diff_num_grad_updates_vs_sampler_policy": 164.5
            },
            "policy_2": {
                "learner_stats": {
                    "allreduce_latency": 0.0,
                    "grad_gnorm": 1.0575178861618042,
                    "cur_kl_coeff": 0.04999999999999999,
                    "cur_lr": 5e-05,
                    "total_loss": 8.264600209033851,
                    "policy_loss": -0.057555877460187976,
                    "vf_loss": 9.956622990694912,
                    "vf_explained_var": 3.7605112249200997e-07,
                    "kl": 0.007842907176014735,
                    "entropy": 1.6348589926054984,
                    "entropy_coeff": 1.0
                },
                "model": {},
                "custom_metrics": {},
                "num_agent_steps_trained": 120.81818181818181,
                "num_grad_updates_lifetime": 61215.5,
                "diff_num_grad_updates_vs_sampler_policy": 164.5
            },
            "policy_0": {
                "learner_stats": {
                    "allreduce_latency": 0.0,
                    "grad_gnorm": 5.170571804046631,
                    "cur_kl_coeff": 0.19999999999999996,
                    "cur_lr": 5e-05,
                    "total_loss": 8.468019978205364,
                    "policy_loss": -0.08643190756327275,
                    "vf_loss": 8.687031076893662,
                    "vf_explained_var": 0.040355875094731646,
                    "kl": 0.013405280651741949,
                    "entropy": 1.3526025804606352,
                    "entropy_coeff": 0.09999999999999998
                },
                "model": {},
                "custom_metrics": {},
                "num_agent_steps_trained": 121.27272727272727,
                "num_grad_updates_lifetime": 61215.5,
                "diff_num_grad_updates_vs_sampler_policy": 164.5
            }
        },
        "num_env_steps_sampled": 744000,
        "num_env_steps_trained": 744000,
        "num_agent_steps_sampled": 743998,
        "num_agent_steps_trained": 743998
    },
    "env_runners": {
        "episode_reward_max": -221.0,
        "episode_reward_min": -680.0,
        "episode_reward_mean": -458.74,
        "episode_len_mean": 139.9,
        "episode_media": {},
        "episodes_timesteps_total": 13990,
        "policy_reward_min": {
            "policy_0": -360.0,
            "policy_1": -445.0,
            "policy_2": -435.0
        },
        "policy_reward_max": {
            "policy_0": -11.0,
            "policy_1": -16.0,
            "policy_2": -43.0
        },
        "policy_reward_mean": {
            "policy_0": -97.56,
            "policy_1": -135.9,
            "policy_2": -225.28
        },
        "custom_metrics": {},
        "hist_stats": {
            "episode_reward": [
                -330.0,
                -500.0,
                -393.0,
                -582.0,
                -494.0,
                -390.0,
                -373.0,
                -341.0,
                -565.0,
                -510.0,
                -452.0,
                -487.0,
                -598.0,
                -589.0,
                -512.0,
                -505.0,
                -446.0,
                -397.0,
                -409.0,
                -446.0,
                -533.0,
                -554.0,
                -441.0,
                -496.0,
                -384.0,
                -366.0,
                -345.0,
                -412.0,
                -509.0,
                -524.0,
                -602.0,
                -418.0,
                -391.0,
                -408.0,
                -467.0,
                -301.0,
                -424.0,
                -426.0,
                -427.0,
                -388.0,
                -473.0,
                -471.0,
                -605.0,
                -388.0,
                -499.0,
                -381.0,
                -460.0,
                -353.0,
                -457.0,
                -501.0,
                -470.0,
                -452.0,
                -494.0,
                -533.0,
                -376.0,
                -402.0,
                -487.0,
                -221.0,
                -411.0,
                -567.0,
                -477.0,
                -491.0,
                -359.0,
                -506.0,
                -562.0,
                -539.0,
                -420.0,
                -398.0,
                -495.0,
                -353.0,
                -521.0,
                -564.0,
                -323.0,
                -345.0,
                -479.0,
                -470.0,
                -452.0,
                -680.0,
                -553.0,
                -295.0,
                -419.0,
                -501.0,
                -554.0,
                -579.0,
                -374.0,
                -441.0,
                -617.0,
                -512.0,
                -341.0,
                -454.0,
                -508.0,
                -223.0,
                -400.0,
                -438.0,
                -449.0,
                -677.0,
                -426.0,
                -509.0,
                -401.0,
                -633.0
            ],