{
    "custom_metrics": {},
    "episode_media": {},
    "info": {
        "learner": {
            "policy_1": {
                "learner_stats": {
                    "allreduce_latency": 0.0,
                    "grad_gnorm": 1.2096459865570068,
                    "cur_kl_coeff": 0.09999999999999998,
                    "cur_lr": 5e-05,
                    "total_loss": 9.01010016817035,
                    "policy_loss": -0.07770703291788585,
                    "vf_loss": 9.88668343515107,
                    "vf_explained_var": -1.8546075531930633e-06,
                    "kl": 0.013207836601451396,
                    "entropy": 1.6003941044662937,
                    "entropy_coeff": 0.5
                },
                "model": {},
                "custom_metrics": {},
                "num_agent_steps_trained": 121.54545454545455,
                "num_grad_updates_lifetime": 82665.5,
                "diff_num_grad_updates_vs_sampler_policy": 164.5
            },
            "policy_2": {
                "learner_stats": {
                    "allreduce_latency": 0.0,
                    "grad_gnorm": 1.0775699615478516,
                    "cur_kl_coeff": 0.04999999999999999,
                    "cur_lr": 5e-05,
                    "total_loss": 8.198993141000921,
                    "policy_loss": -0.06410331802555558,
                    "vf_loss": 9.893697848464504,
                    "vf_explained_var": 8.301301435990767e-07,
                    "kl": 0.009058234445361864,
                    "entropy": 1.6310543143387997,
                    "entropy_coeff": 1.0
                },
                "model": {},
                "custom_metrics": {},
                "num_agent_steps_trained": 120.81818181818181,
                "num_grad_updates_lifetime": 82665.5,
                "diff_num_grad_updates_vs_sampler_policy": 164.5
            },
            "policy_0": {
                "learner_stats": {
                    "allreduce_latency": 0.0,
                    "grad_gnorm": 5.583475589752197,
                    "cur_kl_coeff": 0.19999999999999996,
                    "cur_lr": 5e-05,
                    "total_loss": 8.712876269311616,
                    "policy_loss": -0.08871082530328722,
                    "vf_loss": 8.936717555017182,
                    "vf_explained_var": 0.027513490120569865,
                    "kl": 0.014999994255745773,
                    "entropy": 1.381304593519731,
                    "entropy_coeff": 0.09999999999999998
                },
                "model": {},
                "custom_metrics": {},
                "num_agent_steps_trained": 121.27272727272727,
                "num_grad_updates_lifetime": 82665.5,
                "diff_num_grad_updates_vs_sampler_policy": 164.5
            }
        },
        "num_env_steps_sampled": 1004000,
        "num_env_steps_trained": 1004000,
        "num_agent_steps_sampled": 1003998,
        "num_agent_steps_trained": 1003998
    },
    "env_runners": {
        "episode_reward_max": -200.0,
        "episode_reward_min": -694.0,
        "episode_reward_mean": -464.85,
        "episode_len_mean": 153.02,
        "episode_media": {},
        "episodes_timesteps_total": 15302,
        "policy_reward_min": {
            "policy_0": -405.0,
            "policy_1": -470.0,
            "policy_2": -455.0
        },
        "policy_reward_max": {
            "policy_0": 2.0,
            "policy_1": -28.0,
            "policy_2": -34.0
        },
        "policy_reward_mean": {
            "policy_0": -112.4,
            "policy_1": -152.71,
            "policy_2": -199.74
        },
        "custom_metrics": {},
        "hist_stats": {
            "episode_reward": [
                -439.0,
                -443.0,
                -402.0,
                -540.0,
                -513.0,
                -459.0,
                -560.0,
                -529.0,
                -542.0,
                -405.0,
                -642.0,
                -444.0,
                -327.0,
                -331.0,
                -457.0,
                -387.0,
                -354.0,
                -314.0,
                -457.0,
                -544.0,
                -434.0,
                -521.0,
                -539.0,
                -500.0,
                -487.0,
                -362.0,
                -562.0,
                -392.0,
                -483.0,
                -468.0,
                -382.0,
                -369.0,
                -539.0,
                -500.0,
                -477.0,
                -560.0,
                -345.0,
                -370.0,
                -457.0,
                -568.0,
                -630.0,
                -431.0,
                -424.0,
                -553.0,
                -426.0,
                -602.0,
                -232.0,
                -306.0,
                -502.0,
                -600.0,
                -384.0,
                -555.0,
                -460.0,
                -395.0,
                -426.0,
                -658.0,
                -483.0,
                -531.0,
                -430.0,
                -526.0,
                -485.0,
                -543.0,
                -396.0,
                -507.0,
                -513.0,
                -534.0,
                -694.0,
                -387.0,
                -327.0,
                -441.0,
                -461.0,
                -510.0,
                -450.0,
                -483.0,
                -421.0,
                -360.0,
                -200.0,
                -502.0,
                -447.0,
                -442.0,
                -595.0,
                -405.0,
                -652.0,
                -479.0,
                -354.0,
                -401.0,
                -426.0,
                -262.0,
                -548.0,
                -455.0,
                -621.0,
                -540.0,
                -468.0,
                -403.0,
                -347.0,
                -483.0,
                -582.0,
                -576.0,
                -386.0,
                -441.0
            ],