{
    "custom_metrics": {},
    "episode_media": {},
    "info": {
        "learner": {
            "policy_1": {
                "learner_stats": {
                    "allreduce_latency": 0.0,
                    "grad_gnorm": 1.2717474699020386,
                    "cur_kl_coeff": 0.09999999999999998,
                    "cur_lr": 5e-05,
                    "total_loss": 8.85351976336855,
                    "policy_loss": -0.0962440478559019,
                    "vf_loss": 9.739983616453229,
                    "vf_explained_var": 1.795544768824722e-05,
                    "kl": 0.016934363746730494,
                    "entropy": 1.583826687480464,
                    "entropy_coeff": 0.5
                },
                "model": {},
                "custom_metrics": {},
                "num_agent_steps_trained": 121.36363636363636,
                "num_grad_updates_lifetime": 302115.5,
                "diff_num_grad_updates_vs_sampler_policy": 164.5
            },
            "policy_2": {
                "learner_stats": {
                    "allreduce_latency": 0.0,
                    "grad_gnorm": 1.195129156112671,
                    "cur_kl_coeff": 0.04999999999999999,
                    "cur_lr": 5e-05,
                    "total_loss": 8.039630141402736,
                    "policy_loss": -0.07372738256711851,
                    "vf_loss": 9.738759956937848,
                    "vf_explained_var": -1.6351902123653526e-05,
                    "kl": 0.009520380746927085,
                    "entropy": 1.6258784886562463,
                    "entropy_coeff": 1.0
                },
                "model": {},
                "custom_metrics": {},
                "num_agent_steps_trained": 120.54545454545455,
                "num_grad_updates_lifetime": 302115.5,
                "diff_num_grad_updates_vs_sampler_policy": 164.5
            },
            "policy_0": {
                "learner_stats": {
                    "allreduce_latency": 0.0,
                    "grad_gnorm": 2.456932544708252,
                    "cur_kl_coeff": 0.19999999999999996,
                    "cur_lr": 5e-05,
                    "total_loss": 7.754749832731305,
                    "policy_loss": -0.10671262036564506,
                    "vf_loss": 7.968640818740383,
                    "vf_explained_var": 0.016395121632200298,
                    "kl": 0.015859359361921878,
                    "entropy": 1.1035025876579863,
                    "entropy_coeff": 0.09999999999999998
                },
                "model": {},
                "custom_metrics": {},
                "num_agent_steps_trained": 121.72727272727273,
                "num_grad_updates_lifetime": 302115.5,
                "diff_num_grad_updates_vs_sampler_policy": 164.5
            }
        },
        "num_env_steps_sampled": 3664000,
        "num_env_steps_trained": 3664000,
        "num_agent_steps_sampled": 3663998,
        "num_agent_steps_trained": 3663998
    },
    "env_runners": {
        "episode_reward_max": -242.0,
        "episode_reward_min": -663.0,
        "episode_reward_mean": -450.19,
        "episode_len_mean": 152.24,
        "episode_media": {},
        "episodes_timesteps_total": 15224,
        "policy_reward_min": {
            "policy_0": -360.0,
            "policy_1": -475.0,
            "policy_2": -420.0
        },
        "policy_reward_max": {
            "policy_0": 15.0,
            "policy_1": -16.0,
            "policy_2": -14.0
        },
        "policy_reward_mean": {
            "policy_0": -108.69,
            "policy_1": -141.78,
            "policy_2": -199.72
        },
        "custom_metrics": {},
        "hist_stats": {
            "episode_reward": [
                -431.0,
                -499.0,
                -371.0,
                -344.0,
                -407.0,
                -434.0,
                -473.0,
                -412.0,
                -451.0,
                -396.0,
                -367.0,
                -590.0,
                -410.0,
                -242.0,
                -393.0,
                -544.0,
                -553.0,
                -533.0,
                -407.0,
                -555.0,
                -532.0,
                -432.0,
                -350.0,
                -532.0,
                -487.0,
                -379.0,
                -363.0,
                -505.0,
                -450.0,
                -371.0,
                -415.0,
                -375.0,
                -521.0,
                -500.0,
                -396.0,
                -549.0,
                -421.0,
                -345.0,
                -596.0,
                -383.0,
                -487.0,
                -397.0,
                -423.0,
                -459.0,
                -488.0,
                -443.0,
                -371.0,
                -387.0,
                -455.0,
                -532.0,
                -491.0,
                -362.0,
                -475.0,
                -370.0,
                -373.0,
                -475.0,
                -287.0,
                -593.0,
                -386.0,
                -265.0,
                -391.0,
                -410.0,
                -557.0,
                -396.0,
                -403.0,
                -520.0,
                -366.0,
                -597.0,
                -345.0,
                -446.0,
                -396.0,
                -498.0,
                -459.0,
                -445.0,
                -462.0,
                -501.0,
                -379.0,
                -531.0,
                -663.0,
                -437.0,
                -511.0,
                -351.0,
                -462.0,
                -408.0,
                -629.0,
                -460.0,
                -452.0,
                -446.0,
                -490.0,
                -333.0,
                -456.0,
                -470.0,
                -446.0,
                -553.0,
                -451.0,
                -547.0,
                -365.0,
                -530.0,
                -617.0,
                -607.0
            ],