{
    "custom_metrics": {},
    "episode_media": {},
    "info": {
        "learner": {
            "policy_1": {
                "learner_stats": {
                    "allreduce_latency": 0.0,
                    "grad_gnorm": 1.33824622631073,
                    "cur_kl_coeff": 0.09999999999999998,
                    "cur_lr": 5e-05,
                    "total_loss": 9.02480973330411,
                    "policy_loss": -0.09396647420062712,
                    "vf_loss": 9.910352521954161,
                    "vf_explained_var": 1.35692683133212e-05,
                    "kl": 0.01316984371281154,
                    "entropy": 1.5857867818890197,
                    "entropy_coeff": 0.5
                },
                "model": {},
                "custom_metrics": {},
                "num_agent_steps_trained": 121.9090909090909,
                "num_grad_updates_lifetime": 269115.5,
                "diff_num_grad_updates_vs_sampler_policy": 164.5
            },
            "policy_2": {
                "learner_stats": {
                    "allreduce_latency": 0.0,
                    "grad_gnorm": 1.1665441989898682,
                    "cur_kl_coeff": 0.04999999999999999,
                    "cur_lr": 5e-05,
                    "total_loss": 8.211027525410508,
                    "policy_loss": -0.08083703220172814,
                    "vf_loss": 9.915966744856402,
                    "vf_explained_var": 4.1632941274931934e-07,
                    "kl": 0.011054590157945283,
                    "entropy": 1.624654896331556,
                    "entropy_coeff": 1.0
                },
                "model": {},
                "custom_metrics": {},
                "num_agent_steps_trained": 120.54545454545455,
                "num_grad_updates_lifetime": 269115.5,
                "diff_num_grad_updates_vs_sampler_policy": 164.5
            },
            "policy_0": {
                "learner_stats": {
                    "allreduce_latency": 0.0,
                    "grad_gnorm": 4.89946174621582,
                    "cur_kl_coeff": 0.19999999999999996,
                    "cur_lr": 5e-05,
                    "total_loss": 7.953031201796098,
                    "policy_loss": -0.08018493633576189,
                    "vf_loss": 8.13640807614182,
                    "vf_explained_var": 0.13004421212456443,
                    "kl": 0.011275309888732106,
                    "entropy": 1.0544700819434543,
                    "entropy_coeff": 0.09999999999999998
                },
                "model": {},
                "custom_metrics": {},
                "num_agent_steps_trained": 121.18181818181819,
                "num_grad_updates_lifetime": 269115.5,
                "diff_num_grad_updates_vs_sampler_policy": 164.5
            }
        },
        "num_env_steps_sampled": 3264000,
        "num_env_steps_trained": 3264000,
        "num_agent_steps_sampled": 3263998,
        "num_agent_steps_trained": 3263998
    },
    "env_runners": {
        "episode_reward_max": -219.0,
        "episode_reward_min": -583.0,
        "episode_reward_mean": -440.71,
        "episode_len_mean": 143.18,
        "episode_media": {},
        "episodes_timesteps_total": 14318,
        "policy_reward_min": {
            "policy_2": -430.0,
            "policy_0": -445.0,
            "policy_1": -400.0
        },
        "policy_reward_max": {
            "policy_2": -30.0,
            "policy_0": 0.0,
            "policy_1": -17.0
        },
        "policy_reward_mean": {
            "policy_2": -214.39,
            "policy_0": -91.7,
            "policy_1": -134.62
        },
        "custom_metrics": {},
        "hist_stats": {
            "episode_reward": [
                -390.0,
                -424.0,
                -446.0,
                -389.0,
                -219.0,
                -437.0,
                -477.0,
                -518.0,
                -321.0,
                -244.0,
                -498.0,
                -434.0,
                -520.0,
                -336.0,
                -556.0,
                -415.0,
                -426.0,
                -437.0,
                -384.0,
                -437.0,
                -391.0,
                -527.0,
                -452.0,
                -538.0,
                -550.0,
                -494.0,
                -435.0,
                -426.0,
                -414.0,
                -371.0,
                -520.0,
                -409.0,
                -423.0,
                -455.0,
                -458.0,
                -472.0,
                -554.0,
                -398.0,
                -499.0,
                -557.0,
                -343.0,
                -364.0,
                -455.0,
                -337.0,
                -472.0,
                -361.0,
                -485.0,
                -482.0,
                -474.0,
                -506.0,
                -460.0,
                -581.0,
                -449.0,
                -433.0,
                -410.0,
                -474.0,
                -485.0,
                -543.0,
                -258.0,
                -362.0,
                -328.0,
                -337.0,
                -456.0,
                -441.0,
                -545.0,
                -550.0,
                -368.0,
                -538.0,
                -571.0,
                -480.0,
                -344.0,
                -341.0,
                -283.0,
                -413.0,
                -505.0,
                -414.0,
                -456.0,
                -375.0,
                -291.0,
                -502.0,
                -415.0,
                -543.0,
                -506.0,
                -540.0,
                -340.0,
                -568.0,
                -488.0,
                -512.0,
                -475.0,
                -480.0,
                -583.0,
                -376.0,
                -307.0,
                -511.0,
                -356.0,
                -461.0,
                -488.0,
                -525.0,
                -350.0,
                -324.0
            ],