{
    "custom_metrics": {},
    "episode_media": {},
    "info": {
        "learner": {
            "policy_1": {
                "learner_stats": {
                    "allreduce_latency": 0.0,
                    "grad_gnorm": 1.278397798538208,
                    "cur_kl_coeff": 0.09999999999999998,
                    "cur_lr": 5e-05,
                    "total_loss": 8.864848388325084,
                    "policy_loss": -0.09250608513742037,
                    "vf_loss": 9.749843895074093,
                    "vf_explained_var": 7.259267749208393e-05,
                    "kl": 0.01393712335597282,
                    "entropy": 1.5877665042877198,
                    "entropy_coeff": 0.5
                },
                "model": {},
                "custom_metrics": {},
                "num_agent_steps_trained": 121.72727272727273,
                "num_grad_updates_lifetime": 236115.5,
                "diff_num_grad_updates_vs_sampler_policy": 164.5
            },
            "policy_2": {
                "learner_stats": {
                    "allreduce_latency": 0.0,
                    "grad_gnorm": 1.1787012815475464,
                    "cur_kl_coeff": 0.04999999999999999,
                    "cur_lr": 5e-05,
                    "total_loss": 8.05201541293751,
                    "policy_loss": -0.07875746047533484,
                    "vf_loss": 9.750236771323465,
                    "vf_explained_var": -2.343275330283425e-05,
                    "kl": 0.010992437641530411,
                    "entropy": 1.620013546221184,
                    "entropy_coeff": 1.0
                },
                "model": {},
                "custom_metrics": {},
                "num_agent_steps_trained": 120.72727272727273,
                "num_grad_updates_lifetime": 236115.5,
                "diff_num_grad_updates_vs_sampler_policy": 164.5
            },
            "policy_0": {
                "learner_stats": {
                    "allreduce_latency": 0.0,
                    "grad_gnorm": 3.916145086288452,
                    "cur_kl_coeff": 0.19999999999999996,
                    "cur_lr": 5e-05,
                    "total_loss": 8.563337021163015,
                    "policy_loss": -0.09859319276204614,
                    "vf_loss": 8.77311781391953,
                    "vf_explained_var": 0.023949750445105812,
                    "kl": 0.014324921800772755,
                    "entropy": 1.1405259894602227,
                    "entropy_coeff": 0.09999999999999998
                },
                "model": {},
                "custom_metrics": {},
                "num_agent_steps_trained": 121.18181818181819,
                "num_grad_updates_lifetime": 236115.5,
                "diff_num_grad_updates_vs_sampler_policy": 164.5
            }
        },
        "num_env_steps_sampled": 2864000,
        "num_env_steps_trained": 2864000,
        "num_agent_steps_sampled": 2863998,
        "num_agent_steps_trained": 2863998
    },
    "env_runners": {
        "episode_reward_max": -243.0,
        "episode_reward_min": -664.0,
        "episode_reward_mean": -432.71,
        "episode_len_mean": 148.18,
        "episode_media": {},
        "episodes_timesteps_total": 14818,
        "policy_reward_min": {
            "policy_2": -405.0,
            "policy_0": -340.0,
            "policy_1": -395.0
        },
        "policy_reward_max": {
            "policy_2": -31.0,
            "policy_0": -7.0,
            "policy_1": -21.0
        },
        "policy_reward_mean": {
            "policy_2": -196.83,
            "policy_0": -101.0,
            "policy_1": -134.88
        },
        "custom_metrics": {},
        "hist_stats": {
            "episode_reward": [
                -412.0,
                -448.0,
                -406.0,
                -303.0,
                -499.0,
                -310.0,
                -462.0,
                -468.0,
                -378.0,
                -298.0,
                -416.0,
                -530.0,
                -486.0,
                -574.0,
                -285.0,
                -392.0,
                -314.0,
                -395.0,
                -413.0,
                -330.0,
                -325.0,
                -449.0,
                -314.0,
                -455.0,
                -403.0,
                -434.0,
                -350.0,
                -537.0,
                -420.0,
                -364.0,
                -326.0,
                -419.0,
                -519.0,
                -441.0,
                -549.0,
                -402.0,
                -529.0,
                -440.0,
                -451.0,
                -412.0,
                -504.0,
                -377.0,
                -280.0,
                -389.0,
                -495.0,
                -536.0,
                -557.0,
                -290.0,
                -294.0,
                -464.0,
                -475.0,
                -334.0,
                -403.0,
                -452.0,
                -664.0,
                -412.0,
                -243.0,
                -410.0,
                -420.0,
                -564.0,
                -545.0,
                -356.0,
                -506.0,
                -332.0,
                -369.0,
                -504.0,
                -401.0,
                -605.0,
                -328.0,
                -523.0,
                -509.0,
                -433.0,
                -324.0,
                -358.0,
                -559.0,
                -427.0,
                -471.0,
                -484.0,
                -601.0,
                -421.0,
                -360.0,
                -386.0,
                -638.0,
                -339.0,
                -527.0,
                -498.0,
                -467.0,
                -423.0,
                -563.0,
                -423.0,
                -369.0,
                -338.0,
                -486.0,
                -388.0,
                -501.0,
                -358.0,
                -352.0,
                -425.0,
                -568.0,
                -585.0
            ],