{
    "custom_metrics": {},
    "episode_media": {},
    "info": {
        "learner": {
            "policy_1": {
                "learner_stats": {
                    "allreduce_latency": 0.0,
                    "grad_gnorm": 1.211997628211975,
                    "cur_kl_coeff": 0.09999999999999998,
                    "cur_lr": 5e-05,
                    "total_loss": 8.874810455784653,
                    "policy_loss": -0.08268306468698111,
                    "vf_loss": 9.752536556937478,
                    "vf_explained_var": -9.63247183597449e-07,
                    "kl": 0.011220255339156266,
                    "entropy": 1.5923300970684398,
                    "entropy_coeff": 0.5
                },
                "model": {},
                "custom_metrics": {},
                "num_agent_steps_trained": 121.45454545454545,
                "num_grad_updates_lifetime": 102465.5,
                "diff_num_grad_updates_vs_sampler_policy": 164.5
            },
            "policy_2": {
                "learner_stats": {
                    "allreduce_latency": 0.0,
                    "grad_gnorm": 1.054348111152649,
                    "cur_kl_coeff": 0.04999999999999999,
                    "cur_lr": 5e-05,
                    "total_loss": 8.053530168533324,
                    "policy_loss": -0.0689968720713461,
                    "vf_loss": 9.743641073053533,
                    "vf_explained_var": -0.0002295383901307077,
                    "kl": 0.009896746452660797,
                    "entropy": 1.621608977245562,
                    "entropy_coeff": 1.0
                },
                "model": {},
                "custom_metrics": {},
                "num_agent_steps_trained": 120.81818181818181,
                "num_grad_updates_lifetime": 102465.5,
                "diff_num_grad_updates_vs_sampler_policy": 164.5
            },
            "policy_0": {
                "learner_stats": {
                    "allreduce_latency": 0.0,
                    "grad_gnorm": 3.8457393646240234,
                    "cur_kl_coeff": 0.19999999999999996,
                    "cur_lr": 5e-05,
                    "total_loss": 8.266331421245228,
                    "policy_loss": -0.0939087818616606,
                    "vf_loss": 8.488902289939649,
                    "vf_explained_var": 0.0029422601064046225,
                    "kl": 0.015558819830239583,
                    "entropy": 1.3177386370572177,
                    "entropy_coeff": 0.09999999999999998
                },
                "model": {},
                "custom_metrics": {},
                "num_agent_steps_trained": 121.36363636363636,
                "num_grad_updates_lifetime": 102465.5,
                "diff_num_grad_updates_vs_sampler_policy": 164.5
            }
        },
        "num_env_steps_sampled": 1244000,
        "num_env_steps_trained": 1244000,
        "num_agent_steps_sampled": 1243998,
        "num_agent_steps_trained": 1243998
    },
    "env_runners": {
        "episode_reward_max": -198.0,
        "episode_reward_min": -653.0,
        "episode_reward_mean": -441.76,
        "episode_len_mean": 142.26,
        "episode_media": {},
        "episodes_timesteps_total": 14226,
        "policy_reward_min": {
            "policy_2": -395.0,
            "policy_0": -380.0,
            "policy_1": -405.0
        },
        "policy_reward_max": {
            "policy_2": -30.0,
            "policy_0": -10.0,
            "policy_1": -13.0
        },
        "policy_reward_mean": {
            "policy_2": -197.72,
            "policy_0": -102.52,
            "policy_1": -141.52
        },
        "custom_metrics": {},
        "hist_stats": {
            "episode_reward": [
                -481.0,
                -544.0,
                -198.0,
                -489.0,
                -373.0,
                -537.0,
                -496.0,
                -348.0,
                -408.0,
                -349.0,
                -445.0,
                -583.0,
                -467.0,
                -351.0,
                -392.0,
                -379.0,
                -481.0,
                -546.0,
                -538.0,
                -419.0,
                -382.0,
                -425.0,
                -471.0,
                -518.0,
                -386.0,
                -433.0,
                -465.0,
                -546.0,
                -328.0,
                -539.0,
                -381.0,
                -532.0,
                -444.0,
                -382.0,
                -531.0,
                -457.0,
                -516.0,
                -405.0,
                -332.0,
                -482.0,
                -430.0,
                -302.0,
                -391.0,
                -455.0,
                -495.0,
                -533.0,
                -546.0,
                -339.0,
                -494.0,
                -428.0,
                -330.0,
                -341.0,
                -442.0,
                -593.0,
                -363.0,
                -433.0,
                -427.0,
                -520.0,
                -518.0,
                -321.0,
                -476.0,
                -403.0,
                -514.0,
                -438.0,
                -399.0,
                -497.0,
                -287.0,
                -420.0,
                -361.0,
                -304.0,
                -515.0,
                -583.0,
                -460.0,
                -439.0,
                -412.0,
                -370.0,
                -400.0,
                -408.0,
                -458.0,
                -653.0,
                -580.0,
                -380.0,
                -381.0,
                -436.0,
                -360.0,
                -502.0,
                -480.0,
                -504.0,
                -485.0,
                -571.0,
                -420.0,
                -491.0,
                -522.0,
                -474.0,
                -430.0,
                -593.0,
                -212.0,
                -462.0,
                -225.0,
                -391.0
            ],