{
    "custom_metrics": {},
    "episode_media": {},
    "info": {
        "learner": {
            "policy_1": {
                "learner_stats": {
                    "allreduce_latency": 0.0,
                    "grad_gnorm": 1.0887876749038696,
                    "cur_kl_coeff": 0.09999999999999998,
                    "cur_lr": 5e-05,
                    "total_loss": 8.969499377048377,
                    "policy_loss": -0.07531213312071156,
                    "vf_loss": 9.842535721171986,
                    "vf_explained_var": 2.18532302162864e-06,
                    "kl": 0.010773627357196072,
                    "entropy": 1.5976030920491073,
                    "entropy_coeff": 0.5
                },
                "model": {},
                "custom_metrics": {},
                "num_agent_steps_trained": 122.0,
                "num_grad_updates_lifetime": 41415.5,
                "diff_num_grad_updates_vs_sampler_policy": 164.5
            },
            "policy_2": {
                "learner_stats": {
                    "allreduce_latency": 0.0,
                    "grad_gnorm": 0.9895532131195068,
                    "cur_kl_coeff": 0.04999999999999999,
                    "cur_lr": 5e-05,
                    "total_loss": 8.160498460133871,
                    "policy_loss": -0.05714854897409113,
                    "vf_loss": 9.851202250971939,
                    "vf_explained_var": -1.052834770896218e-06,
                    "kl": 0.009085334800167471,
                    "entropy": 1.6340094913135876,
                    "entropy_coeff": 1.0
                },
                "model": {},
                "custom_metrics": {},
                "num_agent_steps_trained": 120.54545454545455,
                "num_grad_updates_lifetime": 41415.5,
                "diff_num_grad_updates_vs_sampler_policy": 164.5
            },
            "policy_0": {
                "learner_stats": {
                    "allreduce_latency": 0.0,
                    "grad_gnorm": 1.4978878498077393,
                    "cur_kl_coeff": 0.19999999999999996,
                    "cur_lr": 5e-05,
                    "total_loss": 9.644998920325078,
                    "policy_loss": -0.08117212127245059,
                    "vf_loss": 9.854953294811827,
                    "vf_explained_var": 0.003778203147830385,
                    "kl": 0.011813791372953478,
                    "entropy": 1.3114500791737527,
                    "entropy_coeff": 0.09999999999999998
                },
                "model": {},
                "custom_metrics": {},
                "num_agent_steps_trained": 121.0909090909091,
                "num_grad_updates_lifetime": 41415.5,
                "diff_num_grad_updates_vs_sampler_policy": 164.5
            }
        },
        "num_env_steps_sampled": 504000,
        "num_env_steps_trained": 504000,
        "num_agent_steps_sampled": 503998,
        "num_agent_steps_trained": 503998
    },
    "env_runners": {
        "episode_reward_max": -232.0,
        "episode_reward_min": -629.0,
        "episode_reward_mean": -447.37,
        "episode_len_mean": 142.36,
        "episode_media": {},
        "episodes_timesteps_total": 14236,
        "policy_reward_min": {
            "policy_2": -445.0,
            "policy_0": -330.0,
            "policy_1": -365.0
        },
        "policy_reward_max": {
            "policy_2": -25.0,
            "policy_0": -15.0,
            "policy_1": -20.0
        },
        "policy_reward_mean": {
            "policy_2": -202.87,
            "policy_0": -108.49,
            "policy_1": -136.01
        },
        "custom_metrics": {},
        "hist_stats": {
            "episode_reward": [
                -463.0,
                -511.0,
                -376.0,
                -596.0,
                -424.0,
                -471.0,
                -503.0,
                -452.0,
                -429.0,
                -450.0,
                -492.0,
                -386.0,
                -355.0,
                -591.0,
                -363.0,
                -445.0,
                -348.0,
                -418.0,
                -373.0,
                -397.0,
                -425.0,
                -461.0,
                -441.0,
                -418.0,
                -548.0,
                -606.0,
                -384.0,
                -398.0,
                -525.0,
                -456.0,
                -550.0,
                -381.0,
                -378.0,
                -543.0,
                -626.0,
                -417.0,
                -488.0,
                -486.0,
                -554.0,
                -447.0,
                -423.0,
                -554.0,
                -444.0,
                -388.0,
                -533.0,
                -427.0,
                -398.0,
                -232.0,
                -513.0,
                -321.0,
                -417.0,
                -330.0,
                -591.0,
                -385.0,
                -571.0,
                -526.0,
                -514.0,
                -476.0,
                -489.0,
                -389.0,
                -558.0,
                -313.0,
                -494.0,
                -360.0,
                -385.0,
                -355.0,
                -405.0,
                -487.0,
                -482.0,
                -483.0,
                -366.0,
                -444.0,
                -398.0,
                -346.0,
                -422.0,
                -413.0,
                -424.0,
                -471.0,
                -447.0,
                -474.0,
                -446.0,
                -453.0,
                -486.0,
                -539.0,
                -441.0,
                -410.0,
                -629.0,
                -360.0,
                -477.0,
                -519.0,
                -352.0,
                -352.0,
                -385.0,
                -533.0,
                -394.0,
                -419.0,
                -439.0,
                -418.0,
                -470.0,
                -392.0
            ],