{
    "custom_metrics": {},
    "episode_media": {},
    "info": {
        "learner": {
            "policy_1": {
                "learner_stats": {
                    "allreduce_latency": 0.0,
                    "grad_gnorm": 1.3348904848098755,
                    "cur_kl_coeff": 0.09999999999999998,
                    "cur_lr": 5e-05,
                    "total_loss": 8.757715808984004,
                    "policy_loss": -0.09522840334949169,
                    "vf_loss": 9.640817749139034,
                    "vf_explained_var": 2.5712179415153734e-05,
                    "kl": 0.014771778624731344,
                    "entropy": 1.57870163231185,
                    "entropy_coeff": 0.5
                },
                "model": {},
                "custom_metrics": {},
                "num_agent_steps_trained": 121.72727272727273,
                "num_grad_updates_lifetime": 315315.5,
                "diff_num_grad_updates_vs_sampler_policy": 164.5
            },
            "policy_2": {
                "learner_stats": {
                    "allreduce_latency": 0.0,
                    "grad_gnorm": 1.231911063194275,
                    "cur_kl_coeff": 0.04999999999999999,
                    "cur_lr": 5e-05,
                    "total_loss": 7.938894358548251,
                    "policy_loss": -0.07670638222586025,
                    "vf_loss": 9.62984254432447,
                    "vf_explained_var": -1.1744463082515832e-05,
                    "kl": 0.011046440525235984,
                    "entropy": 1.6147941592967872,
                    "entropy_coeff": 1.0
                },
                "model": {},
                "custom_metrics": {},
                "num_agent_steps_trained": 120.36363636363636,
                "num_grad_updates_lifetime": 315315.5,
                "diff_num_grad_updates_vs_sampler_policy": 164.5
            },
            "policy_0": {
                "learner_stats": {
                    "allreduce_latency": 0.0,
                    "grad_gnorm": 4.673969268798828,
                    "cur_kl_coeff": 0.19999999999999996,
                    "cur_lr": 5e-05,
                    "total_loss": 7.736937428965713,
                    "policy_loss": -0.11061080097023285,
                    "vf_loss": 7.971169671145352,
                    "vf_explained_var": 0.03527508251594775,
                    "kl": 0.017034468212411384,
                    "entropy": 1.2702837627945525,
                    "entropy_coeff": 0.09999999999999998
                },
                "model": {},
                "custom_metrics": {},
                "num_agent_steps_trained": 121.54545454545455,
                "num_grad_updates_lifetime": 315315.5,
                "diff_num_grad_updates_vs_sampler_policy": 164.5
            }
        },
        "num_env_steps_sampled": 3824000,
        "num_env_steps_trained": 3824000,
        "num_agent_steps_sampled": 3823998,
        "num_agent_steps_trained": 3823998
    },
    "env_runners": {
        "episode_reward_max": -259.0,
        "episode_reward_min": -634.0,
        "episode_reward_mean": -444.59,
        "episode_len_mean": 147.8,
        "episode_media": {},
        "episodes_timesteps_total": 14780,
        "policy_reward_min": {
            "policy_0": -350.0,
            "policy_1": -425.0,
            "policy_2": -440.0
        },
        "policy_reward_max": {
            "policy_0": -4.0,
            "policy_1": -24.0,
            "policy_2": -36.0
        },
        "policy_reward_mean": {
            "policy_0": -102.29,
            "policy_1": -153.43,
            "policy_2": -188.87
        },
        "custom_metrics": {},
        "hist_stats": {
            "episode_reward": [
                -371.0,
                -391.0,
                -342.0,
                -632.0,
                -485.0,
                -476.0,
                -401.0,
                -273.0,
                -337.0,
                -380.0,
                -424.0,
                -433.0,
                -400.0,
                -358.0,
                -380.0,
                -571.0,
                -452.0,
                -500.0,
                -453.0,
                -445.0,
                -545.0,
                -495.0,
                -382.0,
                -455.0,
                -474.0,
                -273.0,
                -404.0,
                -505.0,
                -387.0,
                -444.0,
                -429.0,
                -388.0,
                -415.0,
                -417.0,
                -500.0,
                -557.0,
                -420.0,
                -398.0,
                -393.0,
                -479.0,
                -593.0,
                -499.0,
                -407.0,
                -559.0,
                -507.0,
                -418.0,
                -457.0,
                -419.0,
                -435.0,
                -325.0,
                -364.0,
                -373.0,
                -523.0,
                -478.0,
                -494.0,
                -291.0,
                -489.0,
                -429.0,
                -381.0,
                -520.0,
                -513.0,
                -473.0,
                -399.0,
                -407.0,
                -315.0,
                -420.0,
                -572.0,
                -432.0,
                -486.0,
                -322.0,
                -602.0,
                -389.0,
                -341.0,
                -538.0,
                -443.0,
                -524.0,
                -456.0,
                -562.0,
                -404.0,
                -532.0,
                -304.0,
                -457.0,
                -259.0,
                -435.0,
                -549.0,
                -470.0,
                -330.0,
                -504.0,
                -534.0,
                -497.0,
                -492.0,
                -527.0,
                -382.0,
                -416.0,
                -565.0,
                -463.0,
                -356.0,
                -634.0,
                -415.0,
                -515.0
            ],