{
    "custom_metrics": {},
    "episode_media": {},
    "info": {
        "learner": {
            "policy_1": {
                "learner_stats": {
                    "allreduce_latency": 0.0,
                    "grad_gnorm": 1.3099735975265503,
                    "cur_kl_coeff": 0.09999999999999998,
                    "cur_lr": 5e-05,
                    "total_loss": 8.81897240263043,
                    "policy_loss": -0.09050964833886334,
                    "vf_loss": 9.701290061257103,
                    "vf_explained_var": 0.001640220121903853,
                    "kl": 0.01295727861647189,
                    "entropy": 1.5862075476935416,
                    "entropy_coeff": 0.5
                },
                "model": {},
                "custom_metrics": {},
                "num_agent_steps_trained": 121.0,
                "num_grad_updates_lifetime": 199815.5,
                "diff_num_grad_updates_vs_sampler_policy": 164.5
            },
            "policy_2": {
                "learner_stats": {
                    "allreduce_latency": 0.0,
                    "grad_gnorm": 1.2004759311676025,
                    "cur_kl_coeff": 0.04999999999999999,
                    "cur_lr": 5e-05,
                    "total_loss": 8.010678779717647,
                    "policy_loss": -0.07234548449588615,
                    "vf_loss": 9.70209914409753,
                    "vf_explained_var": -2.5991237524783974e-06,
                    "kl": 0.008865857413200449,
                    "entropy": 1.6195181167486943,
                    "entropy_coeff": 1.0
                },
                "model": {},
                "custom_metrics": {},
                "num_agent_steps_trained": 120.72727272727273,
                "num_grad_updates_lifetime": 199815.5,
                "diff_num_grad_updates_vs_sampler_policy": 164.5
            },
            "policy_0": {
                "learner_stats": {
                    "allreduce_latency": 0.0,
                    "grad_gnorm": 4.03734016418457,
                    "cur_kl_coeff": 0.19999999999999996,
                    "cur_lr": 5e-05,
                    "total_loss": 8.016872200821386,
                    "policy_loss": -0.10725365395544831,
                    "vf_loss": 8.24423463416822,
                    "vf_explained_var": 0.012759002230384134,
                    "kl": 0.015715708394119877,
                    "entropy": 1.2325194954872132,
                    "entropy_coeff": 0.09999999999999998
                },
                "model": {},
                "custom_metrics": {},
                "num_agent_steps_trained": 121.9090909090909,
                "num_grad_updates_lifetime": 199815.5,
                "diff_num_grad_updates_vs_sampler_policy": 164.5
            }
        },
        "num_env_steps_sampled": 2424000,
        "num_env_steps_trained": 2424000,
        "num_agent_steps_sampled": 2423998,
        "num_agent_steps_trained": 2423998
    },
    "env_runners": {
        "episode_reward_max": -229.0,
        "episode_reward_min": -597.0,
        "episode_reward_mean": -436.37,
        "episode_len_mean": 152.02,
        "episode_media": {},
        "episodes_timesteps_total": 15202,
        "policy_reward_min": {
            "policy_0": -335.0,
            "policy_1": -375.0,
            "policy_2": -405.0
        },
        "policy_reward_max": {
            "policy_0": -5.0,
            "policy_1": -25.0,
            "policy_2": -29.0
        },
        "policy_reward_mean": {
            "policy_0": -92.56,
            "policy_1": -133.48,
            "policy_2": -210.33
        },
        "custom_metrics": {},
        "hist_stats": {
            "episode_reward": [
                -520.0,
                -455.0,
                -574.0,
                -490.0,
                -255.0,
                -408.0,
                -473.0,
                -519.0,
                -408.0,
                -520.0,
                -543.0,
                -327.0,
                -518.0,
                -554.0,
                -386.0,
                -331.0,
                -507.0,
                -445.0,
                -282.0,
                -432.0,
                -430.0,
                -365.0,
                -553.0,
                -267.0,
                -363.0,
                -471.0,
                -334.0,
                -453.0,
                -512.0,
                -366.0,
                -365.0,
                -428.0,
                -574.0,
                -477.0,
                -435.0,
                -396.0,
                -426.0,
                -433.0,
                -368.0,
                -475.0,
                -481.0,
                -455.0,
                -428.0,
                -311.0,
                -432.0,
                -438.0,
                -313.0,
                -565.0,
                -464.0,
                -421.0,
                -449.0,
                -518.0,
                -229.0,
                -513.0,
                -468.0,
                -393.0,
                -261.0,
                -415.0,
                -510.0,
                -568.0,
                -335.0,
                -539.0,
                -461.0,
                -315.0,
                -472.0,
                -395.0,
                -373.0,
                -597.0,
                -456.0,
                -442.0,
                -453.0,
                -384.0,
                -437.0,
                -439.0,
                -592.0,
                -319.0,
                -483.0,
                -428.0,
                -413.0,
                -469.0,
                -537.0,
                -465.0,
                -342.0,
                -513.0,
                -370.0,
                -397.0,
                -422.0,
                -413.0,
                -430.0,
                -379.0,
                -416.0,
                -442.0,
                -502.0,
                -418.0,
                -541.0,
                -449.0,
                -453.0,
                -393.0,
                -463.0,
                -420.0
            ],