{
    "custom_metrics": {},
    "episode_media": {},
    "info": {
        "learner": {
            "policy_1": {
                "learner_stats": {
                    "allreduce_latency": 0.0,
                    "grad_gnorm": 1.3244107961654663,
                    "cur_kl_coeff": 0.09999999999999998,
                    "cur_lr": 5e-05,
                    "total_loss": 8.854901339791038,
                    "policy_loss": -0.09788049895472464,
                    "vf_loss": 9.740712079134854,
                    "vf_explained_var": 0.0006026643695253315,
                    "kl": 0.012886659592098329,
                    "entropy": 1.5784379326935971,
                    "entropy_coeff": 0.5
                },
                "model": {},
                "custom_metrics": {},
                "num_agent_steps_trained": 120.9090909090909,
                "num_grad_updates_lifetime": 219615.5,
                "diff_num_grad_updates_vs_sampler_policy": 164.5
            },
            "policy_2": {
                "learner_stats": {
                    "allreduce_latency": 0.0,
                    "grad_gnorm": 1.1842442750930786,
                    "cur_kl_coeff": 0.04999999999999999,
                    "cur_lr": 5e-05,
                    "total_loss": 8.030048396370628,
                    "policy_loss": -0.08054876267966447,
                    "vf_loss": 9.735423559131045,
                    "vf_explained_var": -7.044185291637074e-08,
                    "kl": 0.010584349988971838,
                    "entropy": 1.625355675726226,
                    "entropy_coeff": 1.0
                },
                "model": {},
                "custom_metrics": {},
                "num_agent_steps_trained": 120.18181818181819,
                "num_grad_updates_lifetime": 219615.5,
                "diff_num_grad_updates_vs_sampler_policy": 164.5
            },
            "policy_0": {
                "learner_stats": {
                    "allreduce_latency": 0.0,
                    "grad_gnorm": 3.945605516433716,
                    "cur_kl_coeff": 0.19999999999999996,
                    "cur_lr": 5e-05,
                    "total_loss": 8.038464472510597,
                    "policy_loss": -0.09890954665430454,
                    "vf_loss": 8.250365770224368,
                    "vf_explained_var": 0.036330792398163766,
                    "kl": 0.014184934473302734,
                    "entropy": 1.158287551728162,
                    "entropy_coeff": 0.09999999999999998
                },
                "model": {},
                "custom_metrics": {},
                "num_agent_steps_trained": 122.54545454545455,
                "num_grad_updates_lifetime": 219615.5,
                "diff_num_grad_updates_vs_sampler_policy": 164.5
            }
        },
        "num_env_steps_sampled": 2664000,
        "num_env_steps_trained": 2664000,
        "num_agent_steps_sampled": 2663998,
        "num_agent_steps_trained": 2663998
    },
    "env_runners": {
        "episode_reward_max": -230.0,
        "episode_reward_min": -608.0,
        "episode_reward_mean": -448.23,
        "episode_len_mean": 150.54,
        "episode_media": {},
        "episodes_timesteps_total": 15054,
        "policy_reward_min": {
            "policy_1": -425.0,
            "policy_2": -445.0,
            "policy_0": -365.0
        },
        "policy_reward_max": {
            "policy_1": -30.0,
            "policy_2": -37.0,
            "policy_0": -3.0
        },
        "policy_reward_mean": {
            "policy_1": -141.57,
            "policy_2": -208.87,
            "policy_0": -97.79
        },
        "custom_metrics": {},
        "hist_stats": {
            "episode_reward": [
                -336.0,
                -503.0,
                -417.0,
                -484.0,
                -446.0,
                -267.0,
                -579.0,
                -595.0,
                -464.0,
                -506.0,
                -419.0,
                -488.0,
                -388.0,
                -322.0,
                -505.0,
                -435.0,
                -316.0,
                -463.0,
                -397.0,
                -452.0,
                -312.0,
                -338.0,
                -378.0,
                -361.0,
                -339.0,
                -427.0,
                -432.0,
                -426.0,
                -354.0,
                -470.0,
                -230.0,
                -530.0,
                -363.0,
                -416.0,
                -477.0,
                -452.0,
                -505.0,
                -596.0,
                -373.0,
                -455.0,
                -535.0,
                -573.0,
                -355.0,
                -476.0,
                -454.0,
                -509.0,
                -421.0,
                -473.0,
                -519.0,
                -492.0,
                -413.0,
                -568.0,
                -529.0,
                -511.0,
                -464.0,
                -452.0,
                -344.0,
                -374.0,
                -363.0,
                -587.0,
                -504.0,
                -405.0,
                -447.0,
                -362.0,
                -495.0,
                -420.0,
                -388.0,
                -387.0,
                -399.0,
                -480.0,
                -578.0,
                -464.0,
                -506.0,
                -540.0,
                -608.0,
                -552.0,
                -412.0,
                -468.0,
                -492.0,
                -449.0,
                -395.0,
                -463.0,
                -418.0,
                -423.0,
                -488.0,
                -478.0,
                -526.0,
                -442.0,
                -409.0,
                -379.0,
                -451.0,
                -489.0,
                -472.0,
                -494.0,
                -534.0,
                -600.0,
                -302.0,
                -315.0,
                -408.0,
                -553.0
            ],