{
    "custom_metrics": {},
    "episode_media": {},
    "info": {
        "learner": {
            "policy_1": {
                "learner_stats": {
                    "allreduce_latency": 0.0,
                    "grad_gnorm": 1.2529410123825073,
                    "cur_kl_coeff": 0.09999999999999998,
                    "cur_lr": 5e-05,
                    "total_loss": 9.096522412155613,
                    "policy_loss": -0.08914347737815909,
                    "vf_loss": 9.976121697281346,
                    "vf_explained_var": 4.658211361278187e-05,
                    "kl": 0.014561744206286786,
                    "entropy": 1.5838238925644845,
                    "entropy_coeff": 0.5
                },
                "model": {},
                "custom_metrics": {},
                "num_agent_steps_trained": 121.63636363636364,
                "num_grad_updates_lifetime": 163515.5,
                "diff_num_grad_updates_vs_sampler_policy": 164.5
            },
            "policy_2": {
                "learner_stats": {
                    "allreduce_latency": 0.0,
                    "grad_gnorm": 1.1311919689178467,
                    "cur_kl_coeff": 0.04999999999999999,
                    "cur_lr": 5e-05,
                    "total_loss": 8.270571463035814,
                    "policy_loss": -0.07231440352078414,
                    "vf_loss": 9.968783031810414,
                    "vf_explained_var": 3.715356190999349e-07,
                    "kl": 0.011191386044871857,
                    "entropy": 1.626456766056292,
                    "entropy_coeff": 1.0
                },
                "model": {},
                "custom_metrics": {},
                "num_agent_steps_trained": 120.27272727272727,
                "num_grad_updates_lifetime": 163515.5,
                "diff_num_grad_updates_vs_sampler_policy": 164.5
            },
            "policy_0": {
                "learner_stats": {
                    "allreduce_latency": 0.0,
                    "grad_gnorm": 2.765549898147583,
                    "cur_kl_coeff": 0.19999999999999996,
                    "cur_lr": 5e-05,
                    "total_loss": 8.983852808403247,
                    "policy_loss": -0.09634577420850594,
                    "vf_loss": 9.193445959958163,
                    "vf_explained_var": -0.008925096555189653,
                    "kl": 0.017542464427492785,
                    "entropy": 1.1675592068469887,
                    "entropy_coeff": 0.09999999999999998
                },
                "model": {},
                "custom_metrics": {},
                "num_agent_steps_trained": 121.72727272727273,
                "num_grad_updates_lifetime": 163515.5,
                "diff_num_grad_updates_vs_sampler_policy": 164.5
            }
        },
        "num_env_steps_sampled": 1984000,
        "num_env_steps_trained": 1984000,
        "num_agent_steps_sampled": 1983998,
        "num_agent_steps_trained": 1983998
    },
    "env_runners": {
        "episode_reward_max": -233.0,
        "episode_reward_min": -644.0,
        "episode_reward_mean": -446.0,
        "episode_len_mean": 150.06,
        "episode_media": {},
        "episodes_timesteps_total": 15006,
        "policy_reward_min": {
            "policy_0": -380.0,
            "policy_1": -430.0,
            "policy_2": -490.0
        },
        "policy_reward_max": {
            "policy_0": -2.0,
            "policy_1": -20.0,
            "policy_2": -29.0
        },
        "policy_reward_mean": {
            "policy_0": -95.46,
            "policy_1": -165.39,
            "policy_2": -185.15
        },
        "custom_metrics": {},
        "hist_stats": {
            "episode_reward": [
                -467.0,
                -560.0,
                -322.0,
                -559.0,
                -454.0,
                -525.0,
                -346.0,
                -399.0,
                -347.0,
                -435.0,
                -348.0,
                -532.0,
                -459.0,
                -446.0,
                -349.0,
                -442.0,
                -510.0,
                -478.0,
                -509.0,
                -570.0,
                -455.0,
                -458.0,
                -391.0,
                -459.0,
                -368.0,
                -268.0,
                -427.0,
                -436.0,
                -325.0,
                -453.0,
                -575.0,
                -578.0,
                -456.0,
                -386.0,
                -573.0,
                -588.0,
                -453.0,
                -617.0,
                -424.0,
                -603.0,
                -368.0,
                -546.0,
                -457.0,
                -453.0,
                -504.0,
                -425.0,
                -388.0,
                -487.0,
                -307.0,
                -547.0,
                -489.0,
                -430.0,
                -477.0,
                -413.0,
                -430.0,
                -464.0,
                -398.0,
                -538.0,
                -408.0,
                -342.0,
                -368.0,
                -381.0,
                -429.0,
                -482.0,
                -572.0,
                -592.0,
                -395.0,
                -463.0,
                -320.0,
                -389.0,
                -435.0,
                -393.0,
                -373.0,
                -644.0,
                -388.0,
                -440.0,
                -477.0,
                -289.0,
                -536.0,
                -402.0,
                -443.0,
                -480.0,
                -554.0,
                -606.0,
                -363.0,
                -362.0,
                -329.0,
                -368.0,
                -484.0,
                -369.0,
                -486.0,
                -380.0,
                -379.0,
                -555.0,
                -519.0,
                -471.0,
                -379.0,
                -388.0,
                -233.0,
                -463.0
            ],