{
    "custom_metrics": {},
    "episode_media": {},
    "info": {
        "learner": {
            "policy_1": {
                "learner_stats": {
                    "allreduce_latency": 0.0,
                    "grad_gnorm": 1.0730749368667603,
                    "cur_kl_coeff": 0.09999999999999998,
                    "cur_lr": 5e-05,
                    "total_loss": 8.672310239618474,
                    "policy_loss": -0.07731633294324362,
                    "vf_loss": 9.55186807459051,
                    "vf_explained_var": 1.4857812361283735e-06,
                    "kl": 0.013771428713921839,
                    "entropy": 1.6072374513655,
                    "entropy_coeff": 0.5
                },
                "model": {},
                "custom_metrics": {},
                "num_agent_steps_trained": 121.36363636363636,
                "num_grad_updates_lifetime": 36465.5,
                "diff_num_grad_updates_vs_sampler_policy": 164.5
            },
            "policy_2": {
                "learner_stats": {
                    "allreduce_latency": 0.0,
                    "grad_gnorm": 0.9966046810150146,
                    "cur_kl_coeff": 0.04999999999999999,
                    "cur_lr": 5e-05,
                    "total_loss": 7.864428147402677,
                    "policy_loss": -0.05991935920760487,
                    "vf_loss": 9.552887136285955,
                    "vf_explained_var": 1.425092870538885e-06,
                    "kl": 0.0067198338649744685,
                    "entropy": 1.6288756677598664,
                    "entropy_coeff": 1.0
                },
                "model": {},
                "custom_metrics": {},
                "num_agent_steps_trained": 120.27272727272727,
                "num_grad_updates_lifetime": 36465.5,
                "diff_num_grad_updates_vs_sampler_policy": 164.5
            },
            "policy_0": {
                "learner_stats": {
                    "allreduce_latency": 0.0,
                    "grad_gnorm": 1.4452723264694214,
                    "cur_kl_coeff": 0.19999999999999996,
                    "cur_lr": 5e-05,
                    "total_loss": 9.335401306730327,
                    "policy_loss": -0.08295671957770757,
                    "vf_loss": 9.550907756343033,
                    "vf_explained_var": 0.004807230198022091,
                    "kl": 0.013195857458626559,
                    "entropy": 1.3518890991355434,
                    "entropy_coeff": 0.09999999999999998
                },
                "model": {},
                "custom_metrics": {},
                "num_agent_steps_trained": 122.0,
                "num_grad_updates_lifetime": 36465.5,
                "diff_num_grad_updates_vs_sampler_policy": 164.5
            }
        },
        "num_env_steps_sampled": 444000,
        "num_env_steps_trained": 444000,
        "num_agent_steps_sampled": 443998,
        "num_agent_steps_trained": 443998
    },
    "env_runners": {
        "episode_reward_max": -181.0,
        "episode_reward_min": -637.0,
        "episode_reward_mean": -467.7,
        "episode_len_mean": 151.02,
        "episode_media": {},
        "episodes_timesteps_total": 15102,
        "policy_reward_min": {
            "policy_1": -435.0,
            "policy_2": -410.0,
            "policy_0": -360.0
        },
        "policy_reward_max": {
            "policy_1": -19.0,
            "policy_2": -20.0,
            "policy_0": 0.0
        },
        "policy_reward_mean": {
            "policy_1": -181.75,
            "policy_2": -184.34,
            "policy_0": -101.61
        },
        "custom_metrics": {},
        "hist_stats": {
            "episode_reward": [
                -494.0,
                -374.0,
                -529.0,
                -359.0,
                -504.0,
                -417.0,
                -527.0,
                -454.0,
                -515.0,
                -523.0,
                -375.0,
                -465.0,
                -411.0,
                -478.0,
                -603.0,
                -437.0,
                -498.0,
                -505.0,
                -570.0,
                -499.0,
                -343.0,
                -394.0,
                -569.0,
                -375.0,
                -542.0,
                -321.0,
                -534.0,
                -467.0,
                -181.0,
                -548.0,
                -604.0,
                -423.0,
                -394.0,
                -416.0,
                -345.0,
                -461.0,
                -610.0,
                -594.0,
                -482.0,
                -501.0,
                -498.0,
                -556.0,
                -411.0,
                -495.0,
                -535.0,
                -437.0,
                -446.0,
                -399.0,
                -499.0,
                -557.0,
                -592.0,
                -437.0,
                -637.0,
                -405.0,
                -542.0,
                -465.0,
                -366.0,
                -626.0,
                -388.0,
                -492.0,
                -445.0,
                -405.0,
                -460.0,
                -456.0,
                -456.0,
                -480.0,
                -510.0,
                -526.0,
                -593.0,
                -606.0,
                -550.0,
                -395.0,
                -587.0,
                -548.0,
                -427.0,
                -373.0,
                -386.0,
                -565.0,
                -501.0,
                -526.0,
                -339.0,
                -443.0,
                -366.0,
                -472.0,
                -434.0,
                -316.0,
                -486.0,
                -449.0,
                -394.0,
                -417.0,
                -467.0,
                -495.0,
                -494.0,
                -455.0,
                -382.0,
                -421.0,
                -497.0,
                -383.0,
                -500.0,
                -341.0
            ],