{
    "custom_metrics": {},
    "episode_media": {},
    "info": {
        "learner": {
            "policy_1": {
                "learner_stats": {
                    "allreduce_latency": 0.0,
                    "grad_gnorm": 1.28508460521698,
                    "cur_kl_coeff": 0.09999999999999998,
                    "cur_lr": 5e-05,
                    "total_loss": 9.100419937480579,
                    "policy_loss": -0.09167224291260495,
                    "vf_loss": 9.985543635397246,
                    "vf_explained_var": -0.00023060621637286562,
                    "kl": 0.014151722355021604,
                    "entropy": 1.5897331364227063,
                    "entropy_coeff": 0.5
                },
                "model": {},
                "custom_metrics": {},
                "num_agent_steps_trained": 122.0,
                "num_grad_updates_lifetime": 203115.5,
                "diff_num_grad_updates_vs_sampler_policy": 164.5
            },
            "policy_2": {
                "learner_stats": {
                    "allreduce_latency": 0.0,
                    "grad_gnorm": 1.1742403507232666,
                    "cur_kl_coeff": 0.04999999999999999,
                    "cur_lr": 5e-05,
                    "total_loss": 8.284999967343879,
                    "policy_loss": -0.073592475558998,
                    "vf_loss": 9.992445766564572,
                    "vf_explained_var": -3.2872864694306343e-06,
                    "kl": 0.009503414273831416,
                    "entropy": 1.634328549558466,
                    "entropy_coeff": 1.0
                },
                "model": {},
                "custom_metrics": {},
                "num_agent_steps_trained": 120.36363636363636,
                "num_grad_updates_lifetime": 203115.5,
                "diff_num_grad_updates_vs_sampler_policy": 164.5
            },
            "policy_0": {
                "learner_stats": {
                    "allreduce_latency": 0.0,
                    "grad_gnorm": 2.9726028442382812,
                    "cur_kl_coeff": 0.19999999999999996,
                    "cur_lr": 5e-05,
                    "total_loss": 8.717185310883956,
                    "policy_loss": -0.09865200862881135,
                    "vf_loss": 8.936492344827363,
                    "vf_explained_var": 0.031728242924719145,
                    "kl": 0.01447370103949055,
                    "entropy": 1.2354980568091074,
                    "entropy_coeff": 0.09999999999999998
                },
                "model": {},
                "custom_metrics": {},
                "num_agent_steps_trained": 121.27272727272727,
                "num_grad_updates_lifetime": 203115.5,
                "diff_num_grad_updates_vs_sampler_policy": 164.5
            }
        },
        "num_env_steps_sampled": 2464000,
        "num_env_steps_trained": 2464000,
        "num_agent_steps_sampled": 2463998,
        "num_agent_steps_trained": 2463998
    },
    "env_runners": {
        "episode_reward_max": -204.0,
        "episode_reward_min": -649.0,
        "episode_reward_mean": -449.02,
        "episode_len_mean": 144.08,
        "episode_media": {},
        "episodes_timesteps_total": 14408,
        "policy_reward_min": {
            "policy_0": -360.0,
            "policy_1": -410.0,
            "policy_2": -470.0
        },
        "policy_reward_max": {
            "policy_0": -3.0,
            "policy_1": -9.0,
            "policy_2": -33.0
        },
        "policy_reward_mean": {
            "policy_0": -82.11,
            "policy_1": -157.73,
            "policy_2": -209.18
        },
        "custom_metrics": {},
        "hist_stats": {
            "episode_reward": [
                -559.0,
                -452.0,
                -389.0,
                -360.0,
                -449.0,
                -380.0,
                -552.0,
                -444.0,
                -536.0,
                -365.0,
                -520.0,
                -389.0,
                -366.0,
                -313.0,
                -556.0,
                -462.0,
                -492.0,
                -322.0,
                -488.0,
                -421.0,
                -341.0,
                -531.0,
                -387.0,
                -238.0,
                -470.0,
                -598.0,
                -336.0,
                -488.0,
                -515.0,
                -463.0,
                -451.0,
                -399.0,
                -555.0,
                -601.0,
                -633.0,
                -368.0,
                -484.0,
                -450.0,
                -232.0,
                -482.0,
                -419.0,
                -325.0,
                -649.0,
                -475.0,
                -511.0,
                -525.0,
                -533.0,
                -455.0,
                -469.0,
                -643.0,
                -378.0,
                -370.0,
                -366.0,
                -394.0,
                -433.0,
                -422.0,
                -561.0,
                -559.0,
                -398.0,
                -517.0,
                -204.0,
                -516.0,
                -494.0,
                -520.0,
                -424.0,
                -317.0,
                -587.0,
                -440.0,
                -284.0,
                -432.0,
                -484.0,
                -547.0,
                -488.0,
                -428.0,
                -505.0,
                -332.0,
                -454.0,
                -538.0,
                -365.0,
                -330.0,
                -472.0,
                -424.0,
                -590.0,
                -493.0,
                -349.0,
                -508.0,
                -511.0,
                -413.0,
                -567.0,
                -525.0,
                -432.0,
                -481.0,
                -332.0,
                -372.0,
                -490.0,
                -500.0,
                -350.0,
                -446.0,
                -327.0,
                -392.0
            ],