{
    "custom_metrics": {},
    "episode_media": {},
    "info": {
        "learner": {
            "policy_1": {
                "learner_stats": {
                    "allreduce_latency": 0.0,
                    "grad_gnorm": 1.072133183479309,
                    "cur_kl_coeff": 0.09999999999999998,
                    "cur_lr": 5e-05,
                    "total_loss": 8.954120335434423,
                    "policy_loss": -0.07125191646416418,
                    "vf_loss": 9.828343015728574,
                    "vf_explained_var": -3.625046123157848e-07,
                    "kl": 0.009042031946927931,
                    "entropy": 1.607749847571055,
                    "entropy_coeff": 0.5
                },
                "model": {},
                "custom_metrics": {},
                "num_agent_steps_trained": 122.0909090909091,
                "num_grad_updates_lifetime": 38115.5,
                "diff_num_grad_updates_vs_sampler_policy": 164.5
            },
            "policy_2": {
                "learner_stats": {
                    "allreduce_latency": 0.0,
                    "grad_gnorm": 0.9985255599021912,
                    "cur_kl_coeff": 0.04999999999999999,
                    "cur_lr": 5e-05,
                    "total_loss": 8.137890551306985,
                    "policy_loss": -0.057870998781061535,
                    "vf_loss": 9.825983041705507,
                    "vf_explained_var": 2.2299361951423415e-06,
                    "kl": 0.007685032797570325,
                    "entropy": 1.6306057568752403,
                    "entropy_coeff": 1.0
                },
                "model": {},
                "custom_metrics": {},
                "num_agent_steps_trained": 120.18181818181819,
                "num_grad_updates_lifetime": 38115.5,
                "diff_num_grad_updates_vs_sampler_policy": 164.5
            },
            "policy_0": {
                "learner_stats": {
                    "allreduce_latency": 0.0,
                    "grad_gnorm": 1.26542067527771,
                    "cur_kl_coeff": 0.19999999999999996,
                    "cur_lr": 5e-05,
                    "total_loss": 9.634258382970637,
                    "policy_loss": -0.07012101659272571,
                    "vf_loss": 9.8372395659938,
                    "vf_explained_var": -0.0002838420145439379,
                    "kl": 0.011181015687741986,
                    "entropy": 1.350963634071928,
                    "entropy_coeff": 0.09999999999999998
                },
                "model": {},
                "custom_metrics": {},
                "num_agent_steps_trained": 121.36363636363636,
                "num_grad_updates_lifetime": 38115.5,
                "diff_num_grad_updates_vs_sampler_policy": 164.5
            }
        },
        "num_env_steps_sampled": 464000,
        "num_env_steps_trained": 464000,
        "num_agent_steps_sampled": 463998,
        "num_agent_steps_trained": 463998
    },
    "env_runners": {
        "episode_reward_max": -195.0,
        "episode_reward_min": -614.0,
        "episode_reward_mean": -435.06,
        "episode_len_mean": 140.18,
        "episode_media": {},
        "episodes_timesteps_total": 14018,
        "policy_reward_min": {
            "policy_2": -420.0,
            "policy_0": -385.0,
            "policy_1": -410.0
        },
        "policy_reward_max": {
            "policy_2": -31.0,
            "policy_0": -9.0,
            "policy_1": -24.0
        },
        "policy_reward_mean": {
            "policy_2": -200.96,
            "policy_0": -101.15,
            "policy_1": -132.95
        },
        "custom_metrics": {},
        "hist_stats": {
            "episode_reward": [
                -465.0,
                -455.0,
                -387.0,
                -384.0,
                -436.0,
                -550.0,
                -465.0,
                -494.0,
                -482.0,
                -512.0,
                -394.0,
                -518.0,
                -349.0,
                -428.0,
                -375.0,
                -291.0,
                -428.0,
                -419.0,
                -303.0,
                -608.0,
                -342.0,
                -501.0,
                -408.0,
                -522.0,
                -347.0,
                -422.0,
                -614.0,
                -455.0,
                -405.0,
                -325.0,
                -554.0,
                -506.0,
                -482.0,
                -515.0,
                -411.0,
                -438.0,
                -508.0,
                -428.0,
                -403.0,
                -479.0,
                -221.0,
                -438.0,
                -390.0,
                -195.0,
                -423.0,
                -287.0,
                -440.0,
                -490.0,
                -267.0,
                -543.0,
                -453.0,
                -497.0,
                -512.0,
                -337.0,
                -410.0,
                -485.0,
                -446.0,
                -563.0,
                -457.0,
                -372.0,
                -414.0,
                -473.0,
                -506.0,
                -491.0,
                -410.0,
                -469.0,
                -463.0,
                -412.0,
                -369.0,
                -393.0,
                -546.0,
                -363.0,
                -385.0,
                -464.0,
                -593.0,
                -381.0,
                -419.0,
                -527.0,
                -521.0,
                -360.0,
                -509.0,
                -349.0,
                -396.0,
                -323.0,
                -394.0,
                -419.0,
                -335.0,
                -432.0,
                -386.0,
                -439.0,
                -451.0,
                -528.0,
                -439.0,
                -456.0,
                -557.0,
                -398.0,
                -454.0,
                -360.0,
                -444.0,
                -444.0
            ],