{
    "custom_metrics": {},
    "episode_media": {},
    "info": {
        "learner": {
            "policy_1": {
                "learner_stats": {
                    "allreduce_latency": 0.0,
                    "grad_gnorm": 1.2693716287612915,
                    "cur_kl_coeff": 0.09999999999999998,
                    "cur_lr": 5e-05,
                    "total_loss": 8.919700772834547,
                    "policy_loss": -0.09642073013114207,
                    "vf_loss": 9.798224371129816,
                    "vf_explained_var": 5.925369985175855e-05,
                    "kl": 0.014823861130992606,
                    "entropy": 1.5671707463986946,
                    "entropy_coeff": 0.5
                },
                "model": {},
                "custom_metrics": {},
                "num_agent_steps_trained": 122.0909090909091,
                "num_grad_updates_lifetime": 300465.5,
                "diff_num_grad_updates_vs_sampler_policy": 164.5
            },
            "policy_2": {
                "learner_stats": {
                    "allreduce_latency": 0.0,
                    "grad_gnorm": 1.21315336227417,
                    "cur_kl_coeff": 0.04999999999999999,
                    "cur_lr": 5e-05,
                    "total_loss": 8.112450286113855,
                    "policy_loss": -0.07921628301299996,
                    "vf_loss": 9.807237029798102,
                    "vf_explained_var": -2.3885929223262903e-05,
                    "kl": 0.012173066789056481,
                    "entropy": 1.616179156664646,
                    "entropy_coeff": 1.0
                },
                "model": {},
                "custom_metrics": {},
                "num_agent_steps_trained": 119.9090909090909,
                "num_grad_updates_lifetime": 300465.5,
                "diff_num_grad_updates_vs_sampler_policy": 164.5
            },
            "policy_0": {
                "learner_stats": {
                    "allreduce_latency": 0.0,
                    "grad_gnorm": 3.0740301609039307,
                    "cur_kl_coeff": 0.19999999999999996,
                    "cur_lr": 5e-05,
                    "total_loss": 7.4775177175348455,
                    "policy_loss": -0.09552812567827376,
                    "vf_loss": 7.675991243304629,
                    "vf_explained_var": 0.013772070227247296,
                    "kl": 0.014091578162289366,
                    "entropy": 1.0576370558955452,
                    "entropy_coeff": 0.09999999999999998
                },
                "model": {},
                "custom_metrics": {},
                "num_agent_steps_trained": 121.63636363636364,
                "num_grad_updates_lifetime": 300465.5,
                "diff_num_grad_updates_vs_sampler_policy": 164.5
            }
        },
        "num_env_steps_sampled": 3644000,
        "num_env_steps_trained": 3644000,
        "num_agent_steps_sampled": 3643998,
        "num_agent_steps_trained": 3643998
    },
    "env_runners": {
        "episode_reward_max": -216.0,
        "episode_reward_min": -667.0,
        "episode_reward_mean": -431.38,
        "episode_len_mean": 148.42,
        "episode_media": {},
        "episodes_timesteps_total": 14842,
        "policy_reward_min": {
            "policy_0": -330.0,
            "policy_1": -435.0,
            "policy_2": -425.0
        },
        "policy_reward_max": {
            "policy_0": 6.0,
            "policy_1": -13.0,
            "policy_2": -21.0
        },
        "policy_reward_mean": {
            "policy_0": -82.78,
            "policy_1": -154.74,
            "policy_2": -193.86
        },
        "custom_metrics": {},
        "hist_stats": {
            "episode_reward": [
                -421.0,
                -427.0,
                -469.0,
                -386.0,
                -473.0,
                -581.0,
                -272.0,
                -444.0,
                -667.0,
                -358.0,
                -476.0,
                -440.0,
                -396.0,
                -530.0,
                -391.0,
                -344.0,
                -528.0,
                -388.0,
                -477.0,
                -424.0,
                -266.0,
                -288.0,
                -511.0,
                -254.0,
                -566.0,
                -508.0,
                -313.0,
                -461.0,
                -496.0,
                -485.0,
                -542.0,
                -422.0,
                -423.0,
                -520.0,
                -378.0,
                -355.0,
                -647.0,
                -461.0,
                -467.0,
                -258.0,
                -501.0,
                -568.0,
                -570.0,
                -448.0,
                -396.0,
                -429.0,
                -432.0,
                -480.0,
                -595.0,
                -481.0,
                -439.0,
                -464.0,
                -440.0,
                -411.0,
                -403.0,
                -361.0,
                -312.0,
                -536.0,
                -309.0,
                -464.0,
                -424.0,
                -342.0,
                -338.0,
                -454.0,
                -246.0,
                -534.0,
                -625.0,
                -548.0,
                -440.0,
                -516.0,
                -633.0,
                -431.0,
                -409.0,
                -391.0,
                -361.0,
                -416.0,
                -476.0,
                -441.0,
                -378.0,
                -306.0,
                -286.0,
                -216.0,
                -414.0,
                -414.0,
                -265.0,
                -300.0,
                -370.0,
                -606.0,
                -566.0,
                -358.0,
                -368.0,
                -601.0,
                -538.0,
                -315.0,
                -231.0,
                -448.0,
                -545.0,
                -396.0,
                -364.0,
                -276.0
            ],