{
    "custom_metrics": {},
    "episode_media": {},
    "info": {
        "learner": {
            "policy_1": {
                "learner_stats": {
                    "allreduce_latency": 0.0,
                    "grad_gnorm": 1.2691574096679688,
                    "cur_kl_coeff": 0.09999999999999998,
                    "cur_lr": 5e-05,
                    "total_loss": 8.70732009194114,
                    "policy_loss": -0.09626280352134596,
                    "vf_loss": 9.58613077510487,
                    "vf_explained_var": -2.0542469891634853e-05,
                    "kl": 0.013512046994696646,
                    "entropy": 1.5677984775918903,
                    "entropy_coeff": 0.5
                },
                "model": {},
                "custom_metrics": {},
                "num_agent_steps_trained": 121.36363636363636,
                "num_grad_updates_lifetime": 252615.5,
                "diff_num_grad_updates_vs_sampler_policy": 164.5
            },
            "policy_2": {
                "learner_stats": {
                    "allreduce_latency": 0.0,
                    "grad_gnorm": 1.1626757383346558,
                    "cur_kl_coeff": 0.04999999999999999,
                    "cur_lr": 5e-05,
                    "total_loss": 7.857397950779308,
                    "policy_loss": -0.08306029994414668,
                    "vf_loss": 9.570103859178948,
                    "vf_explained_var": -2.56679274819114e-06,
                    "kl": 0.011586572821427839,
                    "entropy": 1.6302250529780533,
                    "entropy_coeff": 1.0
                },
                "model": {},
                "custom_metrics": {},
                "num_agent_steps_trained": 121.0,
                "num_grad_updates_lifetime": 252615.5,
                "diff_num_grad_updates_vs_sampler_policy": 164.5
            },
            "policy_0": {
                "learner_stats": {
                    "allreduce_latency": 0.0,
                    "grad_gnorm": 4.490818500518799,
                    "cur_kl_coeff": 0.19999999999999996,
                    "cur_lr": 5e-05,
                    "total_loss": 7.4122538754434295,
                    "policy_loss": -0.10592541426850596,
                    "vf_loss": 7.620144988551284,
                    "vf_explained_var": 0.02664185455351165,
                    "kl": 0.014666588574038382,
                    "entropy": 1.048989940592737,
                    "entropy_coeff": 0.09999999999999998
                },
                "model": {},
                "custom_metrics": {},
                "num_agent_steps_trained": 121.27272727272727,
                "num_grad_updates_lifetime": 252615.5,
                "diff_num_grad_updates_vs_sampler_policy": 164.5
            }
        },
        "num_env_steps_sampled": 3064000,
        "num_env_steps_trained": 3064000,
        "num_agent_steps_sampled": 3063998,
        "num_agent_steps_trained": 3063998
    },
    "env_runners": {
        "episode_reward_max": -214.0,
        "episode_reward_min": -682.0,
        "episode_reward_mean": -434.6,
        "episode_len_mean": 142.14,
        "episode_media": {},
        "episodes_timesteps_total": 14214,
        "policy_reward_min": {
            "policy_2": -385.0,
            "policy_0": -380.0,
            "policy_1": -415.0
        },
        "policy_reward_max": {
            "policy_2": -27.0,
            "policy_0": -6.0,
            "policy_1": -15.0
        },
        "policy_reward_mean": {
            "policy_2": -190.51,
            "policy_0": -96.98,
            "policy_1": -147.11
        },
        "custom_metrics": {},
        "hist_stats": {
            "episode_reward": [
                -349.0,
                -368.0,
                -578.0,
                -347.0,
                -400.0,
                -459.0,
                -420.0,
                -407.0,
                -339.0,
                -234.0,
                -408.0,
                -517.0,
                -453.0,
                -440.0,
                -535.0,
                -360.0,
                -394.0,
                -316.0,
                -351.0,
                -404.0,
                -682.0,
                -368.0,
                -627.0,
                -347.0,
                -391.0,
                -434.0,
                -482.0,
                -461.0,
                -329.0,
                -512.0,
                -490.0,
                -472.0,
                -342.0,
                -336.0,
                -366.0,
                -391.0,
                -513.0,
                -496.0,
                -451.0,
                -496.0,
                -503.0,
                -478.0,
                -465.0,
                -417.0,
                -458.0,
                -384.0,
                -628.0,
                -324.0,
                -462.0,
                -388.0,
                -543.0,
                -384.0,
                -406.0,
                -408.0,
                -491.0,
                -540.0,
                -473.0,
                -402.0,
                -338.0,
                -282.0,
                -411.0,
                -367.0,
                -360.0,
                -481.0,
                -571.0,
                -321.0,
                -423.0,
                -413.0,
                -636.0,
                -318.0,
                -431.0,
                -617.0,
                -533.0,
                -468.0,
                -439.0,
                -309.0,
                -508.0,
                -400.0,
                -347.0,
                -348.0,
                -413.0,
                -483.0,
                -426.0,
                -518.0,
                -318.0,
                -487.0,
                -319.0,
                -500.0,
                -609.0,
                -561.0,
                -214.0,
                -440.0,
                -587.0,
                -322.0,
                -387.0,
                -425.0,
                -481.0,
                -475.0,
                -530.0,
                -425.0
            ],