{
    "custom_metrics": {},
    "episode_media": {},
    "info": {
        "learner": {
            "policy_1": {
                "learner_stats": {
                    "allreduce_latency": 0.0,
                    "grad_gnorm": 1.1945111751556396,
                    "cur_kl_coeff": 0.09999999999999998,
                    "cur_lr": 5e-05,
                    "total_loss": 9.037799924792665,
                    "policy_loss": -0.08535069801040332,
                    "vf_loss": 9.918387069124163,
                    "vf_explained_var": 1.237247929428563e-07,
                    "kl": 0.011531882139860542,
                    "entropy": 1.5927792975396822,
                    "entropy_coeff": 0.5
                },
                "model": {},
                "custom_metrics": {},
                "num_agent_steps_trained": 121.81818181818181,
                "num_grad_updates_lifetime": 89265.5,
                "diff_num_grad_updates_vs_sampler_policy": 164.5
            },
            "policy_2": {
                "learner_stats": {
                    "allreduce_latency": 0.0,
                    "grad_gnorm": 1.0953216552734375,
                    "cur_kl_coeff": 0.04999999999999999,
                    "cur_lr": 5e-05,
                    "total_loss": 8.23499437678944,
                    "policy_loss": -0.065568769738699,
                    "vf_loss": 9.925612117304947,
                    "vf_explained_var": -0.0007156009023839777,
                    "kl": 0.007992100258400133,
                    "entropy": 1.6254485910589045,
                    "entropy_coeff": 1.0
                },
                "model": {},
                "custom_metrics": {},
                "num_agent_steps_trained": 120.54545454545455,
                "num_grad_updates_lifetime": 89265.5,
                "diff_num_grad_updates_vs_sampler_policy": 164.5
            },
            "policy_0": {
                "learner_stats": {
                    "allreduce_latency": 0.0,
                    "grad_gnorm": 3.770538091659546,
                    "cur_kl_coeff": 0.19999999999999996,
                    "cur_lr": 5e-05,
                    "total_loss": 8.541107069362294,
                    "policy_loss": -0.08402169403817618,
                    "vf_loss": 8.755746314019868,
                    "vf_explained_var": 0.02586310722611167,
                    "kl": 0.013288756386115923,
                    "entropy": 1.3327527671149282,
                    "entropy_coeff": 0.09999999999999998
                },
                "model": {},
                "custom_metrics": {},
                "num_agent_steps_trained": 121.27272727272727,
                "num_grad_updates_lifetime": 89265.5,
                "diff_num_grad_updates_vs_sampler_policy": 164.5
            }
        },
        "num_env_steps_sampled": 1084000,
        "num_env_steps_trained": 1084000,
        "num_agent_steps_sampled": 1083998,
        "num_agent_steps_trained": 1083998
    },
    "env_runners": {
        "episode_reward_max": -260.0,
        "episode_reward_min": -668.0,
        "episode_reward_mean": -449.29,
        "episode_len_mean": 150.22,
        "episode_media": {},
        "episodes_timesteps_total": 15022,
        "policy_reward_min": {
            "policy_0": -400.0,
            "policy_1": -390.0,
            "policy_2": -405.0
        },
        "policy_reward_max": {
            "policy_0": -6.0,
            "policy_1": -25.0,
            "policy_2": -29.0
        },
        "policy_reward_mean": {
            "policy_0": -106.94,
            "policy_1": -146.07,
            "policy_2": -196.28
        },
        "custom_metrics": {},
        "hist_stats": {
            "episode_reward": [
                -565.0,
                -410.0,
                -414.0,
                -519.0,
                -437.0,
                -487.0,
                -392.0,
                -539.0,
                -386.0,
                -357.0,
                -479.0,
                -668.0,
                -588.0,
                -435.0,
                -505.0,
                -553.0,
                -547.0,
                -453.0,
                -323.0,
                -569.0,
                -438.0,
                -441.0,
                -445.0,
                -411.0,
                -333.0,
                -410.0,
                -341.0,
                -593.0,
                -395.0,
                -491.0,
                -488.0,
                -591.0,
                -606.0,
                -407.0,
                -267.0,
                -486.0,
                -445.0,
                -337.0,
                -483.0,
                -410.0,
                -337.0,
                -473.0,
                -380.0,
                -541.0,
                -466.0,
                -512.0,
                -492.0,
                -541.0,
                -421.0,
                -500.0,
                -437.0,
                -313.0,
                -450.0,
                -423.0,
                -593.0,
                -459.0,
                -523.0,
                -493.0,
                -369.0,
                -365.0,
                -375.0,
                -314.0,
                -390.0,
                -496.0,
                -550.0,
                -431.0,
                -485.0,
                -516.0,
                -407.0,
                -365.0,
                -412.0,
                -396.0,
                -561.0,
                -298.0,
                -367.0,
                -260.0,
                -407.0,
                -441.0,
                -542.0,
                -460.0,
                -458.0,
                -396.0,
                -429.0,
                -354.0,
                -565.0,
                -432.0,
                -311.0,
                -353.0,
                -488.0,
                -569.0,
                -444.0,
                -388.0,
                -467.0,
                -450.0,
                -458.0,
                -548.0,
                -499.0,
                -395.0,
                -452.0,
                -468.0
            ],