{
    "custom_metrics": {},
    "episode_media": {},
    "info": {
        "learner": {
            "policy_1": {
                "learner_stats": {
                    "allreduce_latency": 0.0,
                    "grad_gnorm": 1.0850869417190552,
                    "cur_kl_coeff": 0.09999999999999998,
                    "cur_lr": 5e-05,
                    "total_loss": 8.85140778801658,
                    "policy_loss": -0.07120081330790665,
                    "vf_loss": 9.725501236771093,
                    "vf_explained_var": 4.4047832489013675e-06,
                    "kl": 0.01190696271453907,
                    "entropy": 1.608166682358944,
                    "entropy_coeff": 0.5
                },
                "model": {},
                "custom_metrics": {},
                "num_agent_steps_trained": 121.63636363636364,
                "num_grad_updates_lifetime": 33165.5,
                "diff_num_grad_updates_vs_sampler_policy": 164.5
            },
            "policy_2": {
                "learner_stats": {
                    "allreduce_latency": 0.0,
                    "grad_gnorm": 0.970992922782898,
                    "cur_kl_coeff": 0.04999999999999999,
                    "cur_lr": 5e-05,
                    "total_loss": 8.028528821829594,
                    "policy_loss": -0.059248507076479266,
                    "vf_loss": 9.72149620923129,
                    "vf_explained_var": 2.088871869173917e-06,
                    "kl": 0.008392731731072444,
                    "entropy": 1.6341385689648715,
                    "entropy_coeff": 1.0
                },
                "model": {},
                "custom_metrics": {},
                "num_agent_steps_trained": 120.45454545454545,
                "num_grad_updates_lifetime": 33165.5,
                "diff_num_grad_updates_vs_sampler_policy": 164.5
            },
            "policy_0": {
                "learner_stats": {
                    "allreduce_latency": 0.0,
                    "grad_gnorm": 1.3895375728607178,
                    "cur_kl_coeff": 0.19999999999999996,
                    "cur_lr": 5e-05,
                    "total_loss": 9.496557981317693,
                    "policy_loss": -0.0830129875783865,
                    "vf_loss": 9.715369608907988,
                    "vf_explained_var": -0.0001775533863992402,
                    "kl": 0.013300355807897783,
                    "entropy": 1.3845881978670755,
                    "entropy_coeff": 0.09999999999999998
                },
                "model": {},
                "custom_metrics": {},
                "num_agent_steps_trained": 121.54545454545455,
                "num_grad_updates_lifetime": 33165.5,
                "diff_num_grad_updates_vs_sampler_policy": 164.5
            }
        },
        "num_env_steps_sampled": 404000,
        "num_env_steps_trained": 404000,
        "num_agent_steps_sampled": 403998,
        "num_agent_steps_trained": 403998
    },
    "env_runners": {
        "episode_reward_max": -257.0,
        "episode_reward_min": -653.0,
        "episode_reward_mean": -459.96,
        "episode_len_mean": 140.88,
        "episode_media": {},
        "episodes_timesteps_total": 14088,
        "policy_reward_min": {
            "policy_0": -385.0,
            "policy_1": -410.0,
            "policy_2": -435.0
        },
        "policy_reward_max": {
            "policy_0": -15.0,
            "policy_1": -26.0,
            "policy_2": -30.0
        },
        "policy_reward_mean": {
            "policy_0": -109.67,
            "policy_1": -157.01,
            "policy_2": -193.28
        },
        "custom_metrics": {},
        "hist_stats": {
            "episode_reward": [
                -551.0,
                -521.0,
                -350.0,
                -506.0,
                -553.0,
                -639.0,
                -479.0,
                -437.0,
                -445.0,
                -257.0,
                -429.0,
                -531.0,
                -497.0,
                -490.0,
                -419.0,
                -469.0,
                -355.0,
                -430.0,
                -469.0,
                -507.0,
                -391.0,
                -500.0,
                -405.0,
                -519.0,
                -615.0,
                -400.0,
                -391.0,
                -451.0,
                -542.0,
                -458.0,
                -456.0,
                -591.0,
                -499.0,
                -391.0,
                -457.0,
                -370.0,
                -545.0,
                -450.0,
                -653.0,
                -474.0,
                -310.0,
                -328.0,
                -557.0,
                -391.0,
                -413.0,
                -422.0,
                -483.0,
                -454.0,
                -455.0,
                -353.0,
                -344.0,
                -582.0,
                -457.0,
                -477.0,
                -365.0,
                -473.0,
                -542.0,
                -521.0,
                -385.0,
                -385.0,
                -398.0,
                -562.0,
                -532.0,
                -357.0,
                -590.0,
                -580.0,
                -550.0,
                -499.0,
                -342.0,
                -618.0,
                -400.0,
                -345.0,
                -542.0,
                -549.0,
                -418.0,
                -317.0,
                -531.0,
                -402.0,
                -451.0,
                -513.0,
                -523.0,
                -379.0,
                -317.0,
                -482.0,
                -392.0,
                -468.0,
                -374.0,
                -570.0,
                -449.0,
                -573.0,
                -581.0,
                -528.0,
                -440.0,
                -453.0,
                -505.0,
                -319.0,
                -380.0,
                -462.0,
                -453.0,
                -263.0
            ],