{
    "custom_metrics": {},
    "episode_media": {},
    "info": {
        "learner": {
            "policy_1": {
                "learner_stats": {
                    "allreduce_latency": 0.0,
                    "grad_gnorm": 1.2197269201278687,
                    "cur_kl_coeff": 0.09999999999999998,
                    "cur_lr": 5e-05,
                    "total_loss": 8.871098284287886,
                    "policy_loss": -0.08542392576734224,
                    "vf_loss": 9.751094508893562,
                    "vf_explained_var": 3.0241229317405008e-05,
                    "kl": 0.011798822749666468,
                    "entropy": 1.591504764918125,
                    "entropy_coeff": 0.5
                },
                "model": {},
                "custom_metrics": {},
                "num_agent_steps_trained": 121.63636363636364,
                "num_grad_updates_lifetime": 165165.5,
                "diff_num_grad_updates_vs_sampler_policy": 164.5
            },
            "policy_2": {
                "learner_stats": {
                    "allreduce_latency": 0.0,
                    "grad_gnorm": 1.1381242275238037,
                    "cur_kl_coeff": 0.04999999999999999,
                    "cur_lr": 5e-05,
                    "total_loss": 8.038056435729517,
                    "policy_loss": -0.07341064998851807,
                    "vf_loss": 9.735601783521247,
                    "vf_explained_var": 4.354570851181493e-06,
                    "kl": 0.010290596417482667,
                    "entropy": 1.6246491937926322,
                    "entropy_coeff": 1.0
                },
                "model": {},
                "custom_metrics": {},
                "num_agent_steps_trained": 120.36363636363636,
                "num_grad_updates_lifetime": 165165.5,
                "diff_num_grad_updates_vs_sampler_policy": 164.5
            },
            "policy_0": {
                "learner_stats": {
                    "allreduce_latency": 0.0,
                    "grad_gnorm": 2.4225146770477295,
                    "cur_kl_coeff": 0.19999999999999996,
                    "cur_lr": 5e-05,
                    "total_loss": 9.104255086725408,
                    "policy_loss": -0.10955872392620553,
                    "vf_loss": 9.334414499456232,
                    "vf_explained_var": -0.0003497737826723041,
                    "kl": 0.01718415154578188,
                    "entropy": 1.2403750219128349,
                    "entropy_coeff": 0.09999999999999998
                },
                "model": {},
                "custom_metrics": {},
                "num_agent_steps_trained": 121.63636363636364,
                "num_grad_updates_lifetime": 165165.5,
                "diff_num_grad_updates_vs_sampler_policy": 164.5
            }
        },
        "num_env_steps_sampled": 2004000,
        "num_env_steps_trained": 2004000,
        "num_agent_steps_sampled": 2003998,
        "num_agent_steps_trained": 2003998
    },
    "env_runners": {
        "episode_reward_max": -251.0,
        "episode_reward_min": -600.0,
        "episode_reward_mean": -435.81,
        "episode_len_mean": 147.46,
        "episode_media": {},
        "episodes_timesteps_total": 14746,
        "policy_reward_min": {
            "policy_1": -375.0,
            "policy_2": -375.0,
            "policy_0": -295.0
        },
        "policy_reward_max": {
            "policy_1": -23.0,
            "policy_2": -41.0,
            "policy_0": -11.0
        },
        "policy_reward_mean": {
            "policy_1": -131.1,
            "policy_2": -210.18,
            "policy_0": -94.53
        },
        "custom_metrics": {},
        "hist_stats": {
            "episode_reward": [
                -392.0,
                -480.0,
                -511.0,
                -435.0,
                -440.0,
                -484.0,
                -393.0,
                -505.0,
                -402.0,
                -473.0,
                -398.0,
                -493.0,
                -335.0,
                -493.0,
                -507.0,
                -344.0,
                -410.0,
                -557.0,
                -371.0,
                -418.0,
                -269.0,
                -586.0,
                -509.0,
                -428.0,
                -533.0,
                -541.0,
                -353.0,
                -353.0,
                -345.0,
                -481.0,
                -474.0,
                -396.0,
                -551.0,
                -409.0,
                -293.0,
                -274.0,
                -429.0,
                -424.0,
                -269.0,
                -341.0,
                -463.0,
                -466.0,
                -396.0,
                -486.0,
                -412.0,
                -380.0,
                -600.0,
                -320.0,
                -462.0,
                -330.0,
                -485.0,
                -310.0,
                -340.0,
                -466.0,
                -566.0,
                -406.0,
                -497.0,
                -346.0,
                -472.0,
                -451.0,
                -350.0,
                -251.0,
                -544.0,
                -505.0,
                -456.0,
                -472.0,
                -434.0,
                -504.0,
                -445.0,
                -549.0,
                -453.0,
                -372.0,
                -515.0,
                -356.0,
                -379.0,
                -398.0,
                -486.0,
                -471.0,
                -438.0,
                -335.0,
                -466.0,
                -453.0,
                -534.0,
                -363.0,
                -518.0,
                -388.0,
                -466.0,
                -360.0,
                -504.0,
                -436.0,
                -490.0,
                -439.0,
                -453.0,
                -565.0,
                -445.0,
                -433.0,
                -455.0,
                -456.0,
                -471.0,
                -420.0
            ],