{
    "custom_metrics": {},
    "episode_media": {},
    "info": {
        "learner": {
            "policy_1": {
                "learner_stats": {
                    "allreduce_latency": 0.0,
                    "grad_gnorm": 1.2380613088607788,
                    "cur_kl_coeff": 0.09999999999999998,
                    "cur_lr": 5e-05,
                    "total_loss": 9.028313876643326,
                    "policy_loss": -0.08817562578443551,
                    "vf_loss": 9.917589144273238,
                    "vf_explained_var": 9.879921421860203e-08,
                    "kl": 0.012084550614360897,
                    "entropy": 1.6046161351781902,
                    "entropy_coeff": 0.5
                },
                "model": {},
                "custom_metrics": {},
                "num_agent_steps_trained": 121.63636363636364,
                "num_grad_updates_lifetime": 118965.5,
                "diff_num_grad_updates_vs_sampler_policy": 164.5
            },
            "policy_2": {
                "learner_stats": {
                    "allreduce_latency": 0.0,
                    "grad_gnorm": 1.114654779434204,
                    "cur_kl_coeff": 0.04999999999999999,
                    "cur_lr": 5e-05,
                    "total_loss": 8.219567466504646,
                    "policy_loss": -0.06582356012447484,
                    "vf_loss": 9.917195533983636,
                    "vf_explained_var": -8.72196573199648e-06,
                    "kl": 0.008249221775235526,
                    "entropy": 1.6322170300917191,
                    "entropy_coeff": 1.0
                },
                "model": {},
                "custom_metrics": {},
                "num_agent_steps_trained": 120.27272727272727,
                "num_grad_updates_lifetime": 118965.5,
                "diff_num_grad_updates_vs_sampler_policy": 164.5
            },
            "policy_0": {
                "learner_stats": {
                    "allreduce_latency": 0.0,
                    "grad_gnorm": 3.515117883682251,
                    "cur_kl_coeff": 0.19999999999999996,
                    "cur_lr": 5e-05,
                    "total_loss": 8.75425792462898,
                    "policy_loss": -0.0914983124549811,
                    "vf_loss": 8.976935276840672,
                    "vf_explained_var": 0.008049954609437422,
                    "kl": 0.013495220735267622,
                    "entropy": 1.3387810627619425,
                    "entropy_coeff": 0.09999999999999998
                },
                "model": {},
                "custom_metrics": {},
                "num_agent_steps_trained": 121.72727272727273,
                "num_grad_updates_lifetime": 118965.5,
                "diff_num_grad_updates_vs_sampler_policy": 164.5
            }
        },
        "num_env_steps_sampled": 1444000,
        "num_env_steps_trained": 1444000,
        "num_agent_steps_sampled": 1443998,
        "num_agent_steps_trained": 1443998
    },
    "env_runners": {
        "episode_reward_max": -281.0,
        "episode_reward_min": -663.0,
        "episode_reward_mean": -448.78,
        "episode_len_mean": 142.84,
        "episode_media": {},
        "episodes_timesteps_total": 14284,
        "policy_reward_min": {
            "policy_0": -330.0,
            "policy_1": -385.0,
            "policy_2": -475.0
        },
        "policy_reward_max": {
            "policy_0": 1.0,
            "policy_1": -27.0,
            "policy_2": -18.0
        },
        "policy_reward_mean": {
            "policy_0": -103.23,
            "policy_1": -156.28,
            "policy_2": -189.27
        },
        "custom_metrics": {},
        "hist_stats": {
            "episode_reward": [
                -467.0,
                -521.0,
                -530.0,
                -582.0,
                -425.0,
                -467.0,
                -339.0,
                -663.0,
                -397.0,
                -449.0,
                -492.0,
                -463.0,
                -578.0,
                -491.0,
                -489.0,
                -434.0,
                -450.0,
                -543.0,
                -431.0,
                -335.0,
                -476.0,
                -335.0,
                -474.0,
                -449.0,
                -389.0,
                -436.0,
                -523.0,
                -479.0,
                -429.0,
                -446.0,
                -353.0,
                -411.0,
                -489.0,
                -419.0,
                -429.0,
                -426.0,
                -466.0,
                -400.0,
                -435.0,
                -443.0,
                -413.0,
                -472.0,
                -465.0,
                -509.0,
                -462.0,
                -281.0,
                -347.0,
                -388.0,
                -329.0,
                -326.0,
                -478.0,
                -376.0,
                -493.0,
                -322.0,
                -331.0,
                -523.0,
                -336.0,
                -575.0,
                -353.0,
                -525.0,
                -342.0,
                -515.0,
                -457.0,
                -505.0,
                -528.0,
                -390.0,
                -416.0,
                -468.0,
                -445.0,
                -418.0,
                -642.0,
                -552.0,
                -313.0,
                -386.0,
                -407.0,
                -406.0,
                -493.0,
                -377.0,
                -417.0,
                -384.0,
                -489.0,
                -450.0,
                -438.0,
                -330.0,
                -522.0,
                -386.0,
                -455.0,
                -509.0,
                -400.0,
                -569.0,
                -406.0,
                -381.0,
                -535.0,
                -402.0,
                -579.0,
                -557.0,
                -561.0,
                -463.0,
                -655.0,
                -373.0
            ],