{
    "custom_metrics": {},
    "episode_media": {},
    "info": {
        "learner": {
            "policy_1": {
                "learner_stats": {
                    "allreduce_latency": 0.0,
                    "grad_gnorm": 1.3042926788330078,
                    "cur_kl_coeff": 0.09999999999999998,
                    "cur_lr": 5e-05,
                    "total_loss": 9.017580864646218,
                    "policy_loss": -0.09878095423266517,
                    "vf_loss": 9.902191586927934,
                    "vf_explained_var": -0.0003537002838019169,
                    "kl": 0.013301376768970127,
                    "entropy": 1.574319843451182,
                    "entropy_coeff": 0.5
                },
                "model": {},
                "custom_metrics": {},
                "num_agent_steps_trained": 121.45454545454545,
                "num_grad_updates_lifetime": 247665.5,
                "diff_num_grad_updates_vs_sampler_policy": 164.5
            },
            "policy_2": {
                "learner_stats": {
                    "allreduce_latency": 0.0,
                    "grad_gnorm": 1.1806089878082275,
                    "cur_kl_coeff": 0.04999999999999999,
                    "cur_lr": 5e-05,
                    "total_loss": 8.196952682552915,
                    "policy_loss": -0.07075516828194713,
                    "vf_loss": 9.895264119812936,
                    "vf_explained_var": 3.7841724626945725e-06,
                    "kl": 0.009914087028664895,
                    "entropy": 1.628051948186123,
                    "entropy_coeff": 1.0
                },
                "model": {},
                "custom_metrics": {},
                "num_agent_steps_trained": 120.63636363636364,
                "num_grad_updates_lifetime": 247665.5,
                "diff_num_grad_updates_vs_sampler_policy": 164.5
            },
            "policy_0": {
                "learner_stats": {
                    "allreduce_latency": 0.0,
                    "grad_gnorm": 3.340808391571045,
                    "cur_kl_coeff": 0.19999999999999996,
                    "cur_lr": 5e-05,
                    "total_loss": 8.517448790868123,
                    "policy_loss": -0.10257968948166253,
                    "vf_loss": 8.735380214633363,
                    "vf_explained_var": 0.0083518335313508,
                    "kl": 0.015067504845073115,
                    "entropy": 1.1836525548588146,
                    "entropy_coeff": 0.09999999999999998
                },
                "model": {},
                "custom_metrics": {},
                "num_agent_steps_trained": 121.54545454545455,
                "num_grad_updates_lifetime": 247665.5,
                "diff_num_grad_updates_vs_sampler_policy": 164.5
            }
        },
        "num_env_steps_sampled": 3004000,
        "num_env_steps_trained": 3004000,
        "num_agent_steps_sampled": 3003998,
        "num_agent_steps_trained": 3003998
    },
    "env_runners": {
        "episode_reward_max": -166.0,
        "episode_reward_min": -721.0,
        "episode_reward_mean": -462.59,
        "episode_len_mean": 143.64,
        "episode_media": {},
        "episodes_timesteps_total": 14364,
        "policy_reward_min": {
            "policy_0": -470.0,
            "policy_1": -460.0,
            "policy_2": -430.0
        },
        "policy_reward_max": {
            "policy_0": 1.0,
            "policy_1": -21.0,
            "policy_2": -36.0
        },
        "policy_reward_mean": {
            "policy_0": -104.45,
            "policy_1": -161.26,
            "policy_2": -196.88
        },
        "custom_metrics": {},
        "hist_stats": {
            "episode_reward": [
                -358.0,
                -539.0,
                -362.0,
                -379.0,
                -510.0,
                -371.0,
                -314.0,
                -467.0,
                -488.0,
                -690.0,
                -442.0,
                -423.0,
                -437.0,
                -467.0,
                -525.0,
                -515.0,
                -343.0,
                -390.0,
                -360.0,
                -640.0,
                -555.0,
                -557.0,
                -481.0,
                -547.0,
                -397.0,
                -523.0,
                -480.0,
                -484.0,
                -426.0,
                -537.0,
                -434.0,
                -509.0,
                -283.0,
                -519.0,
                -488.0,
                -522.0,
                -314.0,
                -475.0,
                -488.0,
                -457.0,
                -428.0,
                -592.0,
                -523.0,
                -478.0,
                -340.0,
                -437.0,
                -496.0,
                -380.0,
                -432.0,
                -366.0,
                -572.0,
                -548.0,
                -363.0,
                -536.0,
                -511.0,
                -409.0,
                -478.0,
                -166.0,
                -327.0,
                -461.0,
                -576.0,
                -721.0,
                -480.0,
                -402.0,
                -404.0,
                -358.0,
                -355.0,
                -546.0,
                -434.0,
                -696.0,
                -498.0,
                -497.0,
                -390.0,
                -282.0,
                -414.0,
                -561.0,
                -494.0,
                -442.0,
                -551.0,
                -346.0,
                -408.0,
                -600.0,
                -467.0,
                -534.0,
                -580.0,
                -482.0,
                -428.0,
                -408.0,
                -513.0,
                -636.0,
                -459.0,
                -419.0,
                -430.0,
                -376.0,
                -479.0,
                -515.0,
                -457.0,
                -388.0,
                -434.0,
                -460.0
            ],