{
    "custom_metrics": {},
    "episode_media": {},
    "info": {
        "learner": {
            "policy_1": {
                "learner_stats": {
                    "allreduce_latency": 0.0,
                    "grad_gnorm": 1.2254688739776611,
                    "cur_kl_coeff": 0.09999999999999998,
                    "cur_lr": 5e-05,
                    "total_loss": 8.90313037814516,
                    "policy_loss": -0.08974043090270381,
                    "vf_loss": 9.783979814702814,
                    "vf_explained_var": 0.00013600858775052158,
                    "kl": 0.01194422662700845,
                    "entropy": 1.5846071156588468,
                    "entropy_coeff": 0.5
                },
                "model": {},
                "custom_metrics": {},
                "num_agent_steps_trained": 121.36363636363636,
                "num_grad_updates_lifetime": 161865.5,
                "diff_num_grad_updates_vs_sampler_policy": 164.5
            },
            "policy_2": {
                "learner_stats": {
                    "allreduce_latency": 0.0,
                    "grad_gnorm": 1.1162055730819702,
                    "cur_kl_coeff": 0.04999999999999999,
                    "cur_lr": 5e-05,
                    "total_loss": 8.093488892641934,
                    "policy_loss": -0.07978326496244832,
                    "vf_loss": 9.78854069854274,
                    "vf_explained_var": 4.993063030820904e-06,
                    "kl": 0.01051565836422485,
                    "entropy": 1.615794318372553,
                    "entropy_coeff": 1.0
                },
                "model": {},
                "custom_metrics": {},
                "num_agent_steps_trained": 120.81818181818181,
                "num_grad_updates_lifetime": 161865.5,
                "diff_num_grad_updates_vs_sampler_policy": 164.5
            },
            "policy_0": {
                "learner_stats": {
                    "allreduce_latency": 0.0,
                    "grad_gnorm": 2.2119269371032715,
                    "cur_kl_coeff": 0.19999999999999996,
                    "cur_lr": 5e-05,
                    "total_loss": 9.379575030008953,
                    "policy_loss": -0.10358527634913722,
                    "vf_loss": 9.598625735080603,
                    "vf_explained_var": -0.011971126541946873,
                    "kl": 0.015835723956333293,
                    "entropy": 1.1863261607560245,
                    "entropy_coeff": 0.09999999999999998
                },
                "model": {},
                "custom_metrics": {},
                "num_agent_steps_trained": 121.45454545454545,
                "num_grad_updates_lifetime": 161865.5,
                "diff_num_grad_updates_vs_sampler_policy": 164.5
            }
        },
        "num_env_steps_sampled": 1964000,
        "num_env_steps_trained": 1964000,
        "num_agent_steps_sampled": 1963998,
        "num_agent_steps_trained": 1963998
    },
    "env_runners": {
        "episode_reward_max": -200.0,
        "episode_reward_min": -643.0,
        "episode_reward_mean": -449.65,
        "episode_len_mean": 146.44,
        "episode_media": {},
        "episodes_timesteps_total": 14644,
        "policy_reward_min": {
            "policy_1": -415.0,
            "policy_2": -395.0,
            "policy_0": -365.0
        },
        "policy_reward_max": {
            "policy_1": -30.0,
            "policy_2": -28.0,
            "policy_0": -9.0
        },
        "policy_reward_mean": {
            "policy_1": -133.37,
            "policy_2": -201.56,
            "policy_0": -114.72
        },
        "custom_metrics": {},
        "hist_stats": {
            "episode_reward": [
                -227.0,
                -239.0,
                -400.0,
                -461.0,
                -639.0,
                -352.0,
                -399.0,
                -338.0,
                -567.0,
                -482.0,
                -233.0,
                -446.0,
                -357.0,
                -531.0,
                -517.0,
                -458.0,
                -299.0,
                -470.0,
                -518.0,
                -459.0,
                -528.0,
                -633.0,
                -361.0,
                -281.0,
                -298.0,
                -544.0,
                -471.0,
                -526.0,
                -516.0,
                -631.0,
                -420.0,
                -526.0,
                -508.0,
                -343.0,
                -365.0,
                -472.0,
                -479.0,
                -319.0,
                -574.0,
                -486.0,
                -377.0,
                -412.0,
                -342.0,
                -422.0,
                -396.0,
                -643.0,
                -350.0,
                -471.0,
                -536.0,
                -534.0,
                -459.0,
                -371.0,
                -359.0,
                -270.0,
                -353.0,
                -521.0,
                -467.0,
                -356.0,
                -500.0,
                -530.0,
                -386.0,
                -364.0,
                -599.0,
                -534.0,
                -320.0,
                -612.0,
                -484.0,
                -502.0,
                -421.0,
                -552.0,
                -469.0,
                -551.0,
                -533.0,
                -446.0,
                -563.0,
                -561.0,
                -441.0,
                -459.0,
                -479.0,
                -296.0,
                -534.0,
                -200.0,
                -458.0,
                -564.0,
                -548.0,
                -425.0,
                -481.0,
                -548.0,
                -433.0,
                -493.0,
                -513.0,
                -493.0,
                -414.0,
                -408.0,
                -436.0,
                -458.0,
                -347.0,
                -352.0,
                -531.0,
                -415.0
            ],