{
    "custom_metrics": {},
    "episode_media": {},
    "info": {
        "learner": {
            "policy_1": {
                "learner_stats": {
                    "allreduce_latency": 0.0,
                    "grad_gnorm": 1.194600224494934,
                    "cur_kl_coeff": 0.09999999999999998,
                    "cur_lr": 5e-05,
                    "total_loss": 8.949466442339348,
                    "policy_loss": -0.07757331643140677,
                    "vf_loss": 9.829261363636364,
                    "vf_explained_var": -6.430076830314867e-07,
                    "kl": 0.011131287243747045,
                    "entropy": 1.6066695643193794,
                    "entropy_coeff": 0.5
                },
                "model": {},
                "custom_metrics": {},
                "num_agent_steps_trained": 120.9090909090909,
                "num_grad_updates_lifetime": 49665.5,
                "diff_num_grad_updates_vs_sampler_policy": 164.5
            },
            "policy_2": {
                "learner_stats": {
                    "allreduce_latency": 0.0,
                    "grad_gnorm": 1.0187066793441772,
                    "cur_kl_coeff": 0.04999999999999999,
                    "cur_lr": 5e-05,
                    "total_loss": 8.134341086763325,
                    "policy_loss": -0.06161850484398504,
                    "vf_loss": 9.824831214095607,
                    "vf_explained_var": -4.880356066154711e-07,
                    "kl": 0.009294133161899913,
                    "entropy": 1.6293363372484844,
                    "entropy_coeff": 1.0
                },
                "model": {},
                "custom_metrics": {},
                "num_agent_steps_trained": 120.54545454545455,
                "num_grad_updates_lifetime": 49665.5,
                "diff_num_grad_updates_vs_sampler_policy": 164.5
            },
            "policy_0": {
                "learner_stats": {
                    "allreduce_latency": 0.0,
                    "grad_gnorm": 2.1933202743530273,
                    "cur_kl_coeff": 0.19999999999999996,
                    "cur_lr": 5e-05,
                    "total_loss": 8.794376694072376,
                    "policy_loss": -0.08638324737407718,
                    "vf_loss": 9.0128317601753,
                    "vf_explained_var": 0.014484288836970474,
                    "kl": 0.01205842087095913,
                    "entropy": 1.3448345296310655,
                    "entropy_coeff": 0.09999999999999998
                },
                "model": {},
                "custom_metrics": {},
                "num_agent_steps_trained": 122.18181818181819,
                "num_grad_updates_lifetime": 49665.5,
                "diff_num_grad_updates_vs_sampler_policy": 164.5
            }
        },
        "num_env_steps_sampled": 604000,
        "num_env_steps_trained": 604000,
        "num_agent_steps_sampled": 603998,
        "num_agent_steps_trained": 603998
    },
    "env_runners": {
        "episode_reward_max": -241.0,
        "episode_reward_min": -685.0,
        "episode_reward_mean": -430.94,
        "episode_len_mean": 151.12,
        "episode_media": {},
        "episodes_timesteps_total": 15112,
        "policy_reward_min": {
            "policy_0": -285.0,
            "policy_1": -440.0,
            "policy_2": -375.0
        },
        "policy_reward_max": {
            "policy_0": -7.0,
            "policy_1": -16.0,
            "policy_2": -38.0
        },
        "policy_reward_mean": {
            "policy_0": -90.09,
            "policy_1": -155.07,
            "policy_2": -185.78
        },
        "custom_metrics": {},
        "hist_stats": {
            "episode_reward": [
                -617.0,
                -325.0,
                -506.0,
                -437.0,
                -266.0,
                -241.0,
                -389.0,
                -285.0,
                -367.0,
                -424.0,
                -482.0,
                -489.0,
                -463.0,
                -422.0,
                -302.0,
                -477.0,
                -458.0,
                -312.0,
                -536.0,
                -329.0,
                -413.0,
                -302.0,
                -364.0,
                -447.0,
                -499.0,
                -280.0,
                -459.0,
                -418.0,
                -452.0,
                -308.0,
                -454.0,
                -333.0,
                -548.0,
                -354.0,
                -496.0,
                -503.0,
                -335.0,
                -524.0,
                -457.0,
                -395.0,
                -352.0,
                -338.0,
                -547.0,
                -685.0,
                -625.0,
                -500.0,
                -417.0,
                -374.0,
                -462.0,
                -516.0,
                -509.0,
                -363.0,
                -419.0,
                -324.0,
                -344.0,
                -402.0,
                -322.0,
                -419.0,
                -534.0,
                -409.0,
                -324.0,
                -336.0,
                -467.0,
                -328.0,
                -401.0,
                -325.0,
                -471.0,
                -431.0,
                -522.0,
                -332.0,
                -483.0,
                -440.0,
                -375.0,
                -384.0,
                -405.0,
                -648.0,
                -437.0,
                -588.0,
                -563.0,
                -452.0,
                -482.0,
                -474.0,
                -461.0,
                -492.0,
                -469.0,
                -480.0,
                -411.0,
                -394.0,
                -450.0,
                -467.0,
                -473.0,
                -464.0,
                -582.0,
                -372.0,
                -395.0,
                -523.0,
                -486.0,
                -403.0,
                -471.0,
                -304.0
            ],