{
    "custom_metrics": {},
    "episode_media": {},
    "info": {
        "learner": {
            "policy_1": {
                "learner_stats": {
                    "allreduce_latency": 0.0,
                    "grad_gnorm": 1.2111440896987915,
                    "cur_kl_coeff": 0.09999999999999998,
                    "cur_lr": 5e-05,
                    "total_loss": 8.77624403924653,
                    "policy_loss": -0.08415890237542265,
                    "vf_loss": 9.654756326386423,
                    "vf_explained_var": 6.077867565733014e-07,
                    "kl": 0.011168075903139724,
                    "entropy": 1.5909403804576758,
                    "entropy_coeff": 0.5
                },
                "model": {},
                "custom_metrics": {},
                "num_agent_steps_trained": 121.36363636363636,
                "num_grad_updates_lifetime": 97515.5,
                "diff_num_grad_updates_vs_sampler_policy": 164.5
            },
            "policy_2": {
                "learner_stats": {
                    "allreduce_latency": 0.0,
                    "grad_gnorm": 1.1117802858352661,
                    "cur_kl_coeff": 0.04999999999999999,
                    "cur_lr": 5e-05,
                    "total_loss": 7.95633307948257,
                    "policy_loss": -0.07634957891776029,
                    "vf_loss": 9.655158248092189,
                    "vf_explained_var": -0.00038391749064127604,
                    "kl": 0.008856027387451516,
                    "entropy": 1.6229184302416715,
                    "entropy_coeff": 1.0
                },
                "model": {},
                "custom_metrics": {},
                "num_agent_steps_trained": 120.27272727272727,
                "num_grad_updates_lifetime": 97515.5,
                "diff_num_grad_updates_vs_sampler_policy": 164.5
            },
            "policy_0": {
                "learner_stats": {
                    "allreduce_latency": 0.0,
                    "grad_gnorm": 2.5592684745788574,
                    "cur_kl_coeff": 0.19999999999999996,
                    "cur_lr": 5e-05,
                    "total_loss": 9.135954761505127,
                    "policy_loss": -0.09940350004895167,
                    "vf_loss": 9.36837891665372,
                    "vf_explained_var": 0.009154657342217185,
                    "kl": 0.01468510748303475,
                    "entropy": 1.3595772750449904,
                    "entropy_coeff": 0.09999999999999998
                },
                "model": {},
                "custom_metrics": {},
                "num_agent_steps_trained": 122.0,
                "num_grad_updates_lifetime": 97515.5,
                "diff_num_grad_updates_vs_sampler_policy": 164.5
            }
        },
        "num_env_steps_sampled": 1184000,
        "num_env_steps_trained": 1184000,
        "num_agent_steps_sampled": 1183998,
        "num_agent_steps_trained": 1183998
    },
    "env_runners": {
        "episode_reward_max": -287.0,
        "episode_reward_min": -718.0,
        "episode_reward_mean": -452.19,
        "episode_len_mean": 156.86,
        "episode_media": {},
        "episodes_timesteps_total": 15686,
        "policy_reward_min": {
            "policy_1": -470.0,
            "policy_2": -515.0,
            "policy_0": -295.0
        },
        "policy_reward_max": {
            "policy_1": -12.0,
            "policy_2": -30.0,
            "policy_0": -5.0
        },
        "policy_reward_mean": {
            "policy_1": -159.72,
            "policy_2": -193.69,
            "policy_0": -98.78
        },
        "custom_metrics": {},
        "hist_stats": {
            "episode_reward": [
                -421.0,
                -436.0,
                -556.0,
                -527.0,
                -483.0,
                -439.0,
                -462.0,
                -532.0,
                -376.0,
                -367.0,
                -428.0,
                -443.0,
                -507.0,
                -450.0,
                -487.0,
                -383.0,
                -589.0,
                -471.0,
                -351.0,
                -416.0,
                -466.0,
                -432.0,
                -352.0,
                -297.0,
                -424.0,
                -415.0,
                -520.0,
                -450.0,
                -427.0,
                -423.0,
                -663.0,
                -347.0,
                -353.0,
                -453.0,
                -359.0,
                -610.0,
                -537.0,
                -421.0,
                -718.0,
                -501.0,
                -505.0,
                -404.0,
                -510.0,
                -326.0,
                -405.0,
                -498.0,
                -485.0,
                -287.0,
                -405.0,
                -429.0,
                -490.0,
                -527.0,
                -464.0,
                -582.0,
                -315.0,
                -325.0,
                -460.0,
                -493.0,
                -464.0,
                -493.0,
                -486.0,
                -408.0,
                -460.0,
                -528.0,
                -447.0,
                -433.0,
                -385.0,
                -518.0,
                -449.0,
                -520.0,
                -364.0,
                -468.0,
                -599.0,
                -339.0,
                -405.0,
                -341.0,
                -449.0,
                -290.0,
                -498.0,
                -318.0,
                -568.0,
                -443.0,
                -502.0,
                -526.0,
                -513.0,
                -478.0,
                -409.0,
                -468.0,
                -395.0,
                -445.0,
                -427.0,
                -602.0,
                -401.0,
                -425.0,
                -523.0,
                -382.0,
                -395.0,
                -393.0,
                -611.0,
                -449.0
            ],