{
    "custom_metrics": {},
    "episode_media": {},
    "info": {
        "learner": {
            "policy_1": {
                "learner_stats": {
                    "allreduce_latency": 0.0,
                    "grad_gnorm": 1.0121989250183105,
                    "cur_kl_coeff": 0.09999999999999998,
                    "cur_lr": 5e-05,
                    "total_loss": 8.746821303801102,
                    "policy_loss": -0.06671320249636968,
                    "vf_loss": 9.618403327826298,
                    "vf_explained_var": 2.4298826853434244e-06,
                    "kl": 0.009203392708544948,
                    "entropy": 1.6115783615545793,
                    "entropy_coeff": 0.5
                },
                "model": {},
                "custom_metrics": {},
                "num_agent_steps_trained": 121.72727272727273,
                "num_grad_updates_lifetime": 24915.5,
                "diff_num_grad_updates_vs_sampler_policy": 164.5
            },
            "policy_2": {
                "learner_stats": {
                    "allreduce_latency": 0.0,
                    "grad_gnorm": 0.9443495273590088,
                    "cur_kl_coeff": 0.04999999999999999,
                    "cur_lr": 5e-05,
                    "total_loss": 7.903199820085005,
                    "policy_loss": -0.06314943507666503,
                    "vf_loss": 9.599795173876213,
                    "vf_explained_var": 3.057898897113222e-07,
                    "kl": 0.008268236998970797,
                    "entropy": 1.6338593486583595,
                    "entropy_coeff": 1.0
                },
                "model": {},
                "custom_metrics": {},
                "num_agent_steps_trained": 120.27272727272727,
                "num_grad_updates_lifetime": 24915.5,
                "diff_num_grad_updates_vs_sampler_policy": 164.5
            },
            "policy_0": {
                "learner_stats": {
                    "allreduce_latency": 0.0,
                    "grad_gnorm": 1.3436520099639893,
                    "cur_kl_coeff": 0.19999999999999996,
                    "cur_lr": 5e-05,
                    "total_loss": 9.414490321188262,
                    "policy_loss": -0.07146343032504912,
                    "vf_loss": 9.624370288848876,
                    "vf_explained_var": 0.0001510641791603782,
                    "kl": 0.01190529686195987,
                    "entropy": 1.4079768068862684,
                    "entropy_coeff": 0.09999999999999998
                },
                "model": {},
                "custom_metrics": {},
                "num_agent_steps_trained": 121.63636363636364,
                "num_grad_updates_lifetime": 24915.5,
                "diff_num_grad_updates_vs_sampler_policy": 164.5
            }
        },
        "num_env_steps_sampled": 304000,
        "num_env_steps_trained": 304000,
        "num_agent_steps_sampled": 303998,
        "num_agent_steps_trained": 303998
    },
    "env_runners": {
        "episode_reward_max": -278.0,
        "episode_reward_min": -610.0,
        "episode_reward_mean": -460.05,
        "episode_len_mean": 151.96,
        "episode_media": {},
        "episodes_timesteps_total": 15196,
        "policy_reward_min": {
            "policy_1": -455.0,
            "policy_2": -425.0,
            "policy_0": -315.0
        },
        "policy_reward_max": {
            "policy_1": -16.0,
            "policy_2": -26.0,
            "policy_0": -12.0
        },
        "policy_reward_mean": {
            "policy_1": -139.66,
            "policy_2": -210.23,
            "policy_0": -110.16
        },
        "custom_metrics": {},
        "hist_stats": {
            "episode_reward": [
                -569.0,
                -585.0,
                -482.0,
                -457.0,
                -471.0,
                -368.0,
                -506.0,
                -433.0,
                -460.0,
                -364.0,
                -310.0,
                -392.0,
                -570.0,
                -582.0,
                -592.0,
                -523.0,
                -385.0,
                -442.0,
                -391.0,
                -508.0,
                -481.0,
                -554.0,
                -455.0,
                -472.0,
                -593.0,
                -408.0,
                -450.0,
                -455.0,
                -278.0,
                -415.0,
                -601.0,
                -508.0,
                -437.0,
                -426.0,
                -458.0,
                -506.0,
                -398.0,
                -385.0,
                -323.0,
                -370.0,
                -502.0,
                -315.0,
                -425.0,
                -502.0,
                -492.0,
                -448.0,
                -469.0,
                -510.0,
                -556.0,
                -486.0,
                -610.0,
                -521.0,
                -518.0,
                -432.0,
                -535.0,
                -434.0,
                -531.0,
                -441.0,
                -400.0,
                -513.0,
                -458.0,
                -437.0,
                -419.0,
                -582.0,
                -411.0,
                -379.0,
                -573.0,
                -436.0,
                -592.0,
                -519.0,
                -504.0,
                -517.0,
                -510.0,
                -406.0,
                -327.0,
                -422.0,
                -490.0,
                -485.0,
                -494.0,
                -475.0,
                -290.0,
                -400.0,
                -434.0,
                -454.0,
                -334.0,
                -484.0,
                -416.0,
                -487.0,
                -294.0,
                -460.0,
                -388.0,
                -460.0,
                -452.0,
                -449.0,
                -500.0,
                -423.0,
                -496.0,
                -560.0,
                -378.0,
                -407.0
            ],