{
    "custom_metrics": {},
    "episode_media": {},
    "info": {
        "learner": {
            "policy_1": {
                "learner_stats": {
                    "allreduce_latency": 0.0,
                    "grad_gnorm": 0.7791553735733032,
                    "cur_kl_coeff": 0.09999999999999998,
                    "cur_lr": 5e-05,
                    "total_loss": 8.933104312781131,
                    "policy_loss": -0.05381000325238953,
                    "vf_loss": 9.805314699808756,
                    "vf_explained_var": -2.0742416381835936e-06,
                    "kl": 0.011830186650987555,
                    "entropy": 1.6391669992244604,
                    "entropy_coeff": 0.5
                },
                "model": {},
                "custom_metrics": {},
                "num_agent_steps_trained": 121.54545454545455,
                "num_grad_updates_lifetime": 3465.5,
                "diff_num_grad_updates_vs_sampler_policy": 164.5
            },
            "policy_2": {
                "learner_stats": {
                    "allreduce_latency": 0.0,
                    "grad_gnorm": 0.7493569254875183,
                    "cur_kl_coeff": 0.09999999999999998,
                    "cur_lr": 5e-05,
                    "total_loss": 8.101492527759437,
                    "policy_loss": -0.043679254699964074,
                    "vf_loss": 9.792727262323552,
                    "vf_explained_var": 3.1641035368948272e-06,
                    "kl": 0.004478804840131092,
                    "entropy": 1.6480033285690077,
                    "entropy_coeff": 1.0
                },
                "model": {},
                "custom_metrics": {},
                "num_agent_steps_trained": 120.9090909090909,
                "num_grad_updates_lifetime": 3465.5,
                "diff_num_grad_updates_vs_sampler_policy": 164.5
            },
            "policy_0": {
                "learner_stats": {
                    "allreduce_latency": 0.0,
                    "grad_gnorm": 0.8214572072029114,
                    "cur_kl_coeff": 0.19999999999999996,
                    "cur_lr": 5e-05,
                    "total_loss": 9.593964943741307,
                    "policy_loss": -0.052022773932637364,
                    "vf_loss": 9.799193310015129,
                    "vf_explained_var": -3.0755996704101563e-06,
                    "kl": 0.008708304548790248,
                    "entropy": 1.5494728763898213,
                    "entropy_coeff": 0.09999999999999998
                },
                "model": {},
                "custom_metrics": {},
                "num_agent_steps_trained": 121.18181818181819,
                "num_grad_updates_lifetime": 3465.5,
                "diff_num_grad_updates_vs_sampler_policy": 164.5
            }
        },
        "num_env_steps_sampled": 44000,
        "num_env_steps_trained": 44000,
        "num_agent_steps_sampled": 43998,
        "num_agent_steps_trained": 43998
    },
    "env_runners": {
        "episode_reward_max": -281.0,
        "episode_reward_min": -632.0,
        "episode_reward_mean": -462.72,
        "episode_len_mean": 139.12,
        "episode_media": {},
        "episodes_timesteps_total": 13912,
        "policy_reward_min": {
            "policy_1": -390.0,
            "policy_2": -415.0,
            "policy_0": -380.0
        },
        "policy_reward_max": {
            "policy_1": -20.0,
            "policy_2": -27.0,
            "policy_0": -27.0
        },
        "policy_reward_mean": {
            "policy_1": -154.61,
            "policy_2": -170.65,
            "policy_0": -137.46
        },
        "custom_metrics": {},
        "hist_stats": {
            "episode_reward": [
                -299.0,
                -488.0,
                -347.0,
                -518.0,
                -349.0,
                -326.0,
                -366.0,
                -594.0,
                -406.0,
                -495.0,
                -466.0,
                -437.0,
                -537.0,
                -466.0,
                -584.0,
                -327.0,
                -525.0,
                -509.0,
                -570.0,
                -472.0,
                -452.0,
                -508.0,
                -359.0,
                -512.0,
                -570.0,
                -349.0,
                -338.0,
                -281.0,
                -467.0,
                -453.0,
                -632.0,
                -439.0,
                -435.0,
                -585.0,
                -504.0,
                -474.0,
                -415.0,
                -383.0,
                -453.0,
                -545.0,
                -611.0,
                -557.0,
                -336.0,
                -534.0,
                -459.0,
                -481.0,
                -555.0,
                -392.0,
                -403.0,
                -446.0,
                -447.0,
                -349.0,
                -534.0,
                -395.0,
                -538.0,
                -465.0,
                -430.0,
                -531.0,
                -451.0,
                -517.0,
                -449.0,
                -396.0,
                -356.0,
                -397.0,
                -380.0,
                -539.0,
                -444.0,
                -515.0,
                -525.0,
                -535.0,
                -488.0,
                -420.0,
                -457.0,
                -462.0,
                -484.0,
                -518.0,
                -465.0,
                -541.0,
                -557.0,
                -409.0,
                -366.0,
                -353.0,
                -437.0,
                -575.0,
                -378.0,
                -545.0,
                -417.0,
                -409.0,
                -365.0,
                -445.0,
                -437.0,
                -488.0,
                -589.0,
                -495.0,
                -383.0,
                -491.0,
                -515.0,
                -491.0,
                -564.0,
                -526.0
            ],