{
    "custom_metrics": {},
    "episode_media": {},
    "info": {
        "learner": {
            "policy_1": {
                "learner_stats": {
                    "allreduce_latency": 0.0,
                    "grad_gnorm": 1.1558122634887695,
                    "cur_kl_coeff": 0.09999999999999998,
                    "cur_lr": 5e-05,
                    "total_loss": 9.117390736666593,
                    "policy_loss": -0.07808884625026787,
                    "vf_loss": 9.992897727272727,
                    "vf_explained_var": -1.2150316527395538e-06,
                    "kl": 0.010068029626528538,
                    "entropy": 1.596849855148431,
                    "entropy_coeff": 0.5
                },
                "model": {},
                "custom_metrics": {},
                "num_agent_steps_trained": 121.36363636363636,
                "num_grad_updates_lifetime": 57915.5,
                "diff_num_grad_updates_vs_sampler_policy": 164.5
            },
            "policy_2": {
                "learner_stats": {
                    "allreduce_latency": 0.0,
                    "grad_gnorm": 1.052144169807434,
                    "cur_kl_coeff": 0.04999999999999999,
                    "cur_lr": 5e-05,
                    "total_loss": 8.308955133322513,
                    "policy_loss": -0.06276064090656512,
                    "vf_loss": 10.0,
                    "vf_explained_var": -4.4432553378018464e-07,
                    "kl": 0.008590391497806856,
                    "entropy": 1.6287137450593892,
                    "entropy_coeff": 1.0
                },
                "model": {},
                "custom_metrics": {},
                "num_agent_steps_trained": 120.0909090909091,
                "num_grad_updates_lifetime": 57915.5,
                "diff_num_grad_updates_vs_sampler_policy": 164.5
            },
            "policy_0": {
                "learner_stats": {
                    "allreduce_latency": 0.0,
                    "grad_gnorm": 3.063756227493286,
                    "cur_kl_coeff": 0.19999999999999996,
                    "cur_lr": 5e-05,
                    "total_loss": 8.574095035321784,
                    "policy_loss": -0.09265486461703074,
                    "vf_loss": 8.798828958742547,
                    "vf_explained_var": -0.006526566454858491,
                    "kl": 0.014148780963375877,
                    "entropy": 1.3490882971070028,
                    "entropy_coeff": 0.09999999999999998
                },
                "model": {},
                "custom_metrics": {},
                "num_agent_steps_trained": 122.27272727272727,
                "num_grad_updates_lifetime": 57915.5,
                "diff_num_grad_updates_vs_sampler_policy": 164.5
            }
        },
        "num_env_steps_sampled": 704000,
        "num_env_steps_trained": 704000,
        "num_agent_steps_sampled": 703999,
        "num_agent_steps_trained": 703999
    },
    "env_runners": {
        "episode_reward_max": -233.0,
        "episode_reward_min": -668.0,
        "episode_reward_mean": -452.73,
        "episode_len_mean": 149.46,
        "episode_media": {},
        "episodes_timesteps_total": 14946,
        "policy_reward_min": {
            "policy_2": -410.0,
            "policy_0": -275.0,
            "policy_1": -475.0
        },
        "policy_reward_max": {
            "policy_2": -33.0,
            "policy_0": -15.0,
            "policy_1": -25.0
        },
        "policy_reward_mean": {
            "policy_2": -211.63,
            "policy_0": -96.86,
            "policy_1": -144.24
        },
        "custom_metrics": {},
        "hist_stats": {
            "episode_reward": [
                -385.0,
                -424.0,
                -460.0,
                -424.0,
                -481.0,
                -450.0,
                -325.0,
                -454.0,
                -596.0,
                -504.0,
                -473.0,
                -453.0,
                -315.0,
                -562.0,
                -478.0,
                -627.0,
                -465.0,
                -495.0,
                -479.0,
                -365.0,
                -574.0,
                -384.0,
                -369.0,
                -371.0,
                -471.0,
                -494.0,
                -446.0,
                -574.0,
                -518.0,
                -442.0,
                -449.0,
                -576.0,
                -375.0,
                -441.0,
                -488.0,
                -572.0,
                -397.0,
                -312.0,
                -430.0,
                -411.0,
                -455.0,
                -440.0,
                -430.0,
                -438.0,
                -384.0,
                -233.0,
                -308.0,
                -321.0,
                -668.0,
                -389.0,
                -386.0,
                -490.0,
                -521.0,
                -429.0,
                -601.0,
                -554.0,
                -448.0,
                -344.0,
                -396.0,
                -329.0,
                -363.0,
                -393.0,
                -503.0,
                -460.0,
                -631.0,
                -593.0,
                -628.0,
                -418.0,
                -354.0,
                -529.0,
                -427.0,
                -530.0,
                -563.0,
                -318.0,
                -343.0,
                -435.0,
                -386.0,
                -448.0,
                -481.0,
                -471.0,
                -458.0,
                -378.0,
                -514.0,
                -482.0,
                -429.0,
                -436.0,
                -564.0,
                -468.0,
                -447.0,
                -484.0,
                -342.0,
                -530.0,
                -490.0,
                -499.0,
                -423.0,
                -375.0,
                -368.0,
                -405.0,
                -587.0,
                -447.0
            ],