{
    "custom_metrics": {},
    "episode_media": {},
    "info": {
        "learner": {
            "policy_1": {
                "learner_stats": {
                    "allreduce_latency": 0.0,
                    "grad_gnorm": 1.2447192668914795,
                    "cur_kl_coeff": 0.09999999999999998,
                    "cur_lr": 5e-05,
                    "total_loss": 8.866447940017238,
                    "policy_loss": -0.09879880673287324,
                    "vf_loss": 9.762188423041142,
                    "vf_explained_var": 0.00030975522417010684,
                    "kl": 0.013389468693136085,
                    "entropy": 1.5965612863049363,
                    "entropy_coeff": 0.5
                },
                "model": {},
                "custom_metrics": {},
                "num_agent_steps_trained": 121.9090909090909,
                "num_grad_updates_lifetime": 153615.5,
                "diff_num_grad_updates_vs_sampler_policy": 164.5
            },
            "policy_2": {
                "learner_stats": {
                    "allreduce_latency": 0.0,
                    "grad_gnorm": 1.1456305980682373,
                    "cur_kl_coeff": 0.04999999999999999,
                    "cur_lr": 5e-05,
                    "total_loss": 8.0644343549555,
                    "policy_loss": -0.07530090077850742,
                    "vf_loss": 9.76732957724369,
                    "vf_explained_var": 2.1204803929184423e-07,
                    "kl": 0.009685878834066703,
                    "entropy": 1.628078682494886,
                    "entropy_coeff": 1.0
                },
                "model": {},
                "custom_metrics": {},
                "num_agent_steps_trained": 120.0,
                "num_grad_updates_lifetime": 153615.5,
                "diff_num_grad_updates_vs_sampler_policy": 164.5
            },
            "policy_0": {
                "learner_stats": {
                    "allreduce_latency": 0.0,
                    "grad_gnorm": 4.121785640716553,
                    "cur_kl_coeff": 0.19999999999999996,
                    "cur_lr": 5e-05,
                    "total_loss": 8.15155323635448,
                    "policy_loss": -0.09553756858645515,
                    "vf_loss": 8.37362209666859,
                    "vf_explained_var": 0.03806748408259768,
                    "kl": 0.013300100657581745,
                    "entropy": 1.2919129021240003,
                    "entropy_coeff": 0.09999999999999998
                },
                "model": {},
                "custom_metrics": {},
                "num_agent_steps_trained": 121.72727272727273,
                "num_grad_updates_lifetime": 153615.5,
                "diff_num_grad_updates_vs_sampler_policy": 164.5
            }
        },
        "num_env_steps_sampled": 1864000,
        "num_env_steps_trained": 1864000,
        "num_agent_steps_sampled": 1863998,
        "num_agent_steps_trained": 1863998
    },
    "env_runners": {
        "episode_reward_max": -211.0,
        "episode_reward_min": -649.0,
        "episode_reward_mean": -449.28,
        "episode_len_mean": 145.0,
        "episode_media": {},
        "episodes_timesteps_total": 14500,
        "policy_reward_min": {
            "policy_0": -375.0,
            "policy_1": -405.0,
            "policy_2": -415.0
        },
        "policy_reward_max": {
            "policy_0": -7.0,
            "policy_1": -18.0,
            "policy_2": -30.0
        },
        "policy_reward_mean": {
            "policy_0": -103.34,
            "policy_1": -166.12,
            "policy_2": -179.82
        },
        "custom_metrics": {},
        "hist_stats": {
            "episode_reward": [
                -456.0,
                -419.0,
                -352.0,
                -319.0,
                -518.0,
                -491.0,
                -485.0,
                -576.0,
                -507.0,
                -585.0,
                -348.0,
                -344.0,
                -616.0,
                -407.0,
                -261.0,
                -422.0,
                -375.0,
                -451.0,
                -506.0,
                -541.0,
                -295.0,
                -284.0,
                -516.0,
                -604.0,
                -393.0,
                -536.0,
                -466.0,
                -370.0,
                -469.0,
                -511.0,
                -447.0,
                -572.0,
                -402.0,
                -425.0,
                -441.0,
                -459.0,
                -441.0,
                -425.0,
                -466.0,
                -352.0,
                -526.0,
                -507.0,
                -358.0,
                -519.0,
                -366.0,
                -484.0,
                -483.0,
                -393.0,
                -591.0,
                -393.0,
                -516.0,
                -296.0,
                -491.0,
                -456.0,
                -529.0,
                -454.0,
                -366.0,
                -412.0,
                -370.0,
                -362.0,
                -364.0,
                -419.0,
                -420.0,
                -431.0,
                -409.0,
                -460.0,
                -548.0,
                -434.0,
                -536.0,
                -380.0,
                -537.0,
                -540.0,
                -528.0,
                -558.0,
                -504.0,
                -474.0,
                -381.0,
                -521.0,
                -284.0,
                -348.0,
                -391.0,
                -211.0,
                -292.0,
                -487.0,
                -413.0,
                -613.0,
                -337.0,
                -567.0,
                -567.0,
                -530.0,
                -548.0,
                -485.0,
                -582.0,
                -294.0,
                -383.0,
                -411.0,
                -649.0,
                -547.0,
                -400.0,
                -420.0
            ],