{
    "custom_metrics": {},
    "episode_media": {},
    "info": {
        "learner": {
            "policy_1": {
                "learner_stats": {
                    "allreduce_latency": 0.0,
                    "grad_gnorm": 1.1523460149765015,
                    "cur_kl_coeff": 0.09999999999999998,
                    "cur_lr": 5e-05,
                    "total_loss": 8.99375737508138,
                    "policy_loss": -0.07651485941711475,
                    "vf_loss": 9.86721849152536,
                    "vf_explained_var": -3.2899957714658794e-06,
                    "kl": 0.011634624191678912,
                    "entropy": 1.5962194746190852,
                    "entropy_coeff": 0.5
                },
                "model": {},
                "custom_metrics": {},
                "num_agent_steps_trained": 121.9090909090909,
                "num_grad_updates_lifetime": 56265.5,
                "diff_num_grad_updates_vs_sampler_policy": 164.5
            },
            "policy_2": {
                "learner_stats": {
                    "allreduce_latency": 0.0,
                    "grad_gnorm": 1.0507984161376953,
                    "cur_kl_coeff": 0.04999999999999999,
                    "cur_lr": 5e-05,
                    "total_loss": 8.176473077138265,
                    "policy_loss": -0.06494850978311716,
                    "vf_loss": 9.868047251845852,
                    "vf_explained_var": 3.052480293042732e-07,
                    "kl": 0.008217090510997964,
                    "entropy": 1.6270365375461,
                    "entropy_coeff": 1.0
                },
                "model": {},
                "custom_metrics": {},
                "num_agent_steps_trained": 119.81818181818181,
                "num_grad_updates_lifetime": 56265.5,
                "diff_num_grad_updates_vs_sampler_policy": 164.5
            },
            "policy_0": {
                "learner_stats": {
                    "allreduce_latency": 0.0,
                    "grad_gnorm": 3.1912829875946045,
                    "cur_kl_coeff": 0.19999999999999996,
                    "cur_lr": 5e-05,
                    "total_loss": 8.925545166478013,
                    "policy_loss": -0.09146230328602321,
                    "vf_loss": 9.144406474720348,
                    "vf_explained_var": 0.0014260299278028084,
                    "kl": 0.012525194000449042,
                    "entropy": 1.2990409244190564,
                    "entropy_coeff": 0.09999999999999998
                },
                "model": {},
                "custom_metrics": {},
                "num_agent_steps_trained": 121.9090909090909,
                "num_grad_updates_lifetime": 56265.5,
                "diff_num_grad_updates_vs_sampler_policy": 164.5
            }
        },
        "num_env_steps_sampled": 684000,
        "num_env_steps_trained": 684000,
        "num_agent_steps_sampled": 683998,
        "num_agent_steps_trained": 683998
    },
    "env_runners": {
        "episode_reward_max": -214.0,
        "episode_reward_min": -625.0,
        "episode_reward_mean": -446.09,
        "episode_len_mean": 150.66,
        "episode_media": {},
        "episodes_timesteps_total": 15066,
        "policy_reward_min": {
            "policy_0": -405.0,
            "policy_1": -385.0,
            "policy_2": -405.0
        },
        "policy_reward_max": {
            "policy_0": -12.0,
            "policy_1": -21.0,
            "policy_2": -38.0
        },
        "policy_reward_mean": {
            "policy_0": -101.71,
            "policy_1": -135.4,
            "policy_2": -208.98
        },
        "custom_metrics": {},
        "hist_stats": {
            "episode_reward": [
                -465.0,
                -456.0,
                -347.0,
                -372.0,
                -406.0,
                -447.0,
                -405.0,
                -440.0,
                -380.0,
                -463.0,
                -455.0,
                -462.0,
                -441.0,
                -526.0,
                -501.0,
                -485.0,
                -411.0,
                -496.0,
                -418.0,
                -428.0,
                -501.0,
                -451.0,
                -522.0,
                -436.0,
                -460.0,
                -561.0,
                -492.0,
                -436.0,
                -343.0,
                -402.0,
                -381.0,
                -214.0,
                -582.0,
                -561.0,
                -424.0,
                -491.0,
                -537.0,
                -378.0,
                -522.0,
                -393.0,
                -471.0,
                -304.0,
                -465.0,
                -541.0,
                -517.0,
                -327.0,
                -356.0,
                -455.0,
                -450.0,
                -476.0,
                -484.0,
                -467.0,
                -625.0,
                -569.0,
                -559.0,
                -368.0,
                -541.0,
                -410.0,
                -430.0,
                -480.0,
                -609.0,
                -589.0,
                -455.0,
                -296.0,
                -517.0,
                -322.0,
                -473.0,
                -360.0,
                -380.0,
                -525.0,
                -345.0,
                -476.0,
                -480.0,
                -265.0,
                -378.0,
                -354.0,
                -484.0,
                -436.0,
                -531.0,
                -394.0,
                -388.0,
                -561.0,
                -449.0,
                -323.0,
                -606.0,
                -226.0,
                -484.0,
                -372.0,
                -391.0,
                -489.0,
                -552.0,
                -491.0,
                -499.0,
                -368.0,
                -458.0,
                -472.0,
                -489.0,
                -329.0,
                -244.0,
                -563.0
            ],