{
    "custom_metrics": {},
    "episode_media": {},
    "info": {
        "learner": {
            "policy_1": {
                "learner_stats": {
                    "allreduce_latency": 0.0,
                    "grad_gnorm": 1.0894153118133545,
                    "cur_kl_coeff": 0.09999999999999998,
                    "cur_lr": 5e-05,
                    "total_loss": 9.1257962660356,
                    "policy_loss": -0.06196965057311128,
                    "vf_loss": 9.985795454545455,
                    "vf_explained_var": -8.975014542088364e-07,
                    "kl": 0.009842844296011318,
                    "entropy": 1.5980275898268728,
                    "entropy_coeff": 0.5
                },
                "model": {},
                "custom_metrics": {},
                "num_agent_steps_trained": 121.72727272727273,
                "num_grad_updates_lifetime": 31515.5,
                "diff_num_grad_updates_vs_sampler_policy": 164.5
            },
            "policy_2": {
                "learner_stats": {
                    "allreduce_latency": 0.0,
                    "grad_gnorm": 0.9629101157188416,
                    "cur_kl_coeff": 0.04999999999999999,
                    "cur_lr": 5e-05,
                    "total_loss": 8.295663778709644,
                    "policy_loss": -0.06242283635673988,
                    "vf_loss": 9.976946547537139,
                    "vf_explained_var": 2.229611078898112e-05,
                    "kl": 0.008548841226719665,
                    "entropy": 1.6192873600757482,
                    "entropy_coeff": 1.0
                },
                "model": {},
                "custom_metrics": {},
                "num_agent_steps_trained": 120.45454545454545,
                "num_grad_updates_lifetime": 31515.5,
                "diff_num_grad_updates_vs_sampler_policy": 164.5
            },
            "policy_0": {
                "learner_stats": {
                    "allreduce_latency": 0.0,
                    "grad_gnorm": 1.5079621076583862,
                    "cur_kl_coeff": 0.19999999999999996,
                    "cur_lr": 5e-05,
                    "total_loss": 9.77167014497699,
                    "policy_loss": -0.07455723927440969,
                    "vf_loss": 9.97778004732999,
                    "vf_explained_var": 0.00016348235534899164,
                    "kl": 0.011878588409899348,
                    "entropy": 1.3392844781731115,
                    "entropy_coeff": 0.09999999999999998
                },
                "model": {},
                "custom_metrics": {},
                "num_agent_steps_trained": 121.45454545454545,
                "num_grad_updates_lifetime": 31515.5,
                "diff_num_grad_updates_vs_sampler_policy": 164.5
            }
        },
        "num_env_steps_sampled": 384000,
        "num_env_steps_trained": 384000,
        "num_agent_steps_sampled": 383998,
        "num_agent_steps_trained": 383998
    },
    "env_runners": {
        "episode_reward_max": -304.0,
        "episode_reward_min": -696.0,
        "episode_reward_mean": -454.96,
        "episode_len_mean": 145.28,
        "episode_media": {},
        "episodes_timesteps_total": 14528,
        "policy_reward_min": {
            "policy_0": -375.0,
            "policy_1": -425.0,
            "policy_2": -405.0
        },
        "policy_reward_max": {
            "policy_0": -6.0,
            "policy_1": -20.0,
            "policy_2": -24.0
        },
        "policy_reward_mean": {
            "policy_0": -105.76,
            "policy_1": -135.93,
            "policy_2": -213.27
        },
        "custom_metrics": {},
        "hist_stats": {
            "episode_reward": [
                -345.0,
                -511.0,
                -647.0,
                -520.0,
                -455.0,
                -446.0,
                -569.0,
                -545.0,
                -491.0,
                -611.0,
                -433.0,
                -466.0,
                -461.0,
                -494.0,
                -381.0,
                -467.0,
                -476.0,
                -373.0,
                -458.0,
                -353.0,
                -418.0,
                -458.0,
                -589.0,
                -352.0,
                -370.0,
                -486.0,
                -409.0,
                -349.0,
                -532.0,
                -390.0,
                -369.0,
                -304.0,
                -513.0,
                -536.0,
                -539.0,
                -354.0,
                -471.0,
                -526.0,
                -568.0,
                -355.0,
                -417.0,
                -508.0,
                -318.0,
                -398.0,
                -395.0,
                -440.0,
                -478.0,
                -626.0,
                -696.0,
                -439.0,
                -473.0,
                -388.0,
                -519.0,
                -529.0,
                -469.0,
                -381.0,
                -494.0,
                -532.0,
                -451.0,
                -470.0,
                -396.0,
                -421.0,
                -399.0,
                -361.0,
                -329.0,
                -455.0,
                -398.0,
                -309.0,
                -412.0,
                -500.0,
                -402.0,
                -449.0,
                -382.0,
                -474.0,
                -494.0,
                -418.0,
                -611.0,
                -437.0,
                -463.0,
                -383.0,
                -548.0,
                -467.0,
                -432.0,
                -495.0,
                -548.0,
                -424.0,
                -382.0,
                -496.0,
                -385.0,
                -517.0,
                -405.0,
                -535.0,
                -528.0,
                -507.0,
                -416.0,
                -434.0,
                -447.0,
                -331.0,
                -566.0,
                -329.0
            ],