{
    "custom_metrics": {},
    "episode_media": {},
    "info": {
        "learner": {
            "policy_1": {
                "learner_stats": {
                    "allreduce_latency": 0.0,
                    "grad_gnorm": 1.2657383680343628,
                    "cur_kl_coeff": 0.09999999999999998,
                    "cur_lr": 5e-05,
                    "total_loss": 8.94747452880397,
                    "policy_loss": -0.08704015778264765,
                    "vf_loss": 9.828839671973027,
                    "vf_explained_var": 0.0016589674082669345,
                    "kl": 0.011354344666670653,
                    "entropy": 1.5909208532535668,
                    "entropy_coeff": 0.5
                },
                "model": {},
                "custom_metrics": {},
                "num_agent_steps_trained": 121.45454545454545,
                "num_grad_updates_lifetime": 186615.5,
                "diff_num_grad_updates_vs_sampler_policy": 164.5
            },
            "policy_2": {
                "learner_stats": {
                    "allreduce_latency": 0.0,
                    "grad_gnorm": 1.1701236963272095,
                    "cur_kl_coeff": 0.04999999999999999,
                    "cur_lr": 5e-05,
                    "total_loss": 8.121086633566653,
                    "policy_loss": -0.07456432858369115,
                    "vf_loss": 9.81885832006281,
                    "vf_explained_var": -3.2941500345865885e-06,
                    "kl": 0.009194683319620625,
                    "entropy": 1.6236670790296612,
                    "entropy_coeff": 1.0
                },
                "model": {},
                "custom_metrics": {},
                "num_agent_steps_trained": 120.81818181818181,
                "num_grad_updates_lifetime": 186615.5,
                "diff_num_grad_updates_vs_sampler_policy": 164.5
            },
            "policy_0": {
                "learner_stats": {
                    "allreduce_latency": 0.0,
                    "grad_gnorm": 3.6832892894744873,
                    "cur_kl_coeff": 0.19999999999999996,
                    "cur_lr": 5e-05,
                    "total_loss": 8.276540503357396,
                    "policy_loss": -0.10645543860102241,
                    "vf_loss": 8.508809435006343,
                    "vf_explained_var": 0.015681779023372765,
                    "kl": 0.015912090865568294,
                    "entropy": 1.289958486773751,
                    "entropy_coeff": 0.09999999999999998
                },
                "model": {},
                "custom_metrics": {},
                "num_agent_steps_trained": 121.36363636363636,
                "num_grad_updates_lifetime": 186615.5,
                "diff_num_grad_updates_vs_sampler_policy": 164.5
            }
        },
        "num_env_steps_sampled": 2264000,
        "num_env_steps_trained": 2264000,
        "num_agent_steps_sampled": 2263998,
        "num_agent_steps_trained": 2263998
    },
    "env_runners": {
        "episode_reward_max": -278.0,
        "episode_reward_min": -591.0,
        "episode_reward_mean": -442.21,
        "episode_len_mean": 146.18,
        "episode_media": {},
        "episodes_timesteps_total": 14618,
        "policy_reward_min": {
            "policy_1": -380.0,
            "policy_2": -415.0,
            "policy_0": -355.0
        },
        "policy_reward_max": {
            "policy_1": -25.0,
            "policy_2": -32.0,
            "policy_0": -8.0
        },
        "policy_reward_mean": {
            "policy_1": -143.61,
            "policy_2": -191.3,
            "policy_0": -107.3
        },
        "custom_metrics": {},
        "hist_stats": {
            "episode_reward": [
                -357.0,
                -291.0,
                -363.0,
                -306.0,
                -476.0,
                -491.0,
                -425.0,
                -591.0,
                -340.0,
                -371.0,
                -547.0,
                -451.0,
                -400.0,
                -308.0,
                -483.0,
                -527.0,
                -435.0,
                -465.0,
                -327.0,
                -450.0,
                -514.0,
                -546.0,
                -433.0,
                -488.0,
                -428.0,
                -387.0,
                -499.0,
                -367.0,
                -546.0,
                -576.0,
                -466.0,
                -387.0,
                -456.0,
                -467.0,
                -461.0,
                -370.0,
                -488.0,
                -475.0,
                -278.0,
                -496.0,
                -307.0,
                -443.0,
                -394.0,
                -487.0,
                -362.0,
                -450.0,
                -449.0,
                -415.0,
                -473.0,
                -474.0,
                -299.0,
                -397.0,
                -448.0,
                -409.0,
                -450.0,
                -510.0,
                -378.0,
                -400.0,
                -547.0,
                -408.0,
                -440.0,
                -389.0,
                -435.0,
                -431.0,
                -473.0,
                -363.0,
                -391.0,
                -538.0,
                -384.0,
                -470.0,
                -572.0,
                -483.0,
                -392.0,
                -396.0,
                -506.0,
                -444.0,
                -528.0,
                -585.0,
                -357.0,
                -490.0,
                -546.0,
                -346.0,
                -406.0,
                -382.0,
                -469.0,
                -421.0,
                -521.0,
                -524.0,
                -544.0,
                -450.0,
                -571.0,
                -507.0,
                -467.0,
                -336.0,
                -460.0,
                -319.0,
                -465.0,
                -418.0,
                -534.0,
                -436.0
            ],