{
    "custom_metrics": {},
    "episode_media": {},
    "info": {
        "learner": {
            "policy_1": {
                "learner_stats": {
                    "allreduce_latency": 0.0,
                    "grad_gnorm": 1.182147741317749,
                    "cur_kl_coeff": 0.09999999999999998,
                    "cur_lr": 5e-05,
                    "total_loss": 8.843825334491152,
                    "policy_loss": -0.08109326643841058,
                    "vf_loss": 9.723354998501865,
                    "vf_explained_var": 1.0882363174900864e-06,
                    "kl": 0.01145030356103606,
                    "entropy": 1.5991629080338912,
                    "entropy_coeff": 0.5
                },
                "model": {},
                "custom_metrics": {},
                "num_agent_steps_trained": 122.0,
                "num_grad_updates_lifetime": 133815.5,
                "diff_num_grad_updates_vs_sampler_policy": 164.5
            },
            "policy_2": {
                "learner_stats": {
                    "allreduce_latency": 0.0,
                    "grad_gnorm": 1.1244844198226929,
                    "cur_kl_coeff": 0.04999999999999999,
                    "cur_lr": 5e-05,
                    "total_loss": 8.022871218305646,
                    "policy_loss": -0.07455576023855952,
                    "vf_loss": 9.727288514917547,
                    "vf_explained_var": -2.3065371946855026e-05,
                    "kl": 0.010398279605991703,
                    "entropy": 1.6303815003597375,
                    "entropy_coeff": 1.0
                },
                "model": {},
                "custom_metrics": {},
                "num_agent_steps_trained": 120.45454545454545,
                "num_grad_updates_lifetime": 133815.5,
                "diff_num_grad_updates_vs_sampler_policy": 164.5
            },
            "policy_0": {
                "learner_stats": {
                    "allreduce_latency": 0.0,
                    "grad_gnorm": 3.351128339767456,
                    "cur_kl_coeff": 0.19999999999999996,
                    "cur_lr": 5e-05,
                    "total_loss": 8.761422811854969,
                    "policy_loss": -0.09264155732975765,
                    "vf_loss": 8.984639264598037,
                    "vf_explained_var": -0.005804034616007949,
                    "kl": 0.013535513961399416,
                    "entropy": 1.332820135535616,
                    "entropy_coeff": 0.09999999999999998
                },
                "model": {},
                "custom_metrics": {},
                "num_agent_steps_trained": 121.18181818181819,
                "num_grad_updates_lifetime": 133815.5,
                "diff_num_grad_updates_vs_sampler_policy": 164.5
            }
        },
        "num_env_steps_sampled": 1624000,
        "num_env_steps_trained": 1624000,
        "num_agent_steps_sampled": 1623998,
        "num_agent_steps_trained": 1623998
    },
    "env_runners": {
        "episode_reward_max": -300.0,
        "episode_reward_min": -712.0,
        "episode_reward_mean": -459.23,
        "episode_len_mean": 147.78,
        "episode_media": {},
        "episodes_timesteps_total": 14778,
        "policy_reward_min": {
            "policy_0": -400.0,
            "policy_1": -440.0,
            "policy_2": -445.0
        },
        "policy_reward_max": {
            "policy_0": -9.0,
            "policy_1": -17.0,
            "policy_2": -34.0
        },
        "policy_reward_mean": {
            "policy_0": -114.87,
            "policy_1": -141.28,
            "policy_2": -203.08
        },
        "custom_metrics": {},
        "hist_stats": {
            "episode_reward": [
                -482.0,
                -427.0,
                -524.0,
                -300.0,
                -446.0,
                -483.0,
                -404.0,
                -458.0,
                -394.0,
                -462.0,
                -420.0,
                -526.0,
                -330.0,
                -573.0,
                -402.0,
                -529.0,
                -357.0,
                -376.0,
                -428.0,
                -441.0,
                -580.0,
                -439.0,
                -394.0,
                -541.0,
                -374.0,
                -392.0,
                -449.0,
                -597.0,
                -385.0,
                -611.0,
                -349.0,
                -593.0,
                -650.0,
                -405.0,
                -516.0,
                -406.0,
                -394.0,
                -375.0,
                -425.0,
                -477.0,
                -540.0,
                -544.0,
                -688.0,
                -431.0,
                -368.0,
                -435.0,
                -449.0,
                -403.0,
                -380.0,
                -329.0,
                -422.0,
                -393.0,
                -626.0,
                -358.0,
                -452.0,
                -368.0,
                -432.0,
                -363.0,
                -460.0,
                -418.0,
                -712.0,
                -436.0,
                -533.0,
                -438.0,
                -388.0,
                -474.0,
                -587.0,
                -426.0,
                -431.0,
                -519.0,
                -441.0,
                -374.0,
                -464.0,
                -436.0,
                -639.0,
                -439.0,
                -445.0,
                -508.0,
                -526.0,
                -358.0,
                -537.0,
                -544.0,
                -532.0,
                -356.0,
                -467.0,
                -308.0,
                -596.0,
                -469.0,
                -475.0,
                -569.0,
                -423.0,
                -581.0,
                -433.0,
                -420.0,
                -451.0,
                -464.0,
                -550.0,
                -387.0,
                -425.0,
                -389.0
            ],