{
    "custom_metrics": {},
    "episode_media": {},
    "info": {
        "learner": {
            "policy_1": {
                "learner_stats": {
                    "allreduce_latency": 0.0,
                    "grad_gnorm": 1.200636386871338,
                    "cur_kl_coeff": 0.09999999999999998,
                    "cur_lr": 5e-05,
                    "total_loss": 8.602024131832701,
                    "policy_loss": -0.0855771901001307,
                    "vf_loss": 9.481979497273763,
                    "vf_explained_var": -1.824263370398319e-07,
                    "kl": 0.012538663165981812,
                    "entropy": 1.5912640676353917,
                    "entropy_coeff": 0.5
                },
                "model": {},
                "custom_metrics": {},
                "num_agent_steps_trained": 121.72727272727273,
                "num_grad_updates_lifetime": 127215.5,
                "diff_num_grad_updates_vs_sampler_policy": 164.5
            },
            "policy_2": {
                "learner_stats": {
                    "allreduce_latency": 0.0,
                    "grad_gnorm": 1.1305824518203735,
                    "cur_kl_coeff": 0.04999999999999999,
                    "cur_lr": 5e-05,
                    "total_loss": 7.800480031967163,
                    "policy_loss": -0.06999186413833575,
                    "vf_loss": 9.494901527057994,
                    "vf_explained_var": 2.286650917746804e-07,
                    "kl": 0.007341163442248805,
                    "entropy": 1.6247968391938643,
                    "entropy_coeff": 1.0
                },
                "model": {},
                "custom_metrics": {},
                "num_agent_steps_trained": 119.9090909090909,
                "num_grad_updates_lifetime": 127215.5,
                "diff_num_grad_updates_vs_sampler_policy": 164.5
            },
            "policy_0": {
                "learner_stats": {
                    "allreduce_latency": 0.0,
                    "grad_gnorm": 3.0644428730010986,
                    "cur_kl_coeff": 0.19999999999999996,
                    "cur_lr": 5e-05,
                    "total_loss": 8.599959386478771,
                    "policy_loss": -0.09231845179332815,
                    "vf_loss": 8.822245386875037,
                    "vf_explained_var": -0.024416924245429763,
                    "kl": 0.013658734012010704,
                    "entropy": 1.3269935004638902,
                    "entropy_coeff": 0.09999999999999998
                },
                "model": {},
                "custom_metrics": {},
                "num_agent_steps_trained": 122.0,
                "num_grad_updates_lifetime": 127215.5,
                "diff_num_grad_updates_vs_sampler_policy": 164.5
            }
        },
        "num_env_steps_sampled": 1544000,
        "num_env_steps_trained": 1544000,
        "num_agent_steps_sampled": 1543998,
        "num_agent_steps_trained": 1543998
    },
    "env_runners": {
        "episode_reward_max": -227.0,
        "episode_reward_min": -675.0,
        "episode_reward_mean": -465.85,
        "episode_len_mean": 148.38,
        "episode_media": {},
        "episodes_timesteps_total": 14838,
        "policy_reward_min": {
            "policy_1": -455.0,
            "policy_2": -465.0,
            "policy_0": -390.0
        },
        "policy_reward_max": {
            "policy_1": -22.0,
            "policy_2": -29.0,
            "policy_0": -6.0
        },
        "policy_reward_mean": {
            "policy_1": -151.72,
            "policy_2": -194.2,
            "policy_0": -119.93
        },
        "custom_metrics": {},
        "hist_stats": {
            "episode_reward": [
                -404.0,
                -527.0,
                -476.0,
                -526.0,
                -387.0,
                -380.0,
                -493.0,
                -520.0,
                -527.0,
                -460.0,
                -359.0,
                -376.0,
                -309.0,
                -464.0,
                -475.0,
                -349.0,
                -446.0,
                -466.0,
                -489.0,
                -382.0,
                -493.0,
                -511.0,
                -382.0,
                -308.0,
                -470.0,
                -365.0,
                -625.0,
                -294.0,
                -376.0,
                -567.0,
                -451.0,
                -227.0,
                -450.0,
                -511.0,
                -510.0,
                -457.0,
                -555.0,
                -469.0,
                -477.0,
                -313.0,
                -418.0,
                -462.0,
                -575.0,
                -527.0,
                -379.0,
                -516.0,
                -565.0,
                -419.0,
                -438.0,
                -619.0,
                -526.0,
                -345.0,
                -567.0,
                -542.0,
                -589.0,
                -572.0,
                -597.0,
                -478.0,
                -573.0,
                -522.0,
                -380.0,
                -383.0,
                -632.0,
                -470.0,
                -358.0,
                -470.0,
                -505.0,
                -484.0,
                -383.0,
                -465.0,
                -541.0,
                -482.0,
                -488.0,
                -500.0,
                -343.0,
                -539.0,
                -554.0,
                -452.0,
                -400.0,
                -529.0,
                -461.0,
                -449.0,
                -600.0,
                -324.0,
                -308.0,
                -419.0,
                -421.0,
                -488.0,
                -438.0,
                -563.0,
                -392.0,
                -535.0,
                -444.0,
                -408.0,
                -498.0,
                -466.0,
                -430.0,
                -675.0,
                -519.0,
                -534.0
            ],