{
    "custom_metrics": {},
    "episode_media": {},
    "info": {
        "learner": {
            "policy_1": {
                "learner_stats": {
                    "allreduce_latency": 0.0,
                    "grad_gnorm": 1.2105908393859863,
                    "cur_kl_coeff": 0.09999999999999998,
                    "cur_lr": 5e-05,
                    "total_loss": 9.07878059907393,
                    "policy_loss": -0.08931412123651668,
                    "vf_loss": 9.96239776322336,
                    "vf_explained_var": -0.0004589442050818241,
                    "kl": 0.013217757515313115,
                    "entropy": 1.591249655232285,
                    "entropy_coeff": 0.5
                },
                "model": {},
                "custom_metrics": {},
                "num_agent_steps_trained": 121.45454545454545,
                "num_grad_updates_lifetime": 176715.5,
                "diff_num_grad_updates_vs_sampler_policy": 164.5
            },
            "policy_2": {
                "learner_stats": {
                    "allreduce_latency": 0.0,
                    "grad_gnorm": 1.1723740100860596,
                    "cur_kl_coeff": 0.04999999999999999,
                    "cur_lr": 5e-05,
                    "total_loss": 8.27477170048338,
                    "policy_loss": -0.07218911010263995,
                    "vf_loss": 9.969581476847331,
                    "vf_explained_var": 6.896076780377013e-07,
                    "kl": 0.009331362560045967,
                    "entropy": 1.6230872269832726,
                    "entropy_coeff": 1.0
                },
                "model": {},
                "custom_metrics": {},
                "num_agent_steps_trained": 120.0909090909091,
                "num_grad_updates_lifetime": 176715.5,
                "diff_num_grad_updates_vs_sampler_policy": 164.5
            },
            "policy_0": {
                "learner_stats": {
                    "allreduce_latency": 0.0,
                    "grad_gnorm": 2.7823002338409424,
                    "cur_kl_coeff": 0.19999999999999996,
                    "cur_lr": 5e-05,
                    "total_loss": 8.092614822676687,
                    "policy_loss": -0.10786916868986957,
                    "vf_loss": 8.325846634489118,
                    "vf_explained_var": -0.013903454036423655,
                    "kl": 0.016755199827844,
                    "entropy": 1.2871369444962704,
                    "entropy_coeff": 0.09999999999999998
                },
                "model": {},
                "custom_metrics": {},
                "num_agent_steps_trained": 122.0909090909091,
                "num_grad_updates_lifetime": 176715.5,
                "diff_num_grad_updates_vs_sampler_policy": 164.5
            }
        },
        "num_env_steps_sampled": 2144000,
        "num_env_steps_trained": 2144000,
        "num_agent_steps_sampled": 2143998,
        "num_agent_steps_trained": 2143998
    },
    "env_runners": {
        "episode_reward_max": -269.0,
        "episode_reward_min": -614.0,
        "episode_reward_mean": -443.22,
        "episode_len_mean": 135.74,
        "episode_media": {},
        "episodes_timesteps_total": 13574,
        "policy_reward_min": {
            "policy_0": -325.0,
            "policy_1": -440.0,
            "policy_2": -410.0
        },
        "policy_reward_max": {
            "policy_0": -7.0,
            "policy_1": -17.0,
            "policy_2": -22.0
        },
        "policy_reward_mean": {
            "policy_0": -106.26,
            "policy_1": -138.93,
            "policy_2": -198.03
        },
        "custom_metrics": {},
        "hist_stats": {
            "episode_reward": [
                -469.0,
                -442.0,
                -575.0,
                -436.0,
                -464.0,
                -322.0,
                -391.0,
                -442.0,
                -445.0,
                -388.0,
                -332.0,
                -560.0,
                -483.0,
                -460.0,
                -451.0,
                -335.0,
                -360.0,
                -484.0,
                -355.0,
                -355.0,
                -529.0,
                -402.0,
                -423.0,
                -419.0,
                -305.0,
                -390.0,
                -409.0,
                -509.0,
                -346.0,
                -569.0,
                -460.0,
                -453.0,
                -541.0,
                -384.0,
                -387.0,
                -327.0,
                -405.0,
                -450.0,
                -343.0,
                -534.0,
                -462.0,
                -515.0,
                -381.0,
                -456.0,
                -411.0,
                -567.0,
                -604.0,
                -600.0,
                -317.0,
                -299.0,
                -549.0,
                -503.0,
                -339.0,
                -448.0,
                -414.0,
                -499.0,
                -499.0,
                -458.0,
                -433.0,
                -503.0,
                -269.0,
                -485.0,
                -365.0,
                -313.0,
                -454.0,
                -601.0,
                -547.0,
                -400.0,
                -294.0,
                -373.0,
                -472.0,
                -445.0,
                -384.0,
                -394.0,
                -331.0,
                -371.0,
                -416.0,
                -467.0,
                -458.0,
                -515.0,
                -523.0,
                -542.0,
                -548.0,
                -392.0,
                -471.0,
                -405.0,
                -515.0,
                -341.0,
                -614.0,
                -515.0,
                -507.0,
                -315.0,
                -521.0,
                -567.0,
                -513.0,
                -295.0,
                -581.0,
                -428.0,
                -571.0,
                -413.0
            ],