{
    "custom_metrics": {},
    "episode_media": {},
    "info": {
        "learner": {
            "policy_1": {
                "learner_stats": {
                    "allreduce_latency": 0.0,
                    "grad_gnorm": 1.2708460092544556,
                    "cur_kl_coeff": 0.09999999999999998,
                    "cur_lr": 5e-05,
                    "total_loss": 8.887875071438875,
                    "policy_loss": -0.09165635807404407,
                    "vf_loss": 9.768475023905436,
                    "vf_explained_var": 9.368838685931581e-05,
                    "kl": 0.013271680363653901,
                    "entropy": 1.5805419112696792,
                    "entropy_coeff": 0.5
                },
                "model": {},
                "custom_metrics": {},
                "num_agent_steps_trained": 121.27272727272727,
                "num_grad_updates_lifetime": 249315.5,
                "diff_num_grad_updates_vs_sampler_policy": 164.5
            },
            "policy_2": {
                "learner_stats": {
                    "allreduce_latency": 0.0,
                    "grad_gnorm": 1.1633886098861694,
                    "cur_kl_coeff": 0.04999999999999999,
                    "cur_lr": 5e-05,
                    "total_loss": 8.083058842745695,
                    "policy_loss": -0.07529677145860413,
                    "vf_loss": 9.774537748278993,
                    "vf_explained_var": -1.0656588005297112e-06,
                    "kl": 0.011459005338244666,
                    "entropy": 1.616755154277339,
                    "entropy_coeff": 1.0
                },
                "model": {},
                "custom_metrics": {},
                "num_agent_steps_trained": 121.18181818181819,
                "num_grad_updates_lifetime": 249315.5,
                "diff_num_grad_updates_vs_sampler_policy": 164.5
            },
            "policy_0": {
                "learner_stats": {
                    "allreduce_latency": 0.0,
                    "grad_gnorm": 2.8622214794158936,
                    "cur_kl_coeff": 0.19999999999999996,
                    "cur_lr": 5e-05,
                    "total_loss": 8.692691162860754,
                    "policy_loss": -0.10568987561970117,
                    "vf_loss": 8.904024358229204,
                    "vf_explained_var": 0.001563154747991851,
                    "kl": 0.016024123656850377,
                    "entropy": 1.0884813597708038,
                    "entropy_coeff": 0.09999999999999998
                },
                "model": {},
                "custom_metrics": {},
                "num_agent_steps_trained": 121.18181818181819,
                "num_grad_updates_lifetime": 249315.5,
                "diff_num_grad_updates_vs_sampler_policy": 164.5
            }
        },
        "num_env_steps_sampled": 3024000,
        "num_env_steps_trained": 3024000,
        "num_agent_steps_sampled": 3023998,
        "num_agent_steps_trained": 3023998
    },
    "env_runners": {
        "episode_reward_max": -227.0,
        "episode_reward_min": -671.0,
        "episode_reward_mean": -428.51,
        "episode_len_mean": 143.54,
        "episode_media": {},
        "episodes_timesteps_total": 14354,
        "policy_reward_min": {
            "policy_2": -440.0,
            "policy_0": -400.0,
            "policy_1": -395.0
        },
        "policy_reward_max": {
            "policy_2": -37.0,
            "policy_0": -3.0,
            "policy_1": -23.0
        },
        "policy_reward_mean": {
            "policy_2": -203.26,
            "policy_0": -92.25,
            "policy_1": -133.0
        },
        "custom_metrics": {},
        "hist_stats": {
            "episode_reward": [
                -278.0,
                -277.0,
                -410.0,
                -423.0,
                -446.0,
                -311.0,
                -431.0,
                -360.0,
                -417.0,
                -352.0,
                -443.0,
                -485.0,
                -275.0,
                -307.0,
                -386.0,
                -535.0,
                -492.0,
                -468.0,
                -479.0,
                -251.0,
                -434.0,
                -438.0,
                -414.0,
                -412.0,
                -324.0,
                -279.0,
                -527.0,
                -459.0,
                -330.0,
                -579.0,
                -529.0,
                -428.0,
                -275.0,
                -292.0,
                -497.0,
                -379.0,
                -473.0,
                -457.0,
                -425.0,
                -333.0,
                -530.0,
                -379.0,
                -475.0,
                -432.0,
                -514.0,
                -530.0,
                -425.0,
                -497.0,
                -391.0,
                -551.0,
                -432.0,
                -467.0,
                -440.0,
                -328.0,
                -324.0,
                -519.0,
                -406.0,
                -477.0,
                -569.0,
                -329.0,
                -416.0,
                -517.0,
                -537.0,
                -354.0,
                -492.0,
                -420.0,
                -539.0,
                -516.0,
                -529.0,
                -377.0,
                -323.0,
                -541.0,
                -304.0,
                -671.0,
                -411.0,
                -382.0,
                -353.0,
                -479.0,
                -467.0,
                -467.0,
                -439.0,
                -331.0,
                -556.0,
                -305.0,
                -289.0,
                -454.0,
                -467.0,
                -505.0,
                -227.0,
                -418.0,
                -343.0,
                -489.0,
                -586.0,
                -497.0,
                -531.0,
                -451.0,
                -440.0,
                -409.0,
                -465.0,
                -429.0
            ],