{
    "custom_metrics": {},
    "episode_media": {},
    "info": {
        "learner": {
            "policy_1": {
                "learner_stats": {
                    "allreduce_latency": 0.0,
                    "grad_gnorm": 1.1931183338165283,
                    "cur_kl_coeff": 0.09999999999999998,
                    "cur_lr": 5e-05,
                    "total_loss": 9.04556936495232,
                    "policy_loss": -0.07993990164391244,
                    "vf_loss": 9.918732039133708,
                    "vf_explained_var": -2.2490819295247396e-06,
                    "kl": 0.011201996014860998,
                    "entropy": 1.5886858726992752,
                    "entropy_coeff": 0.5
                },
                "model": {},
                "custom_metrics": {},
                "num_agent_steps_trained": 121.63636363636364,
                "num_grad_updates_lifetime": 100815.5,
                "diff_num_grad_updates_vs_sampler_policy": 164.5
            },
            "policy_2": {
                "learner_stats": {
                    "allreduce_latency": 0.0,
                    "grad_gnorm": 1.0912907123565674,
                    "cur_kl_coeff": 0.04999999999999999,
                    "cur_lr": 5e-05,
                    "total_loss": 8.21442710125085,
                    "policy_loss": -0.07026249817149206,
                    "vf_loss": 9.90175287362301,
                    "vf_explained_var": 0.00014741763924107408,
                    "kl": 0.008821535977924875,
                    "entropy": 1.6175044337908426,
                    "entropy_coeff": 1.0
                },
                "model": {},
                "custom_metrics": {},
                "num_agent_steps_trained": 120.72727272727273,
                "num_grad_updates_lifetime": 100815.5,
                "diff_num_grad_updates_vs_sampler_policy": 164.5
            },
            "policy_0": {
                "learner_stats": {
                    "allreduce_latency": 0.0,
                    "grad_gnorm": 2.003957748413086,
                    "cur_kl_coeff": 0.19999999999999996,
                    "cur_lr": 5e-05,
                    "total_loss": 9.242249743143718,
                    "policy_loss": -0.09511187299415752,
                    "vf_loss": 9.461494711673621,
                    "vf_explained_var": 0.015162438515460853,
                    "kl": 0.015252017401618469,
                    "entropy": 1.2718351862647317,
                    "entropy_coeff": 0.09999999999999998
                },
                "model": {},
                "custom_metrics": {},
                "num_agent_steps_trained": 121.27272727272727,
                "num_grad_updates_lifetime": 100815.5,
                "diff_num_grad_updates_vs_sampler_policy": 164.5
            }
        },
        "num_env_steps_sampled": 1224000,
        "num_env_steps_trained": 1224000,
        "num_agent_steps_sampled": 1223998,
        "num_agent_steps_trained": 1223998
    },
    "env_runners": {
        "episode_reward_max": -284.0,
        "episode_reward_min": -646.0,
        "episode_reward_mean": -443.21,
        "episode_len_mean": 152.24,
        "episode_media": {},
        "episodes_timesteps_total": 15224,
        "policy_reward_min": {
            "policy_2": -360.0,
            "policy_0": -305.0,
            "policy_1": -405.0
        },
        "policy_reward_max": {
            "policy_2": -32.0,
            "policy_0": -18.0,
            "policy_1": -28.0
        },
        "policy_reward_mean": {
            "policy_2": -190.73,
            "policy_0": -106.19,
            "policy_1": -146.29
        },
        "custom_metrics": {},
        "hist_stats": {
            "episode_reward": [
                -434.0,
                -414.0,
                -375.0,
                -446.0,
                -502.0,
                -370.0,
                -540.0,
                -426.0,
                -500.0,
                -396.0,
                -485.0,
                -349.0,
                -527.0,
                -324.0,
                -424.0,
                -484.0,
                -388.0,
                -335.0,
                -447.0,
                -446.0,
                -422.0,
                -476.0,
                -467.0,
                -382.0,
                -527.0,
                -405.0,
                -357.0,
                -387.0,
                -395.0,
                -468.0,
                -579.0,
                -485.0,
                -512.0,
                -560.0,
                -514.0,
                -421.0,
                -530.0,
                -351.0,
                -562.0,
                -399.0,
                -530.0,
                -392.0,
                -447.0,
                -524.0,
                -646.0,
                -553.0,
                -438.0,
                -340.0,
                -608.0,
                -466.0,
                -452.0,
                -284.0,
                -459.0,
                -506.0,
                -427.0,
                -386.0,
                -436.0,
                -409.0,
                -441.0,
                -394.0,
                -614.0,
                -294.0,
                -403.0,
                -389.0,
                -358.0,
                -417.0,
                -329.0,
                -538.0,
                -557.0,
                -522.0,
                -483.0,
                -370.0,
                -477.0,
                -471.0,
                -548.0,
                -415.0,
                -390.0,
                -341.0,
                -438.0,
                -393.0,
                -520.0,
                -398.0,
                -574.0,
                -403.0,
                -337.0,
                -529.0,
                -313.0,
                -437.0,
                -357.0,
                -497.0,
                -427.0,
                -532.0,
                -385.0,
                -484.0,
                -327.0,
                -517.0,
                -334.0,
                -381.0,
                -464.0,
                -409.0
            ],