{
    "custom_metrics": {},
    "episode_media": {},
    "info": {
        "learner": {
            "policy_1": {
                "learner_stats": {
                    "allreduce_latency": 0.0,
                    "grad_gnorm": 1.215243935585022,
                    "cur_kl_coeff": 0.09999999999999998,
                    "cur_lr": 5e-05,
                    "total_loss": 9.125197609988126,
                    "policy_loss": -0.0903851689432155,
                    "vf_loss": 10.0,
                    "vf_explained_var": 1.3958143465446704e-05,
                    "kl": 0.012853388381666843,
                    "entropy": 1.571405242428635,
                    "entropy_coeff": 0.5
                },
                "model": {},
                "custom_metrics": {},
                "num_agent_steps_trained": 121.72727272727273,
                "num_grad_updates_lifetime": 316965.5,
                "diff_num_grad_updates_vs_sampler_policy": 164.5
            },
            "policy_2": {
                "learner_stats": {
                    "allreduce_latency": 0.0,
                    "grad_gnorm": 1.2304469347000122,
                    "cur_kl_coeff": 0.04999999999999999,
                    "cur_lr": 5e-05,
                    "total_loss": 8.31651350223657,
                    "policy_loss": -0.06723393947450501,
                    "vf_loss": 10.0,
                    "vf_explained_var": -3.4986120281797466e-06,
                    "kl": 0.01051187749355264,
                    "entropy": 1.6167781277136368,
                    "entropy_coeff": 1.0
                },
                "model": {},
                "custom_metrics": {},
                "num_agent_steps_trained": 120.63636363636364,
                "num_grad_updates_lifetime": 316965.5,
                "diff_num_grad_updates_vs_sampler_policy": 164.5
            },
            "policy_0": {
                "learner_stats": {
                    "allreduce_latency": 0.0,
                    "grad_gnorm": 3.5558035373687744,
                    "cur_kl_coeff": 0.19999999999999996,
                    "cur_lr": 5e-05,
                    "total_loss": 8.349760660980687,
                    "policy_loss": -0.09957877132533625,
                    "vf_loss": 8.553290979789965,
                    "vf_explained_var": 0.0585824652151628,
                    "kl": 0.012623882413622872,
                    "entropy": 1.0647630032264825,
                    "entropy_coeff": 0.09999999999999998
                },
                "model": {},
                "custom_metrics": {},
                "num_agent_steps_trained": 121.45454545454545,
                "num_grad_updates_lifetime": 316965.5,
                "diff_num_grad_updates_vs_sampler_policy": 164.5
            }
        },
        "num_env_steps_sampled": 3844000,
        "num_env_steps_trained": 3844000,
        "num_agent_steps_sampled": 3844000,
        "num_agent_steps_trained": 3844000
    },
    "env_runners": {
        "episode_reward_max": -242.0,
        "episode_reward_min": -677.0,
        "episode_reward_mean": -447.86,
        "episode_len_mean": 151.3,
        "episode_media": {},
        "episodes_timesteps_total": 15130,
        "policy_reward_min": {
            "policy_1": -420.0,
            "policy_2": -455.0,
            "policy_0": -340.0
        },
        "policy_reward_max": {
            "policy_1": -23.0,
            "policy_2": -41.0,
            "policy_0": -5.0
        },
        "policy_reward_mean": {
            "policy_1": -149.02,
            "policy_2": -207.93,
            "policy_0": -90.91
        },
        "custom_metrics": {},
        "hist_stats": {
            "episode_reward": [
                -443.0,
                -338.0,
                -355.0,
                -589.0,
                -379.0,
                -362.0,
                -555.0,
                -306.0,
                -491.0,
                -353.0,
                -349.0,
                -472.0,
                -448.0,
                -356.0,
                -301.0,
                -319.0,
                -374.0,
                -627.0,
                -418.0,
                -441.0,
                -454.0,
                -650.0,
                -262.0,
                -364.0,
                -517.0,
                -457.0,
                -526.0,
                -476.0,
                -419.0,
                -508.0,
                -677.0,
                -507.0,
                -398.0,
                -336.0,
                -484.0,
                -385.0,
                -449.0,
                -372.0,
                -523.0,
                -612.0,
                -506.0,
                -519.0,
                -559.0,
                -543.0,
                -454.0,
                -545.0,
                -503.0,
                -413.0,
                -553.0,
                -483.0,
                -352.0,
                -442.0,
                -407.0,
                -536.0,
                -352.0,
                -442.0,
                -471.0,
                -617.0,
                -388.0,
                -391.0,
                -639.0,
                -554.0,
                -242.0,
                -508.0,
                -451.0,
                -412.0,
                -577.0,
                -526.0,
                -514.0,
                -511.0,
                -448.0,
                -297.0,
                -262.0,
                -459.0,
                -492.0,
                -438.0,
                -461.0,
                -311.0,
                -503.0,
                -313.0,
                -333.0,
                -410.0,
                -367.0,
                -422.0,
                -387.0,
                -388.0,
                -570.0,
                -471.0,
                -527.0,
                -485.0,
                -313.0,
                -383.0,
                -552.0,
                -388.0,
                -377.0,
                -567.0,
                -387.0,
                -388.0,
                -434.0,
                -591.0
            ],