{
    "custom_metrics": {},
    "episode_media": {},
    "info": {
        "learner": {
            "policy_2": {
                "learner_stats": {
                    "allreduce_latency": 0.0,
                    "grad_gnorm": 1.5751339197158813,
                    "cur_kl_coeff": 0.6749999999999998,
                    "cur_lr": 5e-05,
                    "total_loss": 9.669827625968239,
                    "policy_loss": -0.105926398474791,
                    "vf_loss": 9.901509657773104,
                    "vf_explained_var": 0.008385152527780243,
                    "kl": 0.01376903938580798,
                    "entropy": 1.350497954903227,
                    "entropy_coeff": 0.09999999999999998
                },
                "model": {},
                "custom_metrics": {},
                "num_agent_steps_trained": 120.72727272727273,
                "num_grad_updates_lifetime": 147015.5,
                "diff_num_grad_updates_vs_sampler_policy": 164.5
            },
            "policy_0": {
                "learner_stats": {
                    "allreduce_latency": 0.0,
                    "grad_gnorm": 2.3092029094696045,
                    "cur_kl_coeff": 0.1710523009300232,
                    "cur_lr": 5e-05,
                    "total_loss": 8.322632136489405,
                    "policy_loss": -0.07981672654436393,
                    "vf_loss": 8.406455648306645,
                    "vf_explained_var": 0.06338094834125403,
                    "kl": 0.017593203947200705,
                    "entropy": 0.7016107774142063,
                    "entropy_coeff": 0.01
                },
                "model": {},
                "custom_metrics": {},
                "num_agent_steps_trained": 121.18181818181819,
                "num_grad_updates_lifetime": 147015.5,
                "diff_num_grad_updates_vs_sampler_policy": 164.5
            },
            "policy_1": {
                "learner_stats": {
                    "allreduce_latency": 0.0,
                    "grad_gnorm": 1.4657095670700073,
                    "cur_kl_coeff": 0.4500000000000002,
                    "cur_lr": 5e-05,
                    "total_loss": 9.763790916674065,
                    "policy_loss": -0.09425912246136277,
                    "vf_loss": 9.91121594400117,
                    "vf_explained_var": 0.004368547779141051,
                    "kl": 0.015075814070634613,
                    "entropy": 1.1989997215343244,
                    "entropy_coeff": 0.04999999999999999
                },
                "model": {},
                "custom_metrics": {},
                "num_agent_steps_trained": 121.72727272727273,
                "num_grad_updates_lifetime": 147015.5,
                "diff_num_grad_updates_vs_sampler_policy": 164.5
            }
        },
        "num_env_steps_sampled": 1784000,
        "num_env_steps_trained": 1784000,
        "num_agent_steps_sampled": 1783998,
        "num_agent_steps_trained": 1783998
    },
    "env_runners": {
        "episode_reward_max": -124.0,
        "episode_reward_min": -654.0,
        "episode_reward_mean": -426.78,
        "episode_len_mean": 429.84,
        "episode_media": {},
        "episodes_timesteps_total": 42984,
        "policy_reward_min": {
            "policy_2": -460.0,
            "policy_0": -325.0,
            "policy_1": -435.0
        },
        "policy_reward_max": {
            "policy_2": 9.0,
            "policy_0": 4.0,
            "policy_1": -15.0
        },
        "policy_reward_mean": {
            "policy_2": -186.17,
            "policy_0": -103.5,
            "policy_1": -137.11
        },
        "custom_metrics": {},
        "hist_stats": {
            "episode_reward": [
                -503.0,
                -469.0,
                -443.0,
                -519.0,
                -463.0,
                -474.0,
                -245.0,
                -289.0,
                -353.0,
                -553.0,
                -165.0,
                -402.0,
                -444.0,
                -306.0,
                -597.0,
                -359.0,
                -489.0,
                -407.0,
                -317.0,
                -452.0,
                -404.0,
                -534.0,
                -448.0,
                -563.0,
                -542.0,
                -409.0,
                -284.0,
                -458.0,
                -389.0,
                -520.0,
                -408.0,
                -467.0,
                -473.0,
                -375.0,
                -333.0,
                -307.0,
                -408.0,
                -358.0,
                -418.0,
                -124.0,
                -419.0,
                -434.0,
                -478.0,
                -516.0,
                -488.0,
                -466.0,
                -184.0,
                -461.0,
                -535.0,
                -482.0,
                -457.0,
                -408.0,
                -376.0,
                -423.0,
                -301.0,
                -335.0,
                -613.0,
                -347.0,
                -482.0,
                -433.0,
                -530.0,
                -446.0,
                -345.0,
                -443.0,
                -511.0,
                -394.0,
                -562.0,
                -284.0,
                -268.0,
                -541.0,
                -429.0,
                -337.0,
                -553.0,
                -405.0,
                -488.0,
                -318.0,
                -445.0,
                -401.0,
                -528.0,
                -349.0,
                -494.0,
                -580.0,
                -209.0,
                -227.0,
                -296.0,
                -448.0,
                -467.0,
                -592.0,
                -302.0,
                -397.0,
                -395.0,
                -380.0,
                -602.0,
                -654.0,
                -591.0,
                -584.0,
                -498.0,
                -373.0,
                -535.0,
                -368.0
            ],