{
    "custom_metrics": {},
    "episode_media": {},
    "info": {
        "learner": {
            "policy_2": {
                "learner_stats": {
                    "allreduce_latency": 0.0,
                    "grad_gnorm": 2.324374198913574,
                    "cur_kl_coeff": 0.6749999999999998,
                    "cur_lr": 5e-05,
                    "total_loss": 7.307578592589407,
                    "policy_loss": -0.0855719128097972,
                    "vf_loss": 7.508924446683942,
                    "vf_explained_var": -0.021497727885390772,
                    "kl": 0.009872271839054649,
                    "entropy": 1.2243772598830136,
                    "entropy_coeff": 0.09999999999999998
                },
                "model": {},
                "custom_metrics": {},
                "num_agent_steps_trained": 120.72727272727273,
                "num_grad_updates_lifetime": 153615.5,
                "diff_num_grad_updates_vs_sampler_policy": 164.5
            },
            "policy_0": {
                "learner_stats": {
                    "allreduce_latency": 0.0,
                    "grad_gnorm": 6.789668560028076,
                    "cur_kl_coeff": 0.2565784513950349,
                    "cur_lr": 5e-05,
                    "total_loss": 5.131112138430278,
                    "policy_loss": -0.06442171151213574,
                    "vf_loss": 5.196473869410428,
                    "vf_explained_var": -0.04820655259219083,
                    "kl": 0.01172191506946373,
                    "entropy": 0.39475973812919674,
                    "entropy_coeff": 0.01
                },
                "model": {},
                "custom_metrics": {},
                "num_agent_steps_trained": 121.54545454545455,
                "num_grad_updates_lifetime": 153615.5,
                "diff_num_grad_updates_vs_sampler_policy": 164.5
            },
            "policy_1": {
                "learner_stats": {
                    "allreduce_latency": 0.0,
                    "grad_gnorm": 2.523810625076294,
                    "cur_kl_coeff": 0.4500000000000002,
                    "cur_lr": 5e-05,
                    "total_loss": 7.829152605750344,
                    "policy_loss": -0.08197616767279352,
                    "vf_loss": 7.95527796311812,
                    "vf_explained_var": -0.006159365177154541,
                    "kl": 0.016868986386501916,
                    "entropy": 1.0348040772206855,
                    "entropy_coeff": 0.04999999999999999
                },
                "model": {},
                "custom_metrics": {},
                "num_agent_steps_trained": 121.36363636363636,
                "num_grad_updates_lifetime": 153615.5,
                "diff_num_grad_updates_vs_sampler_policy": 164.5
            }
        },
        "num_env_steps_sampled": 1864000,
        "num_env_steps_trained": 1864000,
        "num_agent_steps_sampled": 1863998,
        "num_agent_steps_trained": 1863998
    },
    "env_runners": {
        "episode_reward_max": -133.0,
        "episode_reward_min": -605.0,
        "episode_reward_mean": -423.8,
        "episode_len_mean": 424.7,
        "episode_media": {},
        "episodes_timesteps_total": 42470,
        "policy_reward_min": {
            "policy_0": -355.0,
            "policy_1": -385.0,
            "policy_2": -410.0
        },
        "policy_reward_max": {
            "policy_0": 3.0,
            "policy_1": -8.0,
            "policy_2": -12.0
        },
        "policy_reward_mean": {
            "policy_0": -121.45,
            "policy_1": -118.25,
            "policy_2": -184.1
        },
        "custom_metrics": {},
        "hist_stats": {
            "episode_reward": [
                -382.0,
                -347.0,
                -404.0,
                -408.0,
                -490.0,
                -447.0,
                -515.0,
                -331.0,
                -506.0,
                -281.0,
                -412.0,
                -369.0,
                -400.0,
                -453.0,
                -353.0,
                -497.0,
                -323.0,
                -499.0,
                -488.0,
                -569.0,
                -367.0,
                -551.0,
                -316.0,
                -426.0,
                -578.0,
                -565.0,
                -524.0,
                -431.0,
                -436.0,
                -417.0,
                -399.0,
                -516.0,
                -396.0,
                -436.0,
                -332.0,
                -427.0,
                -385.0,
                -413.0,
                -531.0,
                -519.0,
                -504.0,
                -236.0,
                -424.0,
                -385.0,
                -605.0,
                -133.0,
                -468.0,
                -556.0,
                -281.0,
                -507.0,
                -326.0,
                -521.0,
                -412.0,
                -569.0,
                -557.0,
                -496.0,
                -517.0,
                -392.0,
                -535.0,
                -402.0,
                -491.0,
                -448.0,
                -388.0,
                -398.0,
                -419.0,
                -287.0,
                -413.0,
                -325.0,
                -337.0,
                -389.0,
                -446.0,
                -466.0,
                -458.0,
                -537.0,
                -519.0,
                -571.0,
                -336.0,
                -400.0,
                -553.0,
                -478.0,
                -269.0,
                -328.0,
                -267.0,
                -521.0,
                -400.0,
                -261.0,
                -317.0,
                -540.0,
                -340.0,
                -418.0,
                -221.0,
                -371.0,
                -285.0,
                -483.0,
                -509.0,
                -566.0,
                -396.0,
                -276.0,
                -372.0,
                -316.0
            ],