{
    "custom_metrics": {},
    "episode_media": {},
    "info": {
        "learner": {
            "policy_2": {
                "learner_stats": {
                    "allreduce_latency": 0.0,
                    "grad_gnorm": 1.8243602514266968,
                    "cur_kl_coeff": 0.19999999999999996,
                    "cur_lr": 5e-05,
                    "total_loss": 9.06512900988261,
                    "policy_loss": -0.0852167767811228,
                    "vf_loss": 9.282162846940937,
                    "vf_explained_var": -0.008173577893864024,
                    "kl": 0.014030359554619804,
                    "entropy": 1.3462312550255746,
                    "entropy_coeff": 0.09999999999999998
                },
                "model": {},
                "custom_metrics": {},
                "num_agent_steps_trained": 121.18181818181819,
                "num_grad_updates_lifetime": 52965.5,
                "diff_num_grad_updates_vs_sampler_policy": 164.5
            },
            "policy_0": {
                "learner_stats": {
                    "allreduce_latency": 0.0,
                    "grad_gnorm": 1.8760690689086914,
                    "cur_kl_coeff": 0.11250000000000004,
                    "cur_lr": 5e-05,
                    "total_loss": 8.475757799726544,
                    "policy_loss": -0.0751992545556277,
                    "vf_loss": 8.55756511254744,
                    "vf_explained_var": 0.05526751803629326,
                    "kl": 0.013901745243988857,
                    "entropy": 0.8172013094930938,
                    "entropy_coeff": 0.01
                },
                "model": {},
                "custom_metrics": {},
                "num_agent_steps_trained": 121.0,
                "num_grad_updates_lifetime": 52965.5,
                "diff_num_grad_updates_vs_sampler_policy": 164.5
            },
            "policy_1": {
                "learner_stats": {
                    "allreduce_latency": 0.0,
                    "grad_gnorm": 4.24515438079834,
                    "cur_kl_coeff": 0.3,
                    "cur_lr": 5e-05,
                    "total_loss": 8.387870746670348,
                    "policy_loss": -0.09477555557140008,
                    "vf_loss": 8.543175048539133,
                    "vf_explained_var": 0.019132301121047048,
                    "kl": 0.016262716930515096,
                    "entropy": 1.308151277628812,
                    "entropy_coeff": 0.04999999999999999
                },
                "model": {},
                "custom_metrics": {},
                "num_agent_steps_trained": 121.45454545454545,
                "num_grad_updates_lifetime": 52965.5,
                "diff_num_grad_updates_vs_sampler_policy": 164.5
            }
        },
        "num_env_steps_sampled": 644000,
        "num_env_steps_trained": 644000,
        "num_agent_steps_sampled": 643998,
        "num_agent_steps_trained": 643998
    },
    "env_runners": {
        "episode_reward_max": -201.0,
        "episode_reward_min": -615.0,
        "episode_reward_mean": -458.41,
        "episode_len_mean": 303.62,
        "episode_media": {},
        "episodes_timesteps_total": 30362,
        "policy_reward_min": {
            "policy_2": -400.0,
            "policy_0": -390.0,
            "policy_1": -415.0
        },
        "policy_reward_max": {
            "policy_2": -33.0,
            "policy_0": 15.0,
            "policy_1": -19.0
        },
        "policy_reward_mean": {
            "policy_2": -175.11,
            "policy_0": -122.07,
            "policy_1": -161.23
        },
        "custom_metrics": {},
        "hist_stats": {
            "episode_reward": [
                -354.0,
                -245.0,
                -590.0,
                -476.0,
                -485.0,
                -568.0,
                -445.0,
                -513.0,
                -467.0,
                -494.0,
                -361.0,
                -409.0,
                -494.0,
                -277.0,
                -384.0,
                -472.0,
                -368.0,
                -482.0,
                -346.0,
                -508.0,
                -307.0,
                -419.0,
                -490.0,
                -402.0,
                -411.0,
                -464.0,
                -476.0,
                -401.0,
                -359.0,
                -486.0,
                -542.0,
                -439.0,
                -430.0,
                -401.0,
                -355.0,
                -458.0,
                -566.0,
                -316.0,
                -461.0,
                -364.0,
                -437.0,
                -537.0,
                -377.0,
                -551.0,
                -440.0,
                -614.0,
                -340.0,
                -354.0,
                -528.0,
                -397.0,
                -397.0,
                -368.0,
                -474.0,
                -563.0,
                -450.0,
                -466.0,
                -448.0,
                -534.0,
                -597.0,
                -346.0,
                -468.0,
                -496.0,
                -483.0,
                -615.0,
                -587.0,
                -333.0,
                -201.0,
                -412.0,
                -522.0,
                -577.0,
                -487.0,
                -409.0,
                -374.0,
                -453.0,
                -568.0,
                -468.0,
                -434.0,
                -536.0,
                -468.0,
                -460.0,
                -418.0,
                -456.0,
                -449.0,
                -394.0,
                -466.0,
                -530.0,
                -563.0,
                -550.0,
                -549.0,
                -571.0,
                -560.0,
                -496.0,
                -534.0,
                -548.0,
                -411.0,
                -595.0,
                -420.0,
                -415.0,
                -457.0,
                -605.0
            ],