{
    "custom_metrics": {},
    "episode_media": {},
    "info": {
        "learner": {
            "policy_2": {
                "learner_stats": {
                    "allreduce_latency": 0.0,
                    "grad_gnorm": 2.9484293460845947,
                    "cur_kl_coeff": 0.6749999999999998,
                    "cur_lr": 5e-05,
                    "total_loss": 5.744246418548353,
                    "policy_loss": -0.09216813483049698,
                    "vf_loss": 5.953196493062106,
                    "vf_explained_var": -0.018927733645294653,
                    "kl": 0.01136344337941703,
                    "entropy": 1.2445225648807756,
                    "entropy_coeff": 0.09999999999999998
                },
                "model": {},
                "custom_metrics": {},
                "num_agent_steps_trained": 121.27272727272727,
                "num_grad_updates_lifetime": 194865.5,
                "diff_num_grad_updates_vs_sampler_policy": 164.5
            },
            "policy_0": {
                "learner_stats": {
                    "allreduce_latency": 0.0,
                    "grad_gnorm": 4.984384536743164,
                    "cur_kl_coeff": 0.23118135034828802,
                    "cur_lr": 5e-05,
                    "total_loss": 5.183798941698941,
                    "policy_loss": -0.07050647947008573,
                    "vf_loss": 5.256188012614395,
                    "vf_explained_var": 0.02990853786468506,
                    "kl": 0.010545532782553504,
                    "entropy": 0.4320533834623568,
                    "entropy_coeff": 0.01
                },
                "model": {},
                "custom_metrics": {},
                "num_agent_steps_trained": 121.27272727272727,
                "num_grad_updates_lifetime": 194865.5,
                "diff_num_grad_updates_vs_sampler_policy": 164.5
            },
            "policy_1": {
                "learner_stats": {
                    "allreduce_latency": 0.0,
                    "grad_gnorm": 3.6656830310821533,
                    "cur_kl_coeff": 0.4500000000000002,
                    "cur_lr": 5e-05,
                    "total_loss": 4.697269213560856,
                    "policy_loss": -0.09344900883452008,
                    "vf_loss": 4.835051505493396,
                    "vf_explained_var": 0.0046707095521869085,
                    "kl": 0.013556371495300625,
                    "entropy": 1.0086727951512193,
                    "entropy_coeff": 0.04999999999999999
                },
                "model": {},
                "custom_metrics": {},
                "num_agent_steps_trained": 121.0909090909091,
                "num_grad_updates_lifetime": 194865.5,
                "diff_num_grad_updates_vs_sampler_policy": 164.5
            }
        },
        "num_env_steps_sampled": 2364000,
        "num_env_steps_trained": 2364000,
        "num_agent_steps_sampled": 2363998,
        "num_agent_steps_trained": 2363998
    },
    "env_runners": {
        "episode_reward_max": -55.0,
        "episode_reward_min": -582.0,
        "episode_reward_mean": -386.8,
        "episode_len_mean": 306.46,
        "episode_media": {},
        "episodes_timesteps_total": 30646,
        "policy_reward_min": {
            "policy_1": -325.0,
            "policy_2": -465.0,
            "policy_0": -345.0
        },
        "policy_reward_max": {
            "policy_1": -6.0,
            "policy_2": -5.0,
            "policy_0": -2.0
        },
        "policy_reward_mean": {
            "policy_1": -100.05,
            "policy_2": -181.34,
            "policy_0": -105.41
        },
        "custom_metrics": {},
        "hist_stats": {
            "episode_reward": [
                -301.0,
                -182.0,
                -319.0,
                -416.0,
                -201.0,
                -442.0,
                -321.0,
                -431.0,
                -566.0,
                -364.0,
                -329.0,
                -405.0,
                -199.0,
                -354.0,
                -223.0,
                -495.0,
                -259.0,
                -429.0,
                -324.0,
                -325.0,
                -558.0,
                -473.0,
                -478.0,
                -311.0,
                -389.0,
                -444.0,
                -364.0,
                -300.0,
                -310.0,
                -253.0,
                -396.0,
                -492.0,
                -411.0,
                -400.0,
                -152.0,
                -482.0,
                -512.0,
                -383.0,
                -453.0,
                -420.0,
                -480.0,
                -209.0,
                -291.0,
                -352.0,
                -501.0,
                -334.0,
                -503.0,
                -444.0,
                -421.0,
                -243.0,
                -365.0,
                -378.0,
                -505.0,
                -444.0,
                -270.0,
                -554.0,
                -477.0,
                -351.0,
                -404.0,
                -387.0,
                -434.0,
                -520.0,
                -524.0,
                -296.0,
                -450.0,
                -338.0,
                -250.0,
                -484.0,
                -409.0,
                -233.0,
                -564.0,
                -328.0,
                -491.0,
                -378.0,
                -375.0,
                -317.0,
                -582.0,
                -382.0,
                -252.0,
                -452.0,
                -409.0,
                -453.0,
                -392.0,
                -286.0,
                -390.0,
                -387.0,
                -450.0,
                -79.0,
                -505.0,
                -479.0,
                -55.0,
                -342.0,
                -459.0,
                -466.0,
                -348.0,
                -177.0,
                -537.0,
                -497.0,
                -575.0,
                -556.0
            ],