{
    "custom_metrics": {},
    "episode_media": {},
    "info": {
        "learner": {
            "policy_2": {
                "learner_stats": {
                    "allreduce_latency": 0.0,
                    "grad_gnorm": 2.824115514755249,
                    "cur_kl_coeff": 0.19999999999999996,
                    "cur_lr": 5e-05,
                    "total_loss": 7.71449174302997,
                    "policy_loss": -0.07529090777265303,
                    "vf_loss": 7.925739403926965,
                    "vf_explained_var": 0.027168752027280405,
                    "kl": 0.011708507431830183,
                    "entropy": 1.3829845623536543,
                    "entropy_coeff": 0.09999999999999998
                },
                "model": {},
                "custom_metrics": {},
                "num_agent_steps_trained": 120.9090909090909,
                "num_grad_updates_lifetime": 29865.5,
                "diff_num_grad_updates_vs_sampler_policy": 164.5
            },
            "policy_0": {
                "learner_stats": {
                    "allreduce_latency": 0.0,
                    "grad_gnorm": 4.63304328918457,
                    "cur_kl_coeff": 0.04999999999999999,
                    "cur_lr": 5e-05,
                    "total_loss": 6.2265976139993375,
                    "policy_loss": -0.05466276929170514,
                    "vf_loss": 6.284461574843435,
                    "vf_explained_var": 0.08061354684107232,
                    "kl": 0.008796499429274605,
                    "entropy": 0.36410389253587433,
                    "entropy_coeff": 0.01
                },
                "model": {},
                "custom_metrics": {},
                "num_agent_steps_trained": 121.36363636363636,
                "num_grad_updates_lifetime": 29865.5,
                "diff_num_grad_updates_vs_sampler_policy": 164.5
            },
            "policy_1": {
                "learner_stats": {
                    "allreduce_latency": 0.0,
                    "grad_gnorm": 4.847193717956543,
                    "cur_kl_coeff": 0.19999999999999996,
                    "cur_lr": 5e-05,
                    "total_loss": 7.266401601560188,
                    "policy_loss": -0.06761838385013327,
                    "vf_loss": 7.395679314931233,
                    "vf_explained_var": 0.005336096973130197,
                    "kl": 0.013234687045971593,
                    "entropy": 1.2861256711410753,
                    "entropy_coeff": 0.04999999999999999
                },
                "model": {},
                "custom_metrics": {},
                "num_agent_steps_trained": 121.36363636363636,
                "num_grad_updates_lifetime": 29865.5,
                "diff_num_grad_updates_vs_sampler_policy": 164.5
            }
        },
        "num_env_steps_sampled": 364000,
        "num_env_steps_trained": 364000,
        "num_agent_steps_sampled": 363998,
        "num_agent_steps_trained": 363998
    },
    "env_runners": {
        "episode_reward_max": -183.0,
        "episode_reward_min": -705.0,
        "episode_reward_mean": -418.72,
        "episode_len_mean": 420.42,
        "episode_media": {},
        "episodes_timesteps_total": 42042,
        "policy_reward_min": {
            "policy_0": -380.0,
            "policy_1": -400.0,
            "policy_2": -420.0
        },
        "policy_reward_max": {
            "policy_0": 3.0,
            "policy_1": -8.0,
            "policy_2": -29.0
        },
        "policy_reward_mean": {
            "policy_0": -102.7,
            "policy_1": -144.14,
            "policy_2": -171.88
        },
        "custom_metrics": {},
        "hist_stats": {
            "episode_reward": [
                -263.0,
                -394.0,
                -494.0,
                -465.0,
                -407.0,
                -443.0,
                -434.0,
                -384.0,
                -313.0,
                -391.0,
                -486.0,
                -406.0,
                -414.0,
                -432.0,
                -532.0,
                -294.0,
                -451.0,
                -345.0,
                -705.0,
                -389.0,
                -472.0,
                -592.0,
                -458.0,
                -344.0,
                -335.0,
                -472.0,
                -532.0,
                -408.0,
                -293.0,
                -419.0,
                -419.0,
                -445.0,
                -413.0,
                -380.0,
                -273.0,
                -332.0,
                -254.0,
                -360.0,
                -513.0,
                -444.0,
                -352.0,
                -240.0,
                -502.0,
                -435.0,
                -437.0,
                -495.0,
                -398.0,
                -465.0,
                -259.0,
                -243.0,
                -497.0,
                -288.0,
                -488.0,
                -462.0,
                -533.0,
                -477.0,
                -310.0,
                -411.0,
                -213.0,
                -548.0,
                -409.0,
                -369.0,
                -267.0,
                -329.0,
                -434.0,
                -399.0,
                -543.0,
                -463.0,
                -582.0,
                -498.0,
                -480.0,
                -514.0,
                -350.0,
                -407.0,
                -365.0,
                -575.0,
                -551.0,
                -434.0,
                -333.0,
                -588.0,
                -474.0,
                -564.0,
                -513.0,
                -425.0,
                -524.0,
                -595.0,
                -183.0,
                -475.0,
                -427.0,
                -519.0,
                -295.0,
                -557.0,
                -205.0,
                -400.0,
                -333.0,
                -567.0,
                -364.0,
                -278.0,
                -384.0,
                -247.0
            ],