{
    "custom_metrics": {},
    "episode_media": {},
    "info": {
        "learner": {
            "policy_2": {
                "learner_stats": {
                    "allreduce_latency": 0.0,
                    "grad_gnorm": 2.373966932296753,
                    "cur_kl_coeff": 0.4500000000000002,
                    "cur_lr": 5e-05,
                    "total_loss": 6.203521485762162,
                    "policy_loss": -0.08903743643595866,
                    "vf_loss": 6.4210202520543875,
                    "vf_explained_var": -0.003525504379561453,
                    "kl": 0.01205567069942854,
                    "entropy": 1.3388636617949514,
                    "entropy_coeff": 0.09999999999999998
                },
                "model": {},
                "custom_metrics": {},
                "num_agent_steps_trained": 121.0909090909091,
                "num_grad_updates_lifetime": 76065.5,
                "diff_num_grad_updates_vs_sampler_policy": 164.5
            },
            "policy_0": {
                "learner_stats": {
                    "allreduce_latency": 0.0,
                    "grad_gnorm": 4.806154727935791,
                    "cur_kl_coeff": 0.2847656249999999,
                    "cur_lr": 5e-05,
                    "total_loss": 6.167858373757564,
                    "policy_loss": -0.0679930804752847,
                    "vf_loss": 6.2390259916132145,
                    "vf_explained_var": 0.0902319893692479,
                    "kl": 0.011276637183720135,
                    "entropy": 0.6385728811675851,
                    "entropy_coeff": 0.01
                },
                "model": {},
                "custom_metrics": {},
                "num_agent_steps_trained": 121.36363636363636,
                "num_grad_updates_lifetime": 76065.5,
                "diff_num_grad_updates_vs_sampler_policy": 164.5
            },
            "policy_1": {
                "learner_stats": {
                    "allreduce_latency": 0.0,
                    "grad_gnorm": 3.2395272254943848,
                    "cur_kl_coeff": 0.4500000000000002,
                    "cur_lr": 5e-05,
                    "total_loss": 6.379368449702407,
                    "policy_loss": -0.08685939909015415,
                    "vf_loss": 6.521550320134018,
                    "vf_explained_var": 0.0012413557731744014,
                    "kl": 0.013687124321552432,
                    "entropy": 1.229633634740656,
                    "entropy_coeff": 0.04999999999999999
                },
                "model": {},
                "custom_metrics": {},
                "num_agent_steps_trained": 121.18181818181819,
                "num_grad_updates_lifetime": 76065.5,
                "diff_num_grad_updates_vs_sampler_policy": 164.5
            }
        },
        "num_env_steps_sampled": 924000,
        "num_env_steps_trained": 924000,
        "num_agent_steps_sampled": 923998,
        "num_agent_steps_trained": 923998
    },
    "env_runners": {
        "episode_reward_max": -94.0,
        "episode_reward_min": -631.0,
        "episode_reward_mean": -423.98,
        "episode_len_mean": 322.82,
        "episode_media": {},
        "episodes_timesteps_total": 32282,
        "policy_reward_min": {
            "policy_2": -410.0,
            "policy_0": -435.0,
            "policy_1": -425.0
        },
        "policy_reward_max": {
            "policy_2": 0.0,
            "policy_0": 9.0,
            "policy_1": -10.0
        },
        "policy_reward_mean": {
            "policy_2": -200.25,
            "policy_0": -107.44,
            "policy_1": -116.29
        },
        "custom_metrics": {},
        "hist_stats": {
            "episode_reward": [
                -487.0,
                -420.0,
                -561.0,
                -257.0,
                -442.0,
                -415.0,
                -348.0,
                -485.0,
                -403.0,
                -546.0,
                -620.0,
                -620.0,
                -460.0,
                -445.0,
                -357.0,
                -522.0,
                -384.0,
                -488.0,
                -575.0,
                -534.0,
                -382.0,
                -524.0,
                -481.0,
                -393.0,
                -410.0,
                -477.0,
                -411.0,
                -591.0,
                -286.0,
                -468.0,
                -123.0,
                -389.0,
                -530.0,
                -443.0,
                -407.0,
                -502.0,
                -364.0,
                -536.0,
                -171.0,
                -327.0,
                -286.0,
                -408.0,
                -525.0,
                -359.0,
                -94.0,
                -369.0,
                -533.0,
                -377.0,
                -530.0,
                -323.0,
                -421.0,
                -338.0,
                -499.0,
                -298.0,
                -389.0,
                -454.0,
                -504.0,
                -526.0,
                -419.0,
                -312.0,
                -334.0,
                -180.0,
                -404.0,
                -509.0,
                -382.0,
                -572.0,
                -385.0,
                -603.0,
                -563.0,
                -501.0,
                -436.0,
                -465.0,
                -631.0,
                -342.0,
                -612.0,
                -335.0,
                -461.0,
                -434.0,
                -434.0,
                -355.0,
                -489.0,
                -490.0,
                -439.0,
                -428.0,
                -230.0,
                -340.0,
                -326.0,
                -415.0,
                -381.0,
                -428.0,
                -473.0,
                -347.0,
                -447.0,
                -421.0,
                -382.0,
                -419.0,
                -270.0,
                -452.0,
                -344.0,
                -391.0
            ],