{
    "custom_metrics": {},
    "episode_media": {},
    "info": {
        "learner": {
            "policy_2": {
                "learner_stats": {
                    "allreduce_latency": 0.0,
                    "grad_gnorm": 3.343207597732544,
                    "cur_kl_coeff": 0.6749999999999998,
                    "cur_lr": 5e-05,
                    "total_loss": 5.616477459127252,
                    "policy_loss": -0.09138300032002118,
                    "vf_loss": 5.818418460903746,
                    "vf_explained_var": -0.011785360719218398,
                    "kl": 0.010939629259863007,
                    "entropy": 1.1794226440516384,
                    "entropy_coeff": 0.09999999999999998
                },
                "model": {},
                "custom_metrics": {},
                "num_agent_steps_trained": 121.0909090909091,
                "num_grad_updates_lifetime": 178365.5,
                "diff_num_grad_updates_vs_sampler_policy": 164.5
            },
            "policy_0": {
                "learner_stats": {
                    "allreduce_latency": 0.0,
                    "grad_gnorm": 4.795073509216309,
                    "cur_kl_coeff": 0.20549453364292275,
                    "cur_lr": 5e-05,
                    "total_loss": 3.960912494948416,
                    "policy_loss": -0.056235625629426175,
                    "vf_loss": 4.0186331113179525,
                    "vf_explained_var": 0.01969883225180886,
                    "kl": 0.015449072644867123,
                    "entropy": 0.46596899863445396,
                    "entropy_coeff": 0.01
                },
                "model": {},
                "custom_metrics": {},
                "num_agent_steps_trained": 121.27272727272727,
                "num_grad_updates_lifetime": 178365.5,
                "diff_num_grad_updates_vs_sampler_policy": 164.5
            },
            "policy_1": {
                "learner_stats": {
                    "allreduce_latency": 0.0,
                    "grad_gnorm": 3.5070512294769287,
                    "cur_kl_coeff": 0.4500000000000002,
                    "cur_lr": 5e-05,
                    "total_loss": 4.999175077496153,
                    "policy_loss": -0.08368588801910819,
                    "vf_loss": 5.124161622018525,
                    "vf_explained_var": -0.006864385893850616,
                    "kl": 0.01283937382262405,
                    "entropy": 0.941567597064105,
                    "entropy_coeff": 0.04999999999999999
                },
                "model": {},
                "custom_metrics": {},
                "num_agent_steps_trained": 121.27272727272727,
                "num_grad_updates_lifetime": 178365.5,
                "diff_num_grad_updates_vs_sampler_policy": 164.5
            }
        },
        "num_env_steps_sampled": 2164000,
        "num_env_steps_trained": 2164000,
        "num_agent_steps_sampled": 2163998,
        "num_agent_steps_trained": 2163998
    },
    "env_runners": {
        "episode_reward_max": -90.0,
        "episode_reward_min": -731.0,
        "episode_reward_mean": -410.48,
        "episode_len_mean": 461.5,
        "episode_media": {},
        "episodes_timesteps_total": 46150,
        "policy_reward_min": {
            "policy_0": -395.0,
            "policy_1": -390.0,
            "policy_2": -445.0
        },
        "policy_reward_max": {
            "policy_0": -2.0,
            "policy_1": -3.0,
            "policy_2": -30.0
        },
        "policy_reward_mean": {
            "policy_0": -105.4,
            "policy_1": -131.3,
            "policy_2": -173.78
        },
        "custom_metrics": {},
        "hist_stats": {
            "episode_reward": [
                -731.0,
                -452.0,
                -431.0,
                -269.0,
                -478.0,
                -484.0,
                -432.0,
                -438.0,
                -428.0,
                -337.0,
                -404.0,
                -537.0,
                -525.0,
                -414.0,
                -558.0,
                -482.0,
                -337.0,
                -600.0,
                -490.0,
                -415.0,
                -428.0,
                -429.0,
                -472.0,
                -391.0,
                -482.0,
                -401.0,
                -421.0,
                -467.0,
                -378.0,
                -311.0,
                -438.0,
                -459.0,
                -391.0,
                -445.0,
                -165.0,
                -476.0,
                -464.0,
                -503.0,
                -382.0,
                -90.0,
                -226.0,
                -426.0,
                -420.0,
                -442.0,
                -418.0,
                -391.0,
                -563.0,
                -452.0,
                -525.0,
                -329.0,
                -389.0,
                -428.0,
                -411.0,
                -385.0,
                -359.0,
                -461.0,
                -547.0,
                -456.0,
                -354.0,
                -374.0,
                -465.0,
                -426.0,
                -180.0,
                -344.0,
                -465.0,
                -410.0,
                -202.0,
                -139.0,
                -363.0,
                -453.0,
                -338.0,
                -344.0,
                -333.0,
                -314.0,
                -421.0,
                -536.0,
                -386.0,
                -227.0,
                -487.0,
                -459.0,
                -471.0,
                -424.0,
                -364.0,
                -316.0,
                -402.0,
                -463.0,
                -487.0,
                -364.0,
                -417.0,
                -438.0,
                -388.0,
                -394.0,
                -296.0,
                -441.0,
                -406.0,
                -433.0,
                -182.0,
                -477.0,
                -453.0,
                -549.0
            ],