{
    "custom_metrics": {},
    "episode_media": {},
    "info": {
        "learner": {
            "policy_2": {
                "learner_stats": {
                    "allreduce_latency": 0.0,
                    "grad_gnorm": 1.3944735527038574,
                    "cur_kl_coeff": 0.19999999999999996,
                    "cur_lr": 5e-05,
                    "total_loss": 9.630837660124808,
                    "policy_loss": -0.08056451753487415,
                    "vf_loss": 9.850216628565933,
                    "vf_explained_var": 0.0076061666011810304,
                    "kl": 0.012403090168142731,
                    "entropy": 1.4129503174261613,
                    "entropy_coeff": 0.09999999999999998
                },
                "model": {},
                "custom_metrics": {},
                "num_agent_steps_trained": 120.81818181818181,
                "num_grad_updates_lifetime": 36465.5,
                "diff_num_grad_updates_vs_sampler_policy": 164.5
            },
            "policy_0": {
                "learner_stats": {
                    "allreduce_latency": 0.0,
                    "grad_gnorm": 4.040786266326904,
                    "cur_kl_coeff": 0.075,
                    "cur_lr": 5e-05,
                    "total_loss": 8.630692312934181,
                    "policy_loss": -0.07415060826266805,
                    "vf_loss": 8.712644889137962,
                    "vf_explained_var": 0.007685321569442749,
                    "kl": 0.01775000825500221,
                    "entropy": 0.9133221638925147,
                    "entropy_coeff": 0.01
                },
                "model": {},
                "custom_metrics": {},
                "num_agent_steps_trained": 121.45454545454545,
                "num_grad_updates_lifetime": 36465.5,
                "diff_num_grad_updates_vs_sampler_policy": 164.5
            },
            "policy_1": {
                "learner_stats": {
                    "allreduce_latency": 0.0,
                    "grad_gnorm": 1.4680513143539429,
                    "cur_kl_coeff": 0.19999999999999996,
                    "cur_lr": 5e-05,
                    "total_loss": 9.703320410757353,
                    "policy_loss": -0.07793962967469159,
                    "vf_loss": 9.844213714021626,
                    "vf_explained_var": -0.0005916644226421009,
                    "kl": 0.012145827721455291,
                    "entropy": 1.3076566103732947,
                    "entropy_coeff": 0.04999999999999999
                },
                "model": {},
                "custom_metrics": {},
                "num_agent_steps_trained": 121.36363636363636,
                "num_grad_updates_lifetime": 36465.5,
                "diff_num_grad_updates_vs_sampler_policy": 164.5
            }
        },
        "num_env_steps_sampled": 444000,
        "num_env_steps_trained": 444000,
        "num_agent_steps_sampled": 443998,
        "num_agent_steps_trained": 443998
    },
    "env_runners": {
        "episode_reward_max": -206.0,
        "episode_reward_min": -634.0,
        "episode_reward_mean": -447.87,
        "episode_len_mean": 271.62,
        "episode_media": {},
        "episodes_timesteps_total": 27162,
        "policy_reward_min": {
            "policy_1": -440.0,
            "policy_2": -415.0,
            "policy_0": -390.0
        },
        "policy_reward_max": {
            "policy_1": -13.0,
            "policy_2": -29.0,
            "policy_0": 6.0
        },
        "policy_reward_mean": {
            "policy_1": -143.48,
            "policy_2": -195.02,
            "policy_0": -109.37
        },
        "custom_metrics": {},
        "hist_stats": {
            "episode_reward": [
                -577.0,
                -528.0,
                -259.0,
                -510.0,
                -466.0,
                -353.0,
                -388.0,
                -336.0,
                -619.0,
                -340.0,
                -385.0,
                -315.0,
                -263.0,
                -474.0,
                -522.0,
                -548.0,
                -400.0,
                -333.0,
                -350.0,
                -341.0,
                -435.0,
                -537.0,
                -469.0,
                -456.0,
                -379.0,
                -414.0,
                -460.0,
                -455.0,
                -423.0,
                -225.0,
                -369.0,
                -557.0,
                -634.0,
                -470.0,
                -523.0,
                -384.0,
                -465.0,
                -394.0,
                -481.0,
                -478.0,
                -423.0,
                -592.0,
                -466.0,
                -573.0,
                -514.0,
                -467.0,
                -263.0,
                -427.0,
                -505.0,
                -417.0,
                -487.0,
                -402.0,
                -524.0,
                -381.0,
                -421.0,
                -491.0,
                -491.0,
                -447.0,
                -498.0,
                -358.0,
                -206.0,
                -504.0,
                -436.0,
                -391.0,
                -417.0,
                -541.0,
                -520.0,
                -372.0,
                -323.0,
                -509.0,
                -349.0,
                -559.0,
                -559.0,
                -527.0,
                -359.0,
                -391.0,
                -532.0,
                -611.0,
                -568.0,
                -364.0,
                -337.0,
                -380.0,
                -609.0,
                -593.0,
                -478.0,
                -583.0,
                -486.0,
                -424.0,
                -452.0,
                -530.0,
                -447.0,
                -605.0,
                -486.0,
                -478.0,
                -376.0,
                -535.0,
                -361.0,
                -440.0,
                -471.0,
                -216.0
            ],