{
    "custom_metrics": {},
    "episode_media": {},
    "info": {
        "learner": {
            "policy_2": {
                "learner_stats": {
                    "allreduce_latency": 0.0,
                    "grad_gnorm": 1.624467134475708,
                    "cur_kl_coeff": 0.3,
                    "cur_lr": 5e-05,
                    "total_loss": 9.242825785550204,
                    "policy_loss": -0.09500512048658548,
                    "vf_loss": 9.467089638565525,
                    "vf_explained_var": -0.0055045319325996165,
                    "kl": 0.014127318741643479,
                    "entropy": 1.3349686062697208,
                    "entropy_coeff": 0.09999999999999998
                },
                "model": {},
                "custom_metrics": {},
                "num_agent_steps_trained": 121.18181818181819,
                "num_grad_updates_lifetime": 66165.5,
                "diff_num_grad_updates_vs_sampler_policy": 164.5
            },
            "policy_0": {
                "learner_stats": {
                    "allreduce_latency": 0.0,
                    "grad_gnorm": 2.860621452331543,
                    "cur_kl_coeff": 0.1265625,
                    "cur_lr": 5e-05,
                    "total_loss": 8.576828696511008,
                    "policy_loss": -0.07886002235622569,
                    "vf_loss": 8.661586524500992,
                    "vf_explained_var": -0.012110140106894754,
                    "kl": 0.01510145821891151,
                    "entropy": 0.7809057570768125,
                    "entropy_coeff": 0.01
                },
                "model": {},
                "custom_metrics": {},
                "num_agent_steps_trained": 121.27272727272727,
                "num_grad_updates_lifetime": 66165.5,
                "diff_num_grad_updates_vs_sampler_policy": 164.5
            },
            "policy_1": {
                "learner_stats": {
                    "allreduce_latency": 0.0,
                    "grad_gnorm": 1.8751518726348877,
                    "cur_kl_coeff": 0.3,
                    "cur_lr": 5e-05,
                    "total_loss": 9.318928553841332,
                    "policy_loss": -0.09045235814921784,
                    "vf_loss": 9.469391253500273,
                    "vf_explained_var": -0.0726109302405155,
                    "kl": 0.015057816448371421,
                    "entropy": 1.290553753303759,
                    "entropy_coeff": 0.04999999999999999
                },
                "model": {},
                "custom_metrics": {},
                "num_agent_steps_trained": 121.18181818181819,
                "num_grad_updates_lifetime": 66165.5,
                "diff_num_grad_updates_vs_sampler_policy": 164.5
            }
        },
        "num_env_steps_sampled": 804000,
        "num_env_steps_trained": 804000,
        "num_agent_steps_sampled": 803998,
        "num_agent_steps_trained": 803998
    },
    "env_runners": {
        "episode_reward_max": -181.0,
        "episode_reward_min": -692.0,
        "episode_reward_mean": -442.68,
        "episode_len_mean": 411.6,
        "episode_media": {},
        "episodes_timesteps_total": 41160,
        "policy_reward_min": {
            "policy_2": -380.0,
            "policy_0": -380.0,
            "policy_1": -480.0
        },
        "policy_reward_max": {
            "policy_2": -24.0,
            "policy_0": 2.0,
            "policy_1": -31.0
        },
        "policy_reward_mean": {
            "policy_2": -175.1,
            "policy_0": -108.32,
            "policy_1": -159.26
        },
        "custom_metrics": {},
        "hist_stats": {
            "episode_reward": [
                -389.0,
                -506.0,
                -369.0,
                -343.0,
                -610.0,
                -562.0,
                -338.0,
                -288.0,
                -399.0,
                -473.0,
                -464.0,
                -575.0,
                -481.0,
                -531.0,
                -324.0,
                -423.0,
                -181.0,
                -510.0,
                -510.0,
                -411.0,
                -440.0,
                -354.0,
                -493.0,
                -532.0,
                -464.0,
                -516.0,
                -398.0,
                -338.0,
                -512.0,
                -520.0,
                -307.0,
                -336.0,
                -475.0,
                -522.0,
                -253.0,
                -186.0,
                -319.0,
                -475.0,
                -507.0,
                -504.0,
                -596.0,
                -491.0,
                -559.0,
                -390.0,
                -299.0,
                -412.0,
                -537.0,
                -555.0,
                -546.0,
                -524.0,
                -539.0,
                -301.0,
                -434.0,
                -259.0,
                -524.0,
                -255.0,
                -439.0,
                -372.0,
                -461.0,
                -355.0,
                -500.0,
                -404.0,
                -525.0,
                -432.0,
                -361.0,
                -278.0,
                -502.0,
                -339.0,
                -568.0,
                -486.0,
                -423.0,
                -313.0,
                -474.0,
                -400.0,
                -488.0,
                -357.0,
                -537.0,
                -342.0,
                -554.0,
                -543.0,
                -390.0,
                -403.0,
                -419.0,
                -601.0,
                -577.0,
                -262.0,
                -538.0,
                -340.0,
                -478.0,
                -456.0,
                -501.0,
                -514.0,
                -475.0,
                -506.0,
                -692.0,
                -459.0,
                -448.0,
                -455.0,
                -308.0,
                -634.0
            ],