{
    "custom_metrics": {},
    "episode_media": {},
    "info": {
        "learner": {
            "policy_2": {
                "learner_stats": {
                    "allreduce_latency": 0.0,
                    "grad_gnorm": 2.0199573040008545,
                    "cur_kl_coeff": 0.6749999999999998,
                    "cur_lr": 5e-05,
                    "total_loss": 7.343898917689468,
                    "policy_loss": -0.09598763220463738,
                    "vf_loss": 7.561955084945216,
                    "vf_explained_var": 0.00027138283758452444,
                    "kl": 0.011683749920976535,
                    "entropy": 1.2995507753256597,
                    "entropy_coeff": 0.09999999999999998
                },
                "model": {},
                "custom_metrics": {},
                "num_agent_steps_trained": 120.81818181818181,
                "num_grad_updates_lifetime": 252615.5,
                "diff_num_grad_updates_vs_sampler_policy": 164.5
            },
            "policy_0": {
                "learner_stats": {
                    "allreduce_latency": 0.0,
                    "grad_gnorm": 5.654429912567139,
                    "cur_kl_coeff": 0.422280033571223,
                    "cur_lr": 5e-05,
                    "total_loss": 4.0372368415196735,
                    "policy_loss": -0.06447510124663963,
                    "vf_loss": 4.101773375453371,
                    "vf_explained_var": -0.04316744515390107,
                    "kl": 0.008245106017736398,
                    "entropy": 0.35431770099834964,
                    "entropy_coeff": 0.01
                },
                "model": {},
                "custom_metrics": {},
                "num_agent_steps_trained": 121.81818181818181,
                "num_grad_updates_lifetime": 252615.5,
                "diff_num_grad_updates_vs_sampler_policy": 164.5
            },
            "policy_1": {
                "learner_stats": {
                    "allreduce_latency": 0.0,
                    "grad_gnorm": 2.486564874649048,
                    "cur_kl_coeff": 0.50625,
                    "cur_lr": 5e-05,
                    "total_loss": 7.156362516229803,
                    "policy_loss": -0.08625189356124875,
                    "vf_loss": 7.282142179662531,
                    "vf_explained_var": -0.004459115953156442,
                    "kl": 0.011588125347202256,
                    "entropy": 0.9078854661999327,
                    "entropy_coeff": 0.04999999999999999
                },
                "model": {},
                "custom_metrics": {},
                "num_agent_steps_trained": 121.0,
                "num_grad_updates_lifetime": 252615.5,
                "diff_num_grad_updates_vs_sampler_policy": 164.5
            }
        },
        "num_env_steps_sampled": 3064000,
        "num_env_steps_trained": 3064000,
        "num_agent_steps_sampled": 3063998,
        "num_agent_steps_trained": 3063998
    },
    "env_runners": {
        "episode_reward_max": -85.0,
        "episode_reward_min": -659.0,
        "episode_reward_mean": -422.29,
        "episode_len_mean": 427.94,
        "episode_media": {},
        "episodes_timesteps_total": 42794,
        "policy_reward_min": {
            "policy_1": -430.0,
            "policy_2": -390.0,
            "policy_0": -400.0
        },
        "policy_reward_max": {
            "policy_1": 5.0,
            "policy_2": 3.0,
            "policy_0": 12.0
        },
        "policy_reward_mean": {
            "policy_1": -112.17,
            "policy_2": -198.36,
            "policy_0": -111.76
        },
        "custom_metrics": {},
        "hist_stats": {
            "episode_reward": [
                -542.0,
                -504.0,
                -514.0,
                -520.0,
                -317.0,
                -397.0,
                -416.0,
                -439.0,
                -141.0,
                -402.0,
                -185.0,
                -399.0,
                -431.0,
                -477.0,
                -357.0,
                -413.0,
                -531.0,
                -358.0,
                -510.0,
                -536.0,
                -536.0,
                -505.0,
                -303.0,
                -659.0,
                -141.0,
                -301.0,
                -394.0,
                -431.0,
                -354.0,
                -489.0,
                -377.0,
                -433.0,
                -457.0,
                -354.0,
                -464.0,
                -321.0,
                -336.0,
                -512.0,
                -459.0,
                -451.0,
                -483.0,
                -389.0,
                -473.0,
                -393.0,
                -488.0,
                -269.0,
                -289.0,
                -182.0,
                -422.0,
                -480.0,
                -534.0,
                -264.0,
                -350.0,
                -413.0,
                -88.0,
                -85.0,
                -580.0,
                -432.0,
                -533.0,
                -374.0,
                -460.0,
                -607.0,
                -478.0,
                -644.0,
                -336.0,
                -501.0,
                -617.0,
                -437.0,
                -279.0,
                -589.0,
                -504.0,
                -525.0,
                -476.0,
                -585.0,
                -406.0,
                -425.0,
                -379.0,
                -388.0,
                -380.0,
                -423.0,
                -654.0,
                -473.0,
                -398.0,
                -416.0,
                -448.0,
                -426.0,
                -512.0,
                -457.0,
                -354.0,
                -475.0,
                -92.0,
                -366.0,
                -397.0,
                -496.0,
                -384.0,
                -494.0,
                -549.0,
                -489.0,
                -555.0,
                -168.0
            ],