{
    "custom_metrics": {},
    "episode_media": {},
    "info": {
        "learner": {
            "policy_2": {
                "learner_stats": {
                    "allreduce_latency": 0.0,
                    "grad_gnorm": 2.2927024364471436,
                    "cur_kl_coeff": 0.6749999999999998,
                    "cur_lr": 5e-05,
                    "total_loss": 6.1842491121003125,
                    "policy_loss": -0.09894433459919652,
                    "vf_loss": 6.403602708469737,
                    "vf_explained_var": -0.008300818638368086,
                    "kl": 0.012456551635276725,
                    "entropy": 1.2881742679711543,
                    "entropy_coeff": 0.09999999999999998
                },
                "model": {},
                "custom_metrics": {},
                "num_agent_steps_trained": 121.18181818181819,
                "num_grad_updates_lifetime": 270765.5,
                "diff_num_grad_updates_vs_sampler_policy": 164.5
            },
            "policy_0": {
                "learner_stats": {
                    "allreduce_latency": 0.0,
                    "grad_gnorm": 3.2987749576568604,
                    "cur_kl_coeff": 0.20041806280821725,
                    "cur_lr": 5e-05,
                    "total_loss": 5.922308686285308,
                    "policy_loss": -0.08193369669342329,
                    "vf_loss": 6.006070697668827,
                    "vf_explained_var": 0.012776475964170513,
                    "kl": 0.014553848757335086,
                    "entropy": 0.47451540583913976,
                    "entropy_coeff": 0.01
                },
                "model": {},
                "custom_metrics": {},
                "num_agent_steps_trained": 121.36363636363636,
                "num_grad_updates_lifetime": 270765.5,
                "diff_num_grad_updates_vs_sampler_policy": 164.5
            },
            "policy_1": {
                "learner_stats": {
                    "allreduce_latency": 0.0,
                    "grad_gnorm": 5.2815961837768555,
                    "cur_kl_coeff": 0.50625,
                    "cur_lr": 5e-05,
                    "total_loss": 6.068048100038008,
                    "policy_loss": -0.07742416982373194,
                    "vf_loss": 6.180447429599184,
                    "vf_explained_var": -0.03697926691084197,
                    "kl": 0.013184972800278383,
                    "entropy": 0.8330010865673875,
                    "entropy_coeff": 0.04999999999999999
                },
                "model": {},
                "custom_metrics": {},
                "num_agent_steps_trained": 121.0909090909091,
                "num_grad_updates_lifetime": 270765.5,
                "diff_num_grad_updates_vs_sampler_policy": 164.5
            }
        },
        "num_env_steps_sampled": 3284000,
        "num_env_steps_trained": 3284000,
        "num_agent_steps_sampled": 3283998,
        "num_agent_steps_trained": 3283998
    },
    "env_runners": {
        "episode_reward_max": -85.0,
        "episode_reward_min": -675.0,
        "episode_reward_mean": -410.45,
        "episode_len_mean": 582.2,
        "episode_media": {},
        "episodes_timesteps_total": 58220,
        "policy_reward_min": {
            "policy_1": -430.0,
            "policy_2": -415.0,
            "policy_0": -385.0
        },
        "policy_reward_max": {
            "policy_1": -5.0,
            "policy_2": -20.0,
            "policy_0": 9.0
        },
        "policy_reward_mean": {
            "policy_1": -131.08,
            "policy_2": -173.28,
            "policy_0": -106.09
        },
        "custom_metrics": {},
        "hist_stats": {
            "episode_reward": [
                -141.0,
                -90.0,
                -498.0,
                -389.0,
                -416.0,
                -360.0,
                -133.0,
                -644.0,
                -437.0,
                -546.0,
                -465.0,
                -485.0,
                -417.0,
                -545.0,
                -168.0,
                -482.0,
                -311.0,
                -411.0,
                -352.0,
                -311.0,
                -533.0,
                -301.0,
                -491.0,
                -237.0,
                -354.0,
                -624.0,
                -447.0,
                -490.0,
                -123.0,
                -287.0,
                -504.0,
                -114.0,
                -505.0,
                -450.0,
                -441.0,
                -490.0,
                -470.0,
                -499.0,
                -402.0,
                -407.0,
                -335.0,
                -406.0,
                -289.0,
                -295.0,
                -535.0,
                -438.0,
                -108.0,
                -396.0,
                -477.0,
                -529.0,
                -438.0,
                -448.0,
                -640.0,
                -148.0,
                -574.0,
                -267.0,
                -545.0,
                -487.0,
                -493.0,
                -353.0,
                -439.0,
                -555.0,
                -441.0,
                -468.0,
                -367.0,
                -559.0,
                -490.0,
                -395.0,
                -543.0,
                -228.0,
                -387.0,
                -537.0,
                -473.0,
                -174.0,
                -244.0,
                -112.0,
                -280.0,
                -426.0,
                -441.0,
                -572.0,
                -359.0,
                -375.0,
                -420.0,
                -578.0,
                -438.0,
                -85.0,
                -428.0,
                -495.0,
                -675.0,
                -500.0,
                -608.0,
                -469.0,
                -557.0,
                -341.0,
                -391.0,
                -282.0,
                -397.0,
                -518.0,
                -523.0,
                -504.0
            ],