{
    "custom_metrics": {},
    "episode_media": {},
    "info": {
        "learner": {
            "policy_2": {
                "learner_stats": {
                    "allreduce_latency": 0.0,
                    "grad_gnorm": 1.3365737199783325,
                    "cur_kl_coeff": 0.19999999999999996,
                    "cur_lr": 5e-05,
                    "total_loss": 9.519125172586152,
                    "policy_loss": -0.086288308456653,
                    "vf_loss": 9.740260624163078,
                    "vf_explained_var": 0.017633480556083447,
                    "kl": 0.013771667116731357,
                    "entropy": 1.3760150237516924,
                    "entropy_coeff": 0.09999999999999998
                },
                "model": {},
                "custom_metrics": {},
                "num_agent_steps_trained": 121.36363636363636,
                "num_grad_updates_lifetime": 38115.5,
                "diff_num_grad_updates_vs_sampler_policy": 164.5
            },
            "policy_0": {
                "learner_stats": {
                    "allreduce_latency": 0.0,
                    "grad_gnorm": 4.689270973205566,
                    "cur_kl_coeff": 0.075,
                    "cur_lr": 5e-05,
                    "total_loss": 8.14341130401149,
                    "policy_loss": -0.06677477259442888,
                    "vf_loss": 8.217038955110493,
                    "vf_explained_var": 0.005423534458333796,
                    "kl": 0.013651296737981732,
                    "entropy": 0.7876760367191199,
                    "entropy_coeff": 0.01
                },
                "model": {},
                "custom_metrics": {},
                "num_agent_steps_trained": 121.18181818181819,
                "num_grad_updates_lifetime": 38115.5,
                "diff_num_grad_updates_vs_sampler_policy": 164.5
            },
            "policy_1": {
                "learner_stats": {
                    "allreduce_latency": 0.0,
                    "grad_gnorm": 2.264360189437866,
                    "cur_kl_coeff": 0.19999999999999996,
                    "cur_lr": 5e-05,
                    "total_loss": 8.340606277639216,
                    "policy_loss": -0.08612860974460615,
                    "vf_loss": 8.487554381110451,
                    "vf_explained_var": -0.0017523131587288596,
                    "kl": 0.013402738352398821,
                    "entropy": 1.270000199476878,
                    "entropy_coeff": 0.04999999999999999
                },
                "model": {},
                "custom_metrics": {},
                "num_agent_steps_trained": 121.0909090909091,
                "num_grad_updates_lifetime": 38115.5,
                "diff_num_grad_updates_vs_sampler_policy": 164.5
            }
        },
        "num_env_steps_sampled": 464000,
        "num_env_steps_trained": 464000,
        "num_agent_steps_sampled": 463998,
        "num_agent_steps_trained": 463998
    },
    "env_runners": {
        "episode_reward_max": -169.0,
        "episode_reward_min": -618.0,
        "episode_reward_mean": -430.9,
        "episode_len_mean": 255.04,
        "episode_media": {},
        "episodes_timesteps_total": 25504,
        "policy_reward_min": {
            "policy_0": -410.0,
            "policy_1": -440.0,
            "policy_2": -390.0
        },
        "policy_reward_max": {
            "policy_0": 6.0,
            "policy_1": -29.0,
            "policy_2": -30.0
        },
        "policy_reward_mean": {
            "policy_0": -114.72,
            "policy_1": -142.69,
            "policy_2": -173.49
        },
        "custom_metrics": {},
        "hist_stats": {
            "episode_reward": [
                -527.0,
                -359.0,
                -391.0,
                -532.0,
                -611.0,
                -568.0,
                -364.0,
                -337.0,
                -380.0,
                -609.0,
                -593.0,
                -478.0,
                -583.0,
                -486.0,
                -424.0,
                -452.0,
                -530.0,
                -447.0,
                -605.0,
                -486.0,
                -478.0,
                -376.0,
                -535.0,
                -361.0,
                -440.0,
                -471.0,
                -216.0,
                -430.0,
                -270.0,
                -371.0,
                -504.0,
                -331.0,
                -460.0,
                -486.0,
                -517.0,
                -532.0,
                -315.0,
                -169.0,
                -339.0,
                -382.0,
                -473.0,
                -451.0,
                -424.0,
                -505.0,
                -480.0,
                -311.0,
                -530.0,
                -350.0,
                -418.0,
                -329.0,
                -533.0,
                -355.0,
                -307.0,
                -343.0,
                -459.0,
                -361.0,
                -407.0,
                -548.0,
                -362.0,
                -296.0,
                -398.0,
                -316.0,
                -392.0,
                -449.0,
                -376.0,
                -355.0,
                -447.0,
                -542.0,
                -386.0,
                -221.0,
                -459.0,
                -618.0,
                -357.0,
                -452.0,
                -343.0,
                -412.0,
                -411.0,
                -460.0,
                -313.0,
                -601.0,
                -424.0,
                -356.0,
                -542.0,
                -505.0,
                -521.0,
                -476.0,
                -408.0,
                -435.0,
                -189.0,
                -433.0,
                -457.0,
                -479.0,
                -372.0,
                -461.0,
                -523.0,
                -512.0,
                -470.0,
                -612.0,
                -325.0,
                -295.0
            ],