{
    "custom_metrics": {},
    "episode_media": {},
    "info": {
        "learner": {
            "policy_2": {
                "learner_stats": {
                    "allreduce_latency": 0.0,
                    "grad_gnorm": 2.2428603172302246,
                    "cur_kl_coeff": 0.6749999999999998,
                    "cur_lr": 5e-05,
                    "total_loss": 7.4550596540624445,
                    "policy_loss": -0.09198862266035356,
                    "vf_loss": 7.6637820547277276,
                    "vf_explained_var": -0.020088922254966966,
                    "kl": 0.010520654998728445,
                    "entropy": 1.2383519432761452,
                    "entropy_coeff": 0.09999999999999998
                },
                "model": {},
                "custom_metrics": {},
                "num_agent_steps_trained": 121.0909090909091,
                "num_grad_updates_lifetime": 199815.5,
                "diff_num_grad_updates_vs_sampler_policy": 164.5
            },
            "policy_0": {
                "learner_stats": {
                    "allreduce_latency": 0.0,
                    "grad_gnorm": 4.191009521484375,
                    "cur_kl_coeff": 0.23118135034828802,
                    "cur_lr": 5e-05,
                    "total_loss": 3.785076892375946,
                    "policy_loss": -0.05100646115783038,
                    "vf_loss": 3.8382139335979115,
                    "vf_explained_var": 0.013982722795370854,
                    "kl": 0.006569343134802433,
                    "entropy": 0.3649277358344107,
                    "entropy_coeff": 0.01
                },
                "model": {},
                "custom_metrics": {},
                "num_agent_steps_trained": 121.54545454545455,
                "num_grad_updates_lifetime": 199815.5,
                "diff_num_grad_updates_vs_sampler_policy": 164.5
            },
            "policy_1": {
                "learner_stats": {
                    "allreduce_latency": 0.0,
                    "grad_gnorm": 2.981400966644287,
                    "cur_kl_coeff": 0.4500000000000002,
                    "cur_lr": 5e-05,
                    "total_loss": 5.481112122535706,
                    "policy_loss": -0.09666926049147591,
                    "vf_loss": 5.619643020629883,
                    "vf_explained_var": -0.021267873951883027,
                    "kl": 0.013589743388644875,
                    "entropy": 0.9595400515830879,
                    "entropy_coeff": 0.04999999999999999
                },
                "model": {},
                "custom_metrics": {},
                "num_agent_steps_trained": 121.0,
                "num_grad_updates_lifetime": 199815.5,
                "diff_num_grad_updates_vs_sampler_policy": 164.5
            }
        },
        "num_env_steps_sampled": 2424000,
        "num_env_steps_trained": 2424000,
        "num_agent_steps_sampled": 2423998,
        "num_agent_steps_trained": 2423998
    },
    "env_runners": {
        "episode_reward_max": -90.0,
        "episode_reward_min": -623.0,
        "episode_reward_mean": -440.74,
        "episode_len_mean": 292.16,
        "episode_media": {},
        "episodes_timesteps_total": 29216,
        "policy_reward_min": {
            "policy_0": -415.0,
            "policy_1": -395.0,
            "policy_2": -415.0
        },
        "policy_reward_max": {
            "policy_0": 18.0,
            "policy_1": -10.0,
            "policy_2": -15.0
        },
        "policy_reward_mean": {
            "policy_0": -121.15,
            "policy_1": -139.59,
            "policy_2": -180.0
        },
        "custom_metrics": {},
        "hist_stats": {
            "episode_reward": [
                -511.0,
                -381.0,
                -324.0,
                -517.0,
                -623.0,
                -156.0,
                -376.0,
                -547.0,
                -568.0,
                -473.0,
                -594.0,
                -540.0,
                -481.0,
                -549.0,
                -477.0,
                -371.0,
                -401.0,
                -499.0,
                -604.0,
                -448.0,
                -437.0,
                -578.0,
                -538.0,
                -486.0,
                -376.0,
                -599.0,
                -315.0,
                -568.0,
                -544.0,
                -437.0,
                -548.0,
                -548.0,
                -391.0,
                -267.0,
                -444.0,
                -391.0,
                -483.0,
                -387.0,
                -374.0,
                -497.0,
                -353.0,
                -516.0,
                -403.0,
                -414.0,
                -440.0,
                -336.0,
                -512.0,
                -115.0,
                -623.0,
                -535.0,
                -455.0,
                -243.0,
                -465.0,
                -584.0,
                -463.0,
                -435.0,
                -577.0,
                -523.0,
                -436.0,
                -495.0,
                -334.0,
                -415.0,
                -90.0,
                -375.0,
                -426.0,
                -302.0,
                -463.0,
                -561.0,
                -447.0,
                -437.0,
                -527.0,
                -424.0,
                -315.0,
                -452.0,
                -460.0,
                -370.0,
                -494.0,
                -470.0,
                -425.0,
                -363.0,
                -533.0,
                -489.0,
                -574.0,
                -617.0,
                -347.0,
                -508.0,
                -444.0,
                -284.0,
                -470.0,
                -282.0,
                -338.0,
                -127.0,
                -500.0,
                -375.0,
                -509.0,
                -502.0,
                -385.0,
                -349.0,
                -283.0,
                -437.0
            ],