{
    "custom_metrics": {},
    "episode_media": {},
    "info": {
        "learner": {
            "policy_2": {
                "learner_stats": {
                    "allreduce_latency": 0.0,
                    "grad_gnorm": 2.444434404373169,
                    "cur_kl_coeff": 0.19999999999999996,
                    "cur_lr": 5e-05,
                    "total_loss": 8.294568571899877,
                    "policy_loss": -0.06998350380524768,
                    "vf_loss": 8.503475473866319,
                    "vf_explained_var": 0.002072886084065293,
                    "kl": 0.011373565636063865,
                    "entropy": 1.4119813673423998,
                    "entropy_coeff": 0.09999999999999998
                },
                "model": {},
                "custom_metrics": {},
                "num_agent_steps_trained": 121.0,
                "num_grad_updates_lifetime": 21615.5,
                "diff_num_grad_updates_vs_sampler_policy": 164.5
            },
            "policy_0": {
                "learner_stats": {
                    "allreduce_latency": 0.0,
                    "grad_gnorm": 5.098446846008301,
                    "cur_kl_coeff": 0.09999999999999998,
                    "cur_lr": 5e-05,
                    "total_loss": 7.965449749339711,
                    "policy_loss": -0.0554526764970047,
                    "vf_loss": 8.025784814718998,
                    "vf_explained_var": 0.11771498268300837,
                    "kl": 0.011188236486403162,
                    "entropy": 0.6001207006700111,
                    "entropy_coeff": 0.01
                },
                "model": {},
                "custom_metrics": {},
                "num_agent_steps_trained": 121.36363636363636,
                "num_grad_updates_lifetime": 21615.5,
                "diff_num_grad_updates_vs_sampler_policy": 164.5
            },
            "policy_1": {
                "learner_stats": {
                    "allreduce_latency": 0.0,
                    "grad_gnorm": 2.750894546508789,
                    "cur_kl_coeff": 0.19999999999999996,
                    "cur_lr": 5e-05,
                    "total_loss": 7.953709044600978,
                    "policy_loss": -0.07242630634343986,
                    "vf_loss": 8.086702758615667,
                    "vf_explained_var": 0.03968140771894744,
                    "kl": 0.013397075840882707,
                    "entropy": 1.2649373003930757,
                    "entropy_coeff": 0.04999999999999999
                },
                "model": {},
                "custom_metrics": {},
                "num_agent_steps_trained": 121.27272727272727,
                "num_grad_updates_lifetime": 21615.5,
                "diff_num_grad_updates_vs_sampler_policy": 164.5
            }
        },
        "num_env_steps_sampled": 264000,
        "num_env_steps_trained": 264000,
        "num_agent_steps_sampled": 263998,
        "num_agent_steps_trained": 263998
    },
    "env_runners": {
        "episode_reward_max": -211.0,
        "episode_reward_min": -671.0,
        "episode_reward_mean": -439.21,
        "episode_len_mean": 386.5,
        "episode_media": {},
        "episodes_timesteps_total": 38650,
        "policy_reward_min": {
            "policy_1": -445.0,
            "policy_2": -430.0,
            "policy_0": -425.0
        },
        "policy_reward_max": {
            "policy_1": -25.0,
            "policy_2": -29.0,
            "policy_0": -5.0
        },
        "policy_reward_mean": {
            "policy_1": -143.75,
            "policy_2": -189.31,
            "policy_0": -106.15
        },
        "custom_metrics": {},
        "hist_stats": {
            "episode_reward": [
                -414.0,
                -464.0,
                -642.0,
                -511.0,
                -390.0,
                -389.0,
                -510.0,
                -492.0,
                -529.0,
                -406.0,
                -373.0,
                -392.0,
                -456.0,
                -396.0,
                -409.0,
                -445.0,
                -335.0,
                -496.0,
                -411.0,
                -442.0,
                -429.0,
                -314.0,
                -545.0,
                -415.0,
                -595.0,
                -404.0,
                -336.0,
                -399.0,
                -428.0,
                -438.0,
                -627.0,
                -400.0,
                -211.0,
                -346.0,
                -504.0,
                -372.0,
                -415.0,
                -322.0,
                -518.0,
                -569.0,
                -535.0,
                -363.0,
                -522.0,
                -573.0,
                -463.0,
                -366.0,
                -671.0,
                -606.0,
                -408.0,
                -435.0,
                -510.0,
                -273.0,
                -507.0,
                -406.0,
                -413.0,
                -468.0,
                -465.0,
                -444.0,
                -581.0,
                -644.0,
                -377.0,
                -428.0,
                -483.0,
                -259.0,
                -506.0,
                -510.0,
                -413.0,
                -432.0,
                -271.0,
                -408.0,
                -271.0,
                -421.0,
                -448.0,
                -477.0,
                -499.0,
                -549.0,
                -324.0,
                -526.0,
                -533.0,
                -362.0,
                -298.0,
                -558.0,
                -472.0,
                -471.0,
                -393.0,
                -340.0,
                -302.0,
                -361.0,
                -439.0,
                -500.0,
                -378.0,
                -275.0,
                -445.0,
                -350.0,
                -428.0,
                -562.0,
                -318.0,
                -463.0,
                -445.0,
                -484.0
            ],