{
    "custom_metrics": {},
    "episode_media": {},
    "info": {
        "learner": {
            "policy_2": {
                "learner_stats": {
                    "allreduce_latency": 0.0,
                    "grad_gnorm": 2.8145828247070312,
                    "cur_kl_coeff": 0.6749999999999998,
                    "cur_lr": 5e-05,
                    "total_loss": 6.876851141091549,
                    "policy_loss": -0.0829164064771524,
                    "vf_loss": 7.0781910809603605,
                    "vf_explained_var": -0.008749337629838424,
                    "kl": 0.010371147032206155,
                    "entropy": 1.254240468415347,
                    "entropy_coeff": 0.09999999999999998
                },
                "model": {},
                "custom_metrics": {},
                "num_agent_steps_trained": 121.27272727272727,
                "num_grad_updates_lifetime": 163515.5,
                "diff_num_grad_updates_vs_sampler_policy": 164.5
            },
            "policy_0": {
                "learner_stats": {
                    "allreduce_latency": 0.0,
                    "grad_gnorm": 7.731168746948242,
                    "cur_kl_coeff": 0.10824403418228035,
                    "cur_lr": 5e-05,
                    "total_loss": 3.1123644239974744,
                    "policy_loss": -0.05396477300925075,
                    "vf_loss": 3.167557230862704,
                    "vf_explained_var": 0.14751309951146443,
                    "kl": 0.024702126831029722,
                    "entropy": 0.39018926507595814,
                    "entropy_coeff": 0.01
                },
                "model": {},
                "custom_metrics": {},
                "num_agent_steps_trained": 121.27272727272727,
                "num_grad_updates_lifetime": 163515.5,
                "diff_num_grad_updates_vs_sampler_policy": 164.5
            },
            "policy_1": {
                "learner_stats": {
                    "allreduce_latency": 0.0,
                    "grad_gnorm": 4.287770748138428,
                    "cur_kl_coeff": 0.4500000000000002,
                    "cur_lr": 5e-05,
                    "total_loss": 4.4709432211789215,
                    "policy_loss": -0.07433819136601938,
                    "vf_loss": 4.590583723964113,
                    "vf_explained_var": 0.011663742318297877,
                    "kl": 0.010620501677392858,
                    "entropy": 1.0016303477865276,
                    "entropy_coeff": 0.04999999999999999
                },
                "model": {},
                "custom_metrics": {},
                "num_agent_steps_trained": 121.0909090909091,
                "num_grad_updates_lifetime": 163515.5,
                "diff_num_grad_updates_vs_sampler_policy": 164.5
            }
        },
        "num_env_steps_sampled": 1984000,
        "num_env_steps_trained": 1984000,
        "num_agent_steps_sampled": 1983998,
        "num_agent_steps_trained": 1983998
    },
    "env_runners": {
        "episode_reward_max": -104.0,
        "episode_reward_min": -623.0,
        "episode_reward_mean": -393.53,
        "episode_len_mean": 474.28,
        "episode_media": {},
        "episodes_timesteps_total": 47428,
        "policy_reward_min": {
            "policy_2": -390.0,
            "policy_0": -410.0,
            "policy_1": -360.0
        },
        "policy_reward_max": {
            "policy_2": -6.0,
            "policy_0": 6.0,
            "policy_1": 1.0
        },
        "policy_reward_mean": {
            "policy_2": -178.8,
            "policy_0": -105.68,
            "policy_1": -109.05
        },
        "custom_metrics": {},
        "hist_stats": {
            "episode_reward": [
                -418.0,
                -477.0,
                -429.0,
                -591.0,
                -586.0,
                -461.0,
                -438.0,
                -541.0,
                -395.0,
                -318.0,
                -433.0,
                -478.0,
                -104.0,
                -310.0,
                -195.0,
                -623.0,
                -468.0,
                -541.0,
                -575.0,
                -399.0,
                -360.0,
                -534.0,
                -377.0,
                -365.0,
                -606.0,
                -159.0,
                -517.0,
                -408.0,
                -453.0,
                -291.0,
                -560.0,
                -196.0,
                -496.0,
                -563.0,
                -129.0,
                -364.0,
                -274.0,
                -162.0,
                -288.0,
                -185.0,
                -457.0,
                -395.0,
                -483.0,
                -193.0,
                -337.0,
                -557.0,
                -407.0,
                -329.0,
                -365.0,
                -488.0,
                -291.0,
                -518.0,
                -459.0,
                -137.0,
                -306.0,
                -405.0,
                -588.0,
                -296.0,
                -579.0,
                -405.0,
                -381.0,
                -257.0,
                -502.0,
                -418.0,
                -447.0,
                -167.0,
                -439.0,
                -448.0,
                -218.0,
                -483.0,
                -430.0,
                -418.0,
                -396.0,
                -205.0,
                -358.0,
                -534.0,
                -419.0,
                -444.0,
                -360.0,
                -512.0,
                -304.0,
                -397.0,
                -466.0,
                -219.0,
                -393.0,
                -444.0,
                -280.0,
                -512.0,
                -343.0,
                -409.0,
                -447.0,
                -511.0,
                -126.0,
                -257.0,
                -477.0,
                -374.0,
                -459.0,
                -225.0,
                -421.0,
                -391.0
            ],