{
    "custom_metrics": {},
    "episode_media": {},
    "info": {
        "learner": {
            "policy_2": {
                "learner_stats": {
                    "allreduce_latency": 0.0,
                    "grad_gnorm": 0.7571432590484619,
                    "cur_kl_coeff": 0.19999999999999996,
                    "cur_lr": 5e-05,
                    "total_loss": 9.379930530894887,
                    "policy_loss": -0.05244200778931069,
                    "vf_loss": 9.589652717474735,
                    "vf_explained_var": 2.9896244858250473e-06,
                    "kl": 0.008310915844655976,
                    "entropy": 1.589424734765833,
                    "entropy_coeff": 0.09999999999999998
                },
                "model": {},
                "custom_metrics": {},
                "num_agent_steps_trained": 121.0909090909091,
                "num_grad_updates_lifetime": 1815.5,
                "diff_num_grad_updates_vs_sampler_policy": 164.5
            },
            "policy_0": {
                "learner_stats": {
                    "allreduce_latency": 0.0,
                    "grad_gnorm": 0.769904375076294,
                    "cur_kl_coeff": 0.19999999999999996,
                    "cur_lr": 5e-05,
                    "total_loss": 9.52811915657737,
                    "policy_loss": -0.045744457081750484,
                    "vf_loss": 9.587638675805294,
                    "vf_explained_var": -5.135030457467744e-07,
                    "kl": 0.008501724564354243,
                    "entropy": 1.547543318343885,
                    "entropy_coeff": 0.01
                },
                "model": {},
                "custom_metrics": {},
                "num_agent_steps_trained": 121.27272727272727,
                "num_grad_updates_lifetime": 1815.5,
                "diff_num_grad_updates_vs_sampler_policy": 164.5
            },
            "policy_1": {
                "learner_stats": {
                    "allreduce_latency": 0.0,
                    "grad_gnorm": 0.8020557761192322,
                    "cur_kl_coeff": 0.19999999999999996,
                    "cur_lr": 5e-05,
                    "total_loss": 9.462028737501665,
                    "policy_loss": -0.0455679698367462,
                    "vf_loss": 9.584753912145441,
                    "vf_explained_var": -4.404422008630001e-06,
                    "kl": 0.007253397540482569,
                    "entropy": 1.5721590836842856,
                    "entropy_coeff": 0.04999999999999999
                },
                "model": {},
                "custom_metrics": {},
                "num_agent_steps_trained": 121.27272727272727,
                "num_grad_updates_lifetime": 1815.5,
                "diff_num_grad_updates_vs_sampler_policy": 164.5
            }
        },
        "num_env_steps_sampled": 24000,
        "num_env_steps_trained": 24000,
        "num_agent_steps_sampled": 23998,
        "num_agent_steps_trained": 23998
    },
    "env_runners": {
        "episode_reward_max": -273.0,
        "episode_reward_min": -663.0,
        "episode_reward_mean": -486.56,
        "episode_len_mean": 137.2,
        "episode_media": {},
        "episodes_timesteps_total": 13720,
        "policy_reward_min": {
            "policy_0": -390.0,
            "policy_1": -435.0,
            "policy_2": -445.0
        },
        "policy_reward_max": {
            "policy_0": -26.0,
            "policy_1": -26.0,
            "policy_2": -19.0
        },
        "policy_reward_mean": {
            "policy_0": -170.95,
            "policy_1": -166.84,
            "policy_2": -148.77
        },
        "custom_metrics": {},
        "hist_stats": {
            "episode_reward": [
                -515.0,
                -402.0,
                -640.0,
                -440.0,
                -529.0,
                -406.0,
                -524.0,
                -460.0,
                -590.0,
                -554.0,
                -379.0,
                -599.0,
                -534.0,
                -597.0,
                -436.0,
                -663.0,
                -468.0,
                -608.0,
                -390.0,
                -588.0,
                -389.0,
                -562.0,
                -576.0,
                -548.0,
                -511.0,
                -612.0,
                -591.0,
                -497.0,
                -423.0,
                -546.0,
                -533.0,
                -527.0,
                -464.0,
                -445.0,
                -439.0,
                -492.0,
                -502.0,
                -492.0,
                -474.0,
                -421.0,
                -393.0,
                -459.0,
                -374.0,
                -415.0,
                -504.0,
                -486.0,
                -516.0,
                -451.0,
                -650.0,
                -516.0,
                -527.0,
                -359.0,
                -598.0,
                -395.0,
                -500.0,
                -445.0,
                -437.0,
                -465.0,
                -346.0,
                -509.0,
                -483.0,
                -595.0,
                -382.0,
                -635.0,
                -353.0,
                -377.0,
                -443.0,
                -414.0,
                -516.0,
                -581.0,
                -489.0,
                -581.0,
                -518.0,
                -435.0,
                -584.0,
                -544.0,
                -361.0,
                -535.0,
                -588.0,
                -385.0,
                -574.0,
                -585.0,
                -308.0,
                -294.0,
                -448.0,
                -602.0,
                -580.0,
                -497.0,
                -273.0,
                -463.0,
                -486.0,
                -478.0,
                -491.0,
                -307.0,
                -578.0,
                -349.0,
                -510.0,
                -417.0,
                -411.0,
                -495.0
            ],