{
    "custom_metrics": {},
    "episode_media": {},
    "info": {
        "learner": {
            "policy_2": {
                "learner_stats": {
                    "allreduce_latency": 0.0,
                    "grad_gnorm": 3.3427231311798096,
                    "cur_kl_coeff": 0.6749999999999998,
                    "cur_lr": 5e-05,
                    "total_loss": 4.025431190837513,
                    "policy_loss": -0.0753367318941111,
                    "vf_loss": 4.206422839742718,
                    "vf_explained_var": 0.009828146659966671,
                    "kl": 0.009574701791956984,
                    "entropy": 1.1211782244118778,
                    "entropy_coeff": 0.09999999999999998
                },
                "model": {},
                "custom_metrics": {},
                "num_agent_steps_trained": 121.0,
                "num_grad_updates_lifetime": 189915.5,
                "diff_num_grad_updates_vs_sampler_policy": 164.5
            },
            "policy_0": {
                "learner_stats": {
                    "allreduce_latency": 0.0,
                    "grad_gnorm": 7.949036598205566,
                    "cur_kl_coeff": 0.23118135034828802,
                    "cur_lr": 5e-05,
                    "total_loss": 2.4848365906513097,
                    "policy_loss": -0.039826472779510146,
                    "vf_loss": 2.524440276622772,
                    "vf_explained_var": 0.033908525741461554,
                    "kl": 0.0057071268458950206,
                    "entropy": 0.10966023604075113,
                    "entropy_coeff": 0.01
                },
                "model": {},
                "custom_metrics": {},
                "num_agent_steps_trained": 121.27272727272727,
                "num_grad_updates_lifetime": 189915.5,
                "diff_num_grad_updates_vs_sampler_policy": 164.5
            },
            "policy_1": {
                "learner_stats": {
                    "allreduce_latency": 0.0,
                    "grad_gnorm": 3.761321783065796,
                    "cur_kl_coeff": 0.4500000000000002,
                    "cur_lr": 5e-05,
                    "total_loss": 1.5875241348237703,
                    "policy_loss": -0.05672208050153021,
                    "vf_loss": 1.6783842859846172,
                    "vf_explained_var": -0.01039107676708337,
                    "kl": 0.00579864356764885,
                    "entropy": 0.7349492022485444,
                    "entropy_coeff": 0.04999999999999999
                },
                "model": {},
                "custom_metrics": {},
                "num_agent_steps_trained": 121.36363636363636,
                "num_grad_updates_lifetime": 189915.5,
                "diff_num_grad_updates_vs_sampler_policy": 164.5
            }
        },
        "num_env_steps_sampled": 2304000,
        "num_env_steps_trained": 2304000,
        "num_agent_steps_sampled": 2303998,
        "num_agent_steps_trained": 2303998
    },
    "env_runners": {
        "episode_reward_max": -42.0,
        "episode_reward_min": -626.0,
        "episode_reward_mean": -388.92,
        "episode_len_mean": 412.04,
        "episode_media": {},
        "episodes_timesteps_total": 41204,
        "policy_reward_min": {
            "policy_1": -365.0,
            "policy_2": -385.0,
            "policy_0": -360.0
        },
        "policy_reward_max": {
            "policy_1": -4.0,
            "policy_2": 5.0,
            "policy_0": -2.0
        },
        "policy_reward_mean": {
            "policy_1": -129.21,
            "policy_2": -171.38,
            "policy_0": -88.33
        },
        "custom_metrics": {},
        "hist_stats": {
            "episode_reward": [
                -472.0,
                -445.0,
                -324.0,
                -414.0,
                -579.0,
                -388.0,
                -243.0,
                -419.0,
                -102.0,
                -267.0,
                -378.0,
                -199.0,
                -626.0,
                -312.0,
                -286.0,
                -381.0,
                -431.0,
                -405.0,
                -433.0,
                -303.0,
                -301.0,
                -445.0,
                -396.0,
                -353.0,
                -383.0,
                -350.0,
                -318.0,
                -397.0,
                -575.0,
                -435.0,
                -350.0,
                -496.0,
                -447.0,
                -571.0,
                -548.0,
                -514.0,
                -443.0,
                -582.0,
                -374.0,
                -388.0,
                -416.0,
                -356.0,
                -327.0,
                -439.0,
                -427.0,
                -215.0,
                -362.0,
                -339.0,
                -421.0,
                -202.0,
                -477.0,
                -398.0,
                -424.0,
                -142.0,
                -339.0,
                -237.0,
                -458.0,
                -460.0,
                -229.0,
                -336.0,
                -423.0,
                -425.0,
                -402.0,
                -559.0,
                -497.0,
                -526.0,
                -298.0,
                -381.0,
                -450.0,
                -392.0,
                -246.0,
                -377.0,
                -611.0,
                -447.0,
                -370.0,
                -387.0,
                -534.0,
                -476.0,
                -316.0,
                -309.0,
                -379.0,
                -42.0,
                -485.0,
                -465.0,
                -248.0,
                -463.0,
                -352.0,
                -320.0,
                -480.0,
                -519.0,
                -445.0,
                -393.0,
                -481.0,
                -499.0,
                -387.0,
                -350.0,
                -282.0,
                -195.0,
                -518.0,
                -86.0
            ],