{
    "custom_metrics": {},
    "episode_media": {},
    "info": {
        "learner": {
            "policy_2": {
                "learner_stats": {
                    "allreduce_latency": 0.0,
                    "grad_gnorm": 4.462022304534912,
                    "cur_kl_coeff": 0.4500000000000002,
                    "cur_lr": 5e-05,
                    "total_loss": 6.563230098377574,
                    "policy_loss": -0.08944803830831502,
                    "vf_loss": 6.777697844938799,
                    "vf_explained_var": -0.009783247384158048,
                    "kl": 0.012302387749857435,
                    "entropy": 1.3055574583284784,
                    "entropy_coeff": 0.09999999999999998
                },
                "model": {},
                "custom_metrics": {},
                "num_agent_steps_trained": 121.0909090909091,
                "num_grad_updates_lifetime": 142065.5,
                "diff_num_grad_updates_vs_sampler_policy": 164.5
            },
            "policy_0": {
                "learner_stats": {
                    "allreduce_latency": 0.0,
                    "grad_gnorm": 1.9979019165039062,
                    "cur_kl_coeff": 0.3421046018600464,
                    "cur_lr": 5e-05,
                    "total_loss": 6.6565720283623895,
                    "policy_loss": -0.06192508681719615,
                    "vf_loss": 6.720876828106967,
                    "vf_explained_var": 0.059062287482348354,
                    "kl": 0.01159224935699262,
                    "entropy": 0.6345471670230229,
                    "entropy_coeff": 0.01
                },
                "model": {},
                "custom_metrics": {},
                "num_agent_steps_trained": 121.0909090909091,
                "num_grad_updates_lifetime": 142065.5,
                "diff_num_grad_updates_vs_sampler_policy": 164.5
            },
            "policy_1": {
                "learner_stats": {
                    "allreduce_latency": 0.0,
                    "grad_gnorm": 2.6864242553710938,
                    "cur_kl_coeff": 0.4500000000000002,
                    "cur_lr": 5e-05,
                    "total_loss": 7.027963915738193,
                    "policy_loss": -0.08955410972068256,
                    "vf_loss": 7.1704125418807525,
                    "vf_explained_var": 0.006645780621152936,
                    "kl": 0.012974582606643715,
                    "entropy": 1.1746610782363198,
                    "entropy_coeff": 0.04999999999999999
                },
                "model": {},
                "custom_metrics": {},
                "num_agent_steps_trained": 121.45454545454545,
                "num_grad_updates_lifetime": 142065.5,
                "diff_num_grad_updates_vs_sampler_policy": 164.5
            }
        },
        "num_env_steps_sampled": 1724000,
        "num_env_steps_trained": 1724000,
        "num_agent_steps_sampled": 1723998,
        "num_agent_steps_trained": 1723998
    },
    "env_runners": {
        "episode_reward_max": -37.0,
        "episode_reward_min": -652.0,
        "episode_reward_mean": -416.01,
        "episode_len_mean": 435.1,
        "episode_media": {},
        "episodes_timesteps_total": 43510,
        "policy_reward_min": {
            "policy_0": -375.0,
            "policy_1": -385.0,
            "policy_2": -375.0
        },
        "policy_reward_max": {
            "policy_0": 9.0,
            "policy_1": -11.0,
            "policy_2": -15.0
        },
        "policy_reward_mean": {
            "policy_0": -119.27,
            "policy_1": -121.32,
            "policy_2": -175.42
        },
        "custom_metrics": {},
        "hist_stats": {
            "episode_reward": [
                -301.0,
                -531.0,
                -172.0,
                -292.0,
                -487.0,
                -397.0,
                -287.0,
                -257.0,
                -466.0,
                -264.0,
                -340.0,
                -255.0,
                -252.0,
                -203.0,
                -453.0,
                -348.0,
                -509.0,
                -534.0,
                -614.0,
                -486.0,
                -528.0,
                -533.0,
                -450.0,
                -570.0,
                -517.0,
                -368.0,
                -508.0,
                -392.0,
                -375.0,
                -450.0,
                -193.0,
                -307.0,
                -499.0,
                -48.0,
                -409.0,
                -397.0,
                -455.0,
                -472.0,
                -488.0,
                -570.0,
                -400.0,
                -140.0,
                -418.0,
                -350.0,
                -391.0,
                -480.0,
                -502.0,
                -491.0,
                -416.0,
                -472.0,
                -221.0,
                -533.0,
                -406.0,
                -343.0,
                -523.0,
                -345.0,
                -480.0,
                -492.0,
                -566.0,
                -318.0,
                -37.0,
                -390.0,
                -494.0,
                -357.0,
                -140.0,
                -456.0,
                -315.0,
                -345.0,
                -551.0,
                -431.0,
                -454.0,
                -430.0,
                -491.0,
                -436.0,
                -458.0,
                -652.0,
                -502.0,
                -470.0,
                -500.0,
                -374.0,
                -438.0,
                -286.0,
                -514.0,
                -262.0,
                -458.0,
                -396.0,
                -580.0,
                -326.0,
                -434.0,
                -559.0,
                -465.0,
                -593.0,
                -493.0,
                -519.0,
                -335.0,
                -521.0,
                -442.0,
                -475.0,
                -482.0,
                -476.0
            ],