{
    "custom_metrics": {},
    "episode_media": {},
    "info": {
        "learner": {
            "policy_2": {
                "learner_stats": {
                    "allreduce_latency": 0.0,
                    "grad_gnorm": 1.8587706089019775,
                    "cur_kl_coeff": 0.6749999999999998,
                    "cur_lr": 5e-05,
                    "total_loss": 6.037896042159109,
                    "policy_loss": -0.06790505939473708,
                    "vf_loss": 6.224236142996586,
                    "vf_explained_var": -0.0023998836676279705,
                    "kl": 0.007471407254399694,
                    "entropy": 1.2347823706540195,
                    "entropy_coeff": 0.09999999999999998
                },
                "model": {},
                "custom_metrics": {},
                "num_agent_steps_trained": 121.0,
                "num_grad_updates_lifetime": 224565.5,
                "diff_num_grad_updates_vs_sampler_policy": 164.5
            },
            "policy_0": {
                "learner_stats": {
                    "allreduce_latency": 0.0,
                    "grad_gnorm": 3.978409767150879,
                    "cur_kl_coeff": 0.16458125430068557,
                    "cur_lr": 5e-05,
                    "total_loss": 5.357860200332873,
                    "policy_loss": -0.0722003048285842,
                    "vf_loss": 5.433368795568293,
                    "vf_explained_var": -0.005866090998505101,
                    "kl": 0.011743317967194494,
                    "entropy": 0.5241040397774089,
                    "entropy_coeff": 0.01
                },
                "model": {},
                "custom_metrics": {},
                "num_agent_steps_trained": 121.0,
                "num_grad_updates_lifetime": 224565.5,
                "diff_num_grad_updates_vs_sampler_policy": 164.5
            },
            "policy_1": {
                "learner_stats": {
                    "allreduce_latency": 0.0,
                    "grad_gnorm": 3.056992530822754,
                    "cur_kl_coeff": 0.2250000000000001,
                    "cur_lr": 5e-05,
                    "total_loss": 4.85910225203543,
                    "policy_loss": -0.08551854545702085,
                    "vf_loss": 4.9917669679179335,
                    "vf_explained_var": -0.006593710725957697,
                    "kl": 0.014872982504897775,
                    "entropy": 1.0098516699039575,
                    "entropy_coeff": 0.04999999999999999
                },
                "model": {},
                "custom_metrics": {},
                "num_agent_steps_trained": 121.63636363636364,
                "num_grad_updates_lifetime": 224565.5,
                "diff_num_grad_updates_vs_sampler_policy": 164.5
            }
        },
        "num_env_steps_sampled": 2724000,
        "num_env_steps_trained": 2724000,
        "num_agent_steps_sampled": 2723998,
        "num_agent_steps_trained": 2723998
    },
    "env_runners": {
        "episode_reward_max": -62.0,
        "episode_reward_min": -644.0,
        "episode_reward_mean": -420.59,
        "episode_len_mean": 436.44,
        "episode_media": {},
        "episodes_timesteps_total": 43644,
        "policy_reward_min": {
            "policy_1": -365.0,
            "policy_2": -415.0,
            "policy_0": -395.0
        },
        "policy_reward_max": {
            "policy_1": -9.0,
            "policy_2": -25.0,
            "policy_0": 3.0
        },
        "policy_reward_mean": {
            "policy_1": -124.85,
            "policy_2": -191.54,
            "policy_0": -104.2
        },
        "custom_metrics": {},
        "hist_stats": {
            "episode_reward": [
                -373.0,
                -288.0,
                -381.0,
                -323.0,
                -413.0,
                -469.0,
                -573.0,
                -358.0,
                -384.0,
                -486.0,
                -228.0,
                -507.0,
                -519.0,
                -425.0,
                -421.0,
                -511.0,
                -318.0,
                -405.0,
                -349.0,
                -439.0,
                -532.0,
                -399.0,
                -580.0,
                -425.0,
                -527.0,
                -576.0,
                -504.0,
                -430.0,
                -323.0,
                -417.0,
                -422.0,
                -455.0,
                -509.0,
                -459.0,
                -479.0,
                -203.0,
                -421.0,
                -305.0,
                -477.0,
                -490.0,
                -409.0,
                -394.0,
                -112.0,
                -383.0,
                -644.0,
                -598.0,
                -269.0,
                -473.0,
                -429.0,
                -612.0,
                -448.0,
                -423.0,
                -264.0,
                -277.0,
                -407.0,
                -500.0,
                -368.0,
                -349.0,
                -512.0,
                -499.0,
                -551.0,
                -462.0,
                -556.0,
                -583.0,
                -487.0,
                -415.0,
                -425.0,
                -337.0,
                -420.0,
                -414.0,
                -580.0,
                -359.0,
                -577.0,
                -489.0,
                -297.0,
                -363.0,
                -302.0,
                -456.0,
                -521.0,
                -565.0,
                -449.0,
                -507.0,
                -352.0,
                -536.0,
                -529.0,
                -325.0,
                -297.0,
                -304.0,
                -345.0,
                -521.0,
                -205.0,
                -497.0,
                -424.0,
                -333.0,
                -82.0,
                -470.0,
                -62.0,
                -290.0,
                -518.0,
                -381.0
            ],