{
    "custom_metrics": {},
    "episode_media": {},
    "info": {
        "learner": {
            "policy_2": {
                "learner_stats": {
                    "allreduce_latency": 0.0,
                    "grad_gnorm": 3.001424551010132,
                    "cur_kl_coeff": 0.4500000000000002,
                    "cur_lr": 5e-05,
                    "total_loss": 6.227127588156498,
                    "policy_loss": -0.0951023851765168,
                    "vf_loss": 6.452224532040683,
                    "vf_explained_var": -0.009888556689927072,
                    "kl": 0.013118734740850473,
                    "entropy": 1.3589802619182703,
                    "entropy_coeff": 0.09999999999999998
                },
                "model": {},
                "custom_metrics": {},
                "num_agent_steps_trained": 120.81818181818181,
                "num_grad_updates_lifetime": 81015.5,
                "diff_num_grad_updates_vs_sampler_policy": 164.5
            },
            "policy_0": {
                "learner_stats": {
                    "allreduce_latency": 0.0,
                    "grad_gnorm": 4.32676887512207,
                    "cur_kl_coeff": 0.2847656249999999,
                    "cur_lr": 5e-05,
                    "total_loss": 8.028936620192095,
                    "policy_loss": -0.08882847977731603,
                    "vf_loss": 8.121779969244292,
                    "vf_explained_var": 0.0387855816971172,
                    "kl": 0.017104979393992505,
                    "entropy": 0.8885779760100625,
                    "entropy_coeff": 0.01
                },
                "model": {},
                "custom_metrics": {},
                "num_agent_steps_trained": 121.18181818181819,
                "num_grad_updates_lifetime": 81015.5,
                "diff_num_grad_updates_vs_sampler_policy": 164.5
            },
            "policy_1": {
                "learner_stats": {
                    "allreduce_latency": 0.0,
                    "grad_gnorm": 2.93088960647583,
                    "cur_kl_coeff": 0.4500000000000002,
                    "cur_lr": 5e-05,
                    "total_loss": 7.727142624421553,
                    "policy_loss": -0.09092668470164592,
                    "vf_loss": 7.875590155341408,
                    "vf_explained_var": 0.008109046293027474,
                    "kl": 0.012863169131613634,
                    "entropy": 1.2661862214406332,
                    "entropy_coeff": 0.04999999999999999
                },
                "model": {},
                "custom_metrics": {},
                "num_agent_steps_trained": 121.63636363636364,
                "num_grad_updates_lifetime": 81015.5,
                "diff_num_grad_updates_vs_sampler_policy": 164.5
            }
        },
        "num_env_steps_sampled": 984000,
        "num_env_steps_trained": 984000,
        "num_agent_steps_sampled": 983998,
        "num_agent_steps_trained": 983998
    },
    "env_runners": {
        "episode_reward_max": -130.0,
        "episode_reward_min": -634.0,
        "episode_reward_mean": -402.05,
        "episode_len_mean": 380.68,
        "episode_media": {},
        "episodes_timesteps_total": 38068,
        "policy_reward_min": {
            "policy_2": -360.0,
            "policy_0": -390.0,
            "policy_1": -410.0
        },
        "policy_reward_max": {
            "policy_2": -19.0,
            "policy_0": 2.0,
            "policy_1": -17.0
        },
        "policy_reward_mean": {
            "policy_2": -170.79,
            "policy_0": -116.32,
            "policy_1": -114.94
        },
        "custom_metrics": {},
        "hist_stats": {
            "episode_reward": [
                -383.0,
                -407.0,
                -279.0,
                -339.0,
                -367.0,
                -252.0,
                -409.0,
                -481.0,
                -504.0,
                -518.0,
                -507.0,
                -543.0,
                -483.0,
                -477.0,
                -543.0,
                -389.0,
                -331.0,
                -521.0,
                -358.0,
                -217.0,
                -308.0,
                -325.0,
                -368.0,
                -292.0,
                -439.0,
                -251.0,
                -621.0,
                -511.0,
                -415.0,
                -304.0,
                -288.0,
                -560.0,
                -149.0,
                -281.0,
                -417.0,
                -407.0,
                -547.0,
                -409.0,
                -477.0,
                -462.0,
                -383.0,
                -436.0,
                -265.0,
                -487.0,
                -488.0,
                -472.0,
                -397.0,
                -557.0,
                -212.0,
                -428.0,
                -469.0,
                -525.0,
                -333.0,
                -405.0,
                -341.0,
                -331.0,
                -486.0,
                -412.0,
                -344.0,
                -405.0,
                -433.0,
                -355.0,
                -218.0,
                -345.0,
                -447.0,
                -231.0,
                -473.0,
                -255.0,
                -634.0,
                -189.0,
                -550.0,
                -574.0,
                -399.0,
                -412.0,
                -276.0,
                -456.0,
                -327.0,
                -392.0,
                -407.0,
                -577.0,
                -465.0,
                -310.0,
                -404.0,
                -302.0,
                -529.0,
                -502.0,
                -384.0,
                -388.0,
                -455.0,
                -348.0,
                -342.0,
                -491.0,
                -130.0,
                -364.0,
                -469.0,
                -444.0,
                -499.0,
                -323.0,
                -444.0,
                -347.0
            ],