{
    "custom_metrics": {},
    "episode_media": {},
    "info": {
        "learner": {
            "policy_2": {
                "learner_stats": {
                    "allreduce_latency": 0.0,
                    "grad_gnorm": 2.277003288269043,
                    "cur_kl_coeff": 0.6749999999999998,
                    "cur_lr": 5e-05,
                    "total_loss": 6.182637052825003,
                    "policy_loss": -0.09598836342973466,
                    "vf_loss": 6.395507358782219,
                    "vf_explained_var": 0.015614050084894355,
                    "kl": 0.014821052180169542,
                    "entropy": 1.2688615719477336,
                    "entropy_coeff": 0.09999999999999998
                },
                "model": {},
                "custom_metrics": {},
                "num_agent_steps_trained": 121.27272727272727,
                "num_grad_updates_lifetime": 234465.5,
                "diff_num_grad_updates_vs_sampler_policy": 164.5
            },
            "policy_0": {
                "learner_stats": {
                    "allreduce_latency": 0.0,
                    "grad_gnorm": 5.199029445648193,
                    "cur_kl_coeff": 0.17575156404081999,
                    "cur_lr": 5e-05,
                    "total_loss": 3.666643902027246,
                    "policy_loss": -0.070980308981697,
                    "vf_loss": 3.7428803292187776,
                    "vf_explained_var": 0.0035001227349945995,
                    "kl": 0.012591807874538615,
                    "entropy": 0.7469138445276202,
                    "entropy_coeff": 0.01
                },
                "model": {},
                "custom_metrics": {},
                "num_agent_steps_trained": 121.27272727272727,
                "num_grad_updates_lifetime": 234465.5,
                "diff_num_grad_updates_vs_sampler_policy": 164.5
            },
            "policy_1": {
                "learner_stats": {
                    "allreduce_latency": 0.0,
                    "grad_gnorm": 3.7313451766967773,
                    "cur_kl_coeff": 0.2250000000000001,
                    "cur_lr": 5e-05,
                    "total_loss": 4.100208255738923,
                    "policy_loss": -0.07825096479306619,
                    "vf_loss": 4.222614506519202,
                    "vf_explained_var": -0.01971529686089718,
                    "kl": 0.017667431616787767,
                    "entropy": 0.9626090985355955,
                    "entropy_coeff": 0.04999999999999999
                },
                "model": {},
                "custom_metrics": {},
                "num_agent_steps_trained": 121.0909090909091,
                "num_grad_updates_lifetime": 234465.5,
                "diff_num_grad_updates_vs_sampler_policy": 164.5
            }
        },
        "num_env_steps_sampled": 2844000,
        "num_env_steps_trained": 2844000,
        "num_agent_steps_sampled": 2843998,
        "num_agent_steps_trained": 2843998
    },
    "env_runners": {
        "episode_reward_max": -80.0,
        "episode_reward_min": -620.0,
        "episode_reward_mean": -404.4,
        "episode_len_mean": 620.1,
        "episode_media": {},
        "episodes_timesteps_total": 62010,
        "policy_reward_min": {
            "policy_0": -360.0,
            "policy_1": -395.0,
            "policy_2": -425.0
        },
        "policy_reward_max": {
            "policy_0": 6.0,
            "policy_1": -2.0,
            "policy_2": -15.0
        },
        "policy_reward_mean": {
            "policy_0": -114.93,
            "policy_1": -133.82,
            "policy_2": -155.65
        },
        "custom_metrics": {},
        "hist_stats": {
            "episode_reward": [
                -414.0,
                -442.0,
                -425.0,
                -490.0,
                -140.0,
                -563.0,
                -319.0,
                -380.0,
                -591.0,
                -434.0,
                -291.0,
                -500.0,
                -379.0,
                -550.0,
                -567.0,
                -280.0,
                -383.0,
                -243.0,
                -339.0,
                -428.0,
                -333.0,
                -119.0,
                -456.0,
                -383.0,
                -416.0,
                -463.0,
                -498.0,
                -210.0,
                -401.0,
                -486.0,
                -402.0,
                -569.0,
                -398.0,
                -523.0,
                -519.0,
                -199.0,
                -558.0,
                -257.0,
                -389.0,
                -442.0,
                -482.0,
                -570.0,
                -481.0,
                -314.0,
                -574.0,
                -144.0,
                -494.0,
                -389.0,
                -420.0,
                -374.0,
                -307.0,
                -497.0,
                -132.0,
                -538.0,
                -478.0,
                -515.0,
                -409.0,
                -437.0,
                -226.0,
                -380.0,
                -472.0,
                -417.0,
                -391.0,
                -393.0,
                -464.0,
                -272.0,
                -305.0,
                -256.0,
                -390.0,
                -131.0,
                -344.0,
                -464.0,
                -511.0,
                -487.0,
                -80.0,
                -386.0,
                -331.0,
                -351.0,
                -466.0,
                -584.0,
                -423.0,
                -546.0,
                -516.0,
                -413.0,
                -379.0,
                -489.0,
                -620.0,
                -504.0,
                -451.0,
                -442.0,
                -248.0,
                -523.0,
                -343.0,
                -390.0,
                -487.0,
                -423.0,
                -344.0,
                -556.0,
                -317.0,
                -191.0
            ],