{
    "custom_metrics": {},
    "episode_media": {},
    "info": {
        "learner": {
            "policy_2": {
                "learner_stats": {
                    "allreduce_latency": 0.0,
                    "grad_gnorm": 2.0022356510162354,
                    "cur_kl_coeff": 0.6749999999999998,
                    "cur_lr": 5e-05,
                    "total_loss": 5.727721259088227,
                    "policy_loss": -0.09514498810008676,
                    "vf_loss": 5.93525913845409,
                    "vf_explained_var": -0.006557549491073146,
                    "kl": 0.01180639544361794,
                    "entropy": 1.2036221386808337,
                    "entropy_coeff": 0.09999999999999998
                },
                "model": {},
                "custom_metrics": {},
                "num_agent_steps_trained": 120.72727272727273,
                "num_grad_updates_lifetime": 168465.5,
                "diff_num_grad_updates_vs_sampler_policy": 164.5
            },
            "policy_0": {
                "learner_stats": {
                    "allreduce_latency": 0.0,
                    "grad_gnorm": 4.359102249145508,
                    "cur_kl_coeff": 0.24354907691013067,
                    "cur_lr": 5e-05,
                    "total_loss": 7.32383065512686,
                    "policy_loss": -0.07380653583924428,
                    "vf_loss": 7.40076536843271,
                    "vf_explained_var": -0.0072213853850509185,
                    "kl": 0.011343342258698881,
                    "entropy": 0.5890837880698118,
                    "entropy_coeff": 0.01
                },
                "model": {},
                "custom_metrics": {},
                "num_agent_steps_trained": 121.45454545454545,
                "num_grad_updates_lifetime": 168465.5,
                "diff_num_grad_updates_vs_sampler_policy": 164.5
            },
            "policy_1": {
                "learner_stats": {
                    "allreduce_latency": 0.0,
                    "grad_gnorm": 2.8318963050842285,
                    "cur_kl_coeff": 0.4500000000000002,
                    "cur_lr": 5e-05,
                    "total_loss": 5.988763910351378,
                    "policy_loss": -0.10356124824293973,
                    "vf_loss": 6.142755684708104,
                    "vf_explained_var": -0.0028104453375845245,
                    "kl": 0.016243900811907883,
                    "entropy": 1.154805718046246,
                    "entropy_coeff": 0.04999999999999999
                },
                "model": {},
                "custom_metrics": {},
                "num_agent_steps_trained": 121.45454545454545,
                "num_grad_updates_lifetime": 168465.5,
                "diff_num_grad_updates_vs_sampler_policy": 164.5
            }
        },
        "num_env_steps_sampled": 2044000,
        "num_env_steps_trained": 2044000,
        "num_agent_steps_sampled": 2043998,
        "num_agent_steps_trained": 2043998
    },
    "env_runners": {
        "episode_reward_max": -76.0,
        "episode_reward_min": -673.0,
        "episode_reward_mean": -409.32,
        "episode_len_mean": 428.98,
        "episode_media": {},
        "episodes_timesteps_total": 42898,
        "policy_reward_min": {
            "policy_1": -345.0,
            "policy_2": -415.0,
            "policy_0": -410.0
        },
        "policy_reward_max": {
            "policy_1": -13.0,
            "policy_2": 3.0,
            "policy_0": 3.0
        },
        "policy_reward_mean": {
            "policy_1": -105.22,
            "policy_2": -185.82,
            "policy_0": -118.28
        },
        "custom_metrics": {},
        "hist_stats": {
            "episode_reward": [
                -256.0,
                -171.0,
                -317.0,
                -560.0,
                -298.0,
                -340.0,
                -384.0,
                -437.0,
                -557.0,
                -355.0,
                -424.0,
                -487.0,
                -407.0,
                -476.0,
                -480.0,
                -309.0,
                -341.0,
                -348.0,
                -158.0,
                -505.0,
                -342.0,
                -302.0,
                -308.0,
                -453.0,
                -348.0,
                -520.0,
                -469.0,
                -493.0,
                -425.0,
                -185.0,
                -120.0,
                -309.0,
                -463.0,
                -256.0,
                -586.0,
                -623.0,
                -617.0,
                -199.0,
                -610.0,
                -370.0,
                -427.0,
                -466.0,
                -276.0,
                -339.0,
                -492.0,
                -471.0,
                -531.0,
                -465.0,
                -463.0,
                -286.0,
                -279.0,
                -447.0,
                -427.0,
                -367.0,
                -507.0,
                -239.0,
                -443.0,
                -258.0,
                -496.0,
                -299.0,
                -572.0,
                -445.0,
                -606.0,
                -488.0,
                -413.0,
                -482.0,
                -427.0,
                -396.0,
                -514.0,
                -442.0,
                -651.0,
                -673.0,
                -302.0,
                -450.0,
                -239.0,
                -456.0,
                -491.0,
                -395.0,
                -305.0,
                -183.0,
                -452.0,
                -402.0,
                -378.0,
                -275.0,
                -400.0,
                -472.0,
                -76.0,
                -487.0,
                -437.0,
                -503.0,
                -479.0,
                -183.0,
                -375.0,
                -480.0,
                -472.0,
                -557.0,
                -567.0,
                -526.0,
                -345.0,
                -550.0
            ],