{
    "custom_metrics": {},
    "episode_media": {},
    "info": {
        "learner": {
            "policy_2": {
                "learner_stats": {
                    "allreduce_latency": 0.0,
                    "grad_gnorm": 2.7326812744140625,
                    "cur_kl_coeff": 0.4500000000000002,
                    "cur_lr": 5e-05,
                    "total_loss": 8.461675636696093,
                    "policy_loss": -0.10523627632326017,
                    "vf_loss": 8.695888968670006,
                    "vf_explained_var": -0.009944292090155862,
                    "kl": 0.014688156014212523,
                    "entropy": 1.3558669541821335,
                    "entropy_coeff": 0.09999999999999998
                },
                "model": {},
                "custom_metrics": {},
                "num_agent_steps_trained": 120.9090909090909,
                "num_grad_updates_lifetime": 130515.5,
                "diff_num_grad_updates_vs_sampler_policy": 164.5
            },
            "policy_0": {
                "learner_stats": {
                    "allreduce_latency": 0.0,
                    "grad_gnorm": 2.6226699352264404,
                    "cur_kl_coeff": 0.30409297943115243,
                    "cur_lr": 5e-05,
                    "total_loss": 9.071232327547941,
                    "policy_loss": -0.0911919009547229,
                    "vf_loss": 9.167702796242454,
                    "vf_explained_var": -0.01780712893514922,
                    "kl": 0.01750651185864767,
                    "entropy": 1.0602135284380478,
                    "entropy_coeff": 0.01
                },
                "model": {},
                "custom_metrics": {},
                "num_agent_steps_trained": 121.0909090909091,
                "num_grad_updates_lifetime": 130515.5,
                "diff_num_grad_updates_vs_sampler_policy": 164.5
            },
            "policy_1": {
                "learner_stats": {
                    "allreduce_latency": 0.0,
                    "grad_gnorm": 2.452345371246338,
                    "cur_kl_coeff": 0.4500000000000002,
                    "cur_lr": 5e-05,
                    "total_loss": 8.190852454214385,
                    "policy_loss": -0.08535912508906966,
                    "vf_loss": 8.330837308999264,
                    "vf_explained_var": 0.057641770442326865,
                    "kl": 0.013289402088422523,
                    "entropy": 1.2121206585204962,
                    "entropy_coeff": 0.04999999999999999
                },
                "model": {},
                "custom_metrics": {},
                "num_agent_steps_trained": 121.63636363636364,
                "num_grad_updates_lifetime": 130515.5,
                "diff_num_grad_updates_vs_sampler_policy": 164.5
            }
        },
        "num_env_steps_sampled": 1584000,
        "num_env_steps_trained": 1584000,
        "num_agent_steps_sampled": 1583998,
        "num_agent_steps_trained": 1583998
    },
    "env_runners": {
        "episode_reward_max": -98.0,
        "episode_reward_min": -616.0,
        "episode_reward_mean": -399.4,
        "episode_len_mean": 503.04,
        "episode_media": {},
        "episodes_timesteps_total": 50304,
        "policy_reward_min": {
            "policy_1": -360.0,
            "policy_2": -370.0,
            "policy_0": -375.0
        },
        "policy_reward_max": {
            "policy_1": -14.0,
            "policy_2": 0.0,
            "policy_0": 3.0
        },
        "policy_reward_mean": {
            "policy_1": -101.98,
            "policy_2": -176.32,
            "policy_0": -121.1
        },
        "custom_metrics": {},
        "hist_stats": {
            "episode_reward": [
                -324.0,
                -345.0,
                -359.0,
                -220.0,
                -449.0,
                -367.0,
                -324.0,
                -343.0,
                -102.0,
                -125.0,
                -491.0,
                -98.0,
                -600.0,
                -319.0,
                -367.0,
                -564.0,
                -458.0,
                -321.0,
                -480.0,
                -577.0,
                -380.0,
                -475.0,
                -513.0,
                -417.0,
                -504.0,
                -381.0,
                -464.0,
                -370.0,
                -153.0,
                -418.0,
                -323.0,
                -414.0,
                -378.0,
                -415.0,
                -496.0,
                -553.0,
                -320.0,
                -485.0,
                -373.0,
                -201.0,
                -538.0,
                -511.0,
                -522.0,
                -514.0,
                -205.0,
                -435.0,
                -338.0,
                -448.0,
                -431.0,
                -478.0,
                -337.0,
                -522.0,
                -347.0,
                -134.0,
                -525.0,
                -130.0,
                -411.0,
                -440.0,
                -144.0,
                -616.0,
                -468.0,
                -374.0,
                -166.0,
                -419.0,
                -429.0,
                -480.0,
                -252.0,
                -296.0,
                -550.0,
                -527.0,
                -492.0,
                -571.0,
                -433.0,
                -586.0,
                -387.0,
                -405.0,
                -440.0,
                -373.0,
                -336.0,
                -296.0,
                -534.0,
                -449.0,
                -340.0,
                -332.0,
                -402.0,
                -352.0,
                -392.0,
                -125.0,
                -292.0,
                -400.0,
                -445.0,
                -520.0,
                -484.0,
                -384.0,
                -561.0,
                -504.0,
                -571.0,
                -587.0,
                -363.0,
                -331.0
            ],