{
    "custom_metrics": {},
    "episode_media": {},
    "info": {
        "learner": {
            "policy_2": {
                "learner_stats": {
                    "allreduce_latency": 0.0,
                    "grad_gnorm": 1.9280180931091309,
                    "cur_kl_coeff": 0.6749999999999998,
                    "cur_lr": 5e-05,
                    "total_loss": 7.473783757469871,
                    "policy_loss": -0.11281941420306932,
                    "vf_loss": 7.709933198582043,
                    "vf_explained_var": -0.0044787820541497434,
                    "kl": 0.01246929088465595,
                    "entropy": 1.317468240405574,
                    "entropy_coeff": 0.09999999999999998
                },
                "model": {},
                "custom_metrics": {},
                "num_agent_steps_trained": 120.72727272727273,
                "num_grad_updates_lifetime": 280665.5,
                "diff_num_grad_updates_vs_sampler_policy": 164.5
            },
            "policy_0": {
                "learner_stats": {
                    "allreduce_latency": 0.0,
                    "grad_gnorm": 5.674217700958252,
                    "cur_kl_coeff": 0.08455137024721661,
                    "cur_lr": 5e-05,
                    "total_loss": 4.86616248217496,
                    "policy_loss": -0.07457654986699874,
                    "vf_loss": 4.943841340325095,
                    "vf_explained_var": 0.054295984362110944,
                    "kl": 0.019451354334406385,
                    "entropy": 0.47469722511190354,
                    "entropy_coeff": 0.01
                },
                "model": {},
                "custom_metrics": {},
                "num_agent_steps_trained": 121.45454545454545,
                "num_grad_updates_lifetime": 280665.5,
                "diff_num_grad_updates_vs_sampler_policy": 164.5
            },
            "policy_1": {
                "learner_stats": {
                    "allreduce_latency": 0.0,
                    "grad_gnorm": 1.9564987421035767,
                    "cur_kl_coeff": 0.50625,
                    "cur_lr": 5e-05,
                    "total_loss": 6.636696623310899,
                    "policy_loss": -0.08466367812432123,
                    "vf_loss": 6.762617746988933,
                    "vf_explained_var": -0.021533985390807642,
                    "kl": 0.009936276756275486,
                    "entropy": 0.9257533183603576,
                    "entropy_coeff": 0.04999999999999999
                },
                "model": {},
                "custom_metrics": {},
                "num_agent_steps_trained": 121.45454545454545,
                "num_grad_updates_lifetime": 280665.5,
                "diff_num_grad_updates_vs_sampler_policy": 164.5
            }
        },
        "num_env_steps_sampled": 3404000,
        "num_env_steps_trained": 3404000,
        "num_agent_steps_sampled": 3403998,
        "num_agent_steps_trained": 3403998
    },
    "env_runners": {
        "episode_reward_max": -143.0,
        "episode_reward_min": -649.0,
        "episode_reward_mean": -454.55,
        "episode_len_mean": 250.52,
        "episode_media": {},
        "episodes_timesteps_total": 25052,
        "policy_reward_min": {
            "policy_1": -400.0,
            "policy_2": -435.0,
            "policy_0": -355.0
        },
        "policy_reward_max": {
            "policy_1": 0.0,
            "policy_2": -32.0,
            "policy_0": 3.0
        },
        "policy_reward_mean": {
            "policy_1": -141.52,
            "policy_2": -196.64,
            "policy_0": -116.39
        },
        "custom_metrics": {},
        "hist_stats": {
            "episode_reward": [
                -354.0,
                -422.0,
                -389.0,
                -496.0,
                -464.0,
                -517.0,
                -580.0,
                -422.0,
                -335.0,
                -509.0,
                -589.0,
                -570.0,
                -444.0,
                -336.0,
                -631.0,
                -642.0,
                -537.0,
                -426.0,
                -486.0,
                -367.0,
                -522.0,
                -576.0,
                -307.0,
                -502.0,
                -463.0,
                -336.0,
                -341.0,
                -508.0,
                -464.0,
                -524.0,
                -277.0,
                -475.0,
                -519.0,
                -467.0,
                -432.0,
                -578.0,
                -475.0,
                -544.0,
                -427.0,
                -483.0,
                -487.0,
                -462.0,
                -539.0,
                -311.0,
                -476.0,
                -411.0,
                -552.0,
                -387.0,
                -548.0,
                -259.0,
                -518.0,
                -551.0,
                -538.0,
                -485.0,
                -518.0,
                -649.0,
                -486.0,
                -470.0,
                -280.0,
                -406.0,
                -270.0,
                -549.0,
                -294.0,
                -304.0,
                -464.0,
                -522.0,
                -519.0,
                -403.0,
                -458.0,
                -573.0,
                -580.0,
                -143.0,
                -497.0,
                -291.0,
                -438.0,
                -638.0,
                -378.0,
                -460.0,
                -502.0,
                -398.0,
                -448.0,
                -420.0,
                -488.0,
                -478.0,
                -437.0,
                -483.0,
                -431.0,
                -368.0,
                -450.0,
                -311.0,
                -326.0,
                -407.0,
                -601.0,
                -406.0,
                -536.0,
                -550.0,
                -271.0,
                -341.0,
                -375.0,
                -578.0
            ],