{
    "custom_metrics": {},
    "episode_media": {},
    "info": {
        "learner": {
            "policy_2": {
                "learner_stats": {
                    "allreduce_latency": 0.0,
                    "grad_gnorm": 4.463539123535156,
                    "cur_kl_coeff": 0.4500000000000002,
                    "cur_lr": 5e-05,
                    "total_loss": 7.564514261303526,
                    "policy_loss": -0.09122495608630055,
                    "vf_loss": 7.7871472141959455,
                    "vf_explained_var": -0.025299531402009905,
                    "kl": 0.01139291681793331,
                    "entropy": 1.3653481403986614,
                    "entropy_coeff": 0.09999999999999998
                },
                "model": {},
                "custom_metrics": {},
                "num_agent_steps_trained": 121.0,
                "num_grad_updates_lifetime": 132165.5,
                "diff_num_grad_updates_vs_sampler_policy": 164.5
            },
            "policy_0": {
                "learner_stats": {
                    "allreduce_latency": 0.0,
                    "grad_gnorm": 2.0283713340759277,
                    "cur_kl_coeff": 0.30409297943115243,
                    "cur_lr": 5e-05,
                    "total_loss": 7.94021483334628,
                    "policy_loss": -0.07535665075040676,
                    "vf_loss": 8.020501308730154,
                    "vf_explained_var": 0.019928840073672207,
                    "kl": 0.013141692506090865,
                    "entropy": 0.8926085351091443,
                    "entropy_coeff": 0.01
                },
                "model": {},
                "custom_metrics": {},
                "num_agent_steps_trained": 121.27272727272727,
                "num_grad_updates_lifetime": 132165.5,
                "diff_num_grad_updates_vs_sampler_policy": 164.5
            },
            "policy_1": {
                "learner_stats": {
                    "allreduce_latency": 0.0,
                    "grad_gnorm": 1.7052267789840698,
                    "cur_kl_coeff": 0.4500000000000002,
                    "cur_lr": 5e-05,
                    "total_loss": 9.410174317793413,
                    "policy_loss": -0.10017616501903501,
                    "vf_loss": 9.563452099308822,
                    "vf_explained_var": 0.018560723283074117,
                    "kl": 0.016756706552649308,
                    "entropy": 1.2128434173988574,
                    "entropy_coeff": 0.04999999999999999
                },
                "model": {},
                "custom_metrics": {},
                "num_agent_steps_trained": 121.36363636363636,
                "num_grad_updates_lifetime": 132165.5,
                "diff_num_grad_updates_vs_sampler_policy": 164.5
            }
        },
        "num_env_steps_sampled": 1604000,
        "num_env_steps_trained": 1604000,
        "num_agent_steps_sampled": 1603998,
        "num_agent_steps_trained": 1603998
    },
    "env_runners": {
        "episode_reward_max": -104.0,
        "episode_reward_min": -658.0,
        "episode_reward_mean": -405.99,
        "episode_len_mean": 493.88,
        "episode_media": {},
        "episodes_timesteps_total": 49388,
        "policy_reward_min": {
            "policy_1": -400.0,
            "policy_2": -405.0,
            "policy_0": -390.0
        },
        "policy_reward_max": {
            "policy_1": -16.0,
            "policy_2": -11.0,
            "policy_0": -1.0
        },
        "policy_reward_mean": {
            "policy_1": -104.05,
            "policy_2": -173.12,
            "policy_0": -128.82
        },
        "custom_metrics": {},
        "hist_stats": {
            "episode_reward": [
                -431.0,
                -478.0,
                -337.0,
                -522.0,
                -347.0,
                -134.0,
                -525.0,
                -130.0,
                -411.0,
                -440.0,
                -144.0,
                -616.0,
                -468.0,
                -374.0,
                -166.0,
                -419.0,
                -429.0,
                -480.0,
                -252.0,
                -296.0,
                -550.0,
                -527.0,
                -492.0,
                -571.0,
                -433.0,
                -586.0,
                -387.0,
                -405.0,
                -440.0,
                -373.0,
                -336.0,
                -296.0,
                -534.0,
                -449.0,
                -340.0,
                -332.0,
                -402.0,
                -352.0,
                -392.0,
                -125.0,
                -292.0,
                -400.0,
                -445.0,
                -520.0,
                -484.0,
                -384.0,
                -561.0,
                -504.0,
                -571.0,
                -587.0,
                -363.0,
                -331.0,
                -393.0,
                -375.0,
                -570.0,
                -447.0,
                -380.0,
                -104.0,
                -472.0,
                -352.0,
                -341.0,
                -400.0,
                -631.0,
                -449.0,
                -461.0,
                -325.0,
                -236.0,
                -421.0,
                -658.0,
                -465.0,
                -443.0,
                -481.0,
                -309.0,
                -263.0,
                -419.0,
                -238.0,
                -358.0,
                -410.0,
                -556.0,
                -462.0,
                -493.0,
                -268.0,
                -512.0,
                -236.0,
                -481.0,
                -342.0,
                -488.0,
                -442.0,
                -478.0,
                -389.0,
                -450.0,
                -338.0,
                -387.0,
                -277.0,
                -509.0,
                -255.0,
                -363.0,
                -441.0,
                -421.0,
                -447.0
            ],