{
    "custom_metrics": {},
    "episode_media": {},
    "info": {
        "learner": {
            "policy_2": {
                "learner_stats": {
                    "allreduce_latency": 0.0,
                    "grad_gnorm": 2.7394042015075684,
                    "cur_kl_coeff": 0.6749999999999998,
                    "cur_lr": 5e-05,
                    "total_loss": 6.388248293327563,
                    "policy_loss": -0.09921035793306532,
                    "vf_loss": 6.602912550261526,
                    "vf_explained_var": -0.023387427041024873,
                    "kl": 0.01187796060248042,
                    "entropy": 1.2347154772642888,
                    "entropy_coeff": 0.09999999999999998
                },
                "model": {},
                "custom_metrics": {},
                "num_agent_steps_trained": 120.72727272727273,
                "num_grad_updates_lifetime": 211365.5,
                "diff_num_grad_updates_vs_sampler_policy": 164.5
            },
            "policy_0": {
                "learner_stats": {
                    "allreduce_latency": 0.0,
                    "grad_gnorm": 4.436806678771973,
                    "cur_kl_coeff": 0.1300395095709121,
                    "cur_lr": 5e-05,
                    "total_loss": 6.20815588055235,
                    "policy_loss": -0.0833166773459225,
                    "vf_loss": 6.296429920196533,
                    "vf_explained_var": -0.014158203385092995,
                    "kl": 0.015751048445909882,
                    "entropy": 0.7005626909660571,
                    "entropy_coeff": 0.01
                },
                "model": {},
                "custom_metrics": {},
                "num_agent_steps_trained": 121.45454545454545,
                "num_grad_updates_lifetime": 211365.5,
                "diff_num_grad_updates_vs_sampler_policy": 164.5
            },
            "policy_1": {
                "learner_stats": {
                    "allreduce_latency": 0.0,
                    "grad_gnorm": 3.4458398818969727,
                    "cur_kl_coeff": 0.4500000000000002,
                    "cur_lr": 5e-05,
                    "total_loss": 6.450335889874083,
                    "policy_loss": -0.10076629844861049,
                    "vf_loss": 6.597661070390181,
                    "vf_explained_var": -0.014568668965137366,
                    "kl": 0.015361204097601909,
                    "entropy": 1.0694287459055583,
                    "entropy_coeff": 0.04999999999999999
                },
                "model": {},
                "custom_metrics": {},
                "num_agent_steps_trained": 121.45454545454545,
                "num_grad_updates_lifetime": 211365.5,
                "diff_num_grad_updates_vs_sampler_policy": 164.5
            }
        },
        "num_env_steps_sampled": 2564000,
        "num_env_steps_trained": 2564000,
        "num_agent_steps_sampled": 2563998,
        "num_agent_steps_trained": 2563998
    },
    "env_runners": {
        "episode_reward_max": -42.0,
        "episode_reward_min": -708.0,
        "episode_reward_mean": -438.51,
        "episode_len_mean": 433.22,
        "episode_media": {},
        "episodes_timesteps_total": 43322,
        "policy_reward_min": {
            "policy_0": -435.0,
            "policy_1": -410.0,
            "policy_2": -435.0
        },
        "policy_reward_max": {
            "policy_0": -6.0,
            "policy_1": -9.0,
            "policy_2": 0.0
        },
        "policy_reward_mean": {
            "policy_0": -119.07,
            "policy_1": -129.44,
            "policy_2": -190.0
        },
        "custom_metrics": {},
        "hist_stats": {
            "episode_reward": [
                -611.0,
                -225.0,
                -527.0,
                -413.0,
                -583.0,
                -564.0,
                -475.0,
                -582.0,
                -409.0,
                -208.0,
                -187.0,
                -506.0,
                -306.0,
                -433.0,
                -528.0,
                -623.0,
                -421.0,
                -341.0,
                -379.0,
                -445.0,
                -550.0,
                -611.0,
                -364.0,
                -415.0,
                -441.0,
                -124.0,
                -357.0,
                -490.0,
                -435.0,
                -477.0,
                -273.0,
                -446.0,
                -344.0,
                -660.0,
                -455.0,
                -459.0,
                -526.0,
                -626.0,
                -365.0,
                -352.0,
                -591.0,
                -603.0,
                -508.0,
                -301.0,
                -380.0,
                -456.0,
                -376.0,
                -327.0,
                -202.0,
                -438.0,
                -416.0,
                -460.0,
                -428.0,
                -536.0,
                -358.0,
                -562.0,
                -258.0,
                -548.0,
                -269.0,
                -400.0,
                -520.0,
                -440.0,
                -358.0,
                -447.0,
                -448.0,
                -452.0,
                -413.0,
                -561.0,
                -42.0,
                -252.0,
                -421.0,
                -456.0,
                -482.0,
                -523.0,
                -498.0,
                -332.0,
                -477.0,
                -92.0,
                -535.0,
                -358.0,
                -602.0,
                -517.0,
                -485.0,
                -708.0,
                -557.0,
                -437.0,
                -486.0,
                -610.0,
                -509.0,
                -304.0,
                -581.0,
                -374.0,
                -447.0,
                -537.0,
                -464.0,
                -488.0,
                -538.0,
                -434.0,
                -454.0,
                -259.0
            ],