{
    "custom_metrics": {},
    "episode_media": {},
    "info": {
        "learner": {
            "policy_2": {
                "learner_stats": {
                    "allreduce_latency": 0.0,
                    "grad_gnorm": 2.0247702598571777,
                    "cur_kl_coeff": 0.6749999999999998,
                    "cur_lr": 5e-05,
                    "total_loss": 5.201784628810304,
                    "policy_loss": -0.10032353128278346,
                    "vf_loss": 5.41880449959726,
                    "vf_explained_var": -0.0024152551636551366,
                    "kl": 0.010924110779217105,
                    "entropy": 1.2407013232057744,
                    "entropy_coeff": 0.09999999999999998
                },
                "model": {},
                "custom_metrics": {},
                "num_agent_steps_trained": 121.36363636363636,
                "num_grad_updates_lifetime": 323565.5,
                "diff_num_grad_updates_vs_sampler_policy": 164.5
            },
            "policy_0": {
                "learner_stats": {
                    "allreduce_latency": 0.0,
                    "grad_gnorm": 3.8436834812164307,
                    "cur_kl_coeff": 0.28925412855145405,
                    "cur_lr": 5e-05,
                    "total_loss": 6.733515417214596,
                    "policy_loss": -0.07089589529698997,
                    "vf_loss": 6.804898861682776,
                    "vf_explained_var": 0.020351226943911928,
                    "kl": 0.014325445097199184,
                    "entropy": 0.4631216316963687,
                    "entropy_coeff": 0.01
                },
                "model": {},
                "custom_metrics": {},
                "num_agent_steps_trained": 121.0909090909091,
                "num_grad_updates_lifetime": 323565.5,
                "diff_num_grad_updates_vs_sampler_policy": 164.5
            },
            "policy_1": {
                "learner_stats": {
                    "allreduce_latency": 0.0,
                    "grad_gnorm": 3.0270514488220215,
                    "cur_kl_coeff": 0.4271484375,
                    "cur_lr": 5e-05,
                    "total_loss": 5.680681014783454,
                    "policy_loss": -0.08567348858623794,
                    "vf_loss": 5.795982961943655,
                    "vf_explained_var": -0.0073380851384365195,
                    "kl": 0.010730576199269924,
                    "entropy": 0.6842402944059083,
                    "entropy_coeff": 0.04999999999999999
                },
                "model": {},
                "custom_metrics": {},
                "num_agent_steps_trained": 121.18181818181819,
                "num_grad_updates_lifetime": 323565.5,
                "diff_num_grad_updates_vs_sampler_policy": 164.5
            }
        },
        "num_env_steps_sampled": 3924000,
        "num_env_steps_trained": 3924000,
        "num_agent_steps_sampled": 3923998,
        "num_agent_steps_trained": 3923998
    },
    "env_runners": {
        "episode_reward_max": -94.0,
        "episode_reward_min": -647.0,
        "episode_reward_mean": -422.28,
        "episode_len_mean": 406.78,
        "episode_media": {},
        "episodes_timesteps_total": 40678,
        "policy_reward_min": {
            "policy_2": -475.0,
            "policy_0": -385.0,
            "policy_1": -380.0
        },
        "policy_reward_max": {
            "policy_2": -5.0,
            "policy_0": 15.0,
            "policy_1": -13.0
        },
        "policy_reward_mean": {
            "policy_2": -169.0,
            "policy_0": -113.9,
            "policy_1": -139.38
        },
        "custom_metrics": {},
        "hist_stats": {
            "episode_reward": [
                -471.0,
                -505.0,
                -393.0,
                -397.0,
                -518.0,
                -495.0,
                -368.0,
                -357.0,
                -457.0,
                -94.0,
                -424.0,
                -544.0,
                -367.0,
                -350.0,
                -333.0,
                -466.0,
                -506.0,
                -552.0,
                -462.0,
                -258.0,
                -647.0,
                -499.0,
                -312.0,
                -440.0,
                -497.0,
                -543.0,
                -459.0,
                -626.0,
                -455.0,
                -422.0,
                -411.0,
                -511.0,
                -388.0,
                -480.0,
                -559.0,
                -146.0,
                -390.0,
                -459.0,
                -527.0,
                -122.0,
                -281.0,
                -546.0,
                -411.0,
                -435.0,
                -362.0,
                -473.0,
                -192.0,
                -468.0,
                -534.0,
                -456.0,
                -340.0,
                -546.0,
                -375.0,
                -468.0,
                -471.0,
                -586.0,
                -482.0,
                -418.0,
                -403.0,
                -467.0,
                -168.0,
                -434.0,
                -559.0,
                -493.0,
                -575.0,
                -278.0,
                -331.0,
                -497.0,
                -493.0,
                -444.0,
                -354.0,
                -447.0,
                -428.0,
                -546.0,
                -297.0,
                -450.0,
                -569.0,
                -210.0,
                -364.0,
                -322.0,
                -541.0,
                -116.0,
                -569.0,
                -340.0,
                -440.0,
                -365.0,
                -482.0,
                -305.0,
                -382.0,
                -382.0,
                -396.0,
                -431.0,
                -392.0,
                -375.0,
                -539.0,
                -398.0,
                -271.0,
                -518.0,
                -466.0,
                -337.0
            ],