{
    "custom_metrics": {},
    "episode_media": {},
    "info": {
        "learner": {
            "policy_2": {
                "learner_stats": {
                    "allreduce_latency": 0.0,
                    "grad_gnorm": 1.840713381767273,
                    "cur_kl_coeff": 0.6749999999999998,
                    "cur_lr": 5e-05,
                    "total_loss": 8.169880401726925,
                    "policy_loss": -0.10503378767717743,
                    "vf_loss": 8.404478629430136,
                    "vf_explained_var": 0.0035870526776169286,
                    "kl": 0.012039906688588918,
                    "entropy": 1.37691357533137,
                    "entropy_coeff": 0.09999999999999998
                },
                "model": {},
                "custom_metrics": {},
                "num_agent_steps_trained": 120.0,
                "num_grad_updates_lifetime": 148665.5,
                "diff_num_grad_updates_vs_sampler_policy": 164.5
            },
            "policy_0": {
                "learner_stats": {
                    "allreduce_latency": 0.0,
                    "grad_gnorm": 1.6133004426956177,
                    "cur_kl_coeff": 0.1710523009300232,
                    "cur_lr": 5e-05,
                    "total_loss": 8.338278419321233,
                    "policy_loss": -0.073596677869897,
                    "vf_loss": 8.41853710232359,
                    "vf_explained_var": 0.01853252270004966,
                    "kl": 0.01630942376620211,
                    "entropy": 0.9451781901446256,
                    "entropy_coeff": 0.01
                },
                "model": {},
                "custom_metrics": {},
                "num_agent_steps_trained": 122.0909090909091,
                "num_grad_updates_lifetime": 148665.5,
                "diff_num_grad_updates_vs_sampler_policy": 164.5
            },
            "policy_1": {
                "learner_stats": {
                    "allreduce_latency": 0.0,
                    "grad_gnorm": 2.1329476833343506,
                    "cur_kl_coeff": 0.4500000000000002,
                    "cur_lr": 5e-05,
                    "total_loss": 8.300700056191646,
                    "policy_loss": -0.10613920768796974,
                    "vf_loss": 8.461181634845156,
                    "vf_explained_var": -0.004850868564663512,
                    "kl": 0.015784708760862787,
                    "entropy": 1.228910200884848,
                    "entropy_coeff": 0.04999999999999999
                },
                "model": {},
                "custom_metrics": {},
                "num_agent_steps_trained": 121.54545454545455,
                "num_grad_updates_lifetime": 148665.5,
                "diff_num_grad_updates_vs_sampler_policy": 164.5
            }
        },
        "num_env_steps_sampled": 1804000,
        "num_env_steps_trained": 1804000,
        "num_agent_steps_sampled": 1803998,
        "num_agent_steps_trained": 1803998
    },
    "env_runners": {
        "episode_reward_max": -174.0,
        "episode_reward_min": -654.0,
        "episode_reward_mean": -436.79,
        "episode_len_mean": 336.98,
        "episode_media": {},
        "episodes_timesteps_total": 33698,
        "policy_reward_min": {
            "policy_0": -360.0,
            "policy_1": -435.0,
            "policy_2": -460.0
        },
        "policy_reward_max": {
            "policy_0": 4.0,
            "policy_1": -13.0,
            "policy_2": -30.0
        },
        "policy_reward_mean": {
            "policy_0": -94.62,
            "policy_1": -133.2,
            "policy_2": -208.97
        },
        "custom_metrics": {},
        "hist_stats": {
            "episode_reward": [
                -301.0,
                -335.0,
                -613.0,
                -347.0,
                -482.0,
                -433.0,
                -530.0,
                -446.0,
                -345.0,
                -443.0,
                -511.0,
                -394.0,
                -562.0,
                -284.0,
                -268.0,
                -541.0,
                -429.0,
                -337.0,
                -553.0,
                -405.0,
                -488.0,
                -318.0,
                -445.0,
                -401.0,
                -528.0,
                -349.0,
                -494.0,
                -580.0,
                -209.0,
                -227.0,
                -296.0,
                -448.0,
                -467.0,
                -592.0,
                -302.0,
                -397.0,
                -395.0,
                -380.0,
                -602.0,
                -654.0,
                -591.0,
                -584.0,
                -498.0,
                -373.0,
                -535.0,
                -368.0,
                -316.0,
                -425.0,
                -588.0,
                -595.0,
                -635.0,
                -460.0,
                -289.0,
                -450.0,
                -452.0,
                -355.0,
                -431.0,
                -541.0,
                -246.0,
                -260.0,
                -174.0,
                -472.0,
                -498.0,
                -299.0,
                -482.0,
                -415.0,
                -216.0,
                -267.0,
                -398.0,
                -572.0,
                -428.0,
                -454.0,
                -438.0,
                -417.0,
                -436.0,
                -456.0,
                -385.0,
                -481.0,
                -468.0,
                -474.0,
                -576.0,
                -608.0,
                -483.0,
                -518.0,
                -624.0,
                -437.0,
                -281.0,
                -480.0,
                -442.0,
                -556.0,
                -434.0,
                -375.0,
                -596.0,
                -415.0,
                -444.0,
                -399.0,
                -282.0,
                -467.0,
                -418.0,
                -491.0
            ],