{
    "custom_metrics": {},
    "episode_media": {},
    "info": {
        "learner": {
            "policy_2": {
                "learner_stats": {
                    "allreduce_latency": 0.0,
                    "grad_gnorm": 3.1519815921783447,
                    "cur_kl_coeff": 0.4500000000000002,
                    "cur_lr": 5e-05,
                    "total_loss": 7.157250022888183,
                    "policy_loss": -0.08331679839810187,
                    "vf_loss": 7.36636390541539,
                    "vf_explained_var": -0.03314445235512473,
                    "kl": 0.012834460940736496,
                    "entropy": 1.3157260128946016,
                    "entropy_coeff": 0.09999999999999998
                },
                "model": {},
                "custom_metrics": {},
                "num_agent_steps_trained": 121.18181818181819,
                "num_grad_updates_lifetime": 77715.5,
                "diff_num_grad_updates_vs_sampler_policy": 164.5
            },
            "policy_0": {
                "learner_stats": {
                    "allreduce_latency": 0.0,
                    "grad_gnorm": 5.785916328430176,
                    "cur_kl_coeff": 0.2847656249999999,
                    "cur_lr": 5e-05,
                    "total_loss": 2.0873165092685007,
                    "policy_loss": -0.05998055218069842,
                    "vf_loss": 2.1482434818238922,
                    "vf_explained_var": 0.10065323999433806,
                    "kl": 0.005769132665824895,
                    "entropy": 0.25892754797682616,
                    "entropy_coeff": 0.01
                },
                "model": {},
                "custom_metrics": {},
                "num_agent_steps_trained": 121.63636363636364,
                "num_grad_updates_lifetime": 77715.5,
                "diff_num_grad_updates_vs_sampler_policy": 164.5
            },
            "policy_1": {
                "learner_stats": {
                    "allreduce_latency": 0.0,
                    "grad_gnorm": 2.2373199462890625,
                    "cur_kl_coeff": 0.4500000000000002,
                    "cur_lr": 5e-05,
                    "total_loss": 8.413007967399828,
                    "policy_loss": -0.08563844307861997,
                    "vf_loss": 8.550318361051154,
                    "vf_explained_var": 0.001651871023756085,
                    "kl": 0.01235164497072891,
                    "entropy": 1.1446039254015141,
                    "entropy_coeff": 0.04999999999999999
                },
                "model": {},
                "custom_metrics": {},
                "num_agent_steps_trained": 120.72727272727273,
                "num_grad_updates_lifetime": 77715.5,
                "diff_num_grad_updates_vs_sampler_policy": 164.5
            }
        },
        "num_env_steps_sampled": 944000,
        "num_env_steps_trained": 944000,
        "num_agent_steps_sampled": 943998,
        "num_agent_steps_trained": 943998
    },
    "env_runners": {
        "episode_reward_max": -180.0,
        "episode_reward_min": -631.0,
        "episode_reward_mean": -412.04,
        "episode_len_mean": 333.54,
        "episode_media": {},
        "episodes_timesteps_total": 33354,
        "policy_reward_min": {
            "policy_1": -340.0,
            "policy_2": -445.0,
            "policy_0": -435.0
        },
        "policy_reward_max": {
            "policy_1": -22.0,
            "policy_2": -18.0,
            "policy_0": 0.0
        },
        "policy_reward_mean": {
            "policy_1": -125.25,
            "policy_2": -188.27,
            "policy_0": -98.52
        },
        "custom_metrics": {},
        "hist_stats": {
            "episode_reward": [
                -504.0,
                -526.0,
                -419.0,
                -312.0,
                -334.0,
                -180.0,
                -404.0,
                -509.0,
                -382.0,
                -572.0,
                -385.0,
                -603.0,
                -563.0,
                -501.0,
                -436.0,
                -465.0,
                -631.0,
                -342.0,
                -612.0,
                -335.0,
                -461.0,
                -434.0,
                -434.0,
                -355.0,
                -489.0,
                -490.0,
                -439.0,
                -428.0,
                -230.0,
                -340.0,
                -326.0,
                -415.0,
                -381.0,
                -428.0,
                -473.0,
                -347.0,
                -447.0,
                -421.0,
                -382.0,
                -419.0,
                -270.0,
                -452.0,
                -344.0,
                -391.0,
                -317.0,
                -489.0,
                -221.0,
                -492.0,
                -276.0,
                -300.0,
                -423.0,
                -592.0,
                -333.0,
                -400.0,
                -391.0,
                -249.0,
                -459.0,
                -545.0,
                -426.0,
                -426.0,
                -534.0,
                -537.0,
                -468.0,
                -327.0,
                -273.0,
                -435.0,
                -210.0,
                -507.0,
                -351.0,
                -296.0,
                -471.0,
                -469.0,
                -514.0,
                -588.0,
                -346.0,
                -493.0,
                -463.0,
                -537.0,
                -283.0,
                -450.0,
                -241.0,
                -281.0,
                -463.0,
                -365.0,
                -541.0,
                -586.0,
                -325.0,
                -388.0,
                -491.0,
                -277.0,
                -437.0,
                -394.0,
                -381.0,
                -366.0,
                -392.0,
                -183.0,
                -354.0,
                -463.0,
                -382.0,
                -392.0
            ],