{
    "custom_metrics": {},
    "episode_media": {},
    "info": {
        "learner": {
            "policy_2": {
                "learner_stats": {
                    "allreduce_latency": 0.0,
                    "grad_gnorm": 2.6287245750427246,
                    "cur_kl_coeff": 0.19999999999999996,
                    "cur_lr": 5e-05,
                    "total_loss": 7.838486525506684,
                    "policy_loss": -0.0705105556937104,
                    "vf_loss": 8.048238930557714,
                    "vf_explained_var": 0.055872820182280104,
                    "kl": 0.01089553456295445,
                    "entropy": 1.4142097574291808,
                    "entropy_coeff": 0.09999999999999998
                },
                "model": {},
                "custom_metrics": {},
                "num_agent_steps_trained": 121.0,
                "num_grad_updates_lifetime": 18315.5,
                "diff_num_grad_updates_vs_sampler_policy": 164.5
            },
            "policy_0": {
                "learner_stats": {
                    "allreduce_latency": 0.0,
                    "grad_gnorm": 5.394574165344238,
                    "cur_kl_coeff": 0.19999999999999996,
                    "cur_lr": 5e-05,
                    "total_loss": 6.280534380132502,
                    "policy_loss": -0.05697866260130523,
                    "vf_loss": 6.342556203495373,
                    "vf_explained_var": 0.10412118723898223,
                    "kl": 0.009595026218988096,
                    "entropy": 0.6962164737961509,
                    "entropy_coeff": 0.01
                },
                "model": {},
                "custom_metrics": {},
                "num_agent_steps_trained": 121.36363636363636,
                "num_grad_updates_lifetime": 18315.5,
                "diff_num_grad_updates_vs_sampler_policy": 164.5
            },
            "policy_1": {
                "learner_stats": {
                    "allreduce_latency": 0.0,
                    "grad_gnorm": 1.2636171579360962,
                    "cur_kl_coeff": 0.19999999999999996,
                    "cur_lr": 5e-05,
                    "total_loss": 8.95288632999767,
                    "policy_loss": -0.0726640204645016,
                    "vf_loss": 9.08784596414277,
                    "vf_explained_var": 0.007677838115981131,
                    "kl": 0.012867341512718185,
                    "entropy": 1.2973811825116475,
                    "entropy_coeff": 0.04999999999999999
                },
                "model": {},
                "custom_metrics": {},
                "num_agent_steps_trained": 121.27272727272727,
                "num_grad_updates_lifetime": 18315.5,
                "diff_num_grad_updates_vs_sampler_policy": 164.5
            }
        },
        "num_env_steps_sampled": 224000,
        "num_env_steps_trained": 224000,
        "num_agent_steps_sampled": 223998,
        "num_agent_steps_trained": 223998
    },
    "env_runners": {
        "episode_reward_max": -132.0,
        "episode_reward_min": -638.0,
        "episode_reward_mean": -432.53,
        "episode_len_mean": 358.36,
        "episode_media": {},
        "episodes_timesteps_total": 35836,
        "policy_reward_min": {
            "policy_0": -380.0,
            "policy_1": -380.0,
            "policy_2": -370.0
        },
        "policy_reward_max": {
            "policy_0": 2.0,
            "policy_1": -27.0,
            "policy_2": -16.0
        },
        "policy_reward_mean": {
            "policy_0": -110.84,
            "policy_1": -140.42,
            "policy_2": -181.27
        },
        "custom_metrics": {},
        "hist_stats": {
            "episode_reward": [
                -377.0,
                -366.0,
                -638.0,
                -429.0,
                -392.0,
                -399.0,
                -400.0,
                -461.0,
                -283.0,
                -385.0,
                -325.0,
                -571.0,
                -443.0,
                -522.0,
                -334.0,
                -424.0,
                -511.0,
                -412.0,
                -404.0,
                -482.0,
                -468.0,
                -481.0,
                -470.0,
                -416.0,
                -443.0,
                -293.0,
                -411.0,
                -328.0,
                -446.0,
                -442.0,
                -333.0,
                -486.0,
                -431.0,
                -426.0,
                -586.0,
                -438.0,
                -436.0,
                -463.0,
                -436.0,
                -458.0,
                -500.0,
                -523.0,
                -332.0,
                -405.0,
                -132.0,
                -363.0,
                -270.0,
                -296.0,
                -428.0,
                -373.0,
                -355.0,
                -284.0,
                -384.0,
                -319.0,
                -570.0,
                -455.0,
                -214.0,
                -355.0,
                -477.0,
                -422.0,
                -433.0,
                -484.0,
                -530.0,
                -450.0,
                -433.0,
                -399.0,
                -507.0,
                -388.0,
                -409.0,
                -445.0,
                -483.0,
                -523.0,
                -368.0,
                -448.0,
                -473.0,
                -495.0,
                -478.0,
                -450.0,
                -493.0,
                -381.0,
                -442.0,
                -379.0,
                -404.0,
                -517.0,
                -490.0,
                -421.0,
                -444.0,
                -526.0,
                -374.0,
                -612.0,
                -514.0,
                -331.0,
                -558.0,
                -338.0,
                -552.0,
                -574.0,
                -488.0,
                -553.0,
                -469.0,
                -491.0
            ],