{
    "custom_metrics": {},
    "episode_media": {},
    "info": {
        "learner": {
            "policy_2": {
                "learner_stats": {
                    "allreduce_latency": 0.0,
                    "grad_gnorm": 2.458996295928955,
                    "cur_kl_coeff": 0.6749999999999998,
                    "cur_lr": 5e-05,
                    "total_loss": 2.996955245552641,
                    "policy_loss": -0.09164267925049044,
                    "vf_loss": 3.209838956052607,
                    "vf_explained_var": -0.0018338878949483235,
                    "kl": 0.011702029697682774,
                    "entropy": 1.2913990963589062,
                    "entropy_coeff": 0.09999999999999998
                },
                "model": {},
                "custom_metrics": {},
                "num_agent_steps_trained": 121.18181818181819,
                "num_grad_updates_lifetime": 250965.5,
                "diff_num_grad_updates_vs_sampler_policy": 164.5
            },
            "policy_0": {
                "learner_stats": {
                    "allreduce_latency": 0.0,
                    "grad_gnorm": 2.2394933700561523,
                    "cur_kl_coeff": 0.1876800149205436,
                    "cur_lr": 5e-05,
                    "total_loss": 2.661164315180345,
                    "policy_loss": -0.06281353614846893,
                    "vf_loss": 2.717051956870339,
                    "vf_explained_var": 0.22021619695605654,
                    "kl": 0.046733414296966695,
                    "entropy": 0.1845054279674183,
                    "entropy_coeff": 0.01
                },
                "model": {},
                "custom_metrics": {},
                "num_agent_steps_trained": 121.18181818181819,
                "num_grad_updates_lifetime": 250965.5,
                "diff_num_grad_updates_vs_sampler_policy": 164.5
            },
            "policy_1": {
                "learner_stats": {
                    "allreduce_latency": 0.0,
                    "grad_gnorm": 1.7423458099365234,
                    "cur_kl_coeff": 0.50625,
                    "cur_lr": 5e-05,
                    "total_loss": 2.6597201098095287,
                    "policy_loss": -0.05224080900238319,
                    "vf_loss": 2.7432301795843874,
                    "vf_explained_var": -0.0007191253430915601,
                    "kl": 0.005876498470035488,
                    "entropy": 0.684884744069793,
                    "entropy_coeff": 0.04999999999999999
                },
                "model": {},
                "custom_metrics": {},
                "num_agent_steps_trained": 121.27272727272727,
                "num_grad_updates_lifetime": 250965.5,
                "diff_num_grad_updates_vs_sampler_policy": 164.5
            }
        },
        "num_env_steps_sampled": 3044000,
        "num_env_steps_trained": 3044000,
        "num_agent_steps_sampled": 3043998,
        "num_agent_steps_trained": 3043998
    },
    "env_runners": {
        "episode_reward_max": -70.0,
        "episode_reward_min": -659.0,
        "episode_reward_mean": -413.09,
        "episode_len_mean": 402.28,
        "episode_media": {},
        "episodes_timesteps_total": 40228,
        "policy_reward_min": {
            "policy_1": -420.0,
            "policy_2": -400.0,
            "policy_0": -355.0
        },
        "policy_reward_max": {
            "policy_1": 5.0,
            "policy_2": 10.0,
            "policy_0": 12.0
        },
        "policy_reward_mean": {
            "policy_1": -106.52,
            "policy_2": -206.14,
            "policy_0": -100.43
        },
        "custom_metrics": {},
        "hist_stats": {
            "episode_reward": [
                -290.0,
                -404.0,
                -252.0,
                -435.0,
                -242.0,
                -445.0,
                -350.0,
                -294.0,
                -533.0,
                -508.0,
                -462.0,
                -586.0,
                -444.0,
                -276.0,
                -469.0,
                -456.0,
                -486.0,
                -374.0,
                -616.0,
                -571.0,
                -237.0,
                -548.0,
                -450.0,
                -380.0,
                -354.0,
                -349.0,
                -581.0,
                -460.0,
                -270.0,
                -550.0,
                -592.0,
                -387.0,
                -552.0,
                -421.0,
                -402.0,
                -387.0,
                -475.0,
                -495.0,
                -319.0,
                -523.0,
                -70.0,
                -458.0,
                -501.0,
                -256.0,
                -500.0,
                -204.0,
                -542.0,
                -504.0,
                -514.0,
                -520.0,
                -317.0,
                -397.0,
                -416.0,
                -439.0,
                -141.0,
                -402.0,
                -185.0,
                -399.0,
                -431.0,
                -477.0,
                -357.0,
                -413.0,
                -531.0,
                -358.0,
                -510.0,
                -536.0,
                -536.0,
                -505.0,
                -303.0,
                -659.0,
                -141.0,
                -301.0,
                -394.0,
                -431.0,
                -354.0,
                -489.0,
                -377.0,
                -433.0,
                -457.0,
                -354.0,
                -464.0,
                -321.0,
                -336.0,
                -512.0,
                -459.0,
                -451.0,
                -483.0,
                -389.0,
                -473.0,
                -393.0,
                -488.0,
                -269.0,
                -289.0,
                -182.0,
                -422.0,
                -480.0,
                -534.0,
                -264.0,
                -350.0,
                -413.0
            ],