{
    "custom_metrics": {},
    "episode_media": {},
    "info": {
        "learner": {
            "policy_2": {
                "learner_stats": {
                    "allreduce_latency": 0.0,
                    "grad_gnorm": 1.7967263460159302,
                    "cur_kl_coeff": 0.19999999999999996,
                    "cur_lr": 5e-05,
                    "total_loss": 9.12072462313103,
                    "policy_loss": -0.08297650304457145,
                    "vf_loss": 9.336872392712218,
                    "vf_explained_var": 0.006105182568232218,
                    "kl": 0.014192838006339048,
                    "entropy": 1.3600980935674725,
                    "entropy_coeff": 0.09999999999999998
                },
                "model": {},
                "custom_metrics": {},
                "num_agent_steps_trained": 120.81818181818181,
                "num_grad_updates_lifetime": 31515.5,
                "diff_num_grad_updates_vs_sampler_policy": 164.5
            },
            "policy_0": {
                "learner_stats": {
                    "allreduce_latency": 0.0,
                    "grad_gnorm": 5.229082107543945,
                    "cur_kl_coeff": 0.04999999999999999,
                    "cur_lr": 5e-05,
                    "total_loss": 6.2651416966409395,
                    "policy_loss": -0.06236784118933208,
                    "vf_loss": 6.332567694692901,
                    "vf_explained_var": 0.02688036777756431,
                    "kl": 0.009639763977329768,
                    "entropy": 0.554016891934655,
                    "entropy_coeff": 0.01
                },
                "model": {},
                "custom_metrics": {},
                "num_agent_steps_trained": 121.54545454545455,
                "num_grad_updates_lifetime": 31515.5,
                "diff_num_grad_updates_vs_sampler_policy": 164.5
            },
            "policy_1": {
                "learner_stats": {
                    "allreduce_latency": 0.0,
                    "grad_gnorm": 1.2772657871246338,
                    "cur_kl_coeff": 0.19999999999999996,
                    "cur_lr": 5e-05,
                    "total_loss": 9.802879067623254,
                    "policy_loss": -0.0843194033767125,
                    "vf_loss": 9.948041635571105,
                    "vf_explained_var": 0.08601115869753288,
                    "kl": 0.016000452652726784,
                    "entropy": 1.2808647847536838,
                    "entropy_coeff": 0.04999999999999999
                },
                "model": {},
                "custom_metrics": {},
                "num_agent_steps_trained": 121.27272727272727,
                "num_grad_updates_lifetime": 31515.5,
                "diff_num_grad_updates_vs_sampler_policy": 164.5
            }
        },
        "num_env_steps_sampled": 384000,
        "num_env_steps_trained": 384000,
        "num_agent_steps_sampled": 383998,
        "num_agent_steps_trained": 383998
    },
    "env_runners": {
        "episode_reward_max": -183.0,
        "episode_reward_min": -659.0,
        "episode_reward_mean": -437.15,
        "episode_len_mean": 375.92,
        "episode_media": {},
        "episodes_timesteps_total": 37592,
        "policy_reward_min": {
            "policy_0": -405.0,
            "policy_1": -410.0,
            "policy_2": -410.0
        },
        "policy_reward_max": {
            "policy_0": 0.0,
            "policy_1": -15.0,
            "policy_2": -29.0
        },
        "policy_reward_mean": {
            "policy_0": -94.13,
            "policy_1": -146.94,
            "policy_2": -196.08
        },
        "custom_metrics": {},
        "hist_stats": {
            "episode_reward": [
                -267.0,
                -329.0,
                -434.0,
                -399.0,
                -543.0,
                -463.0,
                -582.0,
                -498.0,
                -480.0,
                -514.0,
                -350.0,
                -407.0,
                -365.0,
                -575.0,
                -551.0,
                -434.0,
                -333.0,
                -588.0,
                -474.0,
                -564.0,
                -513.0,
                -425.0,
                -524.0,
                -595.0,
                -183.0,
                -475.0,
                -427.0,
                -519.0,
                -295.0,
                -557.0,
                -205.0,
                -400.0,
                -333.0,
                -567.0,
                -364.0,
                -278.0,
                -384.0,
                -247.0,
                -364.0,
                -432.0,
                -473.0,
                -370.0,
                -415.0,
                -438.0,
                -513.0,
                -417.0,
                -616.0,
                -338.0,
                -609.0,
                -512.0,
                -395.0,
                -344.0,
                -390.0,
                -455.0,
                -398.0,
                -411.0,
                -572.0,
                -413.0,
                -418.0,
                -394.0,
                -422.0,
                -659.0,
                -577.0,
                -277.0,
                -485.0,
                -509.0,
                -278.0,
                -455.0,
                -441.0,
                -393.0,
                -512.0,
                -444.0,
                -325.0,
                -399.0,
                -412.0,
                -345.0,
                -592.0,
                -449.0,
                -407.0,
                -350.0,
                -392.0,
                -381.0,
                -376.0,
                -222.0,
                -298.0,
                -544.0,
                -471.0,
                -415.0,
                -528.0,
                -411.0,
                -420.0,
                -350.0,
                -547.0,
                -559.0,
                -446.0,
                -468.0,
                -647.0,
                -277.0,
                -454.0,
                -650.0
            ],