{
    "custom_metrics": {},
    "episode_media": {},
    "info": {
        "learner": {
            "policy_2": {
                "learner_stats": {
                    "allreduce_latency": 0.0,
                    "grad_gnorm": 1.6310073137283325,
                    "cur_kl_coeff": 0.6749999999999998,
                    "cur_lr": 5e-05,
                    "total_loss": 9.699225503748114,
                    "policy_loss": -0.11242728869741161,
                    "vf_loss": 9.938812521732215,
                    "vf_explained_var": 0.00032479076674490264,
                    "kl": 0.013005718994114575,
                    "entropy": 1.35938574256319,
                    "entropy_coeff": 0.09999999999999998
                },
                "model": {},
                "custom_metrics": {},
                "num_agent_steps_trained": 120.9090909090909,
                "num_grad_updates_lifetime": 283965.5,
                "diff_num_grad_updates_vs_sampler_policy": 164.5
            },
            "policy_0": {
                "learner_stats": {
                    "allreduce_latency": 0.0,
                    "grad_gnorm": 1.447411298751831,
                    "cur_kl_coeff": 0.14268043729217803,
                    "cur_lr": 5e-05,
                    "total_loss": 9.837449579527885,
                    "policy_loss": -0.10439934437798166,
                    "vf_loss": 9.948662159659646,
                    "vf_explained_var": 0.029273811795494774,
                    "kl": 0.021456332295560786,
                    "entropy": 0.9874615257436579,
                    "entropy_coeff": 0.01
                },
                "model": {},
                "custom_metrics": {},
                "num_agent_steps_trained": 121.27272727272727,
                "num_grad_updates_lifetime": 283965.5,
                "diff_num_grad_updates_vs_sampler_policy": 164.5
            },
            "policy_1": {
                "learner_stats": {
                    "allreduce_latency": 0.0,
                    "grad_gnorm": 1.5863969326019287,
                    "cur_kl_coeff": 0.50625,
                    "cur_lr": 5e-05,
                    "total_loss": 9.78515635692712,
                    "policy_loss": -0.1104287766230603,
                    "vf_loss": 9.948316926667184,
                    "vf_explained_var": -0.003008351542732932,
                    "kl": 0.016441985453884374,
                    "entropy": 1.2211116723942035,
                    "entropy_coeff": 0.04999999999999999
                },
                "model": {},
                "custom_metrics": {},
                "num_agent_steps_trained": 121.45454545454545,
                "num_grad_updates_lifetime": 283965.5,
                "diff_num_grad_updates_vs_sampler_policy": 164.5
            }
        },
        "num_env_steps_sampled": 3444000,
        "num_env_steps_trained": 3444000,
        "num_agent_steps_sampled": 3443998,
        "num_agent_steps_trained": 3443998
    },
    "env_runners": {
        "episode_reward_max": -53.0,
        "episode_reward_min": -689.0,
        "episode_reward_mean": -403.27,
        "episode_len_mean": 386.82,
        "episode_media": {},
        "episodes_timesteps_total": 38682,
        "policy_reward_min": {
            "policy_1": -390.0,
            "policy_2": -465.0,
            "policy_0": -445.0
        },
        "policy_reward_max": {
            "policy_1": -4.0,
            "policy_2": -20.0,
            "policy_0": -3.0
        },
        "policy_reward_mean": {
            "policy_1": -141.45,
            "policy_2": -169.36,
            "policy_0": -92.46
        },
        "custom_metrics": {},
        "hist_stats": {
            "episode_reward": [
                -378.0,
                -133.0,
                -412.0,
                -437.0,
                -353.0,
                -474.0,
                -388.0,
                -129.0,
                -209.0,
                -291.0,
                -74.0,
                -348.0,
                -340.0,
                -398.0,
                -588.0,
                -435.0,
                -602.0,
                -446.0,
                -473.0,
                -488.0,
                -459.0,
                -498.0,
                -425.0,
                -477.0,
                -689.0,
                -461.0,
                -385.0,
                -413.0,
                -223.0,
                -453.0,
                -450.0,
                -166.0,
                -481.0,
                -596.0,
                -461.0,
                -435.0,
                -547.0,
                -522.0,
                -462.0,
                -332.0,
                -488.0,
                -411.0,
                -450.0,
                -394.0,
                -429.0,
                -428.0,
                -308.0,
                -383.0,
                -412.0,
                -457.0,
                -502.0,
                -367.0,
                -390.0,
                -352.0,
                -444.0,
                -357.0,
                -289.0,
                -469.0,
                -410.0,
                -502.0,
                -435.0,
                -181.0,
                -463.0,
                -373.0,
                -482.0,
                -209.0,
                -521.0,
                -322.0,
                -466.0,
                -257.0,
                -360.0,
                -456.0,
                -487.0,
                -53.0,
                -458.0,
                -199.0,
                -166.0,
                -71.0,
                -387.0,
                -450.0,
                -353.0,
                -595.0,
                -397.0,
                -461.0,
                -460.0,
                -340.0,
                -450.0,
                -475.0,
                -403.0,
                -302.0,
                -414.0,
                -402.0,
                -418.0,
                -475.0,
                -390.0,
                -510.0,
                -617.0,
                -487.0,
                -527.0,
                -482.0
            ],