{
    "custom_metrics": {},
    "episode_media": {},
    "info": {
        "learner": {
            "policy_2": {
                "learner_stats": {
                    "allreduce_latency": 0.0,
                    "grad_gnorm": 4.107606410980225,
                    "cur_kl_coeff": 0.6749999999999998,
                    "cur_lr": 5e-05,
                    "total_loss": 3.2246612841432745,
                    "policy_loss": -0.0987321941802899,
                    "vf_loss": 3.439196097128319,
                    "vf_explained_var": 0.010589625979914809,
                    "kl": 0.012210946783374105,
                    "entropy": 1.2404501391179634,
                    "entropy_coeff": 0.09999999999999998
                },
                "model": {},
                "custom_metrics": {},
                "num_agent_steps_trained": 121.18181818181819,
                "num_grad_updates_lifetime": 316965.5,
                "diff_num_grad_updates_vs_sampler_policy": 164.5
            },
            "policy_0": {
                "learner_stats": {
                    "allreduce_latency": 0.0,
                    "grad_gnorm": 5.178175449371338,
                    "cur_kl_coeff": 0.38567217140193877,
                    "cur_lr": 5e-05,
                    "total_loss": 2.7223982529206707,
                    "policy_loss": -0.06420424322625905,
                    "vf_loss": 2.7843073071855486,
                    "vf_explained_var": 0.08288850152131283,
                    "kl": 0.013229497633189868,
                    "entropy": 0.2807057475953391,
                    "entropy_coeff": 0.01
                },
                "model": {},
                "custom_metrics": {},
                "num_agent_steps_trained": 121.36363636363636,
                "num_grad_updates_lifetime": 316965.5,
                "diff_num_grad_updates_vs_sampler_policy": 164.5
            },
            "policy_1": {
                "learner_stats": {
                    "allreduce_latency": 0.0,
                    "grad_gnorm": 3.7649240493774414,
                    "cur_kl_coeff": 0.4271484375,
                    "cur_lr": 5e-05,
                    "total_loss": 2.7956610845796988,
                    "policy_loss": -0.08545330722788066,
                    "vf_loss": 2.913836800329613,
                    "vf_explained_var": 0.0007566845778262976,
                    "kl": 0.01143978093685181,
                    "entropy": 0.7521778318015012,
                    "entropy_coeff": 0.04999999999999999
                },
                "model": {},
                "custom_metrics": {},
                "num_agent_steps_trained": 121.0909090909091,
                "num_grad_updates_lifetime": 316965.5,
                "diff_num_grad_updates_vs_sampler_policy": 164.5
            }
        },
        "num_env_steps_sampled": 3844000,
        "num_env_steps_trained": 3844000,
        "num_agent_steps_sampled": 3843998,
        "num_agent_steps_trained": 3843998
    },
    "env_runners": {
        "episode_reward_max": -95.0,
        "episode_reward_min": -596.0,
        "episode_reward_mean": -405.58,
        "episode_len_mean": 400.3,
        "episode_media": {},
        "episodes_timesteps_total": 40030,
        "policy_reward_min": {
            "policy_1": -375.0,
            "policy_2": -450.0,
            "policy_0": -320.0
        },
        "policy_reward_max": {
            "policy_1": -5.0,
            "policy_2": -20.0,
            "policy_0": 2.0
        },
        "policy_reward_mean": {
            "policy_1": -129.44,
            "policy_2": -182.63,
            "policy_0": -93.51
        },
        "custom_metrics": {},
        "hist_stats": {
            "episode_reward": [
                -454.0,
                -385.0,
                -433.0,
                -522.0,
                -487.0,
                -353.0,
                -404.0,
                -362.0,
                -472.0,
                -596.0,
                -519.0,
                -485.0,
                -435.0,
                -429.0,
                -465.0,
                -420.0,
                -429.0,
                -375.0,
                -319.0,
                -414.0,
                -359.0,
                -385.0,
                -378.0,
                -507.0,
                -472.0,
                -451.0,
                -406.0,
                -448.0,
                -403.0,
                -267.0,
                -378.0,
                -336.0,
                -568.0,
                -368.0,
                -194.0,
                -513.0,
                -579.0,
                -536.0,
                -95.0,
                -339.0,
                -472.0,
                -538.0,
                -506.0,
                -165.0,
                -472.0,
                -291.0,
                -326.0,
                -291.0,
                -350.0,
                -438.0,
                -567.0,
                -524.0,
                -561.0,
                -463.0,
                -520.0,
                -575.0,
                -331.0,
                -542.0,
                -382.0,
                -555.0,
                -414.0,
                -273.0,
                -107.0,
                -418.0,
                -413.0,
                -455.0,
                -211.0,
                -406.0,
                -414.0,
                -324.0,
                -521.0,
                -490.0,
                -347.0,
                -357.0,
                -138.0,
                -227.0,
                -462.0,
                -401.0,
                -380.0,
                -431.0,
                -223.0,
                -372.0,
                -450.0,
                -337.0,
                -426.0,
                -220.0,
                -191.0,
                -469.0,
                -345.0,
                -530.0,
                -440.0,
                -542.0,
                -431.0,
                -423.0,
                -488.0,
                -351.0,
                -395.0,
                -453.0,
                -290.0,
                -384.0
            ],