{
    "custom_metrics": {},
    "episode_media": {},
    "info": {
        "learner": {
            "policy_2": {
                "learner_stats": {
                    "allreduce_latency": 0.0,
                    "grad_gnorm": 2.2678020000457764,
                    "cur_kl_coeff": 0.6749999999999998,
                    "cur_lr": 5e-05,
                    "total_loss": 5.578514902519458,
                    "policy_loss": -0.10746917965906587,
                    "vf_loss": 5.7953127730976455,
                    "vf_explained_var": -0.005120723536520293,
                    "kl": 0.015171284031908715,
                    "entropy": 1.1956930395328638,
                    "entropy_coeff": 0.09999999999999998
                },
                "model": {},
                "custom_metrics": {},
                "num_agent_steps_trained": 120.9090909090909,
                "num_grad_updates_lifetime": 287265.5,
                "diff_num_grad_updates_vs_sampler_policy": 164.5
            },
            "policy_0": {
                "learner_stats": {
                    "allreduce_latency": 0.0,
                    "grad_gnorm": 4.745528697967529,
                    "cur_kl_coeff": 0.2140206559382671,
                    "cur_lr": 5e-05,
                    "total_loss": 3.9413251038753625,
                    "policy_loss": -0.06621577495031736,
                    "vf_loss": 4.008186290480873,
                    "vf_explained_var": 0.08638366677544333,
                    "kl": 0.010026018411271764,
                    "entropy": 0.2791210946711627,
                    "entropy_coeff": 0.01
                },
                "model": {},
                "custom_metrics": {},
                "num_agent_steps_trained": 121.72727272727273,
                "num_grad_updates_lifetime": 287265.5,
                "diff_num_grad_updates_vs_sampler_policy": 164.5
            },
            "policy_1": {
                "learner_stats": {
                    "allreduce_latency": 0.0,
                    "grad_gnorm": 3.4999659061431885,
                    "cur_kl_coeff": 0.50625,
                    "cur_lr": 5e-05,
                    "total_loss": 4.729870917580344,
                    "policy_loss": -0.08473279482145286,
                    "vf_loss": 4.849567100496003,
                    "vf_explained_var": -0.009042975216200858,
                    "kl": 0.012036112325743059,
                    "entropy": 0.8211333115895589,
                    "entropy_coeff": 0.04999999999999999
                },
                "model": {},
                "custom_metrics": {},
                "num_agent_steps_trained": 121.0,
                "num_grad_updates_lifetime": 287265.5,
                "diff_num_grad_updates_vs_sampler_policy": 164.5
            }
        },
        "num_env_steps_sampled": 3484000,
        "num_env_steps_trained": 3484000,
        "num_agent_steps_sampled": 3483998,
        "num_agent_steps_trained": 3483998
    },
    "env_runners": {
        "episode_reward_max": -115.0,
        "episode_reward_min": -617.0,
        "episode_reward_mean": -413.56,
        "episode_len_mean": 429.62,
        "episode_media": {},
        "episodes_timesteps_total": 42962,
        "policy_reward_min": {
            "policy_0": -385.0,
            "policy_1": -435.0,
            "policy_2": -365.0
        },
        "policy_reward_max": {
            "policy_0": 6.0,
            "policy_1": -10.0,
            "policy_2": -16.0
        },
        "policy_reward_mean": {
            "policy_0": -108.42,
            "policy_1": -140.11,
            "policy_2": -165.03
        },
        "custom_metrics": {},
        "hist_stats": {
            "episode_reward": [
                -403.0,
                -302.0,
                -414.0,
                -402.0,
                -418.0,
                -475.0,
                -390.0,
                -510.0,
                -617.0,
                -487.0,
                -527.0,
                -482.0,
                -502.0,
                -482.0,
                -306.0,
                -485.0,
                -590.0,
                -227.0,
                -360.0,
                -241.0,
                -455.0,
                -300.0,
                -493.0,
                -386.0,
                -521.0,
                -304.0,
                -339.0,
                -457.0,
                -448.0,
                -408.0,
                -443.0,
                -572.0,
                -331.0,
                -433.0,
                -445.0,
                -539.0,
                -298.0,
                -326.0,
                -493.0,
                -386.0,
                -417.0,
                -477.0,
                -454.0,
                -474.0,
                -417.0,
                -429.0,
                -460.0,
                -375.0,
                -462.0,
                -454.0,
                -327.0,
                -137.0,
                -358.0,
                -292.0,
                -290.0,
                -574.0,
                -406.0,
                -572.0,
                -440.0,
                -444.0,
                -519.0,
                -430.0,
                -477.0,
                -408.0,
                -467.0,
                -115.0,
                -297.0,
                -489.0,
                -492.0,
                -551.0,
                -473.0,
                -435.0,
                -560.0,
                -496.0,
                -566.0,
                -414.0,
                -145.0,
                -237.0,
                -449.0,
                -308.0,
                -468.0,
                -440.0,
                -474.0,
                -191.0,
                -286.0,
                -437.0,
                -381.0,
                -387.0,
                -565.0,
                -455.0,
                -491.0,
                -408.0,
                -185.0,
                -455.0,
                -491.0,
                -131.0,
                -525.0,
                -236.0,
                -404.0,
                -362.0
            ],