{
    "custom_metrics": {},
    "episode_media": {},
    "info": {
        "learner": {
            "policy_2": {
                "learner_stats": {
                    "allreduce_latency": 0.0,
                    "grad_gnorm": 3.1443965435028076,
                    "cur_kl_coeff": 0.4500000000000002,
                    "cur_lr": 5e-05,
                    "total_loss": 5.871703438325362,
                    "policy_loss": -0.07144804434483927,
                    "vf_loss": 6.060046396833478,
                    "vf_explained_var": -0.023788647218184036,
                    "kl": 0.007697350025395036,
                    "entropy": 1.2035869918086313,
                    "entropy_coeff": 0.09999999999999998
                },
                "model": {},
                "custom_metrics": {},
                "num_agent_steps_trained": 121.27272727272727,
                "num_grad_updates_lifetime": 128865.5,
                "diff_num_grad_updates_vs_sampler_policy": 164.5
            },
            "policy_0": {
                "learner_stats": {
                    "allreduce_latency": 0.0,
                    "grad_gnorm": 5.367276191711426,
                    "cur_kl_coeff": 0.20272865295410147,
                    "cur_lr": 5e-05,
                    "total_loss": 2.4139713894237174,
                    "policy_loss": -0.07426899560713068,
                    "vf_loss": 2.4908671780066056,
                    "vf_explained_var": -0.009978644956241954,
                    "kl": 0.010258520027208128,
                    "entropy": 0.47064773991252434,
                    "entropy_coeff": 0.01
                },
                "model": {},
                "custom_metrics": {},
                "num_agent_steps_trained": 121.0909090909091,
                "num_grad_updates_lifetime": 128865.5,
                "diff_num_grad_updates_vs_sampler_policy": 164.5
            },
            "policy_1": {
                "learner_stats": {
                    "allreduce_latency": 0.0,
                    "grad_gnorm": 3.554590940475464,
                    "cur_kl_coeff": 0.4500000000000002,
                    "cur_lr": 5e-05,
                    "total_loss": 6.919285787235607,
                    "policy_loss": -0.085863408893629,
                    "vf_loss": 7.050826446937792,
                    "vf_explained_var": 0.007745855685436364,
                    "kl": 0.01277809469435951,
                    "entropy": 1.0285483362096728,
                    "entropy_coeff": 0.04999999999999999
                },
                "model": {},
                "custom_metrics": {},
                "num_agent_steps_trained": 121.27272727272727,
                "num_grad_updates_lifetime": 128865.5,
                "diff_num_grad_updates_vs_sampler_policy": 164.5
            }
        },
        "num_env_steps_sampled": 1564000,
        "num_env_steps_trained": 1564000,
        "num_agent_steps_sampled": 1563998,
        "num_agent_steps_trained": 1563998
    },
    "env_runners": {
        "episode_reward_max": -98.0,
        "episode_reward_min": -654.0,
        "episode_reward_mean": -400.77,
        "episode_len_mean": 429.96,
        "episode_media": {},
        "episodes_timesteps_total": 42996,
        "policy_reward_min": {
            "policy_1": -385.0,
            "policy_2": -450.0,
            "policy_0": -375.0
        },
        "policy_reward_max": {
            "policy_1": -14.0,
            "policy_2": 0.0,
            "policy_0": 3.0
        },
        "policy_reward_mean": {
            "policy_1": -113.3,
            "policy_2": -173.65,
            "policy_0": -113.82
        },
        "custom_metrics": {},
        "hist_stats": {
            "episode_reward": [
                -473.0,
                -218.0,
                -564.0,
                -504.0,
                -313.0,
                -503.0,
                -474.0,
                -426.0,
                -145.0,
                -526.0,
                -477.0,
                -653.0,
                -468.0,
                -518.0,
                -440.0,
                -364.0,
                -384.0,
                -430.0,
                -217.0,
                -497.0,
                -489.0,
                -434.0,
                -381.0,
                -379.0,
                -483.0,
                -654.0,
                -457.0,
                -420.0,
                -277.0,
                -521.0,
                -455.0,
                -348.0,
                -518.0,
                -372.0,
                -296.0,
                -390.0,
                -309.0,
                -324.0,
                -345.0,
                -359.0,
                -220.0,
                -449.0,
                -367.0,
                -324.0,
                -343.0,
                -102.0,
                -125.0,
                -491.0,
                -98.0,
                -600.0,
                -319.0,
                -367.0,
                -564.0,
                -458.0,
                -321.0,
                -480.0,
                -577.0,
                -380.0,
                -475.0,
                -513.0,
                -417.0,
                -504.0,
                -381.0,
                -464.0,
                -370.0,
                -153.0,
                -418.0,
                -323.0,
                -414.0,
                -378.0,
                -415.0,
                -496.0,
                -553.0,
                -320.0,
                -485.0,
                -373.0,
                -201.0,
                -538.0,
                -511.0,
                -522.0,
                -514.0,
                -205.0,
                -435.0,
                -338.0,
                -448.0,
                -431.0,
                -478.0,
                -337.0,
                -522.0,
                -347.0,
                -134.0,
                -525.0,
                -130.0,
                -411.0,
                -440.0,
                -144.0,
                -616.0,
                -468.0,
                -374.0,
                -166.0
            ],