{
    "custom_metrics": {},
    "episode_media": {},
    "info": {
        "learner": {
            "policy_2": {
                "learner_stats": {
                    "allreduce_latency": 0.0,
                    "grad_gnorm": 2.2819161415100098,
                    "cur_kl_coeff": 0.6749999999999998,
                    "cur_lr": 5e-05,
                    "total_loss": 8.175415537574075,
                    "policy_loss": -0.11011034091370124,
                    "vf_loss": 8.407105967492768,
                    "vf_explained_var": 0.01207783276384527,
                    "kl": 0.01366104959089971,
                    "entropy": 1.3080131603009773,
                    "entropy_coeff": 0.09999999999999998
                },
                "model": {},
                "custom_metrics": {},
                "num_agent_steps_trained": 120.81818181818181,
                "num_grad_updates_lifetime": 318615.5,
                "diff_num_grad_updates_vs_sampler_policy": 164.5
            },
            "policy_0": {
                "learner_stats": {
                    "allreduce_latency": 0.0,
                    "grad_gnorm": 1.5422269105911255,
                    "cur_kl_coeff": 0.38567217140193877,
                    "cur_lr": 5e-05,
                    "total_loss": 9.75343589782715,
                    "policy_loss": -0.10221239745786244,
                    "vf_loss": 9.859301621986157,
                    "vf_explained_var": 0.01767047029553038,
                    "kl": 0.016017136051018614,
                    "entropy": 0.9830625770669995,
                    "entropy_coeff": 0.01
                },
                "model": {},
                "custom_metrics": {},
                "num_agent_steps_trained": 121.63636363636364,
                "num_grad_updates_lifetime": 318615.5,
                "diff_num_grad_updates_vs_sampler_policy": 164.5
            },
            "policy_1": {
                "learner_stats": {
                    "allreduce_latency": 0.0,
                    "grad_gnorm": 2.2498269081115723,
                    "cur_kl_coeff": 0.4271484375,
                    "cur_lr": 5e-05,
                    "total_loss": 8.83131910237399,
                    "policy_loss": -0.10899843181285894,
                    "vf_loss": 8.988298999901973,
                    "vf_explained_var": -0.010830105976624923,
                    "kl": 0.015781358587785923,
                    "entropy": 1.094448947545254,
                    "entropy_coeff": 0.04999999999999999
                },
                "model": {},
                "custom_metrics": {},
                "num_agent_steps_trained": 121.18181818181819,
                "num_grad_updates_lifetime": 318615.5,
                "diff_num_grad_updates_vs_sampler_policy": 164.5
            }
        },
        "num_env_steps_sampled": 3864000,
        "num_env_steps_trained": 3864000,
        "num_agent_steps_sampled": 3863998,
        "num_agent_steps_trained": 3863998
    },
    "env_runners": {
        "episode_reward_max": -105.0,
        "episode_reward_min": -651.0,
        "episode_reward_mean": -402.27,
        "episode_len_mean": 442.88,
        "episode_media": {},
        "episodes_timesteps_total": 44288,
        "policy_reward_min": {
            "policy_0": -385.0,
            "policy_1": -375.0,
            "policy_2": -450.0
        },
        "policy_reward_max": {
            "policy_0": 0.0,
            "policy_1": -5.0,
            "policy_2": -20.0
        },
        "policy_reward_mean": {
            "policy_0": -101.98,
            "policy_1": -110.35,
            "policy_2": -189.94
        },
        "custom_metrics": {},
        "hist_stats": {
            "episode_reward": [
                -524.0,
                -561.0,
                -463.0,
                -520.0,
                -575.0,
                -331.0,
                -542.0,
                -382.0,
                -555.0,
                -414.0,
                -273.0,
                -107.0,
                -418.0,
                -413.0,
                -455.0,
                -211.0,
                -406.0,
                -414.0,
                -324.0,
                -521.0,
                -490.0,
                -347.0,
                -357.0,
                -138.0,
                -227.0,
                -462.0,
                -401.0,
                -380.0,
                -431.0,
                -223.0,
                -372.0,
                -450.0,
                -337.0,
                -426.0,
                -220.0,
                -191.0,
                -469.0,
                -345.0,
                -530.0,
                -440.0,
                -542.0,
                -431.0,
                -423.0,
                -488.0,
                -351.0,
                -395.0,
                -453.0,
                -290.0,
                -384.0,
                -168.0,
                -342.0,
                -444.0,
                -345.0,
                -467.0,
                -105.0,
                -567.0,
                -194.0,
                -389.0,
                -557.0,
                -343.0,
                -480.0,
                -406.0,
                -233.0,
                -402.0,
                -445.0,
                -257.0,
                -518.0,
                -455.0,
                -312.0,
                -454.0,
                -423.0,
                -411.0,
                -565.0,
                -364.0,
                -534.0,
                -297.0,
                -345.0,
                -435.0,
                -479.0,
                -651.0,
                -426.0,
                -144.0,
                -314.0,
                -518.0,
                -369.0,
                -446.0,
                -343.0,
                -558.0,
                -562.0,
                -515.0,
                -277.0,
                -434.0,
                -461.0,
                -571.0,
                -485.0,
                -433.0,
                -282.0,
                -336.0,
                -418.0,
                -546.0
            ],