{
    "custom_metrics": {},
    "episode_media": {},
    "info": {
        "learner": {
            "policy_2": {
                "learner_stats": {
                    "allreduce_latency": 0.0,
                    "grad_gnorm": 5.076665878295898,
                    "cur_kl_coeff": 0.4500000000000002,
                    "cur_lr": 5e-05,
                    "total_loss": 1.9832187011386408,
                    "policy_loss": -0.04588452860656561,
                    "vf_loss": 2.113591253757477,
                    "vf_explained_var": 0.011542290268522321,
                    "kl": 0.010013931686227788,
                    "entropy": 0.8899428215893832,
                    "entropy_coeff": 0.09999999999999998
                },
                "model": {},
                "custom_metrics": {},
                "num_agent_steps_trained": 121.18181818181819,
                "num_grad_updates_lifetime": 84315.5,
                "diff_num_grad_updates_vs_sampler_policy": 164.5
            },
            "policy_0": {
                "learner_stats": {
                    "allreduce_latency": 0.0,
                    "grad_gnorm": 6.549120903015137,
                    "cur_kl_coeff": 0.21357421875,
                    "cur_lr": 5e-05,
                    "total_loss": 1.4896511475541487,
                    "policy_loss": -0.007819581060021213,
                    "vf_loss": 1.4969997835543118,
                    "vf_explained_var": 0.46014338930447896,
                    "kl": 0.004304758459338465,
                    "entropy": 0.04484464489770207,
                    "entropy_coeff": 0.01
                },
                "model": {},
                "custom_metrics": {},
                "num_agent_steps_trained": 121.18181818181819,
                "num_grad_updates_lifetime": 84315.5,
                "diff_num_grad_updates_vs_sampler_policy": 164.5
            },
            "policy_1": {
                "learner_stats": {
                    "allreduce_latency": 0.0,
                    "grad_gnorm": 3.9907400608062744,
                    "cur_kl_coeff": 0.4500000000000002,
                    "cur_lr": 5e-05,
                    "total_loss": 3.0222652608698066,
                    "policy_loss": -0.07004254381525132,
                    "vf_loss": 3.1417166753248735,
                    "vf_explained_var": -0.021408059741511488,
                    "kl": 0.013289593511755605,
                    "entropy": 1.1077837326309898,
                    "entropy_coeff": 0.04999999999999999
                },
                "model": {},
                "custom_metrics": {},
                "num_agent_steps_trained": 121.27272727272727,
                "num_grad_updates_lifetime": 84315.5,
                "diff_num_grad_updates_vs_sampler_policy": 164.5
            }
        },
        "num_env_steps_sampled": 1024000,
        "num_env_steps_trained": 1024000,
        "num_agent_steps_sampled": 1023998,
        "num_agent_steps_trained": 1023998
    },
    "env_runners": {
        "episode_reward_max": -122.0,
        "episode_reward_min": -659.0,
        "episode_reward_mean": -429.0,
        "episode_len_mean": 368.06,
        "episode_media": {},
        "episodes_timesteps_total": 36806,
        "policy_reward_min": {
            "policy_1": -395.0,
            "policy_2": -475.0,
            "policy_0": -395.0
        },
        "policy_reward_max": {
            "policy_1": -15.0,
            "policy_2": -27.0,
            "policy_0": 3.0
        },
        "policy_reward_mean": {
            "policy_1": -141.1,
            "policy_2": -180.56,
            "policy_0": -107.34
        },
        "custom_metrics": {},
        "hist_stats": {
            "episode_reward": [
                -278.0,
                -367.0,
                -598.0,
                -506.0,
                -290.0,
                -434.0,
                -497.0,
                -291.0,
                -530.0,
                -424.0,
                -550.0,
                -384.0,
                -535.0,
                -420.0,
                -360.0,
                -189.0,
                -432.0,
                -415.0,
                -572.0,
                -353.0,
                -597.0,
                -484.0,
                -327.0,
                -577.0,
                -592.0,
                -659.0,
                -239.0,
                -554.0,
                -122.0,
                -503.0,
                -309.0,
                -382.0,
                -416.0,
                -589.0,
                -510.0,
                -330.0,
                -420.0,
                -449.0,
                -480.0,
                -350.0,
                -356.0,
                -407.0,
                -347.0,
                -500.0,
                -359.0,
                -439.0,
                -477.0,
                -484.0,
                -332.0,
                -522.0,
                -421.0,
                -525.0,
                -457.0,
                -325.0,
                -491.0,
                -547.0,
                -363.0,
                -294.0,
                -501.0,
                -306.0,
                -521.0,
                -516.0,
                -402.0,
                -612.0,
                -619.0,
                -456.0,
                -406.0,
                -461.0,
                -562.0,
                -494.0,
                -508.0,
                -325.0,
                -647.0,
                -414.0,
                -243.0,
                -259.0,
                -344.0,
                -280.0,
                -496.0,
                -405.0,
                -472.0,
                -315.0,
                -386.0,
                -498.0,
                -487.0,
                -535.0,
                -459.0,
                -411.0,
                -293.0,
                -459.0,
                -337.0,
                -524.0,
                -403.0,
                -457.0,
                -496.0,
                -238.0,
                -237.0,
                -367.0,
                -573.0,
                -216.0
            ],