{
    "custom_metrics": {},
    "episode_media": {},
    "info": {
        "learner": {
            "policy_2": {
                "learner_stats": {
                    "allreduce_latency": 0.0,
                    "grad_gnorm": 1.6044918298721313,
                    "cur_kl_coeff": 0.4500000000000002,
                    "cur_lr": 5e-05,
                    "total_loss": 9.359438286405622,
                    "policy_loss": -0.0957808738743717,
                    "vf_loss": 9.583906560955626,
                    "vf_explained_var": 0.006297815026658954,
                    "kl": 0.01289309170584865,
                    "entropy": 1.3448931777116024,
                    "entropy_coeff": 0.09999999999999998
                },
                "model": {},
                "custom_metrics": {},
                "num_agent_steps_trained": 120.63636363636364,
                "num_grad_updates_lifetime": 87615.5,
                "diff_num_grad_updates_vs_sampler_policy": 164.5
            },
            "policy_0": {
                "learner_stats": {
                    "allreduce_latency": 0.0,
                    "grad_gnorm": 3.716042995452881,
                    "cur_kl_coeff": 0.2402709960937499,
                    "cur_lr": 5e-05,
                    "total_loss": 7.407538033976699,
                    "policy_loss": -0.07682705228948952,
                    "vf_loss": 7.487804933027788,
                    "vf_explained_var": -0.008948737202268658,
                    "kl": 0.013994838487113193,
                    "entropy": 0.680245407873934,
                    "entropy_coeff": 0.01
                },
                "model": {},
                "custom_metrics": {},
                "num_agent_steps_trained": 121.45454545454545,
                "num_grad_updates_lifetime": 87615.5,
                "diff_num_grad_updates_vs_sampler_policy": 164.5
            },
            "policy_1": {
                "learner_stats": {
                    "allreduce_latency": 0.0,
                    "grad_gnorm": 3.209569215774536,
                    "cur_kl_coeff": 0.4500000000000002,
                    "cur_lr": 5e-05,
                    "total_loss": 7.402312153035944,
                    "policy_loss": -0.0946203935016511,
                    "vf_loss": 7.549856080430927,
                    "vf_explained_var": -0.007905525330341223,
                    "kl": 0.014278431648268888,
                    "entropy": 1.1869767024661555,
                    "entropy_coeff": 0.04999999999999999
                },
                "model": {},
                "custom_metrics": {},
                "num_agent_steps_trained": 121.54545454545455,
                "num_grad_updates_lifetime": 87615.5,
                "diff_num_grad_updates_vs_sampler_policy": 164.5
            }
        },
        "num_env_steps_sampled": 1064000,
        "num_env_steps_trained": 1064000,
        "num_agent_steps_sampled": 1063998,
        "num_agent_steps_trained": 1063998
    },
    "env_runners": {
        "episode_reward_max": -127.0,
        "episode_reward_min": -644.0,
        "episode_reward_mean": -410.2,
        "episode_len_mean": 336.1,
        "episode_media": {},
        "episodes_timesteps_total": 33610,
        "policy_reward_min": {
            "policy_1": -355.0,
            "policy_2": -420.0,
            "policy_0": -430.0
        },
        "policy_reward_max": {
            "policy_1": -11.0,
            "policy_2": -34.0,
            "policy_0": 0.0
        },
        "policy_reward_mean": {
            "policy_1": -97.25,
            "policy_2": -201.36,
            "policy_0": -111.59
        },
        "custom_metrics": {},
        "hist_stats": {
            "episode_reward": [
                -337.0,
                -344.0,
                -577.0,
                -383.0,
                -418.0,
                -398.0,
                -445.0,
                -436.0,
                -349.0,
                -216.0,
                -169.0,
                -287.0,
                -472.0,
                -393.0,
                -491.0,
                -459.0,
                -253.0,
                -337.0,
                -570.0,
                -446.0,
                -503.0,
                -586.0,
                -321.0,
                -449.0,
                -400.0,
                -289.0,
                -480.0,
                -440.0,
                -549.0,
                -496.0,
                -415.0,
                -461.0,
                -520.0,
                -382.0,
                -293.0,
                -371.0,
                -425.0,
                -613.0,
                -356.0,
                -454.0,
                -338.0,
                -331.0,
                -417.0,
                -533.0,
                -445.0,
                -378.0,
                -489.0,
                -353.0,
                -613.0,
                -297.0,
                -480.0,
                -540.0,
                -330.0,
                -318.0,
                -383.0,
                -300.0,
                -479.0,
                -365.0,
                -530.0,
                -420.0,
                -319.0,
                -478.0,
                -504.0,
                -171.0,
                -491.0,
                -462.0,
                -633.0,
                -378.0,
                -444.0,
                -428.0,
                -353.0,
                -127.0,
                -644.0,
                -512.0,
                -377.0,
                -384.0,
                -255.0,
                -516.0,
                -393.0,
                -229.0,
                -230.0,
                -556.0,
                -499.0,
                -263.0,
                -524.0,
                -220.0,
                -312.0,
                -455.0,
                -594.0,
                -359.0,
                -385.0,
                -376.0,
                -494.0,
                -378.0,
                -371.0,
                -513.0,
                -304.0,
                -348.0,
                -405.0,
                -414.0
            ],