{
    "custom_metrics": {},
    "episode_media": {},
    "info": {
        "learner": {
            "policy_2": {
                "learner_stats": {
                    "allreduce_latency": 0.0,
                    "grad_gnorm": 1.5451678037643433,
                    "cur_kl_coeff": 0.6749999999999998,
                    "cur_lr": 5e-05,
                    "total_loss": 9.062476897962165,
                    "policy_loss": -0.10097713510322413,
                    "vf_loss": 9.292629759239428,
                    "vf_explained_var": 0.0036402749292778246,
                    "kl": 0.011615513843616308,
                    "entropy": 1.370162425619183,
                    "entropy_coeff": 0.09999999999999998
                },
                "model": {},
                "custom_metrics": {},
                "num_agent_steps_trained": 121.27272727272727,
                "num_grad_updates_lifetime": 175065.5,
                "diff_num_grad_updates_vs_sampler_policy": 164.5
            },
            "policy_0": {
                "learner_stats": {
                    "allreduce_latency": 0.0,
                    "grad_gnorm": 1.865723729133606,
                    "cur_kl_coeff": 0.20549453364292275,
                    "cur_lr": 5e-05,
                    "total_loss": 8.381481803547253,
                    "policy_loss": -0.08028163645190722,
                    "vf_loss": 8.466230950211033,
                    "vf_explained_var": -0.0038255104512879344,
                    "kl": 0.01851880587247016,
                    "entropy": 0.8273039906313925,
                    "entropy_coeff": 0.01
                },
                "model": {},
                "custom_metrics": {},
                "num_agent_steps_trained": 121.0909090909091,
                "num_grad_updates_lifetime": 175065.5,
                "diff_num_grad_updates_vs_sampler_policy": 164.5
            },
            "policy_1": {
                "learner_stats": {
                    "allreduce_latency": 0.0,
                    "grad_gnorm": 1.4787874221801758,
                    "cur_kl_coeff": 0.4500000000000002,
                    "cur_lr": 5e-05,
                    "total_loss": 9.167351488633589,
                    "policy_loss": -0.09177208327173227,
                    "vf_loss": 9.30672990625555,
                    "vf_explained_var": 0.05570580923196041,
                    "kl": 0.017776260087338753,
                    "entropy": 1.112113995804931,
                    "entropy_coeff": 0.04999999999999999
                },
                "model": {},
                "custom_metrics": {},
                "num_agent_steps_trained": 121.27272727272727,
                "num_grad_updates_lifetime": 175065.5,
                "diff_num_grad_updates_vs_sampler_policy": 164.5
            }
        },
        "num_env_steps_sampled": 2124000,
        "num_env_steps_trained": 2124000,
        "num_agent_steps_sampled": 2123998,
        "num_agent_steps_trained": 2123998
    },
    "env_runners": {
        "episode_reward_max": -49.0,
        "episode_reward_min": -731.0,
        "episode_reward_mean": -414.91,
        "episode_len_mean": 448.9,
        "episode_media": {},
        "episodes_timesteps_total": 44890,
        "policy_reward_min": {
            "policy_0": -410.0,
            "policy_1": -395.0,
            "policy_2": -450.0
        },
        "policy_reward_max": {
            "policy_0": 3.0,
            "policy_1": -6.0,
            "policy_2": 5.0
        },
        "policy_reward_mean": {
            "policy_0": -138.57,
            "policy_1": -101.08,
            "policy_2": -175.26
        },
        "custom_metrics": {},
        "hist_stats": {
            "episode_reward": [
                -333.0,
                -493.0,
                -455.0,
                -215.0,
                -518.0,
                -537.0,
                -659.0,
                -273.0,
                -458.0,
                -192.0,
                -410.0,
                -441.0,
                -480.0,
                -148.0,
                -458.0,
                -576.0,
                -149.0,
                -404.0,
                -425.0,
                -49.0,
                -116.0,
                -468.0,
                -505.0,
                -532.0,
                -595.0,
                -142.0,
                -271.0,
                -454.0,
                -357.0,
                -357.0,
                -488.0,
                -558.0,
                -393.0,
                -523.0,
                -493.0,
                -433.0,
                -422.0,
                -437.0,
                -342.0,
                -411.0,
                -115.0,
                -323.0,
                -304.0,
                -547.0,
                -321.0,
                -481.0,
                -505.0,
                -362.0,
                -405.0,
                -490.0,
                -425.0,
                -414.0,
                -405.0,
                -446.0,
                -258.0,
                -520.0,
                -150.0,
                -365.0,
                -461.0,
                -394.0,
                -543.0,
                -298.0,
                -409.0,
                -472.0,
                -300.0,
                -198.0,
                -226.0,
                -555.0,
                -643.0,
                -428.0,
                -487.0,
                -443.0,
                -388.0,
                -572.0,
                -491.0,
                -346.0,
                -510.0,
                -431.0,
                -384.0,
                -546.0,
                -264.0,
                -569.0,
                -444.0,
                -497.0,
                -468.0,
                -731.0,
                -452.0,
                -431.0,
                -269.0,
                -478.0,
                -484.0,
                -432.0,
                -438.0,
                -428.0,
                -337.0,
                -404.0,
                -537.0,
                -525.0,
                -414.0,
                -558.0
            ],