{
    "custom_metrics": {},
    "episode_media": {},
    "info": {
        "learner": {
            "policy_2": {
                "learner_stats": {
                    "allreduce_latency": 0.0,
                    "grad_gnorm": 2.326425075531006,
                    "cur_kl_coeff": 0.6749999999999998,
                    "cur_lr": 5e-05,
                    "total_loss": 0.4852113503962755,
                    "policy_loss": -0.05457062315245187,
                    "vf_loss": 0.6460572355285739,
                    "vf_explained_var": 0.006946977521433975,
                    "kl": 0.005312607006240191,
                    "entropy": 1.0986126630595237,
                    "entropy_coeff": 0.09999999999999998
                },
                "model": {},
                "custom_metrics": {},
                "num_agent_steps_trained": 121.0909090909091,
                "num_grad_updates_lifetime": 274065.5,
                "diff_num_grad_updates_vs_sampler_policy": 164.5
            },
            "policy_0": {
                "learner_stats": {
                    "allreduce_latency": 0.0,
                    "grad_gnorm": 2.872775077819824,
                    "cur_kl_coeff": 0.15031354710616296,
                    "cur_lr": 5e-05,
                    "total_loss": 0.5782739991999485,
                    "policy_loss": -0.04841592340998239,
                    "vf_loss": 0.6269609479374733,
                    "vf_explained_var": 0.016899352543281787,
                    "kl": 0.00379292907741066,
                    "entropy": 0.08411534690777912,
                    "entropy_coeff": 0.01
                },
                "model": {},
                "custom_metrics": {},
                "num_agent_steps_trained": 121.27272727272727,
                "num_grad_updates_lifetime": 274065.5,
                "diff_num_grad_updates_vs_sampler_policy": 164.5
            },
            "policy_1": {
                "learner_stats": {
                    "allreduce_latency": 0.0,
                    "grad_gnorm": 4.38389778137207,
                    "cur_kl_coeff": 0.50625,
                    "cur_lr": 5e-05,
                    "total_loss": 0.9623074900189584,
                    "policy_loss": -0.05539298785822184,
                    "vf_loss": 1.047933451774897,
                    "vf_explained_var": 0.04439571897188822,
                    "kl": 0.007198253674789268,
                    "entropy": 0.6775417530175412,
                    "entropy_coeff": 0.04999999999999999
                },
                "model": {},
                "custom_metrics": {},
                "num_agent_steps_trained": 121.27272727272727,
                "num_grad_updates_lifetime": 274065.5,
                "diff_num_grad_updates_vs_sampler_policy": 164.5
            }
        },
        "num_env_steps_sampled": 3324000,
        "num_env_steps_trained": 3324000,
        "num_agent_steps_sampled": 3323998,
        "num_agent_steps_trained": 3323998
    },
    "env_runners": {
        "episode_reward_max": -85.0,
        "episode_reward_min": -675.0,
        "episode_reward_mean": -413.79,
        "episode_len_mean": 478.26,
        "episode_media": {},
        "episodes_timesteps_total": 47826,
        "policy_reward_min": {
            "policy_1": -375.0,
            "policy_2": -410.0,
            "policy_0": -360.0
        },
        "policy_reward_max": {
            "policy_1": -4.0,
            "policy_2": -20.0,
            "policy_0": 2.0
        },
        "policy_reward_mean": {
            "policy_1": -125.5,
            "policy_2": -182.3,
            "policy_0": -105.99
        },
        "custom_metrics": {},
        "hist_stats": {
            "episode_reward": [
                -359.0,
                -375.0,
                -420.0,
                -578.0,
                -438.0,
                -85.0,
                -428.0,
                -495.0,
                -675.0,
                -500.0,
                -608.0,
                -469.0,
                -557.0,
                -341.0,
                -391.0,
                -282.0,
                -397.0,
                -518.0,
                -523.0,
                -504.0,
                -200.0,
                -408.0,
                -293.0,
                -444.0,
                -465.0,
                -212.0,
                -311.0,
                -293.0,
                -442.0,
                -410.0,
                -546.0,
                -595.0,
                -428.0,
                -469.0,
                -340.0,
                -502.0,
                -561.0,
                -528.0,
                -505.0,
                -172.0,
                -595.0,
                -371.0,
                -348.0,
                -393.0,
                -400.0,
                -374.0,
                -575.0,
                -242.0,
                -452.0,
                -579.0,
                -400.0,
                -211.0,
                -549.0,
                -492.0,
                -395.0,
                -379.0,
                -401.0,
                -532.0,
                -476.0,
                -260.0,
                -443.0,
                -330.0,
                -448.0,
                -446.0,
                -149.0,
                -221.0,
                -454.0,
                -470.0,
                -541.0,
                -458.0,
                -547.0,
                -460.0,
                -482.0,
                -387.0,
                -103.0,
                -596.0,
                -128.0,
                -237.0,
                -500.0,
                -435.0,
                -550.0,
                -494.0,
                -312.0,
                -408.0,
                -479.0,
                -419.0,
                -274.0,
                -435.0,
                -360.0,
                -583.0,
                -466.0,
                -464.0,
                -332.0,
                -350.0,
                -246.0,
                -448.0,
                -350.0,
                -407.0,
                -166.0,
                -510.0
            ],