{
    "custom_metrics": {},
    "episode_media": {},
    "info": {
        "learner": {
            "policy_2": {
                "learner_stats": {
                    "allreduce_latency": 0.0,
                    "grad_gnorm": 1.950245976448059,
                    "cur_kl_coeff": 0.4500000000000002,
                    "cur_lr": 5e-05,
                    "total_loss": 6.550105498053811,
                    "policy_loss": -0.09048239431823744,
                    "vf_loss": 6.76451997756958,
                    "vf_explained_var": -0.002884861375346328,
                    "kl": 0.0111142743940358,
                    "entropy": 1.2893350901025715,
                    "entropy_coeff": 0.09999999999999998
                },
                "model": {},
                "custom_metrics": {},
                "num_agent_steps_trained": 121.36363636363636,
                "num_grad_updates_lifetime": 120615.5,
                "diff_num_grad_updates_vs_sampler_policy": 164.5
            },
            "policy_0": {
                "learner_stats": {
                    "allreduce_latency": 0.0,
                    "grad_gnorm": 3.936549663543701,
                    "cur_kl_coeff": 0.2703048706054688,
                    "cur_lr": 5e-05,
                    "total_loss": 7.608137668262828,
                    "policy_loss": -0.07304082800154434,
                    "vf_loss": 7.685276519890987,
                    "vf_explained_var": -0.006212802728017172,
                    "kl": 0.012029498651454033,
                    "entropy": 0.734960302439603,
                    "entropy_coeff": 0.01
                },
                "model": {},
                "custom_metrics": {},
                "num_agent_steps_trained": 121.0909090909091,
                "num_grad_updates_lifetime": 120615.5,
                "diff_num_grad_updates_vs_sampler_policy": 164.5
            },
            "policy_1": {
                "learner_stats": {
                    "allreduce_latency": 0.0,
                    "grad_gnorm": 2.163163185119629,
                    "cur_kl_coeff": 0.4500000000000002,
                    "cur_lr": 5e-05,
                    "total_loss": 7.084141563646721,
                    "policy_loss": -0.09487369286855965,
                    "vf_loss": 7.2326793396111695,
                    "vf_explained_var": 0.0024860748738953563,
                    "kl": 0.014074367055794127,
                    "entropy": 1.1999511559804281,
                    "entropy_coeff": 0.04999999999999999
                },
                "model": {},
                "custom_metrics": {},
                "num_agent_steps_trained": 121.18181818181819,
                "num_grad_updates_lifetime": 120615.5,
                "diff_num_grad_updates_vs_sampler_policy": 164.5
            }
        },
        "num_env_steps_sampled": 1464000,
        "num_env_steps_trained": 1464000,
        "num_agent_steps_sampled": 1463998,
        "num_agent_steps_trained": 1463998
    },
    "env_runners": {
        "episode_reward_max": -154.0,
        "episode_reward_min": -618.0,
        "episode_reward_mean": -438.78,
        "episode_len_mean": 323.86,
        "episode_media": {},
        "episodes_timesteps_total": 32386,
        "policy_reward_min": {
            "policy_0": -425.0,
            "policy_1": -360.0,
            "policy_2": -465.0
        },
        "policy_reward_max": {
            "policy_0": -6.0,
            "policy_1": -21.0,
            "policy_2": -18.0
        },
        "policy_reward_mean": {
            "policy_0": -135.18,
            "policy_1": -122.28,
            "policy_2": -181.32
        },
        "custom_metrics": {},
        "hist_stats": {
            "episode_reward": [
                -540.0,
                -374.0,
                -531.0,
                -518.0,
                -534.0,
                -549.0,
                -268.0,
                -379.0,
                -424.0,
                -338.0,
                -379.0,
                -375.0,
                -485.0,
                -468.0,
                -154.0,
                -565.0,
                -556.0,
                -483.0,
                -309.0,
                -524.0,
                -563.0,
                -421.0,
                -507.0,
                -413.0,
                -497.0,
                -443.0,
                -307.0,
                -556.0,
                -289.0,
                -432.0,
                -312.0,
                -553.0,
                -460.0,
                -552.0,
                -452.0,
                -301.0,
                -516.0,
                -272.0,
                -573.0,
                -406.0,
                -387.0,
                -225.0,
                -542.0,
                -610.0,
                -377.0,
                -506.0,
                -484.0,
                -412.0,
                -511.0,
                -559.0,
                -611.0,
                -526.0,
                -412.0,
                -462.0,
                -254.0,
                -357.0,
                -424.0,
                -440.0,
                -502.0,
                -570.0,
                -441.0,
                -363.0,
                -492.0,
                -474.0,
                -271.0,
                -618.0,
                -510.0,
                -540.0,
                -480.0,
                -430.0,
                -517.0,
                -520.0,
                -420.0,
                -500.0,
                -472.0,
                -343.0,
                -560.0,
                -420.0,
                -370.0,
                -455.0,
                -368.0,
                -405.0,
                -379.0,
                -440.0,
                -268.0,
                -436.0,
                -396.0,
                -263.0,
                -255.0,
                -325.0,
                -316.0,
                -471.0,
                -414.0,
                -412.0,
                -413.0,
                -406.0,
                -490.0,
                -610.0,
                -388.0,
                -478.0
            ],