{
    "custom_metrics": {},
    "episode_media": {},
    "info": {
        "learner": {
            "policy_2": {
                "learner_stats": {
                    "allreduce_latency": 0.0,
                    "grad_gnorm": 2.8810577392578125,
                    "cur_kl_coeff": 0.6749999999999998,
                    "cur_lr": 5e-05,
                    "total_loss": 4.429942521181974,
                    "policy_loss": -0.09333077661523764,
                    "vf_loss": 4.639273312597564,
                    "vf_explained_var": -0.024940973339658796,
                    "kl": 0.010871925183955284,
                    "entropy": 1.2333858002315867,
                    "entropy_coeff": 0.09999999999999998
                },
                "model": {},
                "custom_metrics": {},
                "num_agent_steps_trained": 121.18181818181819,
                "num_grad_updates_lifetime": 298815.5,
                "diff_num_grad_updates_vs_sampler_policy": 164.5
            },
            "policy_0": {
                "learner_stats": {
                    "allreduce_latency": 0.0,
                    "grad_gnorm": 3.7056381702423096,
                    "cur_kl_coeff": 0.2708698926718692,
                    "cur_lr": 5e-05,
                    "total_loss": 3.2731871969772106,
                    "policy_loss": -0.04496285665469865,
                    "vf_loss": 3.3178934317646607,
                    "vf_explained_var": -0.0014843097238829643,
                    "kl": 0.006062048286398418,
                    "entropy": 0.1385393720797517,
                    "entropy_coeff": 0.01
                },
                "model": {},
                "custom_metrics": {},
                "num_agent_steps_trained": 121.18181818181819,
                "num_grad_updates_lifetime": 298815.5,
                "diff_num_grad_updates_vs_sampler_policy": 164.5
            },
            "policy_1": {
                "learner_stats": {
                    "allreduce_latency": 0.0,
                    "grad_gnorm": 2.9217050075531006,
                    "cur_kl_coeff": 0.50625,
                    "cur_lr": 5e-05,
                    "total_loss": 1.7230731890057072,
                    "policy_loss": -0.06297363005860737,
                    "vf_loss": 1.8073246507933645,
                    "vf_explained_var": -0.0032520236391009706,
                    "kl": 0.005325689501036681,
                    "entropy": 0.47947913092194183,
                    "entropy_coeff": 0.04999999999999999
                },
                "model": {},
                "custom_metrics": {},
                "num_agent_steps_trained": 121.27272727272727,
                "num_grad_updates_lifetime": 298815.5,
                "diff_num_grad_updates_vs_sampler_policy": 164.5
            }
        },
        "num_env_steps_sampled": 3624000,
        "num_env_steps_trained": 3624000,
        "num_agent_steps_sampled": 3623998,
        "num_agent_steps_trained": 3623998
    },
    "env_runners": {
        "episode_reward_max": -53.0,
        "episode_reward_min": -600.0,
        "episode_reward_mean": -419.02,
        "episode_len_mean": 513.52,
        "episode_media": {},
        "episodes_timesteps_total": 51352,
        "policy_reward_min": {
            "policy_1": -380.0,
            "policy_2": -385.0,
            "policy_0": -375.0
        },
        "policy_reward_max": {
            "policy_1": 0.0,
            "policy_2": -21.0,
            "policy_0": 9.0
        },
        "policy_reward_mean": {
            "policy_1": -159.62,
            "policy_2": -176.05,
            "policy_0": -83.35
        },
        "custom_metrics": {},
        "hist_stats": {
            "episode_reward": [
                -405.0,
                -283.0,
                -452.0,
                -548.0,
                -337.0,
                -53.0,
                -354.0,
                -457.0,
                -506.0,
                -537.0,
                -380.0,
                -210.0,
                -419.0,
                -441.0,
                -416.0,
                -536.0,
                -416.0,
                -475.0,
                -397.0,
                -254.0,
                -436.0,
                -547.0,
                -529.0,
                -476.0,
                -423.0,
                -439.0,
                -515.0,
                -486.0,
                -485.0,
                -579.0,
                -534.0,
                -267.0,
                -556.0,
                -405.0,
                -484.0,
                -492.0,
                -520.0,
                -528.0,
                -520.0,
                -369.0,
                -232.0,
                -404.0,
                -497.0,
                -271.0,
                -377.0,
                -546.0,
                -405.0,
                -407.0,
                -564.0,
                -420.0,
                -337.0,
                -317.0,
                -291.0,
                -227.0,
                -333.0,
                -531.0,
                -343.0,
                -483.0,
                -334.0,
                -519.0,
                -600.0,
                -174.0,
                -562.0,
                -556.0,
                -370.0,
                -358.0,
                -544.0,
                -462.0,
                -370.0,
                -437.0,
                -404.0,
                -450.0,
                -208.0,
                -393.0,
                -317.0,
                -479.0,
                -506.0,
                -403.0,
                -367.0,
                -342.0,
                -561.0,
                -509.0,
                -381.0,
                -546.0,
                -529.0,
                -390.0,
                -488.0,
                -439.0,
                -394.0,
                -282.0,
                -404.0,
                -445.0,
                -554.0,
                -180.0,
                -255.0,
                -456.0,
                -248.0,
                -496.0,
                -393.0,
                -346.0
            ],