{
    "custom_metrics": {},
    "episode_media": {},
    "info": {
        "learner": {
            "policy_2": {
                "learner_stats": {
                    "allreduce_latency": 0.0,
                    "grad_gnorm": 1.4861986637115479,
                    "cur_kl_coeff": 0.4500000000000002,
                    "cur_lr": 5e-05,
                    "total_loss": 9.66649154027303,
                    "policy_loss": -0.09611960021059283,
                    "vf_loss": 9.888225928219882,
                    "vf_explained_var": 0.004813683574849909,
                    "kl": 0.01238780168482566,
                    "entropy": 1.3118928349379337,
                    "entropy_coeff": 0.09999999999999998
                },
                "model": {},
                "custom_metrics": {},
                "num_agent_steps_trained": 120.54545454545455,
                "num_grad_updates_lifetime": 95865.5,
                "diff_num_grad_updates_vs_sampler_policy": 164.5
            },
            "policy_0": {
                "learner_stats": {
                    "allreduce_latency": 0.0,
                    "grad_gnorm": 2.5034661293029785,
                    "cur_kl_coeff": 0.2402709960937499,
                    "cur_lr": 5e-05,
                    "total_loss": 7.074453762805823,
                    "policy_loss": -0.0745011346471129,
                    "vf_loss": 7.1512276259335605,
                    "vf_explained_var": 0.0457313880775914,
                    "kl": 0.018042532532912606,
                    "entropy": 0.6607818195314118,
                    "entropy_coeff": 0.01
                },
                "model": {},
                "custom_metrics": {},
                "num_agent_steps_trained": 121.27272727272727,
                "num_grad_updates_lifetime": 95865.5,
                "diff_num_grad_updates_vs_sampler_policy": 164.5
            },
            "policy_1": {
                "learner_stats": {
                    "allreduce_latency": 0.0,
                    "grad_gnorm": 1.5006422996520996,
                    "cur_kl_coeff": 0.4500000000000002,
                    "cur_lr": 5e-05,
                    "total_loss": 9.76442627473311,
                    "policy_loss": -0.08904494735214746,
                    "vf_loss": 9.903807241266424,
                    "vf_explained_var": 0.0275360208569151,
                    "kl": 0.018432921918853883,
                    "entropy": 1.1726164142290751,
                    "entropy_coeff": 0.04999999999999999
                },
                "model": {},
                "custom_metrics": {},
                "num_agent_steps_trained": 121.81818181818181,
                "num_grad_updates_lifetime": 95865.5,
                "diff_num_grad_updates_vs_sampler_policy": 164.5
            }
        },
        "num_env_steps_sampled": 1164000,
        "num_env_steps_trained": 1164000,
        "num_agent_steps_sampled": 1163998,
        "num_agent_steps_trained": 1163998
    },
    "env_runners": {
        "episode_reward_max": -87.0,
        "episode_reward_min": -650.0,
        "episode_reward_mean": -397.41,
        "episode_len_mean": 347.94,
        "episode_media": {},
        "episodes_timesteps_total": 34794,
        "policy_reward_min": {
            "policy_1": -380.0,
            "policy_2": -420.0,
            "policy_0": -390.0
        },
        "policy_reward_max": {
            "policy_1": -18.0,
            "policy_2": -25.0,
            "policy_0": 2.0
        },
        "policy_reward_mean": {
            "policy_1": -96.72,
            "policy_2": -186.78,
            "policy_0": -113.91
        },
        "custom_metrics": {},
        "hist_stats": {
            "episode_reward": [
                -269.0,
                -499.0,
                -313.0,
                -185.0,
                -510.0,
                -528.0,
                -337.0,
                -397.0,
                -520.0,
                -494.0,
                -333.0,
                -267.0,
                -276.0,
                -454.0,
                -454.0,
                -583.0,
                -317.0,
                -391.0,
                -493.0,
                -338.0,
                -281.0,
                -87.0,
                -509.0,
                -299.0,
                -451.0,
                -526.0,
                -384.0,
                -331.0,
                -405.0,
                -209.0,
                -411.0,
                -418.0,
                -428.0,
                -558.0,
                -314.0,
                -392.0,
                -553.0,
                -528.0,
                -281.0,
                -324.0,
                -421.0,
                -395.0,
                -650.0,
                -209.0,
                -451.0,
                -161.0,
                -286.0,
                -415.0,
                -428.0,
                -397.0,
                -454.0,
                -511.0,
                -287.0,
                -272.0,
                -426.0,
                -322.0,
                -598.0,
                -541.0,
                -237.0,
                -398.0,
                -328.0,
                -378.0,
                -513.0,
                -450.0,
                -356.0,
                -529.0,
                -504.0,
                -534.0,
                -323.0,
                -322.0,
                -357.0,
                -361.0,
                -305.0,
                -527.0,
                -392.0,
                -214.0,
                -416.0,
                -491.0,
                -435.0,
                -542.0,
                -361.0,
                -550.0,
                -514.0,
                -447.0,
                -433.0,
                -295.0,
                -448.0,
                -286.0,
                -141.0,
                -371.0,
                -526.0,
                -587.0,
                -270.0,
                -505.0,
                -332.0,
                -337.0,
                -432.0,
                -337.0,
                -412.0,
                -374.0
            ],