{
    "custom_metrics": {},
    "episode_media": {},
    "info": {
        "learner": {
            "policy_2": {
                "learner_stats": {
                    "allreduce_latency": 0.0,
                    "grad_gnorm": 1.883409857749939,
                    "cur_kl_coeff": 0.6749999999999998,
                    "cur_lr": 5e-05,
                    "total_loss": 7.615605769012913,
                    "policy_loss": -0.10290243859882607,
                    "vf_loss": 7.839772306789051,
                    "vf_explained_var": -0.005612020420305656,
                    "kl": 0.011952703981738932,
                    "entropy": 1.293321931362152,
                    "entropy_coeff": 0.09999999999999998
                },
                "model": {},
                "custom_metrics": {},
                "num_agent_steps_trained": 121.18181818181819,
                "num_grad_updates_lifetime": 326865.5,
                "diff_num_grad_updates_vs_sampler_policy": 164.5
            },
            "policy_0": {
                "learner_stats": {
                    "allreduce_latency": 0.0,
                    "grad_gnorm": 4.205278396606445,
                    "cur_kl_coeff": 0.28925412855145405,
                    "cur_lr": 5e-05,
                    "total_loss": 6.888427182399865,
                    "policy_loss": -0.08163708116520535,
                    "vf_loss": 6.972632543968432,
                    "vf_explained_var": 0.01783382820360588,
                    "kl": 0.018167909485256324,
                    "entropy": 0.7823420430674698,
                    "entropy_coeff": 0.01
                },
                "model": {},
                "custom_metrics": {},
                "num_agent_steps_trained": 121.18181818181819,
                "num_grad_updates_lifetime": 326865.5,
                "diff_num_grad_updates_vs_sampler_policy": 164.5
            },
            "policy_1": {
                "learner_stats": {
                    "allreduce_latency": 0.0,
                    "grad_gnorm": 2.4469261169433594,
                    "cur_kl_coeff": 0.4271484375,
                    "cur_lr": 5e-05,
                    "total_loss": 7.909080123901367,
                    "policy_loss": -0.09523067581925937,
                    "vf_loss": 8.036288673227483,
                    "vf_explained_var": -0.005086006179000392,
                    "kl": 0.0127855678766825,
                    "entropy": 0.7487850131410541,
                    "entropy_coeff": 0.04999999999999999
                },
                "model": {},
                "custom_metrics": {},
                "num_agent_steps_trained": 121.27272727272727,
                "num_grad_updates_lifetime": 326865.5,
                "diff_num_grad_updates_vs_sampler_policy": 164.5
            }
        },
        "num_env_steps_sampled": 3964000,
        "num_env_steps_trained": 3964000,
        "num_agent_steps_sampled": 3963998,
        "num_agent_steps_trained": 3963998
    },
    "env_runners": {
        "episode_reward_max": -11.0,
        "episode_reward_min": -648.0,
        "episode_reward_mean": -423.74,
        "episode_len_mean": 406.64,
        "episode_media": {},
        "episodes_timesteps_total": 40664,
        "policy_reward_min": {
            "policy_2": -435.0,
            "policy_0": -360.0,
            "policy_1": -380.0
        },
        "policy_reward_max": {
            "policy_2": 5.0,
            "policy_0": 3.0,
            "policy_1": 2.0
        },
        "policy_reward_mean": {
            "policy_2": -165.0,
            "policy_0": -111.45,
            "policy_1": -147.29
        },
        "custom_metrics": {},
        "hist_stats": {
            "episode_reward": [
                -518.0,
                -466.0,
                -337.0,
                -484.0,
                -325.0,
                -327.0,
                -462.0,
                -418.0,
                -525.0,
                -523.0,
                -569.0,
                -443.0,
                -335.0,
                -401.0,
                -286.0,
                -305.0,
                -565.0,
                -517.0,
                -428.0,
                -461.0,
                -437.0,
                -526.0,
                -425.0,
                -250.0,
                -322.0,
                -294.0,
                -446.0,
                -539.0,
                -335.0,
                -504.0,
                -595.0,
                -502.0,
                -272.0,
                -611.0,
                -404.0,
                -310.0,
                -311.0,
                -452.0,
                -417.0,
                -132.0,
                -466.0,
                -306.0,
                -330.0,
                -433.0,
                -532.0,
                -606.0,
                -204.0,
                -418.0,
                -491.0,
                -417.0,
                -458.0,
                -395.0,
                -640.0,
                -321.0,
                -454.0,
                -336.0,
                -430.0,
                -460.0,
                -525.0,
                -574.0,
                -382.0,
                -307.0,
                -403.0,
                -431.0,
                -319.0,
                -369.0,
                -354.0,
                -608.0,
                -497.0,
                -383.0,
                -415.0,
                -449.0,
                -479.0,
                -279.0,
                -556.0,
                -306.0,
                -567.0,
                -361.0,
                -11.0,
                -228.0,
                -470.0,
                -648.0,
                -446.0,
                -518.0,
                -530.0,
                -484.0,
                -593.0,
                -549.0,
                -403.0,
                -145.0,
                -408.0,
                -455.0,
                -376.0,
                -423.0,
                -390.0,
                -401.0,
                -568.0,
                -401.0,
                -517.0,
                -370.0
            ],