{
    "custom_metrics": {},
    "episode_media": {},
    "info": {
        "learner": {
            "policy_2": {
                "learner_stats": {
                    "allreduce_latency": 0.0,
                    "grad_gnorm": 3.610196113586426,
                    "cur_kl_coeff": 0.4500000000000002,
                    "cur_lr": 5e-05,
                    "total_loss": 5.491601891951127,
                    "policy_loss": -0.07837980742086516,
                    "vf_loss": 5.676921569217335,
                    "vf_explained_var": -0.0014358301957448324,
                    "kl": 0.01258522930433136,
                    "entropy": 1.126032186096365,
                    "entropy_coeff": 0.09999999999999998
                },
                "model": {},
                "custom_metrics": {},
                "num_agent_steps_trained": 121.27272727272727,
                "num_grad_updates_lifetime": 112365.5,
                "diff_num_grad_updates_vs_sampler_policy": 164.5
            },
            "policy_0": {
                "learner_stats": {
                    "allreduce_latency": 0.0,
                    "grad_gnorm": 4.026418209075928,
                    "cur_kl_coeff": 0.2703048706054688,
                    "cur_lr": 5e-05,
                    "total_loss": 5.222916530840324,
                    "policy_loss": -0.06872654264849244,
                    "vf_loss": 5.293465215509588,
                    "vf_explained_var": 0.052212743145046814,
                    "kl": 0.011556905904316545,
                    "entropy": 0.49460638653148303,
                    "entropy_coeff": 0.01
                },
                "model": {},
                "custom_metrics": {},
                "num_agent_steps_trained": 121.18181818181819,
                "num_grad_updates_lifetime": 112365.5,
                "diff_num_grad_updates_vs_sampler_policy": 164.5
            },
            "policy_1": {
                "learner_stats": {
                    "allreduce_latency": 0.0,
                    "grad_gnorm": 3.1772594451904297,
                    "cur_kl_coeff": 0.4500000000000002,
                    "cur_lr": 5e-05,
                    "total_loss": 4.473308228723931,
                    "policy_loss": -0.08968066156305599,
                    "vf_loss": 4.614183896238154,
                    "vf_explained_var": 0.002941416429750847,
                    "kl": 0.012826510869474407,
                    "entropy": 1.1393383427099748,
                    "entropy_coeff": 0.04999999999999999
                },
                "model": {},
                "custom_metrics": {},
                "num_agent_steps_trained": 121.18181818181819,
                "num_grad_updates_lifetime": 112365.5,
                "diff_num_grad_updates_vs_sampler_policy": 164.5
            }
        },
        "num_env_steps_sampled": 1364000,
        "num_env_steps_trained": 1364000,
        "num_agent_steps_sampled": 1363998,
        "num_agent_steps_trained": 1363998
    },
    "env_runners": {
        "episode_reward_max": -136.0,
        "episode_reward_min": -664.0,
        "episode_reward_mean": -400.78,
        "episode_len_mean": 458.98,
        "episode_media": {},
        "episodes_timesteps_total": 45898,
        "policy_reward_min": {
            "policy_1": -420.0,
            "policy_2": -370.0,
            "policy_0": -450.0
        },
        "policy_reward_max": {
            "policy_1": -9.0,
            "policy_2": -15.0,
            "policy_0": -6.0
        },
        "policy_reward_mean": {
            "policy_1": -121.11,
            "policy_2": -159.28,
            "policy_0": -120.39
        },
        "custom_metrics": {},
        "hist_stats": {
            "episode_reward": [
                -368.0,
                -443.0,
                -269.0,
                -268.0,
                -484.0,
                -283.0,
                -136.0,
                -341.0,
                -366.0,
                -359.0,
                -305.0,
                -416.0,
                -414.0,
                -264.0,
                -637.0,
                -139.0,
                -441.0,
                -419.0,
                -306.0,
                -394.0,
                -546.0,
                -560.0,
                -579.0,
                -331.0,
                -439.0,
                -341.0,
                -139.0,
                -341.0,
                -525.0,
                -259.0,
                -371.0,
                -260.0,
                -320.0,
                -664.0,
                -382.0,
                -421.0,
                -405.0,
                -148.0,
                -295.0,
                -452.0,
                -382.0,
                -492.0,
                -432.0,
                -382.0,
                -368.0,
                -518.0,
                -418.0,
                -427.0,
                -431.0,
                -393.0,
                -201.0,
                -317.0,
                -516.0,
                -568.0,
                -417.0,
                -411.0,
                -243.0,
                -304.0,
                -198.0,
                -476.0,
                -559.0,
                -141.0,
                -321.0,
                -511.0,
                -429.0,
                -525.0,
                -421.0,
                -359.0,
                -564.0,
                -410.0,
                -257.0,
                -248.0,
                -439.0,
                -414.0,
                -512.0,
                -226.0,
                -345.0,
                -480.0,
                -278.0,
                -600.0,
                -612.0,
                -214.0,
                -579.0,
                -530.0,
                -632.0,
                -473.0,
                -406.0,
                -374.0,
                -550.0,
                -376.0,
                -571.0,
                -504.0,
                -189.0,
                -599.0,
                -420.0,
                -412.0,
                -550.0,
                -500.0,
                -429.0,
                -395.0
            ],