{
    "custom_metrics": {},
    "episode_media": {},
    "info": {
        "learner": {
            "policy_2": {
                "learner_stats": {
                    "allreduce_latency": 0.0,
                    "grad_gnorm": 1.6484397649765015,
                    "cur_kl_coeff": 0.6749999999999998,
                    "cur_lr": 5e-05,
                    "total_loss": 7.725671421397816,
                    "policy_loss": -0.10642233067615466,
                    "vf_loss": 7.95040954098557,
                    "vf_explained_var": -0.01391678506677801,
                    "kl": 0.012711194496265359,
                    "entropy": 1.2689586827249237,
                    "entropy_coeff": 0.09999999999999998
                },
                "model": {},
                "custom_metrics": {},
                "num_agent_steps_trained": 120.9090909090909,
                "num_grad_updates_lifetime": 257565.5,
                "diff_num_grad_updates_vs_sampler_policy": 164.5
            },
            "policy_0": {
                "learner_stats": {
                    "allreduce_latency": 0.0,
                    "grad_gnorm": 4.489351749420166,
                    "cur_kl_coeff": 0.2111400167856115,
                    "cur_lr": 5e-05,
                    "total_loss": 8.345157808246034,
                    "policy_loss": -0.07897295679501963,
                    "vf_loss": 8.427457623048262,
                    "vf_explained_var": -0.019341131593241835,
                    "kl": 0.018149799767354237,
                    "entropy": 0.715902264732303,
                    "entropy_coeff": 0.01
                },
                "model": {},
                "custom_metrics": {},
                "num_agent_steps_trained": 121.27272727272727,
                "num_grad_updates_lifetime": 257565.5,
                "diff_num_grad_updates_vs_sampler_policy": 164.5
            },
            "policy_1": {
                "learner_stats": {
                    "allreduce_latency": 0.0,
                    "grad_gnorm": 2.318643569946289,
                    "cur_kl_coeff": 0.50625,
                    "cur_lr": 5e-05,
                    "total_loss": 7.195067522742532,
                    "policy_loss": -0.0893985631537031,
                    "vf_loss": 7.332518904136889,
                    "vf_explained_var": -0.004124049345652262,
                    "kl": 0.012779970718920942,
                    "entropy": 1.0904543699640217,
                    "entropy_coeff": 0.04999999999999999
                },
                "model": {},
                "custom_metrics": {},
                "num_agent_steps_trained": 121.45454545454545,
                "num_grad_updates_lifetime": 257565.5,
                "diff_num_grad_updates_vs_sampler_policy": 164.5
            }
        },
        "num_env_steps_sampled": 3124000,
        "num_env_steps_trained": 3124000,
        "num_agent_steps_sampled": 3123998,
        "num_agent_steps_trained": 3123998
    },
    "env_runners": {
        "episode_reward_max": -116.0,
        "episode_reward_min": -662.0,
        "episode_reward_mean": -425.95,
        "episode_len_mean": 394.54,
        "episode_media": {},
        "episodes_timesteps_total": 39454,
        "policy_reward_min": {
            "policy_1": -415.0,
            "policy_2": -385.0,
            "policy_0": -380.0
        },
        "policy_reward_max": {
            "policy_1": -4.0,
            "policy_2": -42.0,
            "policy_0": 2.0
        },
        "policy_reward_mean": {
            "policy_1": -137.72,
            "policy_2": -185.5,
            "policy_0": -102.73
        },
        "custom_metrics": {},
        "hist_stats": {
            "episode_reward": [
                -383.0,
                -314.0,
                -450.0,
                -529.0,
                -574.0,
                -576.0,
                -488.0,
                -375.0,
                -442.0,
                -377.0,
                -402.0,
                -478.0,
                -398.0,
                -377.0,
                -385.0,
                -437.0,
                -255.0,
                -321.0,
                -334.0,
                -279.0,
                -412.0,
                -347.0,
                -449.0,
                -231.0,
                -478.0,
                -506.0,
                -519.0,
                -382.0,
                -484.0,
                -434.0,
                -422.0,
                -568.0,
                -520.0,
                -377.0,
                -278.0,
                -536.0,
                -514.0,
                -484.0,
                -488.0,
                -575.0,
                -451.0,
                -268.0,
                -247.0,
                -242.0,
                -388.0,
                -407.0,
                -589.0,
                -243.0,
                -384.0,
                -421.0,
                -263.0,
                -446.0,
                -522.0,
                -530.0,
                -585.0,
                -345.0,
                -454.0,
                -610.0,
                -441.0,
                -449.0,
                -234.0,
                -516.0,
                -662.0,
                -479.0,
                -466.0,
                -575.0,
                -447.0,
                -218.0,
                -382.0,
                -396.0,
                -416.0,
                -294.0,
                -467.0,
                -364.0,
                -419.0,
                -321.0,
                -436.0,
                -458.0,
                -116.0,
                -512.0,
                -462.0,
                -544.0,
                -370.0,
                -531.0,
                -411.0,
                -252.0,
                -434.0,
                -168.0,
                -561.0,
                -372.0,
                -614.0,
                -411.0,
                -400.0,
                -500.0,
                -374.0,
                -610.0,
                -546.0,
                -302.0,
                -523.0,
                -569.0
            ],