{
    "custom_metrics": {},
    "episode_media": {},
    "info": {
        "learner": {
            "policy_2": {
                "learner_stats": {
                    "allreduce_latency": 0.0,
                    "grad_gnorm": 0.9868432283401489,
                    "cur_kl_coeff": 0.19999999999999996,
                    "cur_lr": 5e-05,
                    "total_loss": 9.64645656527895,
                    "policy_loss": -0.05005843325405184,
                    "vf_loss": 9.841739793257279,
                    "vf_explained_var": 2.2604609980727686e-06,
                    "kl": 0.008800824787622232,
                    "entropy": 1.4698493094155283,
                    "entropy_coeff": 0.09999999999999998
                },
                "model": {},
                "custom_metrics": {},
                "num_agent_steps_trained": 121.36363636363636,
                "num_grad_updates_lifetime": 6765.5,
                "diff_num_grad_updates_vs_sampler_policy": 164.5
            },
            "policy_0": {
                "learner_stats": {
                    "allreduce_latency": 0.0,
                    "grad_gnorm": 0.9347949624061584,
                    "cur_kl_coeff": 0.19999999999999996,
                    "cur_lr": 5e-05,
                    "total_loss": 9.779267582748876,
                    "policy_loss": -0.05080572548675153,
                    "vf_loss": 9.840852026505903,
                    "vf_explained_var": -3.0862562584154535e-06,
                    "kl": 0.009228100018742911,
                    "entropy": 1.2624382932980855,
                    "entropy_coeff": 0.01
                },
                "model": {},
                "custom_metrics": {},
                "num_agent_steps_trained": 121.63636363636364,
                "num_grad_updates_lifetime": 6765.5,
                "diff_num_grad_updates_vs_sampler_policy": 164.5
            },
            "policy_1": {
                "learner_stats": {
                    "allreduce_latency": 0.0,
                    "grad_gnorm": 0.9362326860427856,
                    "cur_kl_coeff": 0.19999999999999996,
                    "cur_lr": 5e-05,
                    "total_loss": 9.715051489165335,
                    "policy_loss": -0.06574581311592324,
                    "vf_loss": 9.850610519177986,
                    "vf_explained_var": 3.1032345511696555e-06,
                    "kl": 0.012098692772694975,
                    "entropy": 1.4446617783922138,
                    "entropy_coeff": 0.04999999999999999
                },
                "model": {},
                "custom_metrics": {},
                "num_agent_steps_trained": 120.63636363636364,
                "num_grad_updates_lifetime": 6765.5,
                "diff_num_grad_updates_vs_sampler_policy": 164.5
            }
        },
        "num_env_steps_sampled": 84000,
        "num_env_steps_trained": 84000,
        "num_agent_steps_sampled": 83998,
        "num_agent_steps_trained": 83998
    },
    "env_runners": {
        "episode_reward_max": -260.0,
        "episode_reward_min": -608.0,
        "episode_reward_mean": -462.49,
        "episode_len_mean": 219.38,
        "episode_media": {},
        "episodes_timesteps_total": 21938,
        "policy_reward_min": {
            "policy_1": -430.0,
            "policy_2": -390.0,
            "policy_0": -420.0
        },
        "policy_reward_max": {
            "policy_1": -18.0,
            "policy_2": -15.0,
            "policy_0": -25.0
        },
        "policy_reward_mean": {
            "policy_1": -157.43,
            "policy_2": -173.13,
            "policy_0": -131.93
        },
        "custom_metrics": {},
        "hist_stats": {
            "episode_reward": [
                -461.0,
                -475.0,
                -417.0,
                -369.0,
                -501.0,
                -575.0,
                -544.0,
                -461.0,
                -434.0,
                -513.0,
                -516.0,
                -481.0,
                -363.0,
                -471.0,
                -426.0,
                -401.0,
                -427.0,
                -525.0,
                -439.0,
                -562.0,
                -455.0,
                -601.0,
                -519.0,
                -582.0,
                -327.0,
                -396.0,
                -396.0,
                -402.0,
                -418.0,
                -608.0,
                -418.0,
                -373.0,
                -463.0,
                -517.0,
                -471.0,
                -423.0,
                -377.0,
                -369.0,
                -435.0,
                -389.0,
                -406.0,
                -470.0,
                -550.0,
                -606.0,
                -552.0,
                -471.0,
                -349.0,
                -543.0,
                -480.0,
                -531.0,
                -441.0,
                -351.0,
                -488.0,
                -445.0,
                -527.0,
                -605.0,
                -541.0,
                -482.0,
                -585.0,
                -350.0,
                -477.0,
                -388.0,
                -500.0,
                -449.0,
                -370.0,
                -499.0,
                -464.0,
                -363.0,
                -449.0,
                -565.0,
                -336.0,
                -368.0,
                -260.0,
                -598.0,
                -430.0,
                -403.0,
                -457.0,
                -413.0,
                -406.0,
                -594.0,
                -422.0,
                -411.0,
                -572.0,
                -387.0,
                -573.0,
                -444.0,
                -576.0,
                -467.0,
                -454.0,
                -372.0,
                -528.0,
                -347.0,
                -514.0,
                -544.0,
                -536.0,
                -508.0,
                -405.0,
                -454.0,
                -386.0,
                -487.0
            ],