{
    "custom_metrics": {},
    "episode_media": {},
    "info": {
        "learner": {
            "policy_2": {
                "learner_stats": {
                    "allreduce_latency": 0.0,
                    "grad_gnorm": 3.8913862705230713,
                    "cur_kl_coeff": 0.6749999999999998,
                    "cur_lr": 5e-05,
                    "total_loss": 4.486247416698571,
                    "policy_loss": -0.08037651404173989,
                    "vf_loss": 4.673154070883086,
                    "vf_explained_var": -0.0016859892642859258,
                    "kl": 0.009202944947882418,
                    "entropy": 1.1274212542808417,
                    "entropy_coeff": 0.09999999999999998
                },
                "model": {},
                "custom_metrics": {},
                "num_agent_steps_trained": 121.45454545454545,
                "num_grad_updates_lifetime": 158565.5,
                "diff_num_grad_updates_vs_sampler_policy": 164.5
            },
            "policy_0": {
                "learner_stats": {
                    "allreduce_latency": 0.0,
                    "grad_gnorm": 3.5865566730499268,
                    "cur_kl_coeff": 0.2886507578194141,
                    "cur_lr": 5e-05,
                    "total_loss": 5.51056451363997,
                    "policy_loss": -0.0705633166838776,
                    "vf_loss": 5.58246324857076,
                    "vf_explained_var": 0.03054852196664521,
                    "kl": 0.010079228423336865,
                    "entropy": 0.4244806563312357,
                    "entropy_coeff": 0.01
                },
                "model": {},
                "custom_metrics": {},
                "num_agent_steps_trained": 121.0909090909091,
                "num_grad_updates_lifetime": 158565.5,
                "diff_num_grad_updates_vs_sampler_policy": 164.5
            },
            "policy_1": {
                "learner_stats": {
                    "allreduce_latency": 0.0,
                    "grad_gnorm": 2.867269992828369,
                    "cur_kl_coeff": 0.4500000000000002,
                    "cur_lr": 5e-05,
                    "total_loss": 7.018145803971724,
                    "policy_loss": -0.07513977920594202,
                    "vf_loss": 7.137361540938869,
                    "vf_explained_var": -0.017859222491582234,
                    "kl": 0.012506651476720245,
                    "entropy": 0.9940790673096974,
                    "entropy_coeff": 0.04999999999999999
                },
                "model": {},
                "custom_metrics": {},
                "num_agent_steps_trained": 121.0909090909091,
                "num_grad_updates_lifetime": 158565.5,
                "diff_num_grad_updates_vs_sampler_policy": 164.5
            }
        },
        "num_env_steps_sampled": 1924000,
        "num_env_steps_trained": 1924000,
        "num_agent_steps_sampled": 1923998,
        "num_agent_steps_trained": 1923998
    },
    "env_runners": {
        "episode_reward_max": -45.0,
        "episode_reward_min": -718.0,
        "episode_reward_mean": -424.54,
        "episode_len_mean": 338.7,
        "episode_media": {},
        "episodes_timesteps_total": 33870,
        "policy_reward_min": {
            "policy_2": -405.0,
            "policy_0": -365.0,
            "policy_1": -420.0
        },
        "policy_reward_max": {
            "policy_2": 0.0,
            "policy_0": 6.0,
            "policy_1": -14.0
        },
        "policy_reward_mean": {
            "policy_2": -179.31,
            "policy_0": -120.08,
            "policy_1": -125.15
        },
        "custom_metrics": {},
        "hist_stats": {
            "episode_reward": [
                -586.0,
                -557.0,
                -471.0,
                -559.0,
                -424.0,
                -616.0,
                -209.0,
                -162.0,
                -328.0,
                -451.0,
                -511.0,
                -503.0,
                -264.0,
                -446.0,
                -457.0,
                -303.0,
                -435.0,
                -301.0,
                -626.0,
                -576.0,
                -530.0,
                -467.0,
                -390.0,
                -491.0,
                -410.0,
                -503.0,
                -460.0,
                -363.0,
                -480.0,
                -424.0,
                -509.0,
                -476.0,
                -233.0,
                -575.0,
                -415.0,
                -551.0,
                -266.0,
                -45.0,
                -340.0,
                -327.0,
                -718.0,
                -376.0,
                -270.0,
                -478.0,
                -527.0,
                -420.0,
                -280.0,
                -377.0,
                -482.0,
                -408.0,
                -422.0,
                -509.0,
                -550.0,
                -480.0,
                -292.0,
                -303.0,
                -507.0,
                -463.0,
                -239.0,
                -410.0,
                -267.0,
                -538.0,
                -467.0,
                -453.0,
                -447.0,
                -333.0,
                -483.0,
                -270.0,
                -487.0,
                -499.0,
                -570.0,
                -418.0,
                -406.0,
                -610.0,
                -542.0,
                -510.0,
                -355.0,
                -394.0,
                -412.0,
                -353.0,
                -362.0,
                -407.0,
                -475.0,
                -221.0,
                -461.0,
                -488.0,
                -449.0,
                -484.0,
                -527.0,
                -534.0,
                -461.0,
                -392.0,
                -588.0,
                -164.0,
                -444.0,
                -389.0,
                -124.0,
                -330.0,
                -480.0,
                -309.0
            ],