{
    "custom_metrics": {},
    "episode_media": {},
    "info": {
        "learner": {
            "policy_2": {
                "learner_stats": {
                    "allreduce_latency": 0.0,
                    "grad_gnorm": 2.095489025115967,
                    "cur_kl_coeff": 0.4500000000000002,
                    "cur_lr": 5e-05,
                    "total_loss": 8.735856589404019,
                    "policy_loss": -0.10008706343406547,
                    "vf_loss": 8.961392104986942,
                    "vf_explained_var": -0.011636243805740819,
                    "kl": 0.012191462633685719,
                    "entropy": 1.3093461661627799,
                    "entropy_coeff": 0.09999999999999998
                },
                "model": {},
                "custom_metrics": {},
                "num_agent_steps_trained": 120.72727272727273,
                "num_grad_updates_lifetime": 90915.5,
                "diff_num_grad_updates_vs_sampler_policy": 164.5
            },
            "policy_0": {
                "learner_stats": {
                    "allreduce_latency": 0.0,
                    "grad_gnorm": 4.70024299621582,
                    "cur_kl_coeff": 0.2402709960937499,
                    "cur_lr": 5e-05,
                    "total_loss": 7.153913448796128,
                    "policy_loss": -0.06959577236522102,
                    "vf_loss": 7.2267902533213295,
                    "vf_explained_var": 0.07200882669651147,
                    "kl": 0.015603176754828755,
                    "entropy": 0.7030003745447505,
                    "entropy_coeff": 0.01
                },
                "model": {},
                "custom_metrics": {},
                "num_agent_steps_trained": 120.81818181818181,
                "num_grad_updates_lifetime": 90915.5,
                "diff_num_grad_updates_vs_sampler_policy": 164.5
            },
            "policy_1": {
                "learner_stats": {
                    "allreduce_latency": 0.0,
                    "grad_gnorm": 2.2077982425689697,
                    "cur_kl_coeff": 0.4500000000000002,
                    "cur_lr": 5e-05,
                    "total_loss": 7.994557831504128,
                    "policy_loss": -0.07585711743414515,
                    "vf_loss": 8.12745624889027,
                    "vf_explained_var": -0.014534015547145496,
                    "kl": 0.010625768739801431,
                    "entropy": 1.236457905444232,
                    "entropy_coeff": 0.04999999999999999
                },
                "model": {},
                "custom_metrics": {},
                "num_agent_steps_trained": 122.0909090909091,
                "num_grad_updates_lifetime": 90915.5,
                "diff_num_grad_updates_vs_sampler_policy": 164.5
            }
        },
        "num_env_steps_sampled": 1104000,
        "num_env_steps_trained": 1104000,
        "num_agent_steps_sampled": 1103998,
        "num_agent_steps_trained": 1103998
    },
    "env_runners": {
        "episode_reward_max": -116.0,
        "episode_reward_min": -679.0,
        "episode_reward_mean": -418.17,
        "episode_len_mean": 341.22,
        "episode_media": {},
        "episodes_timesteps_total": 34122,
        "policy_reward_min": {
            "policy_2": -465.0,
            "policy_0": -400.0,
            "policy_1": -435.0
        },
        "policy_reward_max": {
            "policy_2": -24.0,
            "policy_0": 1.0,
            "policy_1": -14.0
        },
        "policy_reward_mean": {
            "policy_2": -194.88,
            "policy_0": -113.32,
            "policy_1": -109.97
        },
        "custom_metrics": {},
        "hist_stats": {
            "episode_reward": [
                -317.0,
                -551.0,
                -509.0,
                -448.0,
                -586.0,
                -412.0,
                -438.0,
                -246.0,
                -524.0,
                -294.0,
                -481.0,
                -528.0,
                -476.0,
                -392.0,
                -337.0,
                -310.0,
                -321.0,
                -679.0,
                -324.0,
                -116.0,
                -523.0,
                -428.0,
                -397.0,
                -614.0,
                -572.0,
                -469.0,
                -326.0,
                -480.0,
                -442.0,
                -590.0,
                -301.0,
                -357.0,
                -345.0,
                -261.0,
                -242.0,
                -253.0,
                -582.0,
                -360.0,
                -253.0,
                -584.0,
                -544.0,
                -314.0,
                -539.0,
                -566.0,
                -434.0,
                -204.0,
                -466.0,
                -608.0,
                -599.0,
                -499.0,
                -311.0,
                -403.0,
                -566.0,
                -382.0,
                -419.0,
                -491.0,
                -447.0,
                -309.0,
                -444.0,
                -512.0,
                -321.0,
                -335.0,
                -346.0,
                -319.0,
                -201.0,
                -467.0,
                -614.0,
                -379.0,
                -391.0,
                -455.0,
                -329.0,
                -510.0,
                -442.0,
                -413.0,
                -255.0,
                -180.0,
                -322.0,
                -346.0,
                -439.0,
                -556.0,
                -427.0,
                -637.0,
                -463.0,
                -414.0,
                -180.0,
                -516.0,
                -574.0,
                -232.0,
                -459.0,
                -486.0,
                -393.0,
                -186.0,
                -418.0,
                -459.0,
                -567.0,
                -363.0,
                -511.0,
                -309.0,
                -416.0,
                -462.0
            ],