{
    "custom_metrics": {},
    "episode_media": {},
    "info": {
        "learner": {
            "policy_2": {
                "learner_stats": {
                    "allreduce_latency": 0.0,
                    "grad_gnorm": 1.4359785318374634,
                    "cur_kl_coeff": 0.19999999999999996,
                    "cur_lr": 5e-05,
                    "total_loss": 9.51162281036377,
                    "policy_loss": -0.06926843156177324,
                    "vf_loss": 9.720663137146921,
                    "vf_explained_var": -0.0016832024762124726,
                    "kl": 0.01218018173317896,
                    "entropy": 1.4220790895548734,
                    "entropy_coeff": 0.09999999999999998
                },
                "model": {},
                "custom_metrics": {},
                "num_agent_steps_trained": 121.0909090909091,
                "num_grad_updates_lifetime": 23265.5,
                "diff_num_grad_updates_vs_sampler_policy": 164.5
            },
            "policy_0": {
                "learner_stats": {
                    "allreduce_latency": 0.0,
                    "grad_gnorm": 4.5291032791137695,
                    "cur_kl_coeff": 0.09999999999999998,
                    "cur_lr": 5e-05,
                    "total_loss": 8.232633170214566,
                    "policy_loss": -0.06563147984332207,
                    "vf_loss": 8.303725376996127,
                    "vf_explained_var": 0.012004885890267112,
                    "kl": 0.01524379622998113,
                    "entropy": 0.6985151296312159,
                    "entropy_coeff": 0.01
                },
                "model": {},
                "custom_metrics": {},
                "num_agent_steps_trained": 121.45454545454545,
                "num_grad_updates_lifetime": 23265.5,
                "diff_num_grad_updates_vs_sampler_policy": 164.5
            },
            "policy_1": {
                "learner_stats": {
                    "allreduce_latency": 0.0,
                    "grad_gnorm": 2.258171558380127,
                    "cur_kl_coeff": 0.19999999999999996,
                    "cur_lr": 5e-05,
                    "total_loss": 8.755525050018774,
                    "policy_loss": -0.07200678738088093,
                    "vf_loss": 8.88871338150718,
                    "vf_explained_var": -0.008701555295424029,
                    "kl": 0.013331505211917493,
                    "entropy": 1.2769571683623575,
                    "entropy_coeff": 0.04999999999999999
                },
                "model": {},
                "custom_metrics": {},
                "num_agent_steps_trained": 121.0909090909091,
                "num_grad_updates_lifetime": 23265.5,
                "diff_num_grad_updates_vs_sampler_policy": 164.5
            }
        },
        "num_env_steps_sampled": 284000,
        "num_env_steps_trained": 284000,
        "num_agent_steps_sampled": 283998,
        "num_agent_steps_trained": 283998
    },
    "env_runners": {
        "episode_reward_max": -149.0,
        "episode_reward_min": -644.0,
        "episode_reward_mean": -420.78,
        "episode_len_mean": 391.5,
        "episode_media": {},
        "episodes_timesteps_total": 39150,
        "policy_reward_min": {
            "policy_2": -415.0,
            "policy_0": -390.0,
            "policy_1": -395.0
        },
        "policy_reward_max": {
            "policy_2": -35.0,
            "policy_0": 3.0,
            "policy_1": -20.0
        },
        "policy_reward_mean": {
            "policy_2": -192.19,
            "policy_0": -75.76,
            "policy_1": -152.83
        },
        "custom_metrics": {},
        "hist_stats": {
            "episode_reward": [
                -510.0,
                -273.0,
                -507.0,
                -406.0,
                -413.0,
                -468.0,
                -465.0,
                -444.0,
                -581.0,
                -644.0,
                -377.0,
                -428.0,
                -483.0,
                -259.0,
                -506.0,
                -510.0,
                -413.0,
                -432.0,
                -271.0,
                -408.0,
                -271.0,
                -421.0,
                -448.0,
                -477.0,
                -499.0,
                -549.0,
                -324.0,
                -526.0,
                -533.0,
                -362.0,
                -298.0,
                -558.0,
                -472.0,
                -471.0,
                -393.0,
                -340.0,
                -302.0,
                -361.0,
                -439.0,
                -500.0,
                -378.0,
                -275.0,
                -445.0,
                -350.0,
                -428.0,
                -562.0,
                -318.0,
                -463.0,
                -445.0,
                -484.0,
                -269.0,
                -362.0,
                -552.0,
                -436.0,
                -358.0,
                -522.0,
                -400.0,
                -442.0,
                -149.0,
                -280.0,
                -582.0,
                -391.0,
                -375.0,
                -466.0,
                -537.0,
                -451.0,
                -359.0,
                -378.0,
                -212.0,
                -381.0,
                -394.0,
                -526.0,
                -340.0,
                -599.0,
                -252.0,
                -263.0,
                -414.0,
                -342.0,
                -615.0,
                -457.0,
                -510.0,
                -492.0,
                -510.0,
                -337.0,
                -525.0,
                -407.0,
                -473.0,
                -506.0,
                -451.0,
                -265.0,
                -311.0,
                -515.0,
                -442.0,
                -379.0,
                -461.0,
                -397.0,
                -360.0,
                -399.0,
                -359.0,
                -385.0
            ],