{
    "custom_metrics": {},
    "episode_media": {},
    "info": {
        "learner": {
            "policy_2": {
                "learner_stats": {
                    "allreduce_latency": 0.0,
                    "grad_gnorm": 3.0931317806243896,
                    "cur_kl_coeff": 0.6749999999999998,
                    "cur_lr": 5e-05,
                    "total_loss": 2.36683685057091,
                    "policy_loss": -0.06358826775244916,
                    "vf_loss": 2.544517852682056,
                    "vf_explained_var": 0.002024037910230232,
                    "kl": 0.008472519119050176,
                    "entropy": 1.1981167291149948,
                    "entropy_coeff": 0.09999999999999998
                },
                "model": {},
                "custom_metrics": {},
                "num_agent_steps_trained": 121.0909090909091,
                "num_grad_updates_lifetime": 236115.5,
                "diff_num_grad_updates_vs_sampler_policy": 164.5
            },
            "policy_0": {
                "learner_stats": {
                    "allreduce_latency": 0.0,
                    "grad_gnorm": 3.7645137310028076,
                    "cur_kl_coeff": 0.17575156404081999,
                    "cur_lr": 5e-05,
                    "total_loss": 2.092004322283196,
                    "policy_loss": -0.002075625041669065,
                    "vf_loss": 2.095065365415631,
                    "vf_explained_var": 0.030146424878727308,
                    "kl": 0.0013985402038295565,
                    "entropy": 0.12312111155779072,
                    "entropy_coeff": 0.01
                },
                "model": {},
                "custom_metrics": {},
                "num_agent_steps_trained": 121.18181818181819,
                "num_grad_updates_lifetime": 236115.5,
                "diff_num_grad_updates_vs_sampler_policy": 164.5
            },
            "policy_1": {
                "learner_stats": {
                    "allreduce_latency": 0.0,
                    "grad_gnorm": 2.523531198501587,
                    "cur_kl_coeff": 0.2250000000000001,
                    "cur_lr": 5e-05,
                    "total_loss": 0.5546417812562802,
                    "policy_loss": -0.05450740145011382,
                    "vf_loss": 0.6446491886156075,
                    "vf_explained_var": -0.02464133844231114,
                    "kl": 0.01287741936119639,
                    "entropy": 0.7679485288533298,
                    "entropy_coeff": 0.04999999999999999
                },
                "model": {},
                "custom_metrics": {},
                "num_agent_steps_trained": 121.36363636363636,
                "num_grad_updates_lifetime": 236115.5,
                "diff_num_grad_updates_vs_sampler_policy": 164.5
            }
        },
        "num_env_steps_sampled": 2864000,
        "num_env_steps_trained": 2864000,
        "num_agent_steps_sampled": 2863998,
        "num_agent_steps_trained": 2863998
    },
    "env_runners": {
        "episode_reward_max": -80.0,
        "episode_reward_min": -653.0,
        "episode_reward_mean": -406.6,
        "episode_len_mean": 708.46,
        "episode_media": {},
        "episodes_timesteps_total": 70846,
        "policy_reward_min": {
            "policy_2": -425.0,
            "policy_0": -380.0,
            "policy_1": -405.0
        },
        "policy_reward_max": {
            "policy_2": -15.0,
            "policy_0": -2.0,
            "policy_1": -1.0
        },
        "policy_reward_mean": {
            "policy_2": -163.95,
            "policy_0": -108.1,
            "policy_1": -134.55
        },
        "custom_metrics": {},
        "hist_stats": {
            "episode_reward": [
                -383.0,
                -416.0,
                -463.0,
                -498.0,
                -210.0,
                -401.0,
                -486.0,
                -402.0,
                -569.0,
                -398.0,
                -523.0,
                -519.0,
                -199.0,
                -558.0,
                -257.0,
                -389.0,
                -442.0,
                -482.0,
                -570.0,
                -481.0,
                -314.0,
                -574.0,
                -144.0,
                -494.0,
                -389.0,
                -420.0,
                -374.0,
                -307.0,
                -497.0,
                -132.0,
                -538.0,
                -478.0,
                -515.0,
                -409.0,
                -437.0,
                -226.0,
                -380.0,
                -472.0,
                -417.0,
                -391.0,
                -393.0,
                -464.0,
                -272.0,
                -305.0,
                -256.0,
                -390.0,
                -131.0,
                -344.0,
                -464.0,
                -511.0,
                -487.0,
                -80.0,
                -386.0,
                -331.0,
                -351.0,
                -466.0,
                -584.0,
                -423.0,
                -546.0,
                -516.0,
                -413.0,
                -379.0,
                -489.0,
                -620.0,
                -504.0,
                -451.0,
                -442.0,
                -248.0,
                -523.0,
                -343.0,
                -390.0,
                -487.0,
                -423.0,
                -344.0,
                -556.0,
                -317.0,
                -191.0,
                -167.0,
                -572.0,
                -231.0,
                -418.0,
                -521.0,
                -653.0,
                -471.0,
                -446.0,
                -311.0,
                -570.0,
                -418.0,
                -416.0,
                -142.0,
                -518.0,
                -573.0,
                -300.0,
                -481.0,
                -432.0,
                -260.0,
                -537.0,
                -468.0,
                -296.0,
                -85.0
            ],