{
    "custom_metrics": {},
    "episode_media": {},
    "info": {
        "learner": {
            "policy_2": {
                "learner_stats": {
                    "allreduce_latency": 0.0,
                    "grad_gnorm": 2.1841013431549072,
                    "cur_kl_coeff": 0.6749999999999998,
                    "cur_lr": 5e-05,
                    "total_loss": 6.5992577003710196,
                    "policy_loss": -0.09880998754930316,
                    "vf_loss": 6.807812631491458,
                    "vf_explained_var": 0.0031561362020897142,
                    "kl": 0.0129668154581923,
                    "entropy": 1.1849750489899606,
                    "entropy_coeff": 0.09999999999999998
                },
                "model": {},
                "custom_metrics": {},
                "num_agent_steps_trained": 121.0909090909091,
                "num_grad_updates_lifetime": 321915.5,
                "diff_num_grad_updates_vs_sampler_policy": 164.5
            },
            "policy_0": {
                "learner_stats": {
                    "allreduce_latency": 0.0,
                    "grad_gnorm": 5.4862213134765625,
                    "cur_kl_coeff": 0.19283608570096938,
                    "cur_lr": 5e-05,
                    "total_loss": 3.5661224469994055,
                    "policy_loss": -0.054158977853755154,
                    "vf_loss": 3.6222725145744556,
                    "vf_explained_var": -0.008659357735604951,
                    "kl": 0.009386870520905113,
                    "entropy": 0.3801197338284868,
                    "entropy_coeff": 0.01
                },
                "model": {},
                "custom_metrics": {},
                "num_agent_steps_trained": 121.36363636363636,
                "num_grad_updates_lifetime": 321915.5,
                "diff_num_grad_updates_vs_sampler_policy": 164.5
            },
            "policy_1": {
                "learner_stats": {
                    "allreduce_latency": 0.0,
                    "grad_gnorm": 2.2021522521972656,
                    "cur_kl_coeff": 0.4271484375,
                    "cur_lr": 5e-05,
                    "total_loss": 5.201287832404628,
                    "policy_loss": -0.07267010087697683,
                    "vf_loss": 5.3066100655180035,
                    "vf_explained_var": -0.014033511913183964,
                    "kl": 0.011207933058661487,
                    "entropy": 0.7487917726690119,
                    "entropy_coeff": 0.04999999999999999
                },
                "model": {},
                "custom_metrics": {},
                "num_agent_steps_trained": 121.18181818181819,
                "num_grad_updates_lifetime": 321915.5,
                "diff_num_grad_updates_vs_sampler_policy": 164.5
            }
        },
        "num_env_steps_sampled": 3904000,
        "num_env_steps_trained": 3904000,
        "num_agent_steps_sampled": 3903998,
        "num_agent_steps_trained": 3903998
    },
    "env_runners": {
        "episode_reward_max": -94.0,
        "episode_reward_min": -647.0,
        "episode_reward_mean": -408.62,
        "episode_len_mean": 407.5,
        "episode_media": {},
        "episodes_timesteps_total": 40750,
        "policy_reward_min": {
            "policy_1": -350.0,
            "policy_2": -475.0,
            "policy_0": -385.0
        },
        "policy_reward_max": {
            "policy_1": -8.0,
            "policy_2": -5.0,
            "policy_0": 15.0
        },
        "policy_reward_mean": {
            "policy_1": -123.39,
            "policy_2": -179.91,
            "policy_0": -105.32
        },
        "custom_metrics": {},
        "hist_stats": {
            "episode_reward": [
                -433.0,
                -282.0,
                -336.0,
                -418.0,
                -546.0,
                -531.0,
                -472.0,
                -426.0,
                -408.0,
                -290.0,
                -266.0,
                -425.0,
                -267.0,
                -481.0,
                -375.0,
                -568.0,
                -569.0,
                -489.0,
                -431.0,
                -240.0,
                -472.0,
                -500.0,
                -463.0,
                -301.0,
                -523.0,
                -431.0,
                -413.0,
                -562.0,
                -358.0,
                -459.0,
                -344.0,
                -171.0,
                -357.0,
                -144.0,
                -193.0,
                -351.0,
                -241.0,
                -222.0,
                -534.0,
                -440.0,
                -430.0,
                -403.0,
                -456.0,
                -390.0,
                -345.0,
                -345.0,
                -132.0,
                -471.0,
                -505.0,
                -393.0,
                -397.0,
                -518.0,
                -495.0,
                -368.0,
                -357.0,
                -457.0,
                -94.0,
                -424.0,
                -544.0,
                -367.0,
                -350.0,
                -333.0,
                -466.0,
                -506.0,
                -552.0,
                -462.0,
                -258.0,
                -647.0,
                -499.0,
                -312.0,
                -440.0,
                -497.0,
                -543.0,
                -459.0,
                -626.0,
                -455.0,
                -422.0,
                -411.0,
                -511.0,
                -388.0,
                -480.0,
                -559.0,
                -146.0,
                -390.0,
                -459.0,
                -527.0,
                -122.0,
                -281.0,
                -546.0,
                -411.0,
                -435.0,
                -362.0,
                -473.0,
                -192.0,
                -468.0,
                -534.0,
                -456.0,
                -340.0,
                -546.0,
                -375.0
            ],