{
    "custom_metrics": {},
    "episode_media": {},
    "info": {
        "learner": {
            "policy_2": {
                "learner_stats": {
                    "allreduce_latency": 0.0,
                    "grad_gnorm": 1.5229054689407349,
                    "cur_kl_coeff": 0.6749999999999998,
                    "cur_lr": 5e-05,
                    "total_loss": 7.215981233481205,
                    "policy_loss": -0.10938278673832731,
                    "vf_loss": 7.446056192571467,
                    "vf_explained_var": 0.0026379522049065794,
                    "kl": 0.012989370477866528,
                    "entropy": 1.2946000910166537,
                    "entropy_coeff": 0.09999999999999998
                },
                "model": {},
                "custom_metrics": {},
                "num_agent_steps_trained": 121.0,
                "num_grad_updates_lifetime": 249315.5,
                "diff_num_grad_updates_vs_sampler_policy": 164.5
            },
            "policy_0": {
                "learner_stats": {
                    "allreduce_latency": 0.0,
                    "grad_gnorm": 5.446969509124756,
                    "cur_kl_coeff": 0.08341333996468604,
                    "cur_lr": 5e-05,
                    "total_loss": 5.214299413652131,
                    "policy_loss": -0.07406748787669296,
                    "vf_loss": 5.290467400984331,
                    "vf_explained_var": -0.004813277179544623,
                    "kl": 0.01688572682454215,
                    "entropy": 0.3509009634003495,
                    "entropy_coeff": 0.01
                },
                "model": {},
                "custom_metrics": {},
                "num_agent_steps_trained": 121.18181818181819,
                "num_grad_updates_lifetime": 249315.5,
                "diff_num_grad_updates_vs_sampler_policy": 164.5
            },
            "policy_1": {
                "learner_stats": {
                    "allreduce_latency": 0.0,
                    "grad_gnorm": 2.320629596710205,
                    "cur_kl_coeff": 0.50625,
                    "cur_lr": 5e-05,
                    "total_loss": 4.610466209324923,
                    "policy_loss": -0.09265104605612137,
                    "vf_loss": 4.744682209419482,
                    "vf_explained_var": -0.00993040240172184,
                    "kl": 0.01150282514073228,
                    "entropy": 0.9477654252991532,
                    "entropy_coeff": 0.04999999999999999
                },
                "model": {},
                "custom_metrics": {},
                "num_agent_steps_trained": 121.45454545454545,
                "num_grad_updates_lifetime": 249315.5,
                "diff_num_grad_updates_vs_sampler_policy": 164.5
            }
        },
        "num_env_steps_sampled": 3024000,
        "num_env_steps_trained": 3024000,
        "num_agent_steps_sampled": 3023998,
        "num_agent_steps_trained": 3023998
    },
    "env_runners": {
        "episode_reward_max": -58.0,
        "episode_reward_min": -616.0,
        "episode_reward_mean": -410.97,
        "episode_len_mean": 430.94,
        "episode_media": {},
        "episodes_timesteps_total": 43094,
        "policy_reward_min": {
            "policy_2": -400.0,
            "policy_0": -395.0,
            "policy_1": -420.0
        },
        "policy_reward_max": {
            "policy_2": 10.0,
            "policy_0": 9.0,
            "policy_1": 5.0
        },
        "policy_reward_mean": {
            "policy_2": -190.87,
            "policy_0": -112.79,
            "policy_1": -107.31
        },
        "custom_metrics": {},
        "hist_stats": {
            "episode_reward": [
                -421.0,
                -383.0,
                -476.0,
                -353.0,
                -280.0,
                -497.0,
                -480.0,
                -546.0,
                -421.0,
                -362.0,
                -244.0,
                -237.0,
                -465.0,
                -451.0,
                -434.0,
                -58.0,
                -565.0,
                -453.0,
                -556.0,
                -365.0,
                -455.0,
                -399.0,
                -520.0,
                -467.0,
                -475.0,
                -317.0,
                -208.0,
                -338.0,
                -307.0,
                -410.0,
                -175.0,
                -470.0,
                -555.0,
                -484.0,
                -225.0,
                -277.0,
                -470.0,
                -571.0,
                -463.0,
                -263.0,
                -248.0,
                -569.0,
                -568.0,
                -410.0,
                -290.0,
                -404.0,
                -252.0,
                -435.0,
                -242.0,
                -445.0,
                -350.0,
                -294.0,
                -533.0,
                -508.0,
                -462.0,
                -586.0,
                -444.0,
                -276.0,
                -469.0,
                -456.0,
                -486.0,
                -374.0,
                -616.0,
                -571.0,
                -237.0,
                -548.0,
                -450.0,
                -380.0,
                -354.0,
                -349.0,
                -581.0,
                -460.0,
                -270.0,
                -550.0,
                -592.0,
                -387.0,
                -552.0,
                -421.0,
                -402.0,
                -387.0,
                -475.0,
                -495.0,
                -319.0,
                -523.0,
                -70.0,
                -458.0,
                -501.0,
                -256.0,
                -500.0,
                -204.0,
                -542.0,
                -504.0,
                -514.0,
                -520.0,
                -317.0,
                -397.0,
                -416.0,
                -439.0,
                -141.0,
                -402.0
            ],