{
    "custom_metrics": {},
    "episode_media": {},
    "info": {
        "learner": {
            "policy_2": {
                "learner_stats": {
                    "allreduce_latency": 0.0,
                    "grad_gnorm": 1.645474910736084,
                    "cur_kl_coeff": 0.4500000000000002,
                    "cur_lr": 5e-05,
                    "total_loss": 7.016969373009422,
                    "policy_loss": -0.09671591674259893,
                    "vf_loss": 7.23981862935153,
                    "vf_explained_var": -0.004635737159035423,
                    "kl": 0.011826110430280996,
                    "entropy": 1.3145507191166734,
                    "entropy_coeff": 0.09999999999999998
                },
                "model": {},
                "custom_metrics": {},
                "num_agent_steps_trained": 121.0909090909091,
                "num_grad_updates_lifetime": 104115.5,
                "diff_num_grad_updates_vs_sampler_policy": 164.5
            },
            "policy_0": {
                "learner_stats": {
                    "allreduce_latency": 0.0,
                    "grad_gnorm": 2.8878438472747803,
                    "cur_kl_coeff": 0.2402709960937499,
                    "cur_lr": 5e-05,
                    "total_loss": 6.068762470014168,
                    "policy_loss": -0.06610946498888855,
                    "vf_loss": 6.137066748647979,
                    "vf_explained_var": 0.004229347994833281,
                    "kl": 0.011498665457916418,
                    "entropy": 0.49576186077161266,
                    "entropy_coeff": 0.01
                },
                "model": {},
                "custom_metrics": {},
                "num_agent_steps_trained": 121.45454545454545,
                "num_grad_updates_lifetime": 104115.5,
                "diff_num_grad_updates_vs_sampler_policy": 164.5
            },
            "policy_1": {
                "learner_stats": {
                    "allreduce_latency": 0.0,
                    "grad_gnorm": 2.2068111896514893,
                    "cur_kl_coeff": 0.4500000000000002,
                    "cur_lr": 5e-05,
                    "total_loss": 7.951906371839119,
                    "policy_loss": -0.10200344262305985,
                    "vf_loss": 8.10674696113124,
                    "vf_explained_var": -0.002488298849626021,
                    "kl": 0.013858394590241832,
                    "entropy": 1.18146831537738,
                    "entropy_coeff": 0.04999999999999999
                },
                "model": {},
                "custom_metrics": {},
                "num_agent_steps_trained": 121.0909090909091,
                "num_grad_updates_lifetime": 104115.5,
                "diff_num_grad_updates_vs_sampler_policy": 164.5
            }
        },
        "num_env_steps_sampled": 1264000,
        "num_env_steps_trained": 1264000,
        "num_agent_steps_sampled": 1263998,
        "num_agent_steps_trained": 1263998
    },
    "env_runners": {
        "episode_reward_max": -53.0,
        "episode_reward_min": -593.0,
        "episode_reward_mean": -392.89,
        "episode_len_mean": 356.94,
        "episode_media": {},
        "episodes_timesteps_total": 35694,
        "policy_reward_min": {
            "policy_2": -375.0,
            "policy_0": -375.0,
            "policy_1": -370.0
        },
        "policy_reward_max": {
            "policy_2": -5.0,
            "policy_0": 3.0,
            "policy_1": -7.0
        },
        "policy_reward_mean": {
            "policy_2": -161.83,
            "policy_0": -100.8,
            "policy_1": -130.26
        },
        "custom_metrics": {},
        "hist_stats": {
            "episode_reward": [
                -409.0,
                -258.0,
                -491.0,
                -442.0,
                -496.0,
                -502.0,
                -547.0,
                -370.0,
                -323.0,
                -302.0,
                -194.0,
                -158.0,
                -585.0,
                -487.0,
                -593.0,
                -220.0,
                -295.0,
                -485.0,
                -290.0,
                -295.0,
                -136.0,
                -503.0,
                -439.0,
                -130.0,
                -578.0,
                -243.0,
                -561.0,
                -432.0,
                -246.0,
                -394.0,
                -497.0,
                -445.0,
                -528.0,
                -564.0,
                -446.0,
                -579.0,
                -333.0,
                -315.0,
                -330.0,
                -480.0,
                -566.0,
                -329.0,
                -522.0,
                -438.0,
                -514.0,
                -566.0,
                -451.0,
                -473.0,
                -493.0,
                -467.0,
                -462.0,
                -382.0,
                -301.0,
                -513.0,
                -287.0,
                -386.0,
                -416.0,
                -327.0,
                -248.0,
                -249.0,
                -145.0,
                -466.0,
                -333.0,
                -487.0,
                -321.0,
                -180.0,
                -483.0,
                -157.0,
                -472.0,
                -420.0,
                -500.0,
                -366.0,
                -446.0,
                -380.0,
                -404.0,
                -447.0,
                -384.0,
                -419.0,
                -399.0,
                -329.0,
                -321.0,
                -521.0,
                -386.0,
                -305.0,
                -230.0,
                -528.0,
                -232.0,
                -386.0,
                -53.0,
                -449.0,
                -357.0,
                -578.0,
                -460.0,
                -336.0,
                -295.0,
                -499.0,
                -334.0,
                -406.0,
                -316.0,
                -448.0
            ],