{
    "custom_metrics": {},
    "episode_media": {},
    "info": {
        "learner": {
            "policy_2": {
                "learner_stats": {
                    "allreduce_latency": 0.0,
                    "grad_gnorm": 2.9512147903442383,
                    "cur_kl_coeff": 0.4500000000000002,
                    "cur_lr": 5e-05,
                    "total_loss": 7.2580164172432635,
                    "policy_loss": -0.08831130675195406,
                    "vf_loss": 7.4622415441455265,
                    "vf_explained_var": -0.008864002336155285,
                    "kl": 0.012405050212631613,
                    "entropy": 1.21496138753313,
                    "entropy_coeff": 0.09999999999999998
                },
                "model": {},
                "custom_metrics": {},
                "num_agent_steps_trained": 121.18181818181819,
                "num_grad_updates_lifetime": 140415.5,
                "diff_num_grad_updates_vs_sampler_policy": 164.5
            },
            "policy_0": {
                "learner_stats": {
                    "allreduce_latency": 0.0,
                    "grad_gnorm": 3.011653184890747,
                    "cur_kl_coeff": 0.3421046018600464,
                    "cur_lr": 5e-05,
                    "total_loss": 6.103278881130796,
                    "policy_loss": -0.08995989010471737,
                    "vf_loss": 6.194993059562914,
                    "vf_explained_var": 0.0547672399968812,
                    "kl": 0.01727988226605731,
                    "entropy": 0.7665840430693193,
                    "entropy_coeff": 0.01
                },
                "model": {},
                "custom_metrics": {},
                "num_agent_steps_trained": 121.0,
                "num_grad_updates_lifetime": 140415.5,
                "diff_num_grad_updates_vs_sampler_policy": 164.5
            },
            "policy_1": {
                "learner_stats": {
                    "allreduce_latency": 0.0,
                    "grad_gnorm": 3.2132160663604736,
                    "cur_kl_coeff": 0.4500000000000002,
                    "cur_lr": 5e-05,
                    "total_loss": 7.334754852815108,
                    "policy_loss": -0.09926505798128236,
                    "vf_loss": 7.485174294674035,
                    "vf_explained_var": -0.05505582130316532,
                    "kl": 0.014093408305156433,
                    "entropy": 1.1499284379410022,
                    "entropy_coeff": 0.04999999999999999
                },
                "model": {},
                "custom_metrics": {},
                "num_agent_steps_trained": 121.45454545454545,
                "num_grad_updates_lifetime": 140415.5,
                "diff_num_grad_updates_vs_sampler_policy": 164.5
            }
        },
        "num_env_steps_sampled": 1704000,
        "num_env_steps_trained": 1704000,
        "num_agent_steps_sampled": 1703998,
        "num_agent_steps_trained": 1703998
    },
    "env_runners": {
        "episode_reward_max": -48.0,
        "episode_reward_min": -625.0,
        "episode_reward_mean": -413.66,
        "episode_len_mean": 449.66,
        "episode_media": {},
        "episodes_timesteps_total": 44966,
        "policy_reward_min": {
            "policy_1": -375.0,
            "policy_2": -375.0,
            "policy_0": -340.0
        },
        "policy_reward_max": {
            "policy_1": -11.0,
            "policy_2": -15.0,
            "policy_0": 6.0
        },
        "policy_reward_mean": {
            "policy_1": -102.33,
            "policy_2": -195.4,
            "policy_0": -115.93
        },
        "custom_metrics": {},
        "hist_stats": {
            "episode_reward": [
                -341.0,
                -220.0,
                -174.0,
                -514.0,
                -443.0,
                -461.0,
                -327.0,
                -386.0,
                -395.0,
                -241.0,
                -424.0,
                -439.0,
                -287.0,
                -506.0,
                -281.0,
                -473.0,
                -263.0,
                -366.0,
                -495.0,
                -432.0,
                -427.0,
                -419.0,
                -533.0,
                -500.0,
                -472.0,
                -386.0,
                -359.0,
                -483.0,
                -531.0,
                -522.0,
                -625.0,
                -462.0,
                -369.0,
                -535.0,
                -429.0,
                -526.0,
                -523.0,
                -487.0,
                -492.0,
                -494.0,
                -333.0,
                -438.0,
                -298.0,
                -397.0,
                -431.0,
                -498.0,
                -430.0,
                -406.0,
                -493.0,
                -494.0,
                -522.0,
                -493.0,
                -351.0,
                -571.0,
                -493.0,
                -301.0,
                -531.0,
                -172.0,
                -292.0,
                -487.0,
                -397.0,
                -287.0,
                -257.0,
                -466.0,
                -264.0,
                -340.0,
                -255.0,
                -252.0,
                -203.0,
                -453.0,
                -348.0,
                -509.0,
                -534.0,
                -614.0,
                -486.0,
                -528.0,
                -533.0,
                -450.0,
                -570.0,
                -517.0,
                -368.0,
                -508.0,
                -392.0,
                -375.0,
                -450.0,
                -193.0,
                -307.0,
                -499.0,
                -48.0,
                -409.0,
                -397.0,
                -455.0,
                -472.0,
                -488.0,
                -570.0,
                -400.0,
                -140.0,
                -418.0,
                -350.0,
                -391.0
            ],