{
    "custom_metrics": {},
    "episode_media": {},
    "info": {
        "learner": {
            "policy_2": {
                "learner_stats": {
                    "allreduce_latency": 0.0,
                    "grad_gnorm": 2.9203450679779053,
                    "cur_kl_coeff": 0.6749999999999998,
                    "cur_lr": 5e-05,
                    "total_loss": 3.0499281774867666,
                    "policy_loss": -0.08930749051682087,
                    "vf_loss": 3.2483431577682493,
                    "vf_explained_var": 0.002534932801217744,
                    "kl": 0.010568153260595787,
                    "entropy": 1.1624097697662585,
                    "entropy_coeff": 0.09999999999999998
                },
                "model": {},
                "custom_metrics": {},
                "num_agent_steps_trained": 121.0909090909091,
                "num_grad_updates_lifetime": 260865.5,
                "diff_num_grad_updates_vs_sampler_policy": 164.5
            },
            "policy_0": {
                "learner_stats": {
                    "allreduce_latency": 0.0,
                    "grad_gnorm": 5.110365390777588,
                    "cur_kl_coeff": 0.15835501258920864,
                    "cur_lr": 5e-05,
                    "total_loss": 2.8864578008651733,
                    "policy_loss": -0.07250733943514978,
                    "vf_loss": 2.959538632811922,
                    "vf_explained_var": 0.027524383501573043,
                    "kl": 0.015532280454669633,
                    "entropy": 0.3033117100596428,
                    "entropy_coeff": 0.01
                },
                "model": {},
                "custom_metrics": {},
                "num_agent_steps_trained": 121.18181818181819,
                "num_grad_updates_lifetime": 260865.5,
                "diff_num_grad_updates_vs_sampler_policy": 164.5
            },
            "policy_1": {
                "learner_stats": {
                    "allreduce_latency": 0.0,
                    "grad_gnorm": 3.6188809871673584,
                    "cur_kl_coeff": 0.50625,
                    "cur_lr": 5e-05,
                    "total_loss": 4.317574363766295,
                    "policy_loss": -0.0870938649584511,
                    "vf_loss": 4.441962452368303,
                    "vf_explained_var": -0.008371344118407278,
                    "kl": 0.013654507192917333,
                    "entropy": 0.884136494361993,
                    "entropy_coeff": 0.04999999999999999
                },
                "model": {},
                "custom_metrics": {},
                "num_agent_steps_trained": 121.36363636363636,
                "num_grad_updates_lifetime": 260865.5,
                "diff_num_grad_updates_vs_sampler_policy": 164.5
            }
        },
        "num_env_steps_sampled": 3164000,
        "num_env_steps_trained": 3164000,
        "num_agent_steps_sampled": 3163998,
        "num_agent_steps_trained": 3163998
    },
    "env_runners": {
        "episode_reward_max": -116.0,
        "episode_reward_min": -673.0,
        "episode_reward_mean": -409.56,
        "episode_len_mean": 564.7,
        "episode_media": {},
        "episodes_timesteps_total": 56470,
        "policy_reward_min": {
            "policy_2": -390.0,
            "policy_0": -380.0,
            "policy_1": -365.0
        },
        "policy_reward_max": {
            "policy_2": -15.0,
            "policy_0": 2.0,
            "policy_1": -11.0
        },
        "policy_reward_mean": {
            "policy_2": -188.47,
            "policy_0": -112.4,
            "policy_1": -108.69
        },
        "custom_metrics": {},
        "hist_stats": {
            "episode_reward": [
                -466.0,
                -575.0,
                -447.0,
                -218.0,
                -382.0,
                -396.0,
                -416.0,
                -294.0,
                -467.0,
                -364.0,
                -419.0,
                -321.0,
                -436.0,
                -458.0,
                -116.0,
                -512.0,
                -462.0,
                -544.0,
                -370.0,
                -531.0,
                -411.0,
                -252.0,
                -434.0,
                -168.0,
                -561.0,
                -372.0,
                -614.0,
                -411.0,
                -400.0,
                -500.0,
                -374.0,
                -610.0,
                -546.0,
                -302.0,
                -523.0,
                -569.0,
                -241.0,
                -281.0,
                -496.0,
                -255.0,
                -293.0,
                -405.0,
                -614.0,
                -373.0,
                -233.0,
                -457.0,
                -399.0,
                -673.0,
                -431.0,
                -326.0,
                -445.0,
                -415.0,
                -427.0,
                -406.0,
                -548.0,
                -515.0,
                -440.0,
                -311.0,
                -509.0,
                -509.0,
                -481.0,
                -604.0,
                -576.0,
                -169.0,
                -381.0,
                -395.0,
                -483.0,
                -367.0,
                -359.0,
                -343.0,
                -467.0,
                -336.0,
                -183.0,
                -330.0,
                -430.0,
                -206.0,
                -191.0,
                -335.0,
                -243.0,
                -402.0,
                -531.0,
                -511.0,
                -624.0,
                -422.0,
                -360.0,
                -633.0,
                -365.0,
                -424.0,
                -590.0,
                -437.0,
                -474.0,
                -474.0,
                -133.0,
                -302.0,
                -431.0,
                -281.0,
                -562.0,
                -293.0,
                -126.0,
                -459.0
            ],