{
    "custom_metrics": {},
    "episode_media": {},
    "info": {
        "learner": {
            "policy_2": {
                "learner_stats": {
                    "allreduce_latency": 0.0,
                    "grad_gnorm": 1.9444202184677124,
                    "cur_kl_coeff": 0.6749999999999998,
                    "cur_lr": 5e-05,
                    "total_loss": 7.2640143784609705,
                    "policy_loss": -0.09696022713147669,
                    "vf_loss": 7.479968056534275,
                    "vf_explained_var": -0.007058294433535952,
                    "kl": 0.010494928729248744,
                    "entropy": 1.260775044108882,
                    "entropy_coeff": 0.09999999999999998
                },
                "model": {},
                "custom_metrics": {},
                "num_agent_steps_trained": 121.0,
                "num_grad_updates_lifetime": 208065.5,
                "diff_num_grad_updates_vs_sampler_policy": 164.5
            },
            "policy_0": {
                "learner_stats": {
                    "allreduce_latency": 0.0,
                    "grad_gnorm": 4.51780891418457,
                    "cur_kl_coeff": 0.1300395095709121,
                    "cur_lr": 5e-05,
                    "total_loss": 5.340582752950263,
                    "policy_loss": -0.07920626305911521,
                    "vf_loss": 5.424681420037241,
                    "vf_explained_var": -0.0068374393564282045,
                    "kl": 0.013906513390162342,
                    "entropy": 0.6700794658877632,
                    "entropy_coeff": 0.01
                },
                "model": {},
                "custom_metrics": {},
                "num_agent_steps_trained": 121.45454545454545,
                "num_grad_updates_lifetime": 208065.5,
                "diff_num_grad_updates_vs_sampler_policy": 164.5
            },
            "policy_1": {
                "learner_stats": {
                    "allreduce_latency": 0.0,
                    "grad_gnorm": 3.072160482406616,
                    "cur_kl_coeff": 0.4500000000000002,
                    "cur_lr": 5e-05,
                    "total_loss": 6.813067587939176,
                    "policy_loss": -0.08853011167410649,
                    "vf_loss": 6.945045816537106,
                    "vf_explained_var": -0.020669147101315587,
                    "kl": 0.012305004306558774,
                    "entropy": 0.9797073369676417,
                    "entropy_coeff": 0.04999999999999999
                },
                "model": {},
                "custom_metrics": {},
                "num_agent_steps_trained": 121.18181818181819,
                "num_grad_updates_lifetime": 208065.5,
                "diff_num_grad_updates_vs_sampler_policy": 164.5
            }
        },
        "num_env_steps_sampled": 2524000,
        "num_env_steps_trained": 2524000,
        "num_agent_steps_sampled": 2523998,
        "num_agent_steps_trained": 2523998
    },
    "env_runners": {
        "episode_reward_max": -88.0,
        "episode_reward_min": -669.0,
        "episode_reward_mean": -399.34,
        "episode_len_mean": 489.26,
        "episode_media": {},
        "episodes_timesteps_total": 48926,
        "policy_reward_min": {
            "policy_1": -445.0,
            "policy_2": -470.0,
            "policy_0": -400.0
        },
        "policy_reward_max": {
            "policy_1": -10.0,
            "policy_2": -28.0,
            "policy_0": 3.0
        },
        "policy_reward_mean": {
            "policy_1": -121.26,
            "policy_2": -172.1,
            "policy_0": -105.98
        },
        "custom_metrics": {},
        "hist_stats": {
            "episode_reward": [
                -490.0,
                -301.0,
                -330.0,
                -261.0,
                -502.0,
                -270.0,
                -263.0,
                -434.0,
                -569.0,
                -160.0,
                -418.0,
                -322.0,
                -290.0,
                -414.0,
                -493.0,
                -306.0,
                -260.0,
                -324.0,
                -419.0,
                -411.0,
                -318.0,
                -444.0,
                -206.0,
                -493.0,
                -88.0,
                -508.0,
                -490.0,
                -277.0,
                -272.0,
                -350.0,
                -382.0,
                -393.0,
                -381.0,
                -299.0,
                -465.0,
                -128.0,
                -470.0,
                -364.0,
                -426.0,
                -182.0,
                -627.0,
                -287.0,
                -478.0,
                -349.0,
                -567.0,
                -390.0,
                -541.0,
                -539.0,
                -124.0,
                -504.0,
                -379.0,
                -485.0,
                -513.0,
                -392.0,
                -463.0,
                -380.0,
                -522.0,
                -229.0,
                -354.0,
                -373.0,
                -459.0,
                -524.0,
                -620.0,
                -358.0,
                -424.0,
                -198.0,
                -88.0,
                -218.0,
                -407.0,
                -453.0,
                -527.0,
                -406.0,
                -306.0,
                -376.0,
                -529.0,
                -470.0,
                -630.0,
                -666.0,
                -587.0,
                -554.0,
                -476.0,
                -358.0,
                -254.0,
                -320.0,
                -206.0,
                -447.0,
                -325.0,
                -340.0,
                -473.0,
                -669.0,
                -611.0,
                -225.0,
                -527.0,
                -413.0,
                -583.0,
                -564.0,
                -475.0,
                -582.0,
                -409.0,
                -208.0
            ],