{
    "custom_metrics": {},
    "episode_media": {},
    "info": {
        "learner": {
            "policy_2": {
                "learner_stats": {
                    "allreduce_latency": 0.0,
                    "grad_gnorm": 1.578163504600525,
                    "cur_kl_coeff": 0.19999999999999996,
                    "cur_lr": 5e-05,
                    "total_loss": 9.263578885974306,
                    "policy_loss": -0.08175967058844187,
                    "vf_loss": 9.480876824350068,
                    "vf_explained_var": 0.001957746527411721,
                    "kl": 0.013075792220067982,
                    "entropy": 1.3815344535943233,
                    "entropy_coeff": 0.09999999999999998
                },
                "model": {},
                "custom_metrics": {},
                "num_agent_steps_trained": 120.72727272727273,
                "num_grad_updates_lifetime": 48015.5,
                "diff_num_grad_updates_vs_sampler_policy": 164.5
            },
            "policy_0": {
                "learner_stats": {
                    "allreduce_latency": 0.0,
                    "grad_gnorm": 4.016487121582031,
                    "cur_kl_coeff": 0.075,
                    "cur_lr": 5e-05,
                    "total_loss": 7.501779174804687,
                    "policy_loss": -0.06851175042532057,
                    "vf_loss": 7.577056078477339,
                    "vf_explained_var": 0.043353383830099394,
                    "kl": 0.01787992259294703,
                    "entropy": 0.81061545791048,
                    "entropy_coeff": 0.01
                },
                "model": {},
                "custom_metrics": {},
                "num_agent_steps_trained": 121.27272727272727,
                "num_grad_updates_lifetime": 48015.5,
                "diff_num_grad_updates_vs_sampler_policy": 164.5
            },
            "policy_1": {
                "learner_stats": {
                    "allreduce_latency": 0.0,
                    "grad_gnorm": 4.301662445068359,
                    "cur_kl_coeff": 0.3,
                    "cur_lr": 5e-05,
                    "total_loss": 8.214402795560432,
                    "policy_loss": -0.08178969656230148,
                    "vf_loss": 8.355781326871929,
                    "vf_explained_var": 0.005426467368097016,
                    "kl": 0.013961361382593906,
                    "entropy": 1.2755448265509173,
                    "entropy_coeff": 0.04999999999999999
                },
                "model": {},
                "custom_metrics": {},
                "num_agent_steps_trained": 121.63636363636364,
                "num_grad_updates_lifetime": 48015.5,
                "diff_num_grad_updates_vs_sampler_policy": 164.5
            }
        },
        "num_env_steps_sampled": 584000,
        "num_env_steps_trained": 584000,
        "num_agent_steps_sampled": 583998,
        "num_agent_steps_trained": 583998
    },
    "env_runners": {
        "episode_reward_max": -84.0,
        "episode_reward_min": -725.0,
        "episode_reward_mean": -437.96,
        "episode_len_mean": 358.0,
        "episode_media": {},
        "episodes_timesteps_total": 35800,
        "policy_reward_min": {
            "policy_0": -370.0,
            "policy_1": -440.0,
            "policy_2": -440.0
        },
        "policy_reward_max": {
            "policy_0": 9.0,
            "policy_1": -2.0,
            "policy_2": -27.0
        },
        "policy_reward_mean": {
            "policy_0": -117.65,
            "policy_1": -144.26,
            "policy_2": -176.05
        },
        "custom_metrics": {},
        "hist_stats": {
            "episode_reward": [
                -600.0,
                -472.0,
                -499.0,
                -341.0,
                -316.0,
                -512.0,
                -309.0,
                -348.0,
                -469.0,
                -572.0,
                -399.0,
                -527.0,
                -451.0,
                -366.0,
                -452.0,
                -361.0,
                -338.0,
                -527.0,
                -399.0,
                -422.0,
                -595.0,
                -383.0,
                -602.0,
                -517.0,
                -223.0,
                -456.0,
                -366.0,
                -196.0,
                -411.0,
                -370.0,
                -546.0,
                -492.0,
                -471.0,
                -406.0,
                -547.0,
                -497.0,
                -293.0,
                -481.0,
                -403.0,
                -446.0,
                -456.0,
                -338.0,
                -333.0,
                -516.0,
                -437.0,
                -452.0,
                -481.0,
                -555.0,
                -366.0,
                -397.0,
                -519.0,
                -385.0,
                -476.0,
                -312.0,
                -484.0,
                -539.0,
                -460.0,
                -483.0,
                -557.0,
                -495.0,
                -725.0,
                -595.0,
                -438.0,
                -477.0,
                -84.0,
                -482.0,
                -377.0,
                -384.0,
                -391.0,
                -457.0,
                -379.0,
                -359.0,
                -574.0,
                -498.0,
                -542.0,
                -352.0,
                -288.0,
                -600.0,
                -477.0,
                -557.0,
                -404.0,
                -233.0,
                -273.0,
                -464.0,
                -428.0,
                -313.0,
                -547.0,
                -401.0,
                -276.0,
                -407.0,
                -451.0,
                -360.0,
                -493.0,
                -540.0,
                -469.0,
                -347.0,
                -604.0,
                -519.0,
                -444.0,
                -365.0
            ],