{
    "custom_metrics": {},
    "episode_media": {},
    "info": {
        "learner": {
            "policy_2": {
                "learner_stats": {
                    "allreduce_latency": 0.0,
                    "grad_gnorm": 2.491553544998169,
                    "cur_kl_coeff": 0.6749999999999998,
                    "cur_lr": 5e-05,
                    "total_loss": 4.912898778915405,
                    "policy_loss": -0.08884987830551284,
                    "vf_loss": 5.122373322284583,
                    "vf_explained_var": 0.008886454141501224,
                    "kl": 0.011017679639162774,
                    "entropy": 1.2806161266384704,
                    "entropy_coeff": 0.09999999999999998
                },
                "model": {},
                "custom_metrics": {},
                "num_agent_steps_trained": 121.27272727272727,
                "num_grad_updates_lifetime": 145365.5,
                "diff_num_grad_updates_vs_sampler_policy": 164.5
            },
            "policy_0": {
                "learner_stats": {
                    "allreduce_latency": 0.0,
                    "grad_gnorm": 1.9260631799697876,
                    "cur_kl_coeff": 0.1710523009300232,
                    "cur_lr": 5e-05,
                    "total_loss": 5.9291409882632164,
                    "policy_loss": -0.06916312118251385,
                    "vf_loss": 6.000739859089707,
                    "vf_explained_var": 0.04627245231108232,
                    "kl": 0.012691477085870794,
                    "entropy": 0.4606658446969408,
                    "entropy_coeff": 0.01
                },
                "model": {},
                "custom_metrics": {},
                "num_agent_steps_trained": 121.45454545454545,
                "num_grad_updates_lifetime": 145365.5,
                "diff_num_grad_updates_vs_sampler_policy": 164.5
            },
            "policy_1": {
                "learner_stats": {
                    "allreduce_latency": 0.0,
                    "grad_gnorm": 2.966923475265503,
                    "cur_kl_coeff": 0.4500000000000002,
                    "cur_lr": 5e-05,
                    "total_loss": 4.97567627213218,
                    "policy_loss": -0.09606258287165088,
                    "vf_loss": 5.121443429137721,
                    "vf_explained_var": -3.6256963556463066e-05,
                    "kl": 0.013866711848880046,
                    "entropy": 1.1188913404941558,
                    "entropy_coeff": 0.04999999999999999
                },
                "model": {},
                "custom_metrics": {},
                "num_agent_steps_trained": 120.9090909090909,
                "num_grad_updates_lifetime": 145365.5,
                "diff_num_grad_updates_vs_sampler_policy": 164.5
            }
        },
        "num_env_steps_sampled": 1764000,
        "num_env_steps_trained": 1764000,
        "num_agent_steps_sampled": 1763998,
        "num_agent_steps_trained": 1763998
    },
    "env_runners": {
        "episode_reward_max": -124.0,
        "episode_reward_min": -673.0,
        "episode_reward_mean": -431.36,
        "episode_len_mean": 452.78,
        "episode_media": {},
        "episodes_timesteps_total": 45278,
        "policy_reward_min": {
            "policy_0": -380.0,
            "policy_1": -380.0,
            "policy_2": -435.0
        },
        "policy_reward_max": {
            "policy_0": 5.0,
            "policy_1": -22.0,
            "policy_2": 9.0
        },
        "policy_reward_mean": {
            "policy_0": -130.08,
            "policy_1": -128.31,
            "policy_2": -172.97
        },
        "custom_metrics": {},
        "hist_stats": {
            "episode_reward": [
                -374.0,
                -438.0,
                -286.0,
                -514.0,
                -262.0,
                -458.0,
                -396.0,
                -580.0,
                -326.0,
                -434.0,
                -559.0,
                -465.0,
                -593.0,
                -493.0,
                -519.0,
                -335.0,
                -521.0,
                -442.0,
                -475.0,
                -482.0,
                -476.0,
                -387.0,
                -457.0,
                -539.0,
                -519.0,
                -673.0,
                -387.0,
                -339.0,
                -547.0,
                -382.0,
                -612.0,
                -432.0,
                -447.0,
                -408.0,
                -514.0,
                -357.0,
                -526.0,
                -489.0,
                -228.0,
                -159.0,
                -330.0,
                -461.0,
                -552.0,
                -558.0,
                -375.0,
                -444.0,
                -484.0,
                -492.0,
                -589.0,
                -152.0,
                -137.0,
                -517.0,
                -493.0,
                -450.0,
                -503.0,
                -469.0,
                -443.0,
                -519.0,
                -463.0,
                -474.0,
                -245.0,
                -289.0,
                -353.0,
                -553.0,
                -165.0,
                -402.0,
                -444.0,
                -306.0,
                -597.0,
                -359.0,
                -489.0,
                -407.0,
                -317.0,
                -452.0,
                -404.0,
                -534.0,
                -448.0,
                -563.0,
                -542.0,
                -409.0,
                -284.0,
                -458.0,
                -389.0,
                -520.0,
                -408.0,
                -467.0,
                -473.0,
                -375.0,
                -333.0,
                -307.0,
                -408.0,
                -358.0,
                -418.0,
                -124.0,
                -419.0,
                -434.0,
                -478.0,
                -516.0,
                -488.0,
                -466.0
            ],