{
    "custom_metrics": {},
    "episode_media": {},
    "info": {
        "learner": {
            "policy_2": {
                "learner_stats": {
                    "allreduce_latency": 0.0,
                    "grad_gnorm": 2.50541615486145,
                    "cur_kl_coeff": 0.4500000000000002,
                    "cur_lr": 5e-05,
                    "total_loss": 5.510996128573562,
                    "policy_loss": -0.08013671492085313,
                    "vf_loss": 5.704797899361813,
                    "vf_explained_var": -0.008549643827207161,
                    "kl": 0.011768355999868424,
                    "entropy": 1.18960832863143,
                    "entropy_coeff": 0.09999999999999998
                },
                "model": {},
                "custom_metrics": {},
                "num_agent_steps_trained": 120.9090909090909,
                "num_grad_updates_lifetime": 138765.5,
                "diff_num_grad_updates_vs_sampler_policy": 164.5
            },
            "policy_0": {
                "learner_stats": {
                    "allreduce_latency": 0.0,
                    "grad_gnorm": 3.2981340885162354,
                    "cur_kl_coeff": 0.22806973457336427,
                    "cur_lr": 5e-05,
                    "total_loss": 3.9418776020859227,
                    "policy_loss": -0.052962631702592425,
                    "vf_loss": 3.9952890237172443,
                    "vf_explained_var": 0.25904805100325384,
                    "kl": 0.00684423696948504,
                    "entropy": 0.2009762812292937,
                    "entropy_coeff": 0.01
                },
                "model": {},
                "custom_metrics": {},
                "num_agent_steps_trained": 121.27272727272727,
                "num_grad_updates_lifetime": 138765.5,
                "diff_num_grad_updates_vs_sampler_policy": 164.5
            },
            "policy_1": {
                "learner_stats": {
                    "allreduce_latency": 0.0,
                    "grad_gnorm": 2.1224584579467773,
                    "cur_kl_coeff": 0.4500000000000002,
                    "cur_lr": 5e-05,
                    "total_loss": 4.177948895367709,
                    "policy_loss": -0.06046514091836853,
                    "vf_loss": 4.277515082648306,
                    "vf_explained_var": 0.011262172821796302,
                    "kl": 0.008970134922455561,
                    "entropy": 0.8627517512350371,
                    "entropy_coeff": 0.04999999999999999
                },
                "model": {},
                "custom_metrics": {},
                "num_agent_steps_trained": 121.45454545454545,
                "num_grad_updates_lifetime": 138765.5,
                "diff_num_grad_updates_vs_sampler_policy": 164.5
            }
        },
        "num_env_steps_sampled": 1684000,
        "num_env_steps_trained": 1684000,
        "num_agent_steps_sampled": 1683998,
        "num_agent_steps_trained": 1683998
    },
    "env_runners": {
        "episode_reward_max": -172.0,
        "episode_reward_min": -650.0,
        "episode_reward_mean": -441.61,
        "episode_len_mean": 374.68,
        "episode_media": {},
        "episodes_timesteps_total": 37468,
        "policy_reward_min": {
            "policy_1": -375.0,
            "policy_2": -420.0,
            "policy_0": -440.0
        },
        "policy_reward_max": {
            "policy_1": -12.0,
            "policy_2": -26.0,
            "policy_0": 0.0
        },
        "policy_reward_mean": {
            "policy_1": -104.24,
            "policy_2": -213.24,
            "policy_0": -124.13
        },
        "custom_metrics": {},
        "hist_stats": {
            "episode_reward": [
                -338.0,
                -338.0,
                -540.0,
                -399.0,
                -454.0,
                -436.0,
                -564.0,
                -482.0,
                -346.0,
                -358.0,
                -577.0,
                -529.0,
                -369.0,
                -297.0,
                -487.0,
                -487.0,
                -650.0,
                -539.0,
                -566.0,
                -371.0,
                -479.0,
                -486.0,
                -489.0,
                -581.0,
                -409.0,
                -446.0,
                -556.0,
                -464.0,
                -616.0,
                -450.0,
                -600.0,
                -475.0,
                -381.0,
                -526.0,
                -441.0,
                -537.0,
                -441.0,
                -352.0,
                -435.0,
                -341.0,
                -220.0,
                -174.0,
                -514.0,
                -443.0,
                -461.0,
                -327.0,
                -386.0,
                -395.0,
                -241.0,
                -424.0,
                -439.0,
                -287.0,
                -506.0,
                -281.0,
                -473.0,
                -263.0,
                -366.0,
                -495.0,
                -432.0,
                -427.0,
                -419.0,
                -533.0,
                -500.0,
                -472.0,
                -386.0,
                -359.0,
                -483.0,
                -531.0,
                -522.0,
                -625.0,
                -462.0,
                -369.0,
                -535.0,
                -429.0,
                -526.0,
                -523.0,
                -487.0,
                -492.0,
                -494.0,
                -333.0,
                -438.0,
                -298.0,
                -397.0,
                -431.0,
                -498.0,
                -430.0,
                -406.0,
                -493.0,
                -494.0,
                -522.0,
                -493.0,
                -351.0,
                -571.0,
                -493.0,
                -301.0,
                -531.0,
                -172.0,
                -292.0,
                -487.0,
                -397.0
            ],