{
    "custom_metrics": {},
    "episode_media": {},
    "info": {
        "learner": {
            "policy_2": {
                "learner_stats": {
                    "allreduce_latency": 0.0,
                    "grad_gnorm": 3.578831434249878,
                    "cur_kl_coeff": 0.6749999999999998,
                    "cur_lr": 5e-05,
                    "total_loss": 3.636664373224432,
                    "policy_loss": -0.07538582084905074,
                    "vf_loss": 3.8270708857160627,
                    "vf_explained_var": 0.0045676822012121025,
                    "kl": 0.008416281303289282,
                    "entropy": 1.207016639998465,
                    "entropy_coeff": 0.09999999999999998
                },
                "model": {},
                "custom_metrics": {},
                "num_agent_steps_trained": 121.18181818181819,
                "num_grad_updates_lifetime": 227865.5,
                "diff_num_grad_updates_vs_sampler_policy": 164.5
            },
            "policy_0": {
                "learner_stats": {
                    "allreduce_latency": 0.0,
                    "grad_gnorm": 4.572340965270996,
                    "cur_kl_coeff": 0.18515391108827126,
                    "cur_lr": 5e-05,
                    "total_loss": 3.2782846974604056,
                    "policy_loss": -0.04460984013240897,
                    "vf_loss": 3.323068468498461,
                    "vf_explained_var": -0.009888842430981723,
                    "kl": 0.0046830104444813975,
                    "entropy": 0.1041014707901261,
                    "entropy_coeff": 0.01
                },
                "model": {},
                "custom_metrics": {},
                "num_agent_steps_trained": 121.0909090909091,
                "num_grad_updates_lifetime": 227865.5,
                "diff_num_grad_updates_vs_sampler_policy": 164.5
            },
            "policy_1": {
                "learner_stats": {
                    "allreduce_latency": 0.0,
                    "grad_gnorm": 4.494523048400879,
                    "cur_kl_coeff": 0.2250000000000001,
                    "cur_lr": 5e-05,
                    "total_loss": 6.788999844319893,
                    "policy_loss": -0.062124439083378426,
                    "vf_loss": 6.889359765341788,
                    "vf_explained_var": -0.024942077831788496,
                    "kl": 0.0074033220961965155,
                    "entropy": 0.7980249034635949,
                    "entropy_coeff": 0.04999999999999999
                },
                "model": {},
                "custom_metrics": {},
                "num_agent_steps_trained": 121.36363636363636,
                "num_grad_updates_lifetime": 227865.5,
                "diff_num_grad_updates_vs_sampler_policy": 164.5
            }
        },
        "num_env_steps_sampled": 2764000,
        "num_env_steps_trained": 2764000,
        "num_agent_steps_sampled": 2763998,
        "num_agent_steps_trained": 2763998
    },
    "env_runners": {
        "episode_reward_max": -152.0,
        "episode_reward_min": -595.0,
        "episode_reward_mean": -411.11,
        "episode_len_mean": 386.22,
        "episode_media": {},
        "episodes_timesteps_total": 38622,
        "policy_reward_min": {
            "policy_2": -450.0,
            "policy_0": -360.0,
            "policy_1": -335.0
        },
        "policy_reward_max": {
            "policy_2": -30.0,
            "policy_0": 0.0,
            "policy_1": -11.0
        },
        "policy_reward_mean": {
            "policy_2": -197.26,
            "policy_0": -105.92,
            "policy_1": -107.93
        },
        "custom_metrics": {},
        "hist_stats": {
            "episode_reward": [
                -595.0,
                -344.0,
                -377.0,
                -450.0,
                -302.0,
                -549.0,
                -502.0,
                -352.0,
                -477.0,
                -337.0,
                -477.0,
                -546.0,
                -283.0,
                -479.0,
                -561.0,
                -318.0,
                -446.0,
                -591.0,
                -539.0,
                -394.0,
                -403.0,
                -573.0,
                -447.0,
                -351.0,
                -394.0,
                -306.0,
                -407.0,
                -264.0,
                -261.0,
                -451.0,
                -479.0,
                -594.0,
                -420.0,
                -475.0,
                -392.0,
                -515.0,
                -299.0,
                -340.0,
                -505.0,
                -359.0,
                -394.0,
                -545.0,
                -431.0,
                -275.0,
                -534.0,
                -273.0,
                -293.0,
                -333.0,
                -485.0,
                -335.0,
                -295.0,
                -420.0,
                -519.0,
                -452.0,
                -380.0,
                -446.0,
                -562.0,
                -248.0,
                -424.0,
                -264.0,
                -430.0,
                -474.0,
                -470.0,
                -379.0,
                -401.0,
                -321.0,
                -350.0,
                -334.0,
                -213.0,
                -446.0,
                -444.0,
                -495.0,
                -448.0,
                -315.0,
                -443.0,
                -441.0,
                -189.0,
                -332.0,
                -517.0,
                -441.0,
                -435.0,
                -538.0,
                -393.0,
                -373.0,
                -295.0,
                -345.0,
                -402.0,
                -511.0,
                -456.0,
                -383.0,
                -355.0,
                -508.0,
                -468.0,
                -470.0,
                -441.0,
                -569.0,
                -152.0,
                -434.0,
                -244.0,
                -394.0
            ],