{
    "custom_metrics": {},
    "episode_media": {},
    "info": {
        "learner": {
            "policy_2": {
                "learner_stats": {
                    "allreduce_latency": 0.0,
                    "grad_gnorm": 2.414353609085083,
                    "cur_kl_coeff": 0.6749999999999998,
                    "cur_lr": 5e-05,
                    "total_loss": 5.960325771389585,
                    "policy_loss": -0.09705262186118599,
                    "vf_loss": 6.172568832744251,
                    "vf_explained_var": 0.0034314392190991027,
                    "kl": 0.011209621141847067,
                    "entropy": 1.2275690094991163,
                    "entropy_coeff": 0.09999999999999998
                },
                "model": {},
                "custom_metrics": {},
                "num_agent_steps_trained": 120.45454545454545,
                "num_grad_updates_lifetime": 201465.5,
                "diff_num_grad_updates_vs_sampler_policy": 164.5
            },
            "policy_0": {
                "learner_stats": {
                    "allreduce_latency": 0.0,
                    "grad_gnorm": 4.950534343719482,
                    "cur_kl_coeff": 0.23118135034828802,
                    "cur_lr": 5e-05,
                    "total_loss": 7.122074680617361,
                    "policy_loss": -0.07652878002638427,
                    "vf_loss": 7.201526774782123,
                    "vf_explained_var": -0.01867736866979888,
                    "kl": 0.014012457688572592,
                    "entropy": 0.616272899237546,
                    "entropy_coeff": 0.01
                },
                "model": {},
                "custom_metrics": {},
                "num_agent_steps_trained": 121.45454545454545,
                "num_grad_updates_lifetime": 201465.5,
                "diff_num_grad_updates_vs_sampler_policy": 164.5
            },
            "policy_1": {
                "learner_stats": {
                    "allreduce_latency": 0.0,
                    "grad_gnorm": 1.9467759132385254,
                    "cur_kl_coeff": 0.4500000000000002,
                    "cur_lr": 5e-05,
                    "total_loss": 6.582932053190289,
                    "policy_loss": -0.08706713384440677,
                    "vf_loss": 6.717793153994011,
                    "vf_explained_var": -0.007815073836933483,
                    "kl": 0.013039872485754745,
                    "entropy": 1.0732385366251975,
                    "entropy_coeff": 0.04999999999999999
                },
                "model": {},
                "custom_metrics": {},
                "num_agent_steps_trained": 121.72727272727273,
                "num_grad_updates_lifetime": 201465.5,
                "diff_num_grad_updates_vs_sampler_policy": 164.5
            }
        },
        "num_env_steps_sampled": 2444000,
        "num_env_steps_trained": 2444000,
        "num_agent_steps_sampled": 2443998,
        "num_agent_steps_trained": 2443998
    },
    "env_runners": {
        "episode_reward_max": -67.0,
        "episode_reward_min": -646.0,
        "episode_reward_mean": -420.91,
        "episode_len_mean": 289.58,
        "episode_media": {},
        "episodes_timesteps_total": 28958,
        "policy_reward_min": {
            "policy_0": -405.0,
            "policy_1": -395.0,
            "policy_2": -480.0
        },
        "policy_reward_max": {
            "policy_0": -7.0,
            "policy_1": -15.0,
            "policy_2": 0.0
        },
        "policy_reward_mean": {
            "policy_0": -108.99,
            "policy_1": -121.17,
            "policy_2": -190.75
        },
        "custom_metrics": {},
        "hist_stats": {
            "episode_reward": [
                -425.0,
                -363.0,
                -533.0,
                -489.0,
                -574.0,
                -617.0,
                -347.0,
                -508.0,
                -444.0,
                -284.0,
                -470.0,
                -282.0,
                -338.0,
                -127.0,
                -500.0,
                -375.0,
                -509.0,
                -502.0,
                -385.0,
                -349.0,
                -283.0,
                -437.0,
                -409.0,
                -457.0,
                -355.0,
                -387.0,
                -484.0,
                -184.0,
                -332.0,
                -442.0,
                -483.0,
                -251.0,
                -444.0,
                -540.0,
                -595.0,
                -295.0,
                -386.0,
                -456.0,
                -521.0,
                -340.0,
                -338.0,
                -206.0,
                -512.0,
                -248.0,
                -465.0,
                -414.0,
                -482.0,
                -495.0,
                -393.0,
                -468.0,
                -462.0,
                -492.0,
                -404.0,
                -424.0,
                -597.0,
                -451.0,
                -295.0,
                -505.0,
                -515.0,
                -547.0,
                -406.0,
                -363.0,
                -373.0,
                -307.0,
                -258.0,
                -490.0,
                -414.0,
                -535.0,
                -383.0,
                -251.0,
                -366.0,
                -527.0,
                -496.0,
                -411.0,
                -348.0,
                -129.0,
                -585.0,
                -411.0,
                -558.0,
                -397.0,
                -344.0,
                -545.0,
                -520.0,
                -403.0,
                -646.0,
                -484.0,
                -309.0,
                -464.0,
                -457.0,
                -519.0,
                -395.0,
                -484.0,
                -500.0,
                -587.0,
                -495.0,
                -324.0,
                -67.0,
                -557.0,
                -461.0,
                -307.0
            ],