{
    "custom_metrics": {},
    "episode_media": {},
    "info": {
        "learner": {
            "policy_2": {
                "learner_stats": {
                    "allreduce_latency": 0.0,
                    "grad_gnorm": 2.317596197128296,
                    "cur_kl_coeff": 0.4500000000000002,
                    "cur_lr": 5e-05,
                    "total_loss": 7.87609816753503,
                    "policy_loss": -0.08210698665176151,
                    "vf_loss": 8.083075913515957,
                    "vf_explained_var": -0.00372598333792253,
                    "kl": 0.013012951344600867,
                    "entropy": 1.307265953945391,
                    "entropy_coeff": 0.09999999999999998
                },
                "model": {},
                "custom_metrics": {},
                "num_agent_steps_trained": 120.9090909090909,
                "num_grad_updates_lifetime": 89265.5,
                "diff_num_grad_updates_vs_sampler_policy": 164.5
            },
            "policy_0": {
                "learner_stats": {
                    "allreduce_latency": 0.0,
                    "grad_gnorm": 6.889822959899902,
                    "cur_kl_coeff": 0.2402709960937499,
                    "cur_lr": 5e-05,
                    "total_loss": 5.189302865664164,
                    "policy_loss": -0.06353180447706219,
                    "vf_loss": 5.253676197745583,
                    "vf_explained_var": 0.029601434866587322,
                    "kl": 0.008336621771212737,
                    "entropy": 0.28445760625781435,
                    "entropy_coeff": 0.01
                },
                "model": {},
                "custom_metrics": {},
                "num_agent_steps_trained": 121.27272727272727,
                "num_grad_updates_lifetime": 89265.5,
                "diff_num_grad_updates_vs_sampler_policy": 164.5
            },
            "policy_1": {
                "learner_stats": {
                    "allreduce_latency": 0.0,
                    "grad_gnorm": 3.088594675064087,
                    "cur_kl_coeff": 0.4500000000000002,
                    "cur_lr": 5e-05,
                    "total_loss": 5.863856582930594,
                    "policy_loss": -0.08512064670000903,
                    "vf_loss": 6.002129418922193,
                    "vf_explained_var": 0.004178965994806,
                    "kl": 0.012157918646973227,
                    "entropy": 1.1724642939639813,
                    "entropy_coeff": 0.04999999999999999
                },
                "model": {},
                "custom_metrics": {},
                "num_agent_steps_trained": 121.45454545454545,
                "num_grad_updates_lifetime": 89265.5,
                "diff_num_grad_updates_vs_sampler_policy": 164.5
            }
        },
        "num_env_steps_sampled": 1084000,
        "num_env_steps_trained": 1084000,
        "num_agent_steps_sampled": 1083998,
        "num_agent_steps_trained": 1083998
    },
    "env_runners": {
        "episode_reward_max": -116.0,
        "episode_reward_min": -679.0,
        "episode_reward_mean": -408.42,
        "episode_len_mean": 406.0,
        "episode_media": {},
        "episodes_timesteps_total": 40600,
        "policy_reward_min": {
            "policy_2": -465.0,
            "policy_0": -430.0,
            "policy_1": -435.0
        },
        "policy_reward_max": {
            "policy_2": -33.0,
            "policy_0": -5.0,
            "policy_1": -11.0
        },
        "policy_reward_mean": {
            "policy_2": -191.93,
            "policy_0": -119.36,
            "policy_1": -97.13
        },
        "custom_metrics": {},
        "hist_stats": {
            "episode_reward": [
                -533.0,
                -445.0,
                -378.0,
                -489.0,
                -353.0,
                -613.0,
                -297.0,
                -480.0,
                -540.0,
                -330.0,
                -318.0,
                -383.0,
                -300.0,
                -479.0,
                -365.0,
                -530.0,
                -420.0,
                -319.0,
                -478.0,
                -504.0,
                -171.0,
                -491.0,
                -462.0,
                -633.0,
                -378.0,
                -444.0,
                -428.0,
                -353.0,
                -127.0,
                -644.0,
                -512.0,
                -377.0,
                -384.0,
                -255.0,
                -516.0,
                -393.0,
                -229.0,
                -230.0,
                -556.0,
                -499.0,
                -263.0,
                -524.0,
                -220.0,
                -312.0,
                -455.0,
                -594.0,
                -359.0,
                -385.0,
                -376.0,
                -494.0,
                -378.0,
                -371.0,
                -513.0,
                -304.0,
                -348.0,
                -405.0,
                -414.0,
                -499.0,
                -234.0,
                -129.0,
                -401.0,
                -453.0,
                -460.0,
                -247.0,
                -432.0,
                -317.0,
                -551.0,
                -509.0,
                -448.0,
                -586.0,
                -412.0,
                -438.0,
                -246.0,
                -524.0,
                -294.0,
                -481.0,
                -528.0,
                -476.0,
                -392.0,
                -337.0,
                -310.0,
                -321.0,
                -679.0,
                -324.0,
                -116.0,
                -523.0,
                -428.0,
                -397.0,
                -614.0,
                -572.0,
                -469.0,
                -326.0,
                -480.0,
                -442.0,
                -590.0,
                -301.0,
                -357.0,
                -345.0,
                -261.0,
                -242.0
            ],