{
    "custom_metrics": {},
    "episode_media": {},
    "info": {
        "learner": {
            "policy_2": {
                "learner_stats": {
                    "allreduce_latency": 0.0,
                    "grad_gnorm": 3.4209702014923096,
                    "cur_kl_coeff": 0.6749999999999998,
                    "cur_lr": 5e-05,
                    "total_loss": 4.07119490666823,
                    "policy_loss": -0.07870896399893382,
                    "vf_loss": 4.256881831631516,
                    "vf_explained_var": 0.007268658731922959,
                    "kl": 0.010645737423448863,
                    "entropy": 1.1416382092418094,
                    "entropy_coeff": 0.09999999999999998
                },
                "model": {},
                "custom_metrics": {},
                "num_agent_steps_trained": 121.0,
                "num_grad_updates_lifetime": 188265.5,
                "diff_num_grad_updates_vs_sampler_policy": 164.5
            },
            "policy_0": {
                "learner_stats": {
                    "allreduce_latency": 0.0,
                    "grad_gnorm": 4.4824724197387695,
                    "cur_kl_coeff": 0.1541209002321921,
                    "cur_lr": 5e-05,
                    "total_loss": 4.137396735133547,
                    "policy_loss": -0.06329325038629273,
                    "vf_loss": 4.202094269521309,
                    "vf_explained_var": 0.1197663796670509,
                    "kl": 0.008417214736904374,
                    "entropy": 0.2701557945572969,
                    "entropy_coeff": 0.01
                },
                "model": {},
                "custom_metrics": {},
                "num_agent_steps_trained": 121.36363636363636,
                "num_grad_updates_lifetime": 188265.5,
                "diff_num_grad_updates_vs_sampler_policy": 164.5
            },
            "policy_1": {
                "learner_stats": {
                    "allreduce_latency": 0.0,
                    "grad_gnorm": 4.143959999084473,
                    "cur_kl_coeff": 0.4500000000000002,
                    "cur_lr": 5e-05,
                    "total_loss": 3.245058666214798,
                    "policy_loss": -0.0793776509464916,
                    "vf_loss": 3.360166895750797,
                    "vf_explained_var": 0.0067846845496784556,
                    "kl": 0.010993872279754483,
                    "entropy": 0.8135560555891557,
                    "entropy_coeff": 0.04999999999999999
                },
                "model": {},
                "custom_metrics": {},
                "num_agent_steps_trained": 121.27272727272727,
                "num_grad_updates_lifetime": 188265.5,
                "diff_num_grad_updates_vs_sampler_policy": 164.5
            }
        },
        "num_env_steps_sampled": 2284000,
        "num_env_steps_trained": 2284000,
        "num_agent_steps_sampled": 2283998,
        "num_agent_steps_trained": 2283998
    },
    "env_runners": {
        "episode_reward_max": -102.0,
        "episode_reward_min": -626.0,
        "episode_reward_mean": -384.3,
        "episode_len_mean": 357.84,
        "episode_media": {},
        "episodes_timesteps_total": 35784,
        "policy_reward_min": {
            "policy_2": -380.0,
            "policy_0": -285.0,
            "policy_1": -365.0
        },
        "policy_reward_max": {
            "policy_2": -9.0,
            "policy_0": -2.0,
            "policy_1": -4.0
        },
        "policy_reward_mean": {
            "policy_2": -174.12,
            "policy_0": -84.32,
            "policy_1": -125.86
        },
        "custom_metrics": {},
        "hist_stats": {
            "episode_reward": [
                -305.0,
                -325.0,
                -421.0,
                -424.0,
                -534.0,
                -455.0,
                -460.0,
                -370.0,
                -358.0,
                -402.0,
                -393.0,
                -145.0,
                -254.0,
                -224.0,
                -387.0,
                -402.0,
                -413.0,
                -442.0,
                -215.0,
                -343.0,
                -517.0,
                -340.0,
                -462.0,
                -430.0,
                -336.0,
                -399.0,
                -365.0,
                -451.0,
                -379.0,
                -331.0,
                -408.0,
                -393.0,
                -295.0,
                -446.0,
                -375.0,
                -477.0,
                -427.0,
                -472.0,
                -445.0,
                -324.0,
                -414.0,
                -579.0,
                -388.0,
                -243.0,
                -419.0,
                -102.0,
                -267.0,
                -378.0,
                -199.0,
                -626.0,
                -312.0,
                -286.0,
                -381.0,
                -431.0,
                -405.0,
                -433.0,
                -303.0,
                -301.0,
                -445.0,
                -396.0,
                -353.0,
                -383.0,
                -350.0,
                -318.0,
                -397.0,
                -575.0,
                -435.0,
                -350.0,
                -496.0,
                -447.0,
                -571.0,
                -548.0,
                -514.0,
                -443.0,
                -582.0,
                -374.0,
                -388.0,
                -416.0,
                -356.0,
                -327.0,
                -439.0,
                -427.0,
                -215.0,
                -362.0,
                -339.0,
                -421.0,
                -202.0,
                -477.0,
                -398.0,
                -424.0,
                -142.0,
                -339.0,
                -237.0,
                -458.0,
                -460.0,
                -229.0,
                -336.0,
                -423.0,
                -425.0,
                -402.0
            ],