{
    "custom_metrics": {},
    "episode_media": {},
    "info": {
        "learner": {
            "policy_2": {
                "learner_stats": {
                    "allreduce_latency": 0.0,
                    "grad_gnorm": 1.5057966709136963,
                    "cur_kl_coeff": 0.19999999999999996,
                    "cur_lr": 5e-05,
                    "total_loss": 9.34234323501587,
                    "policy_loss": -0.0893855783044163,
                    "vf_loss": 9.563865242582379,
                    "vf_explained_var": 0.0008455690109368527,
                    "kl": 0.016256264485764785,
                    "entropy": 1.353877513697653,
                    "entropy_coeff": 0.09999999999999998
                },
                "model": {},
                "custom_metrics": {},
                "num_agent_steps_trained": 120.72727272727273,
                "num_grad_updates_lifetime": 43065.5,
                "diff_num_grad_updates_vs_sampler_policy": 164.5
            },
            "policy_0": {
                "learner_stats": {
                    "allreduce_latency": 0.0,
                    "grad_gnorm": 3.278059244155884,
                    "cur_kl_coeff": 0.075,
                    "cur_lr": 5e-05,
                    "total_loss": 8.470955803900054,
                    "policy_loss": -0.062242989048756886,
                    "vf_loss": 8.541375163107208,
                    "vf_explained_var": 0.03313374429038077,
                    "kl": 0.013832178552519852,
                    "entropy": 0.9213806797157634,
                    "entropy_coeff": 0.01
                },
                "model": {},
                "custom_metrics": {},
                "num_agent_steps_trained": 120.9090909090909,
                "num_grad_updates_lifetime": 43065.5,
                "diff_num_grad_updates_vs_sampler_policy": 164.5
            },
            "policy_1": {
                "learner_stats": {
                    "allreduce_latency": 0.0,
                    "grad_gnorm": 3.375403881072998,
                    "cur_kl_coeff": 0.3,
                    "cur_lr": 5e-05,
                    "total_loss": 8.47960359688961,
                    "policy_loss": -0.06834584315109885,
                    "vf_loss": 8.610848572759917,
                    "vf_explained_var": -0.02132670572309783,
                    "kl": 0.009897437215594256,
                    "entropy": 1.3173688899387013,
                    "entropy_coeff": 0.04999999999999999
                },
                "model": {},
                "custom_metrics": {},
                "num_agent_steps_trained": 122.0,
                "num_grad_updates_lifetime": 43065.5,
                "diff_num_grad_updates_vs_sampler_policy": 164.5
            }
        },
        "num_env_steps_sampled": 524000,
        "num_env_steps_trained": 524000,
        "num_agent_steps_sampled": 523998,
        "num_agent_steps_trained": 523998
    },
    "env_runners": {
        "episode_reward_max": -194.0,
        "episode_reward_min": -663.0,
        "episode_reward_mean": -444.2,
        "episode_len_mean": 238.92,
        "episode_media": {},
        "episodes_timesteps_total": 23892,
        "policy_reward_min": {
            "policy_1": -450.0,
            "policy_2": -425.0,
            "policy_0": -405.0
        },
        "policy_reward_max": {
            "policy_1": -17.0,
            "policy_2": -26.0,
            "policy_0": -4.0
        },
        "policy_reward_mean": {
            "policy_1": -133.36,
            "policy_2": -193.59,
            "policy_0": -117.25
        },
        "custom_metrics": {},
        "hist_stats": {
            "episode_reward": [
                -414.0,
                -447.0,
                -471.0,
                -454.0,
                -622.0,
                -527.0,
                -470.0,
                -592.0,
                -378.0,
                -485.0,
                -368.0,
                -455.0,
                -498.0,
                -362.0,
                -429.0,
                -475.0,
                -537.0,
                -556.0,
                -347.0,
                -663.0,
                -503.0,
                -539.0,
                -270.0,
                -387.0,
                -546.0,
                -341.0,
                -292.0,
                -194.0,
                -451.0,
                -627.0,
                -348.0,
                -434.0,
                -355.0,
                -372.0,
                -318.0,
                -375.0,
                -450.0,
                -305.0,
                -236.0,
                -588.0,
                -439.0,
                -531.0,
                -340.0,
                -465.0,
                -427.0,
                -372.0,
                -410.0,
                -286.0,
                -412.0,
                -485.0,
                -378.0,
                -472.0,
                -381.0,
                -436.0,
                -483.0,
                -554.0,
                -344.0,
                -568.0,
                -344.0,
                -489.0,
                -469.0,
                -428.0,
                -459.0,
                -447.0,
                -510.0,
                -559.0,
                -473.0,
                -501.0,
                -468.0,
                -480.0,
                -397.0,
                -441.0,
                -523.0,
                -466.0,
                -400.0,
                -495.0,
                -504.0,
                -562.0,
                -570.0,
                -447.0,
                -478.0,
                -489.0,
                -418.0,
                -454.0,
                -413.0,
                -532.0,
                -430.0,
                -392.0,
                -400.0,
                -341.0,
                -478.0,
                -506.0,
                -304.0,
                -553.0,
                -520.0,
                -353.0,
                -396.0,
                -405.0,
                -462.0,
                -400.0
            ],