{
    "custom_metrics": {},
    "episode_media": {},
    "info": {
        "learner": {
            "policy_2": {
                "learner_stats": {
                    "allreduce_latency": 0.0,
                    "grad_gnorm": 1.3652818202972412,
                    "cur_kl_coeff": 0.6749999999999998,
                    "cur_lr": 5e-05,
                    "total_loss": 9.729333851554177,
                    "policy_loss": -0.10967336608604951,
                    "vf_loss": 9.955606402772846,
                    "vf_explained_var": -0.010699935031659676,
                    "kl": 0.012372196172735887,
                    "entropy": 1.2495040535926818,
                    "entropy_coeff": 0.09999999999999998
                },
                "model": {},
                "custom_metrics": {},
                "num_agent_steps_trained": 120.81818181818181,
                "num_grad_updates_lifetime": 325215.5,
                "diff_num_grad_updates_vs_sampler_policy": 164.5
            },
            "policy_0": {
                "learner_stats": {
                    "allreduce_latency": 0.0,
                    "grad_gnorm": 2.7916512489318848,
                    "cur_kl_coeff": 0.28925412855145405,
                    "cur_lr": 5e-05,
                    "total_loss": 7.99696140722795,
                    "policy_loss": -0.07210317681910414,
                    "vf_loss": 8.070564879793109,
                    "vf_explained_var": -0.010033420179829453,
                    "kl": 0.012052798057607004,
                    "entropy": 0.4986606880570903,
                    "entropy_coeff": 0.01
                },
                "model": {},
                "custom_metrics": {},
                "num_agent_steps_trained": 121.0,
                "num_grad_updates_lifetime": 325215.5,
                "diff_num_grad_updates_vs_sampler_policy": 164.5
            },
            "policy_1": {
                "learner_stats": {
                    "allreduce_latency": 0.0,
                    "grad_gnorm": 3.6594767570495605,
                    "cur_kl_coeff": 0.4271484375,
                    "cur_lr": 5e-05,
                    "total_loss": 6.419305346228859,
                    "policy_loss": -0.0845282447882434,
                    "vf_loss": 6.53360336043618,
                    "vf_explained_var": -0.006158324805173007,
                    "kl": 0.011413219979435929,
                    "entropy": 0.692898367209868,
                    "entropy_coeff": 0.04999999999999999
                },
                "model": {},
                "custom_metrics": {},
                "num_agent_steps_trained": 121.81818181818181,
                "num_grad_updates_lifetime": 325215.5,
                "diff_num_grad_updates_vs_sampler_policy": 164.5
            }
        },
        "num_env_steps_sampled": 3944000,
        "num_env_steps_trained": 3944000,
        "num_agent_steps_sampled": 3943998,
        "num_agent_steps_trained": 3943998
    },
    "env_runners": {
        "episode_reward_max": -116.0,
        "episode_reward_min": -611.0,
        "episode_reward_mean": -417.54,
        "episode_len_mean": 451.0,
        "episode_media": {},
        "episodes_timesteps_total": 45100,
        "policy_reward_min": {
            "policy_0": -350.0,
            "policy_1": -380.0,
            "policy_2": -430.0
        },
        "policy_reward_max": {
            "policy_0": -1.0,
            "policy_1": -9.0,
            "policy_2": -21.0
        },
        "policy_reward_mean": {
            "policy_0": -105.92,
            "policy_1": -151.89,
            "policy_2": -159.73
        },
        "custom_metrics": {},
        "hist_stats": {
            "episode_reward": [
                -192.0,
                -468.0,
                -534.0,
                -456.0,
                -340.0,
                -546.0,
                -375.0,
                -468.0,
                -471.0,
                -586.0,
                -482.0,
                -418.0,
                -403.0,
                -467.0,
                -168.0,
                -434.0,
                -559.0,
                -493.0,
                -575.0,
                -278.0,
                -331.0,
                -497.0,
                -493.0,
                -444.0,
                -354.0,
                -447.0,
                -428.0,
                -546.0,
                -297.0,
                -450.0,
                -569.0,
                -210.0,
                -364.0,
                -322.0,
                -541.0,
                -116.0,
                -569.0,
                -340.0,
                -440.0,
                -365.0,
                -482.0,
                -305.0,
                -382.0,
                -382.0,
                -396.0,
                -431.0,
                -392.0,
                -375.0,
                -539.0,
                -398.0,
                -271.0,
                -518.0,
                -466.0,
                -337.0,
                -484.0,
                -325.0,
                -327.0,
                -462.0,
                -418.0,
                -525.0,
                -523.0,
                -569.0,
                -443.0,
                -335.0,
                -401.0,
                -286.0,
                -305.0,
                -565.0,
                -517.0,
                -428.0,
                -461.0,
                -437.0,
                -526.0,
                -425.0,
                -250.0,
                -322.0,
                -294.0,
                -446.0,
                -539.0,
                -335.0,
                -504.0,
                -595.0,
                -502.0,
                -272.0,
                -611.0,
                -404.0,
                -310.0,
                -311.0,
                -452.0,
                -417.0,
                -132.0,
                -466.0,
                -306.0,
                -330.0,
                -433.0,
                -532.0,
                -606.0,
                -204.0,
                -418.0,
                -491.0
            ],