{
    "custom_metrics": {},
    "episode_media": {},
    "info": {
        "learner": {
            "policy_2": {
                "learner_stats": {
                    "allreduce_latency": 0.0,
                    "grad_gnorm": 0.9681043028831482,
                    "cur_kl_coeff": 0.19999999999999996,
                    "cur_lr": 5e-05,
                    "total_loss": 8.881532206679836,
                    "policy_loss": -0.056793433810570136,
                    "vf_loss": 9.084911658547142,
                    "vf_explained_var": -4.31591814214533e-06,
                    "kl": 0.010780780915945353,
                    "entropy": 1.4874226779648752,
                    "entropy_coeff": 0.09999999999999998
                },
                "model": {},
                "custom_metrics": {},
                "num_agent_steps_trained": 121.0,
                "num_grad_updates_lifetime": 5115.5,
                "diff_num_grad_updates_vs_sampler_policy": 164.5
            },
            "policy_0": {
                "learner_stats": {
                    "allreduce_latency": 0.0,
                    "grad_gnorm": 0.923427402973175,
                    "cur_kl_coeff": 0.19999999999999996,
                    "cur_lr": 5e-05,
                    "total_loss": 9.023969173431396,
                    "policy_loss": -0.05663484166602068,
                    "vf_loss": 9.091874983816435,
                    "vf_explained_var": 2.87366635871656e-06,
                    "kl": 0.012128818628264334,
                    "entropy": 1.369678220243165,
                    "entropy_coeff": 0.01
                },
                "model": {},
                "custom_metrics": {},
                "num_agent_steps_trained": 120.9090909090909,
                "num_grad_updates_lifetime": 5115.5,
                "diff_num_grad_updates_vs_sampler_policy": 164.5
            },
            "policy_1": {
                "learner_stats": {
                    "allreduce_latency": 0.0,
                    "grad_gnorm": 0.8346601128578186,
                    "cur_kl_coeff": 0.19999999999999996,
                    "cur_lr": 5e-05,
                    "total_loss": 8.973554914647883,
                    "policy_loss": -0.05521107408443861,
                    "vf_loss": 9.100755992080225,
                    "vf_explained_var": -3.055189595077977e-06,
                    "kl": 0.009086844199968056,
                    "entropy": 1.4761479536692301,
                    "entropy_coeff": 0.04999999999999999
                },
                "model": {},
                "custom_metrics": {},
                "num_agent_steps_trained": 121.72727272727273,
                "num_grad_updates_lifetime": 5115.5,
                "diff_num_grad_updates_vs_sampler_policy": 164.5
            }
        },
        "num_env_steps_sampled": 64000,
        "num_env_steps_trained": 64000,
        "num_agent_steps_sampled": 63998,
        "num_agent_steps_trained": 63998
    },
    "env_runners": {
        "episode_reward_max": -247.0,
        "episode_reward_min": -635.0,
        "episode_reward_mean": -457.29,
        "episode_len_mean": 176.46,
        "episode_media": {},
        "episodes_timesteps_total": 17646,
        "policy_reward_min": {
            "policy_2": -445.0,
            "policy_0": -355.0,
            "policy_1": -380.0
        },
        "policy_reward_max": {
            "policy_2": -24.0,
            "policy_0": -17.0,
            "policy_1": -16.0
        },
        "policy_reward_mean": {
            "policy_2": -181.68,
            "policy_0": -132.94,
            "policy_1": -142.67
        },
        "custom_metrics": {},
        "hist_stats": {
            "episode_reward": [
                -421.0,
                -583.0,
                -631.0,
                -527.0,
                -408.0,
                -569.0,
                -473.0,
                -460.0,
                -379.0,
                -410.0,
                -495.0,
                -592.0,
                -506.0,
                -477.0,
                -365.0,
                -383.0,
                -549.0,
                -604.0,
                -443.0,
                -419.0,
                -317.0,
                -507.0,
                -508.0,
                -452.0,
                -426.0,
                -409.0,
                -590.0,
                -466.0,
                -563.0,
                -494.0,
                -343.0,
                -380.0,
                -454.0,
                -522.0,
                -394.0,
                -494.0,
                -533.0,
                -462.0,
                -307.0,
                -601.0,
                -531.0,
                -365.0,
                -455.0,
                -513.0,
                -348.0,
                -385.0,
                -367.0,
                -392.0,
                -495.0,
                -490.0,
                -349.0,
                -491.0,
                -420.0,
                -543.0,
                -425.0,
                -468.0,
                -563.0,
                -457.0,
                -420.0,
                -404.0,
                -520.0,
                -402.0,
                -469.0,
                -384.0,
                -515.0,
                -539.0,
                -453.0,
                -349.0,
                -408.0,
                -322.0,
                -511.0,
                -580.0,
                -385.0,
                -410.0,
                -247.0,
                -412.0,
                -635.0,
                -347.0,
                -271.0,
                -341.0,
                -426.0,
                -466.0,
                -403.0,
                -509.0,
                -551.0,
                -403.0,
                -520.0,
                -510.0,
                -579.0,
                -475.0,
                -353.0,
                -461.0,
                -475.0,
                -417.0,
                -369.0,
                -501.0,
                -575.0,
                -544.0,
                -461.0,
                -434.0
            ],