{
    "custom_metrics": {},
    "episode_media": {},
    "info": {
        "learner": {
            "policy_2": {
                "learner_stats": {
                    "allreduce_latency": 0.0,
                    "grad_gnorm": 1.3716692924499512,
                    "cur_kl_coeff": 0.19999999999999996,
                    "cur_lr": 5e-05,
                    "total_loss": 7.638885151256215,
                    "policy_loss": -0.0583593928466805,
                    "vf_loss": 7.839322000561339,
                    "vf_explained_var": 0.001116802656289303,
                    "kl": 0.011826129479708696,
                    "entropy": 1.444426798098015,
                    "entropy_coeff": 0.09999999999999998
                },
                "model": {},
                "custom_metrics": {},
                "num_agent_steps_trained": 121.36363636363636,
                "num_grad_updates_lifetime": 10065.5,
                "diff_num_grad_updates_vs_sampler_policy": 164.5
            },
            "policy_0": {
                "learner_stats": {
                    "allreduce_latency": 0.0,
                    "grad_gnorm": 1.0885515213012695,
                    "cur_kl_coeff": 0.19999999999999996,
                    "cur_lr": 5e-05,
                    "total_loss": 7.761963917992332,
                    "policy_loss": -0.0478265185007441,
                    "vf_loss": 7.819293412295255,
                    "vf_explained_var": 0.008932785734985814,
                    "kl": 0.009815400727392141,
                    "entropy": 1.1466028679500926,
                    "entropy_coeff": 0.01
                },
                "model": {},
                "custom_metrics": {},
                "num_agent_steps_trained": 121.54545454545455,
                "num_grad_updates_lifetime": 10065.5,
                "diff_num_grad_updates_vs_sampler_policy": 164.5
            },
            "policy_1": {
                "learner_stats": {
                    "allreduce_latency": 0.0,
                    "grad_gnorm": 1.761474609375,
                    "cur_kl_coeff": 0.19999999999999996,
                    "cur_lr": 5e-05,
                    "total_loss": 7.86962070609584,
                    "policy_loss": -0.061353546536217135,
                    "vf_loss": 7.9994738390951445,
                    "vf_explained_var": 0.007076786142407042,
                    "kl": 0.011658373977718323,
                    "entropy": 1.4166236313906584,
                    "entropy_coeff": 0.04999999999999999
                },
                "model": {},
                "custom_metrics": {},
                "num_agent_steps_trained": 120.72727272727273,
                "num_grad_updates_lifetime": 10065.5,
                "diff_num_grad_updates_vs_sampler_policy": 164.5
            }
        },
        "num_env_steps_sampled": 124000,
        "num_env_steps_trained": 124000,
        "num_agent_steps_sampled": 123998,
        "num_agent_steps_trained": 123998
    },
    "env_runners": {
        "episode_reward_max": -195.0,
        "episode_reward_min": -678.0,
        "episode_reward_mean": -431.83,
        "episode_len_mean": 310.54,
        "episode_media": {},
        "episodes_timesteps_total": 31054,
        "policy_reward_min": {
            "policy_1": -415.0,
            "policy_2": -360.0,
            "policy_0": -355.0
        },
        "policy_reward_max": {
            "policy_1": -19.0,
            "policy_2": -12.0,
            "policy_0": -12.0
        },
        "policy_reward_mean": {
            "policy_1": -143.22,
            "policy_2": -164.98,
            "policy_0": -123.63
        },
        "custom_metrics": {},
        "hist_stats": {
            "episode_reward": [
                -446.0,
                -424.0,
                -483.0,
                -459.0,
                -456.0,
                -385.0,
                -458.0,
                -331.0,
                -256.0,
                -466.0,
                -364.0,
                -349.0,
                -511.0,
                -440.0,
                -348.0,
                -449.0,
                -318.0,
                -535.0,
                -317.0,
                -537.0,
                -488.0,
                -479.0,
                -509.0,
                -418.0,
                -369.0,
                -458.0,
                -391.0,
                -445.0,
                -275.0,
                -398.0,
                -410.0,
                -415.0,
                -511.0,
                -415.0,
                -442.0,
                -498.0,
                -195.0,
                -316.0,
                -324.0,
                -495.0,
                -529.0,
                -455.0,
                -516.0,
                -678.0,
                -208.0,
                -403.0,
                -533.0,
                -530.0,
                -413.0,
                -456.0,
                -492.0,
                -512.0,
                -495.0,
                -340.0,
                -470.0,
                -506.0,
                -511.0,
                -489.0,
                -486.0,
                -571.0,
                -552.0,
                -422.0,
                -374.0,
                -359.0,
                -541.0,
                -342.0,
                -579.0,
                -470.0,
                -435.0,
                -350.0,
                -447.0,
                -518.0,
                -453.0,
                -441.0,
                -389.0,
                -462.0,
                -490.0,
                -415.0,
                -479.0,
                -392.0,
                -354.0,
                -389.0,
                -461.0,
                -441.0,
                -434.0,
                -369.0,
                -485.0,
                -381.0,
                -492.0,
                -362.0,
                -359.0,
                -469.0,
                -338.0,
                -364.0,
                -444.0,
                -291.0,
                -415.0,
                -517.0,
                -289.0,
                -443.0
            ],