{
    "custom_metrics": {},
    "episode_media": {},
    "info": {
        "learner": {
            "policy_2": {
                "learner_stats": {
                    "allreduce_latency": 0.0,
                    "grad_gnorm": 2.6177875995635986,
                    "cur_kl_coeff": 0.6749999999999998,
                    "cur_lr": 5e-05,
                    "total_loss": 7.090886374675867,
                    "policy_loss": -0.1092113477311972,
                    "vf_loss": 7.31596350814357,
                    "vf_explained_var": -0.0020291826941750265,
                    "kl": 0.012429202408128524,
                    "entropy": 1.2425553939559244,
                    "entropy_coeff": 0.09999999999999998
                },
                "model": {},
                "custom_metrics": {},
                "num_agent_steps_trained": 120.9090909090909,
                "num_grad_updates_lifetime": 254265.5,
                "diff_num_grad_updates_vs_sampler_policy": 164.5
            },
            "policy_0": {
                "learner_stats": {
                    "allreduce_latency": 0.0,
                    "grad_gnorm": 3.6913578510284424,
                    "cur_kl_coeff": 0.422280033571223,
                    "cur_lr": 5e-05,
                    "total_loss": 5.570421607566602,
                    "policy_loss": -0.07001559869809584,
                    "vf_loss": 5.639540990193685,
                    "vf_explained_var": 0.010635662801337965,
                    "kl": 0.009015885511639432,
                    "entropy": 0.2910985128671834,
                    "entropy_coeff": 0.01
                },
                "model": {},
                "custom_metrics": {},
                "num_agent_steps_trained": 121.0909090909091,
                "num_grad_updates_lifetime": 254265.5,
                "diff_num_grad_updates_vs_sampler_policy": 164.5
            },
            "policy_1": {
                "learner_stats": {
                    "allreduce_latency": 0.0,
                    "grad_gnorm": 2.820465087890625,
                    "cur_kl_coeff": 0.50625,
                    "cur_lr": 5e-05,
                    "total_loss": 6.273111401182232,
                    "policy_loss": -0.07370011257007718,
                    "vf_loss": 6.383921611670292,
                    "vf_explained_var": -0.018050559723015988,
                    "kl": 0.01279850448551817,
                    "entropy": 0.8717866155234251,
                    "entropy_coeff": 0.04999999999999999
                },
                "model": {},
                "custom_metrics": {},
                "num_agent_steps_trained": 121.63636363636364,
                "num_grad_updates_lifetime": 254265.5,
                "diff_num_grad_updates_vs_sampler_policy": 164.5
            }
        },
        "num_env_steps_sampled": 3084000,
        "num_env_steps_trained": 3084000,
        "num_agent_steps_sampled": 3083998,
        "num_agent_steps_trained": 3083998
    },
    "env_runners": {
        "episode_reward_max": -85.0,
        "episode_reward_min": -685.0,
        "episode_reward_mean": -433.85,
        "episode_len_mean": 449.02,
        "episode_media": {},
        "episodes_timesteps_total": 44902,
        "policy_reward_min": {
            "policy_0": -400.0,
            "policy_1": -430.0,
            "policy_2": -455.0
        },
        "policy_reward_max": {
            "policy_0": 0.0,
            "policy_1": 0.0,
            "policy_2": 3.0
        },
        "policy_reward_mean": {
            "policy_0": -128.73,
            "policy_1": -109.03,
            "policy_2": -196.09
        },
        "custom_metrics": {},
        "hist_stats": {
            "episode_reward": [
                -264.0,
                -350.0,
                -413.0,
                -88.0,
                -85.0,
                -580.0,
                -432.0,
                -533.0,
                -374.0,
                -460.0,
                -607.0,
                -478.0,
                -644.0,
                -336.0,
                -501.0,
                -617.0,
                -437.0,
                -279.0,
                -589.0,
                -504.0,
                -525.0,
                -476.0,
                -585.0,
                -406.0,
                -425.0,
                -379.0,
                -388.0,
                -380.0,
                -423.0,
                -654.0,
                -473.0,
                -398.0,
                -416.0,
                -448.0,
                -426.0,
                -512.0,
                -457.0,
                -354.0,
                -475.0,
                -92.0,
                -366.0,
                -397.0,
                -496.0,
                -384.0,
                -494.0,
                -549.0,
                -489.0,
                -555.0,
                -168.0,
                -166.0,
                -439.0,
                -367.0,
                -410.0,
                -548.0,
                -449.0,
                -650.0,
                -350.0,
                -343.0,
                -531.0,
                -514.0,
                -510.0,
                -358.0,
                -345.0,
                -551.0,
                -475.0,
                -376.0,
                -340.0,
                -582.0,
                -365.0,
                -685.0,
                -431.0,
                -319.0,
                -502.0,
                -562.0,
                -374.0,
                -501.0,
                -259.0,
                -515.0,
                -459.0,
                -504.0,
                -478.0,
                -503.0,
                -466.0,
                -443.0,
                -594.0,
                -479.0,
                -442.0,
                -505.0,
                -409.0,
                -458.0,
                -356.0,
                -116.0,
                -549.0,
                -428.0,
                -348.0,
                -270.0,
                -425.0,
                -425.0,
                -367.0,
                -383.0
            ],