{
    "custom_metrics": {},
    "episode_media": {},
    "info": {
        "learner": {
            "policy_2": {
                "learner_stats": {
                    "allreduce_latency": 0.0,
                    "grad_gnorm": 2.8888349533081055,
                    "cur_kl_coeff": 0.19999999999999996,
                    "cur_lr": 5e-05,
                    "total_loss": 8.923132730252815,
                    "policy_loss": -0.06918741454172767,
                    "vf_loss": 9.132208403674039,
                    "vf_explained_var": -0.03837293169715188,
                    "kl": 0.010197455324121214,
                    "entropy": 1.4192773309620943,
                    "entropy_coeff": 0.09999999999999998
                },
                "model": {},
                "custom_metrics": {},
                "num_agent_steps_trained": 121.36363636363636,
                "num_grad_updates_lifetime": 16665.5,
                "diff_num_grad_updates_vs_sampler_policy": 164.5
            },
            "policy_0": {
                "learner_stats": {
                    "allreduce_latency": 0.0,
                    "grad_gnorm": 4.273066997528076,
                    "cur_kl_coeff": 0.19999999999999996,
                    "cur_lr": 5e-05,
                    "total_loss": 7.932160037936586,
                    "policy_loss": -0.06842011842368678,
                    "vf_loss": 8.008781055970626,
                    "vf_explained_var": 0.024613618128227464,
                    "kl": 0.009420969065762643,
                    "entropy": 1.0085083735711646,
                    "entropy_coeff": 0.01
                },
                "model": {},
                "custom_metrics": {},
                "num_agent_steps_trained": 121.27272727272727,
                "num_grad_updates_lifetime": 16665.5,
                "diff_num_grad_updates_vs_sampler_policy": 164.5
            },
            "policy_1": {
                "learner_stats": {
                    "allreduce_latency": 0.0,
                    "grad_gnorm": 1.9115326404571533,
                    "cur_kl_coeff": 0.19999999999999996,
                    "cur_lr": 5e-05,
                    "total_loss": 8.536654183358857,
                    "policy_loss": -0.07191632943735882,
                    "vf_loss": 8.67466971801989,
                    "vf_explained_var": 0.026844109188426623,
                    "kl": 0.012100114341783342,
                    "entropy": 1.3703843839240797,
                    "entropy_coeff": 0.04999999999999999
                },
                "model": {},
                "custom_metrics": {},
                "num_agent_steps_trained": 121.0,
                "num_grad_updates_lifetime": 16665.5,
                "diff_num_grad_updates_vs_sampler_policy": 164.5
            }
        },
        "num_env_steps_sampled": 204000,
        "num_env_steps_trained": 204000,
        "num_agent_steps_sampled": 203998,
        "num_agent_steps_trained": 203998
    },
    "env_runners": {
        "episode_reward_max": -235.0,
        "episode_reward_min": -671.0,
        "episode_reward_mean": -447.83,
        "episode_len_mean": 339.22,
        "episode_media": {},
        "episodes_timesteps_total": 33922,
        "policy_reward_min": {
            "policy_1": -375.0,
            "policy_2": -420.0,
            "policy_0": -380.0
        },
        "policy_reward_max": {
            "policy_1": -24.0,
            "policy_2": -16.0,
            "policy_0": 2.0
        },
        "policy_reward_mean": {
            "policy_1": -143.74,
            "policy_2": -181.27,
            "policy_0": -122.82
        },
        "custom_metrics": {},
        "hist_stats": {
            "episode_reward": [
                -438.0,
                -567.0,
                -244.0,
                -235.0,
                -424.0,
                -408.0,
                -555.0,
                -496.0,
                -361.0,
                -442.0,
                -384.0,
                -474.0,
                -357.0,
                -427.0,
                -515.0,
                -415.0,
                -470.0,
                -450.0,
                -499.0,
                -671.0,
                -352.0,
                -527.0,
                -562.0,
                -395.0,
                -547.0,
                -537.0,
                -550.0,
                -506.0,
                -509.0,
                -478.0,
                -518.0,
                -408.0,
                -563.0,
                -598.0,
                -509.0,
                -424.0,
                -374.0,
                -500.0,
                -411.0,
                -446.0,
                -397.0,
                -308.0,
                -500.0,
                -385.0,
                -374.0,
                -454.0,
                -530.0,
                -389.0,
                -402.0,
                -566.0,
                -538.0,
                -366.0,
                -501.0,
                -448.0,
                -529.0,
                -460.0,
                -486.0,
                -377.0,
                -366.0,
                -638.0,
                -429.0,
                -392.0,
                -399.0,
                -400.0,
                -461.0,
                -283.0,
                -385.0,
                -325.0,
                -571.0,
                -443.0,
                -522.0,
                -334.0,
                -424.0,
                -511.0,
                -412.0,
                -404.0,
                -482.0,
                -468.0,
                -481.0,
                -470.0,
                -416.0,
                -443.0,
                -293.0,
                -411.0,
                -328.0,
                -446.0,
                -442.0,
                -333.0,
                -486.0,
                -431.0,
                -426.0,
                -586.0,
                -438.0,
                -436.0,
                -463.0,
                -436.0,
                -458.0,
                -500.0,
                -523.0,
                -332.0
            ],