{
    "custom_metrics": {},
    "episode_media": {},
    "info": {
        "learner": {
            "policy_2": {
                "learner_stats": {
                    "allreduce_latency": 0.0,
                    "grad_gnorm": 2.6136929988861084,
                    "cur_kl_coeff": 0.6749999999999998,
                    "cur_lr": 5e-05,
                    "total_loss": 6.998651598439072,
                    "policy_loss": -0.09447336610914632,
                    "vf_loss": 7.214932918548584,
                    "vf_explained_var": -0.013777420918146769,
                    "kl": 0.011766124802176987,
                    "entropy": 1.2975007837468928,
                    "entropy_coeff": 0.09999999999999998
                },
                "model": {},
                "custom_metrics": {},
                "num_agent_steps_trained": 121.36363636363636,
                "num_grad_updates_lifetime": 161865.5,
                "diff_num_grad_updates_vs_sampler_policy": 164.5
            },
            "policy_0": {
                "learner_stats": {
                    "allreduce_latency": 0.0,
                    "grad_gnorm": 4.109237194061279,
                    "cur_kl_coeff": 0.14432537890970706,
                    "cur_lr": 5e-05,
                    "total_loss": 5.469433077898892,
                    "policy_loss": -0.07150267104364254,
                    "vf_loss": 5.544647932052612,
                    "vf_explained_var": -0.0003663507374850186,
                    "kl": 0.015577325133810736,
                    "entropy": 0.5960365413716345,
                    "entropy_coeff": 0.01
                },
                "model": {},
                "custom_metrics": {},
                "num_agent_steps_trained": 121.18181818181819,
                "num_grad_updates_lifetime": 161865.5,
                "diff_num_grad_updates_vs_sampler_policy": 164.5
            },
            "policy_1": {
                "learner_stats": {
                    "allreduce_latency": 0.0,
                    "grad_gnorm": 2.631834030151367,
                    "cur_kl_coeff": 0.4500000000000002,
                    "cur_lr": 5e-05,
                    "total_loss": 6.679020388921102,
                    "policy_loss": -0.10097469999172697,
                    "vf_loss": 6.826985143892693,
                    "vf_explained_var": 0.027431389237895155,
                    "kl": 0.016292117564825383,
                    "entropy": 1.086429350123261,
                    "entropy_coeff": 0.04999999999999999
                },
                "model": {},
                "custom_metrics": {},
                "num_agent_steps_trained": 121.0909090909091,
                "num_grad_updates_lifetime": 161865.5,
                "diff_num_grad_updates_vs_sampler_policy": 164.5
            }
        },
        "num_env_steps_sampled": 1964000,
        "num_env_steps_trained": 1964000,
        "num_agent_steps_sampled": 1963998,
        "num_agent_steps_trained": 1963998
    },
    "env_runners": {
        "episode_reward_max": -104.0,
        "episode_reward_min": -623.0,
        "episode_reward_mean": -395.79,
        "episode_len_mean": 405.24,
        "episode_media": {},
        "episodes_timesteps_total": 40524,
        "policy_reward_min": {
            "policy_1": -365.0,
            "policy_2": -385.0,
            "policy_0": -410.0
        },
        "policy_reward_max": {
            "policy_1": -6.0,
            "policy_2": -13.0,
            "policy_0": 6.0
        },
        "policy_reward_mean": {
            "policy_1": -113.27,
            "policy_2": -170.71,
            "policy_0": -111.81
        },
        "custom_metrics": {},
        "hist_stats": {
            "episode_reward": [
                -124.0,
                -330.0,
                -480.0,
                -309.0,
                -192.0,
                -434.0,
                -443.0,
                -305.0,
                -400.0,
                -485.0,
                -604.0,
                -435.0,
                -421.0,
                -486.0,
                -414.0,
                -431.0,
                -525.0,
                -433.0,
                -404.0,
                -285.0,
                -365.0,
                -412.0,
                -368.0,
                -553.0,
                -208.0,
                -587.0,
                -358.0,
                -286.0,
                -381.0,
                -377.0,
                -309.0,
                -437.0,
                -310.0,
                -353.0,
                -268.0,
                -418.0,
                -477.0,
                -429.0,
                -591.0,
                -586.0,
                -461.0,
                -438.0,
                -541.0,
                -395.0,
                -318.0,
                -433.0,
                -478.0,
                -104.0,
                -310.0,
                -195.0,
                -623.0,
                -468.0,
                -541.0,
                -575.0,
                -399.0,
                -360.0,
                -534.0,
                -377.0,
                -365.0,
                -606.0,
                -159.0,
                -517.0,
                -408.0,
                -453.0,
                -291.0,
                -560.0,
                -196.0,
                -496.0,
                -563.0,
                -129.0,
                -364.0,
                -274.0,
                -162.0,
                -288.0,
                -185.0,
                -457.0,
                -395.0,
                -483.0,
                -193.0,
                -337.0,
                -557.0,
                -407.0,
                -329.0,
                -365.0,
                -488.0,
                -291.0,
                -518.0,
                -459.0,
                -137.0,
                -306.0,
                -405.0,
                -588.0,
                -296.0,
                -579.0,
                -405.0,
                -381.0,
                -257.0,
                -502.0,
                -418.0,
                -447.0
            ],