{
    "custom_metrics": {},
    "episode_media": {},
    "info": {
        "learner": {
            "policy_2": {
                "learner_stats": {
                    "allreduce_latency": 0.0,
                    "grad_gnorm": 2.2673444747924805,
                    "cur_kl_coeff": 0.3,
                    "cur_lr": 5e-05,
                    "total_loss": 6.715606258854722,
                    "policy_loss": -0.09028089827942577,
                    "vf_loss": 6.936098812565659,
                    "vf_explained_var": -0.029258842179269502,
                    "kl": 0.013304651567877631,
                    "entropy": 1.3420308015563271,
                    "entropy_coeff": 0.09999999999999998
                },
                "model": {},
                "custom_metrics": {},
                "num_agent_steps_trained": 120.9090909090909,
                "num_grad_updates_lifetime": 64515.5,
                "diff_num_grad_updates_vs_sampler_policy": 164.5
            },
            "policy_0": {
                "learner_stats": {
                    "allreduce_latency": 0.0,
                    "grad_gnorm": 12.057466506958008,
                    "cur_kl_coeff": 0.08437499999999998,
                    "cur_lr": 5e-05,
                    "total_loss": 4.6391435695417,
                    "policy_loss": -0.06605628463580752,
                    "vf_loss": 4.708003999970176,
                    "vf_explained_var": -0.044168951294638895,
                    "kl": 0.013542527434127337,
                    "entropy": 0.3946805442824508,
                    "entropy_coeff": 0.01
                },
                "model": {},
                "custom_metrics": {},
                "num_agent_steps_trained": 121.81818181818181,
                "num_grad_updates_lifetime": 64515.5,
                "diff_num_grad_updates_vs_sampler_policy": 164.5
            },
            "policy_1": {
                "learner_stats": {
                    "allreduce_latency": 0.0,
                    "grad_gnorm": 4.408806800842285,
                    "cur_kl_coeff": 0.3,
                    "cur_lr": 5e-05,
                    "total_loss": 7.522888531829372,
                    "policy_loss": -0.09172951152943301,
                    "vf_loss": 7.666907446312182,
                    "vf_explained_var": 0.013695810599760576,
                    "kl": 0.014417126934445893,
                    "entropy": 1.1322909871737161,
                    "entropy_coeff": 0.04999999999999999
                },
                "model": {},
                "custom_metrics": {},
                "num_agent_steps_trained": 120.9090909090909,
                "num_grad_updates_lifetime": 64515.5,
                "diff_num_grad_updates_vs_sampler_policy": 164.5
            }
        },
        "num_env_steps_sampled": 784000,
        "num_env_steps_trained": 784000,
        "num_agent_steps_sampled": 783998,
        "num_agent_steps_trained": 783998
    },
    "env_runners": {
        "episode_reward_max": -175.0,
        "episode_reward_min": -610.0,
        "episode_reward_mean": -413.74,
        "episode_len_mean": 453.22,
        "episode_media": {},
        "episodes_timesteps_total": 45322,
        "policy_reward_min": {
            "policy_2": -380.0,
            "policy_0": -400.0,
            "policy_1": -380.0
        },
        "policy_reward_max": {
            "policy_2": -28.0,
            "policy_0": 0.0,
            "policy_1": -10.0
        },
        "policy_reward_mean": {
            "policy_2": -177.12,
            "policy_0": -105.44,
            "policy_1": -131.18
        },
        "custom_metrics": {},
        "hist_stats": {
            "episode_reward": [
                -293.0,
                -460.0,
                -280.0,
                -458.0,
                -505.0,
                -455.0,
                -393.0,
                -465.0,
                -368.0,
                -404.0,
                -424.0,
                -550.0,
                -371.0,
                -375.0,
                -455.0,
                -299.0,
                -590.0,
                -462.0,
                -523.0,
                -308.0,
                -460.0,
                -296.0,
                -308.0,
                -554.0,
                -282.0,
                -281.0,
                -592.0,
                -478.0,
                -397.0,
                -346.0,
                -535.0,
                -550.0,
                -343.0,
                -489.0,
                -468.0,
                -450.0,
                -535.0,
                -432.0,
                -291.0,
                -222.0,
                -424.0,
                -410.0,
                -417.0,
                -383.0,
                -512.0,
                -488.0,
                -499.0,
                -175.0,
                -462.0,
                -369.0,
                -372.0,
                -425.0,
                -225.0,
                -377.0,
                -541.0,
                -369.0,
                -352.0,
                -402.0,
                -276.0,
                -297.0,
                -410.0,
                -365.0,
                -393.0,
                -351.0,
                -389.0,
                -506.0,
                -369.0,
                -343.0,
                -610.0,
                -562.0,
                -338.0,
                -288.0,
                -399.0,
                -473.0,
                -464.0,
                -575.0,
                -481.0,
                -531.0,
                -324.0,
                -423.0,
                -181.0,
                -510.0,
                -510.0,
                -411.0,
                -440.0,
                -354.0,
                -493.0,
                -532.0,
                -464.0,
                -516.0,
                -398.0,
                -338.0,
                -512.0,
                -520.0,
                -307.0,
                -336.0,
                -475.0,
                -522.0,
                -253.0,
                -186.0
            ],