{
    "custom_metrics": {},
    "episode_media": {},
    "info": {
        "learner": {
            "policy_2": {
                "learner_stats": {
                    "allreduce_latency": 0.0,
                    "grad_gnorm": 3.453024387359619,
                    "cur_kl_coeff": 0.4500000000000002,
                    "cur_lr": 5e-05,
                    "total_loss": 7.480322103789359,
                    "policy_loss": -0.09025116790594025,
                    "vf_loss": 7.690424364263361,
                    "vf_explained_var": -0.006685972755605524,
                    "kl": 0.014379762116308014,
                    "entropy": 1.2632199142918443,
                    "entropy_coeff": 0.09999999999999998
                },
                "model": {},
                "custom_metrics": {},
                "num_agent_steps_trained": 121.0,
                "num_grad_updates_lifetime": 100815.5,
                "diff_num_grad_updates_vs_sampler_policy": 164.5
            },
            "policy_0": {
                "learner_stats": {
                    "allreduce_latency": 0.0,
                    "grad_gnorm": 5.937462329864502,
                    "cur_kl_coeff": 0.2402709960937499,
                    "cur_lr": 5e-05,
                    "total_loss": 8.235793443159624,
                    "policy_loss": -0.06950073954649269,
                    "vf_loss": 8.307465967987524,
                    "vf_explained_var": -0.08543913328286373,
                    "kl": 0.012876834049513907,
                    "entropy": 0.5265720533602165,
                    "entropy_coeff": 0.01
                },
                "model": {},
                "custom_metrics": {},
                "num_agent_steps_trained": 121.36363636363636,
                "num_grad_updates_lifetime": 100815.5,
                "diff_num_grad_updates_vs_sampler_policy": 164.5
            },
            "policy_1": {
                "learner_stats": {
                    "allreduce_latency": 0.0,
                    "grad_gnorm": 4.937839031219482,
                    "cur_kl_coeff": 0.4500000000000002,
                    "cur_lr": 5e-05,
                    "total_loss": 5.914282999616681,
                    "policy_loss": -0.07519956403553034,
                    "vf_loss": 6.040918672446049,
                    "vf_explained_var": -0.05192953023043546,
                    "kl": 0.010093745592974964,
                    "entropy": 1.1195653026754206,
                    "entropy_coeff": 0.04999999999999999
                },
                "model": {},
                "custom_metrics": {},
                "num_agent_steps_trained": 121.27272727272727,
                "num_grad_updates_lifetime": 100815.5,
                "diff_num_grad_updates_vs_sampler_policy": 164.5
            }
        },
        "num_env_steps_sampled": 1224000,
        "num_env_steps_trained": 1224000,
        "num_agent_steps_sampled": 1223998,
        "num_agent_steps_trained": 1223998
    },
    "env_runners": {
        "episode_reward_max": -155.0,
        "episode_reward_min": -627.0,
        "episode_reward_mean": -415.47,
        "episode_len_mean": 268.8,
        "episode_media": {},
        "episodes_timesteps_total": 26880,
        "policy_reward_min": {
            "policy_0": -355.0,
            "policy_1": -370.0,
            "policy_2": -375.0
        },
        "policy_reward_max": {
            "policy_0": -3.0,
            "policy_1": -12.0,
            "policy_2": -15.0
        },
        "policy_reward_mean": {
            "policy_0": -112.98,
            "policy_1": -129.75,
            "policy_2": -172.74
        },
        "custom_metrics": {},
        "hist_stats": {
            "episode_reward": [
                -287.0,
                -352.0,
                -455.0,
                -478.0,
                -239.0,
                -425.0,
                -526.0,
                -268.0,
                -475.0,
                -155.0,
                -441.0,
                -297.0,
                -465.0,
                -493.0,
                -455.0,
                -568.0,
                -508.0,
                -385.0,
                -397.0,
                -586.0,
                -429.0,
                -458.0,
                -538.0,
                -342.0,
                -267.0,
                -515.0,
                -627.0,
                -441.0,
                -207.0,
                -282.0,
                -431.0,
                -499.0,
                -397.0,
                -433.0,
                -434.0,
                -384.0,
                -429.0,
                -529.0,
                -259.0,
                -577.0,
                -465.0,
                -513.0,
                -486.0,
                -374.0,
                -452.0,
                -449.0,
                -398.0,
                -458.0,
                -513.0,
                -518.0,
                -559.0,
                -182.0,
                -521.0,
                -471.0,
                -452.0,
                -278.0,
                -401.0,
                -279.0,
                -500.0,
                -249.0,
                -340.0,
                -432.0,
                -382.0,
                -463.0,
                -492.0,
                -313.0,
                -560.0,
                -465.0,
                -416.0,
                -445.0,
                -376.0,
                -441.0,
                -328.0,
                -271.0,
                -465.0,
                -320.0,
                -382.0,
                -392.0,
                -336.0,
                -225.0,
                -488.0,
                -383.0,
                -489.0,
                -530.0,
                -420.0,
                -581.0,
                -402.0,
                -451.0,
                -402.0,
                -212.0,
                -346.0,
                -323.0,
                -452.0,
                -484.0,
                -423.0,
                -458.0,
                -331.0,
                -422.0,
                -348.0,
                -507.0
            ],