{
    "custom_metrics": {},
    "episode_media": {},
    "info": {
        "learner": {
            "policy_2": {
                "learner_stats": {
                    "allreduce_latency": 0.0,
                    "grad_gnorm": 2.028721809387207,
                    "cur_kl_coeff": 0.3,
                    "cur_lr": 5e-05,
                    "total_loss": 6.4589403629302975,
                    "policy_loss": -0.09151928786922134,
                    "vf_loss": 6.681531832434914,
                    "vf_explained_var": 0.010093630624539924,
                    "kl": 0.014272630182050577,
                    "entropy": 1.3535396597602152,
                    "entropy_coeff": 0.09999999999999998
                },
                "model": {},
                "custom_metrics": {},
                "num_agent_steps_trained": 121.0,
                "num_grad_updates_lifetime": 62865.5,
                "diff_num_grad_updates_vs_sampler_policy": 164.5
            },
            "policy_0": {
                "learner_stats": {
                    "allreduce_latency": 0.0,
                    "grad_gnorm": 5.983661651611328,
                    "cur_kl_coeff": 0.16874999999999996,
                    "cur_lr": 5e-05,
                    "total_loss": 6.752820545254331,
                    "policy_loss": -0.05099317143727659,
                    "vf_loss": 6.805278754956794,
                    "vf_explained_var": 0.0480411739060373,
                    "kl": 0.009862132038703703,
                    "entropy": 0.31292654917095647,
                    "entropy_coeff": 0.01
                },
                "model": {},
                "custom_metrics": {},
                "num_agent_steps_trained": 121.0909090909091,
                "num_grad_updates_lifetime": 62865.5,
                "diff_num_grad_updates_vs_sampler_policy": 164.5
            },
            "policy_1": {
                "learner_stats": {
                    "allreduce_latency": 0.0,
                    "grad_gnorm": 5.130676746368408,
                    "cur_kl_coeff": 0.3,
                    "cur_lr": 5e-05,
                    "total_loss": 7.484866425485322,
                    "policy_loss": -0.07285428781513915,
                    "vf_loss": 7.611532673691258,
                    "vf_explained_var": -0.10927107785687303,
                    "kl": 0.012285220858178717,
                    "entropy": 1.1499502676906008,
                    "entropy_coeff": 0.04999999999999999
                },
                "model": {},
                "custom_metrics": {},
                "num_agent_steps_trained": 121.54545454545455,
                "num_grad_updates_lifetime": 62865.5,
                "diff_num_grad_updates_vs_sampler_policy": 164.5
            }
        },
        "num_env_steps_sampled": 764000,
        "num_env_steps_trained": 764000,
        "num_agent_steps_sampled": 763998,
        "num_agent_steps_trained": 763998
    },
    "env_runners": {
        "episode_reward_max": -175.0,
        "episode_reward_min": -622.0,
        "episode_reward_mean": -420.41,
        "episode_len_mean": 339.32,
        "episode_media": {},
        "episodes_timesteps_total": 33932,
        "policy_reward_min": {
            "policy_2": -385.0,
            "policy_0": -400.0,
            "policy_1": -380.0
        },
        "policy_reward_max": {
            "policy_2": -28.0,
            "policy_0": 0.0,
            "policy_1": -10.0
        },
        "policy_reward_mean": {
            "policy_2": -156.87,
            "policy_0": -124.19,
            "policy_1": -139.35
        },
        "custom_metrics": {},
        "hist_stats": {
            "episode_reward": [
                -349.0,
                -555.0,
                -330.0,
                -443.0,
                -455.0,
                -539.0,
                -343.0,
                -585.0,
                -374.0,
                -495.0,
                -272.0,
                -463.0,
                -425.0,
                -425.0,
                -526.0,
                -554.0,
                -493.0,
                -428.0,
                -344.0,
                -577.0,
                -622.0,
                -612.0,
                -336.0,
                -458.0,
                -338.0,
                -332.0,
                -368.0,
                -561.0,
                -475.0,
                -583.0,
                -366.0,
                -326.0,
                -492.0,
                -475.0,
                -360.0,
                -321.0,
                -293.0,
                -460.0,
                -280.0,
                -458.0,
                -505.0,
                -455.0,
                -393.0,
                -465.0,
                -368.0,
                -404.0,
                -424.0,
                -550.0,
                -371.0,
                -375.0,
                -455.0,
                -299.0,
                -590.0,
                -462.0,
                -523.0,
                -308.0,
                -460.0,
                -296.0,
                -308.0,
                -554.0,
                -282.0,
                -281.0,
                -592.0,
                -478.0,
                -397.0,
                -346.0,
                -535.0,
                -550.0,
                -343.0,
                -489.0,
                -468.0,
                -450.0,
                -535.0,
                -432.0,
                -291.0,
                -222.0,
                -424.0,
                -410.0,
                -417.0,
                -383.0,
                -512.0,
                -488.0,
                -499.0,
                -175.0,
                -462.0,
                -369.0,
                -372.0,
                -425.0,
                -225.0,
                -377.0,
                -541.0,
                -369.0,
                -352.0,
                -402.0,
                -276.0,
                -297.0,
                -410.0,
                -365.0,
                -393.0,
                -351.0
            ],