{
    "custom_metrics": {},
    "episode_media": {},
    "info": {
        "learner": {
            "policy_2": {
                "learner_stats": {
                    "allreduce_latency": 0.0,
                    "grad_gnorm": 1.8961107730865479,
                    "cur_kl_coeff": 0.19999999999999996,
                    "cur_lr": 5e-05,
                    "total_loss": 9.416462765317975,
                    "policy_loss": -0.0776779197590341,
                    "vf_loss": 9.629965325557825,
                    "vf_explained_var": -0.016313789649443192,
                    "kl": 0.014308713663143818,
                    "entropy": 1.3868644945549242,
                    "entropy_coeff": 0.09999999999999998
                },
                "model": {},
                "custom_metrics": {},
                "num_agent_steps_trained": 120.72727272727273,
                "num_grad_updates_lifetime": 33165.5,
                "diff_num_grad_updates_vs_sampler_policy": 164.5
            },
            "policy_0": {
                "learner_stats": {
                    "allreduce_latency": 0.0,
                    "grad_gnorm": 5.1309614181518555,
                    "cur_kl_coeff": 0.075,
                    "cur_lr": 5e-05,
                    "total_loss": 7.481251791751746,
                    "policy_loss": -0.058872381273205536,
                    "vf_loss": 7.544665264360832,
                    "vf_explained_var": -0.011406238873799641,
                    "kl": 0.00920460691704466,
                    "entropy": 0.5231441591725204,
                    "entropy_coeff": 0.01
                },
                "model": {},
                "custom_metrics": {},
                "num_agent_steps_trained": 121.45454545454545,
                "num_grad_updates_lifetime": 33165.5,
                "diff_num_grad_updates_vs_sampler_policy": 164.5
            },
            "policy_1": {
                "learner_stats": {
                    "allreduce_latency": 0.0,
                    "grad_gnorm": 1.3145415782928467,
                    "cur_kl_coeff": 0.19999999999999996,
                    "cur_lr": 5e-05,
                    "total_loss": 9.845042610168457,
                    "policy_loss": -0.0845248153362649,
                    "vf_loss": 9.992900677883263,
                    "vf_explained_var": -0.0007601454402461197,
                    "kl": 0.016106690413769657,
                    "entropy": 1.3310920166246818,
                    "entropy_coeff": 0.04999999999999999
                },
                "model": {},
                "custom_metrics": {},
                "num_agent_steps_trained": 121.45454545454545,
                "num_grad_updates_lifetime": 33165.5,
                "diff_num_grad_updates_vs_sampler_policy": 164.5
            }
        },
        "num_env_steps_sampled": 404000,
        "num_env_steps_trained": 404000,
        "num_agent_steps_sampled": 403998,
        "num_agent_steps_trained": 403998
    },
    "env_runners": {
        "episode_reward_max": -217.0,
        "episode_reward_min": -652.0,
        "episode_reward_mean": -433.13,
        "episode_len_mean": 307.54,
        "episode_media": {},
        "episodes_timesteps_total": 30754,
        "policy_reward_min": {
            "policy_1": -445.0,
            "policy_2": -430.0,
            "policy_0": -365.0
        },
        "policy_reward_max": {
            "policy_1": -18.0,
            "policy_2": -38.0,
            "policy_0": 0.0
        },
        "policy_reward_mean": {
            "policy_1": -139.5,
            "policy_2": -204.68,
            "policy_0": -88.95
        },
        "custom_metrics": {},
        "hist_stats": {
            "episode_reward": [
                -577.0,
                -277.0,
                -485.0,
                -509.0,
                -278.0,
                -455.0,
                -441.0,
                -393.0,
                -512.0,
                -444.0,
                -325.0,
                -399.0,
                -412.0,
                -345.0,
                -592.0,
                -449.0,
                -407.0,
                -350.0,
                -392.0,
                -381.0,
                -376.0,
                -222.0,
                -298.0,
                -544.0,
                -471.0,
                -415.0,
                -528.0,
                -411.0,
                -420.0,
                -350.0,
                -547.0,
                -559.0,
                -446.0,
                -468.0,
                -647.0,
                -277.0,
                -454.0,
                -650.0,
                -234.0,
                -592.0,
                -290.0,
                -543.0,
                -481.0,
                -450.0,
                -561.0,
                -476.0,
                -494.0,
                -413.0,
                -534.0,
                -387.0,
                -493.0,
                -306.0,
                -568.0,
                -481.0,
                -336.0,
                -512.0,
                -471.0,
                -472.0,
                -420.0,
                -652.0,
                -449.0,
                -417.0,
                -540.0,
                -428.0,
                -421.0,
                -388.0,
                -442.0,
                -514.0,
                -396.0,
                -374.0,
                -347.0,
                -359.0,
                -364.0,
                -597.0,
                -357.0,
                -379.0,
                -372.0,
                -335.0,
                -534.0,
                -391.0,
                -450.0,
                -544.0,
                -290.0,
                -359.0,
                -336.0,
                -217.0,
                -377.0,
                -481.0,
                -448.0,
                -498.0,
                -347.0,
                -280.0,
                -556.0,
                -266.0,
                -584.0,
                -577.0,
                -387.0,
                -341.0,
                -642.0,
                -257.0
            ],