{
    "custom_metrics": {},
    "episode_media": {},
    "info": {
        "learner": {
            "policy_2": {
                "learner_stats": {
                    "allreduce_latency": 0.0,
                    "grad_gnorm": 3.038874864578247,
                    "cur_kl_coeff": 0.6749999999999998,
                    "cur_lr": 5e-05,
                    "total_loss": 3.970538460847103,
                    "policy_loss": -0.07037067903262197,
                    "vf_loss": 4.1483597365292635,
                    "vf_explained_var": -0.0007216941226612438,
                    "kl": 0.008942235181375257,
                    "entropy": 1.1348662078380585,
                    "entropy_coeff": 0.09999999999999998
                },
                "model": {},
                "custom_metrics": {},
                "num_agent_steps_trained": 121.0909090909091,
                "num_grad_updates_lifetime": 206415.5,
                "diff_num_grad_updates_vs_sampler_policy": 164.5
            },
            "policy_0": {
                "learner_stats": {
                    "allreduce_latency": 0.0,
                    "grad_gnorm": 4.648547172546387,
                    "cur_kl_coeff": 0.2600790191418242,
                    "cur_lr": 5e-05,
                    "total_loss": 1.6663562048565257,
                    "policy_loss": -0.05254416112429956,
                    "vf_loss": 1.7184442832614437,
                    "vf_explained_var": 0.02532456878459815,
                    "kl": 0.006489171414115414,
                    "entropy": 0.12316238539236965,
                    "entropy_coeff": 0.01
                },
                "model": {},
                "custom_metrics": {},
                "num_agent_steps_trained": 121.36363636363636,
                "num_grad_updates_lifetime": 206415.5,
                "diff_num_grad_updates_vs_sampler_policy": 164.5
            },
            "policy_1": {
                "learner_stats": {
                    "allreduce_latency": 0.0,
                    "grad_gnorm": 3.217534065246582,
                    "cur_kl_coeff": 0.4500000000000002,
                    "cur_lr": 5e-05,
                    "total_loss": 3.28586492357832,
                    "policy_loss": -0.06919655223962654,
                    "vf_loss": 3.382061064604557,
                    "vf_explained_var": 0.039403861941713275,
                    "kl": 0.018766178284021964,
                    "entropy": 0.7088872572689345,
                    "entropy_coeff": 0.04999999999999999
                },
                "model": {},
                "custom_metrics": {},
                "num_agent_steps_trained": 121.18181818181819,
                "num_grad_updates_lifetime": 206415.5,
                "diff_num_grad_updates_vs_sampler_policy": 164.5
            }
        },
        "num_env_steps_sampled": 2504000,
        "num_env_steps_trained": 2504000,
        "num_agent_steps_sampled": 2503998,
        "num_agent_steps_trained": 2503998
    },
    "env_runners": {
        "episode_reward_max": -88.0,
        "episode_reward_min": -637.0,
        "episode_reward_mean": -390.97,
        "episode_len_mean": 413.12,
        "episode_media": {},
        "episodes_timesteps_total": 41312,
        "policy_reward_min": {
            "policy_0": -400.0,
            "policy_1": -445.0,
            "policy_2": -445.0
        },
        "policy_reward_max": {
            "policy_0": 3.0,
            "policy_1": -10.0,
            "policy_2": -28.0
        },
        "policy_reward_mean": {
            "policy_0": -100.38,
            "policy_1": -116.74,
            "policy_2": -173.85
        },
        "custom_metrics": {},
        "hist_stats": {
            "episode_reward": [
                -299.0,
                -556.0,
                -629.0,
                -410.0,
                -334.0,
                -268.0,
                -453.0,
                -400.0,
                -443.0,
                -532.0,
                -154.0,
                -425.0,
                -366.0,
                -406.0,
                -560.0,
                -248.0,
                -443.0,
                -491.0,
                -397.0,
                -637.0,
                -525.0,
                -406.0,
                -245.0,
                -433.0,
                -396.0,
                -489.0,
                -391.0,
                -498.0,
                -465.0,
                -208.0,
                -524.0,
                -422.0,
                -304.0,
                -490.0,
                -301.0,
                -330.0,
                -261.0,
                -502.0,
                -270.0,
                -263.0,
                -434.0,
                -569.0,
                -160.0,
                -418.0,
                -322.0,
                -290.0,
                -414.0,
                -493.0,
                -306.0,
                -260.0,
                -324.0,
                -419.0,
                -411.0,
                -318.0,
                -444.0,
                -206.0,
                -493.0,
                -88.0,
                -508.0,
                -490.0,
                -277.0,
                -272.0,
                -350.0,
                -382.0,
                -393.0,
                -381.0,
                -299.0,
                -465.0,
                -128.0,
                -470.0,
                -364.0,
                -426.0,
                -182.0,
                -627.0,
                -287.0,
                -478.0,
                -349.0,
                -567.0,
                -390.0,
                -541.0,
                -539.0,
                -124.0,
                -504.0,
                -379.0,
                -485.0,
                -513.0,
                -392.0,
                -463.0,
                -380.0,
                -522.0,
                -229.0,
                -354.0,
                -373.0,
                -459.0,
                -524.0,
                -620.0,
                -358.0,
                -424.0,
                -198.0,
                -88.0
            ],