{
    "custom_metrics": {},
    "episode_media": {},
    "info": {
        "learner": {
            "policy_2": {
                "learner_stats": {
                    "allreduce_latency": 0.0,
                    "grad_gnorm": 2.0441386699676514,
                    "cur_kl_coeff": 0.6749999999999998,
                    "cur_lr": 5e-05,
                    "total_loss": 7.409425372788401,
                    "policy_loss": -0.10572011071913452,
                    "vf_loss": 7.637370522816976,
                    "vf_explained_var": 0.0013769660935257421,
                    "kl": 0.011903194845494689,
                    "entropy": 1.3025969440286809,
                    "entropy_coeff": 0.09999999999999998
                },
                "model": {},
                "custom_metrics": {},
                "num_agent_steps_trained": 121.27272727272727,
                "num_grad_updates_lifetime": 226215.5,
                "diff_num_grad_updates_vs_sampler_policy": 164.5
            },
            "policy_0": {
                "learner_stats": {
                    "allreduce_latency": 0.0,
                    "grad_gnorm": 3.976118564605713,
                    "cur_kl_coeff": 0.2468718814510284,
                    "cur_lr": 5e-05,
                    "total_loss": 7.1299160104809385,
                    "policy_loss": -0.07262475539676168,
                    "vf_loss": 7.20490341909004,
                    "vf_explained_var": -0.027992042989441843,
                    "kl": 0.01160539201869014,
                    "entropy": 0.5227747548710217,
                    "entropy_coeff": 0.01
                },
                "model": {},
                "custom_metrics": {},
                "num_agent_steps_trained": 121.27272727272727,
                "num_grad_updates_lifetime": 226215.5,
                "diff_num_grad_updates_vs_sampler_policy": 164.5
            },
            "policy_1": {
                "learner_stats": {
                    "allreduce_latency": 0.0,
                    "grad_gnorm": 4.0660176277160645,
                    "cur_kl_coeff": 0.2250000000000001,
                    "cur_lr": 5e-05,
                    "total_loss": 5.757482168168733,
                    "policy_loss": -0.07966084548053473,
                    "vf_loss": 5.880048525694645,
                    "vf_explained_var": -0.022248086965445318,
                    "kl": 0.013083581541363064,
                    "entropy": 0.9169861024076288,
                    "entropy_coeff": 0.04999999999999999
                },
                "model": {},
                "custom_metrics": {},
                "num_agent_steps_trained": 121.0909090909091,
                "num_grad_updates_lifetime": 226215.5,
                "diff_num_grad_updates_vs_sampler_policy": 164.5
            }
        },
        "num_env_steps_sampled": 2744000,
        "num_env_steps_trained": 2744000,
        "num_agent_steps_sampled": 2743998,
        "num_agent_steps_trained": 2743998
    },
    "env_runners": {
        "episode_reward_max": -62.0,
        "episode_reward_min": -595.0,
        "episode_reward_mean": -418.07,
        "episode_len_mean": 348.92,
        "episode_media": {},
        "episodes_timesteps_total": 34892,
        "policy_reward_min": {
            "policy_2": -450.0,
            "policy_0": -360.0,
            "policy_1": -380.0
        },
        "policy_reward_max": {
            "policy_2": -25.0,
            "policy_0": 0.0,
            "policy_1": -9.0
        },
        "policy_reward_mean": {
            "policy_2": -195.82,
            "policy_0": -109.38,
            "policy_1": -112.87
        },
        "custom_metrics": {},
        "hist_stats": {
            "episode_reward": [
                -277.0,
                -407.0,
                -500.0,
                -368.0,
                -349.0,
                -512.0,
                -499.0,
                -551.0,
                -462.0,
                -556.0,
                -583.0,
                -487.0,
                -415.0,
                -425.0,
                -337.0,
                -420.0,
                -414.0,
                -580.0,
                -359.0,
                -577.0,
                -489.0,
                -297.0,
                -363.0,
                -302.0,
                -456.0,
                -521.0,
                -565.0,
                -449.0,
                -507.0,
                -352.0,
                -536.0,
                -529.0,
                -325.0,
                -297.0,
                -304.0,
                -345.0,
                -521.0,
                -205.0,
                -497.0,
                -424.0,
                -333.0,
                -82.0,
                -470.0,
                -62.0,
                -290.0,
                -518.0,
                -381.0,
                -373.0,
                -263.0,
                -485.0,
                -471.0,
                -595.0,
                -344.0,
                -377.0,
                -450.0,
                -302.0,
                -549.0,
                -502.0,
                -352.0,
                -477.0,
                -337.0,
                -477.0,
                -546.0,
                -283.0,
                -479.0,
                -561.0,
                -318.0,
                -446.0,
                -591.0,
                -539.0,
                -394.0,
                -403.0,
                -573.0,
                -447.0,
                -351.0,
                -394.0,
                -306.0,
                -407.0,
                -264.0,
                -261.0,
                -451.0,
                -479.0,
                -594.0,
                -420.0,
                -475.0,
                -392.0,
                -515.0,
                -299.0,
                -340.0,
                -505.0,
                -359.0,
                -394.0,
                -545.0,
                -431.0,
                -275.0,
                -534.0,
                -273.0,
                -293.0,
                -333.0,
                -485.0
            ],