{
    "custom_metrics": {},
    "episode_media": {},
    "info": {
        "learner": {
            "policy_2": {
                "learner_stats": {
                    "allreduce_latency": 0.0,
                    "grad_gnorm": 0.7663509249687195,
                    "cur_kl_coeff": 0.19999999999999996,
                    "cur_lr": 5e-05,
                    "total_loss": 9.61210651397705,
                    "policy_loss": -0.03679338660175827,
                    "vf_loss": 9.812137647108598,
                    "vf_explained_var": -8.245128573793354e-06,
                    "kl": 0.011705658469553314,
                    "entropy": 1.655788659688198,
                    "entropy_coeff": 0.09999999999999998
                },
                "model": {},
                "custom_metrics": {},
                "num_agent_steps_trained": 120.81818181818181,
                "num_grad_updates_lifetime": 165.5,
                "diff_num_grad_updates_vs_sampler_policy": 164.5
            },
            "policy_0": {
                "learner_stats": {
                    "allreduce_latency": 0.0,
                    "grad_gnorm": 0.7765724658966064,
                    "cur_kl_coeff": 0.19999999999999996,
                    "cur_lr": 5e-05,
                    "total_loss": 9.761456347956802,
                    "policy_loss": -0.02850119441634778,
                    "vf_loss": 9.805306714953797,
                    "vf_explained_var": -6.090510975230824e-06,
                    "kl": 0.006742633376653071,
                    "entropy": 1.6697708776502898,
                    "entropy_coeff": 0.01
                },
                "model": {},
                "custom_metrics": {},
                "num_agent_steps_trained": 121.0909090909091,
                "num_grad_updates_lifetime": 165.5,
                "diff_num_grad_updates_vs_sampler_policy": 164.5
            },
            "policy_1": {
                "learner_stats": {
                    "allreduce_latency": 0.0,
                    "grad_gnorm": 0.7742931246757507,
                    "cur_kl_coeff": 0.19999999999999996,
                    "cur_lr": 5e-05,
                    "total_loss": 9.700663205349084,
                    "policy_loss": -0.03291288137040806,
                    "vf_loss": 9.814186281146425,
                    "vf_explained_var": 2.0946155894886365e-05,
                    "kl": 0.011297520396935094,
                    "entropy": 1.6573959787686665,
                    "entropy_coeff": 0.04999999999999999
                },
                "model": {},
                "custom_metrics": {},
                "num_agent_steps_trained": 121.54545454545455,
                "num_grad_updates_lifetime": 165.5,
                "diff_num_grad_updates_vs_sampler_policy": 164.5
            }
        },
        "num_env_steps_sampled": 4000,
        "num_env_steps_trained": 4000,
        "num_agent_steps_sampled": 3998,
        "num_agent_steps_trained": 3998
    },
    "env_runners": {
        "episode_reward_max": -351.0,
        "episode_reward_min": -633.0,
        "episode_reward_mean": -484.90909090909093,
        "episode_len_mean": 118.84848484848484,
        "episode_media": {},
        "episodes_timesteps_total": 3922,
        "policy_reward_min": {
            "policy_0": -380.0,
            "policy_1": -355.0,
            "policy_2": -370.0
        },
        "policy_reward_max": {
            "policy_0": -25.0,
            "policy_1": -36.0,
            "policy_2": -40.0
        },
        "policy_reward_mean": {
            "policy_0": -165.15151515151516,
            "policy_1": -154.45454545454547,
            "policy_2": -165.3030303030303
        },
        "custom_metrics": {},
        "hist_stats": {
            "episode_reward": [
                -365.0,
                -389.0,
                -557.0,
                -502.0,
                -567.0,
                -382.0,
                -558.0,
                -425.0,
                -534.0,
                -532.0,
                -351.0,
                -614.0,
                -440.0,
                -580.0,
                -511.0,
                -438.0,
                -460.0,
                -633.0,
                -490.0,
                -493.0,
                -552.0,
                -472.0,
                -512.0,
                -423.0,
                -455.0,
                -520.0,
                -450.0,
                -521.0,
                -368.0,
                -481.0,
                -518.0,
                -501.0,
                -408.0
            ],
            "episode_lengths": [
                94,
                90,
                130,
                156,
                118,
                150,
                124,
                112,
                102,
                180,
                102,
                128,
                76,
                146,
                82,
                118,
                136,
                104,
                76,
                100,
                138,
                118,
                84,
                104,
                132,
                132,
                74,
                144,
                116,
                102,
                146,
                154,
                154
            ],
            "policy_policy_0_reward": [
                -99.0,
                -260.0,
                -144.0,
                -56.0,
                -345.0,
                -56.0,
                -201.0,
                -30.0,
                -325.0,
                -55.0,
                -75.0,
                -177.0,
                -48.0,
                -165.0,
                -275.0,
                -240.0,
                -63.0,
                -380.0,
                -219.0,
                -180.0,
                -44.0,
                -219.0,
                -310.0,
                -255.0,
                -250.0,
                -168.0,
                -84.0,
                -53.0,
                -57.0,
                -25.0,
                -37.0,
                -270.0,
                -285.0
            ],
            "policy_policy_1_reward": [
                -36.0,
                -87.0,
                -43.0,
                -260.0,
                -177.0,
                -245.0,
                -57.0,
                -230.0,
                -147.0,
                -285.0,
                -36.0,
                -67.0,
                -215.0,
                -55.0,
                -171.0,
                -138.0,
                -265.0,
                -195.0,
                -66.0,
                -48.0,
                -280.0,
                -68.0,
                -138.0,
                -102.0,
                -165.0,
                -62.0,
                -46.0,
                -330.0,
                -185.0,
                -300.0,
                -355.0,
                -168.0,
                -75.0
            ],
            "policy_policy_2_reward": [
                -230.0,
                -42.0,
                -370.0,
                -186.0,
                -45.0,
                -81.0,
                -300.0,
                -165.0,
                -62.0,
                -192.0,
                -240.0,
                -370.0,
                -177.0,
                -360.0,
                -65.0,
                -60.0,
                -132.0,
                -58.0,
                -205.0,
                -265.0,
                -228.0,
                -185.0,
                -64.0,
                -66.0,
                -40.0,
                -290.0,
                -320.0,
                -138.0,
                -126.0,
                -156.0,
                -126.0,
                -63.0,
                -48.0
            ]
        },
        "sampler_perf": {
            "mean_raw_obs_processing_ms": 0.21336907537184308,
            "mean_inference_ms": 0.7489828788110895,