{
    "custom_metrics": {},
    "episode_media": {},
    "info": {
        "learner": {
            "policy_2": {
                "learner_stats": {
                    "allreduce_latency": 0.0,
                    "grad_gnorm": 2.7698814868927,
                    "cur_kl_coeff": 0.6749999999999998,
                    "cur_lr": 5e-05,
                    "total_loss": 6.68858120802677,
                    "policy_loss": -0.09634865888845966,
                    "vf_loss": 6.902944462227099,
                    "vf_explained_var": -0.010909660296006636,
                    "kl": 0.013283892630382101,
                    "entropy": 1.2698117209203315,
                    "entropy_coeff": 0.09999999999999998
                },
                "model": {},
                "custom_metrics": {},
                "num_agent_steps_trained": 121.18181818181819,
                "num_grad_updates_lifetime": 160215.5,
                "diff_num_grad_updates_vs_sampler_policy": 164.5
            },
            "policy_0": {
                "learner_stats": {
                    "allreduce_latency": 0.0,
                    "grad_gnorm": 3.7437241077423096,
                    "cur_kl_coeff": 0.2886507578194141,
                    "cur_lr": 5e-05,
                    "total_loss": 6.980216922182025,
                    "policy_loss": -0.0697165498002009,
                    "vf_loss": 7.051590941169045,
                    "vf_explained_var": 0.01561339046015884,
                    "kl": 0.012846019890671034,
                    "entropy": 0.5365523820573633,
                    "entropy_coeff": 0.01
                },
                "model": {},
                "custom_metrics": {},
                "num_agent_steps_trained": 121.27272727272727,
                "num_grad_updates_lifetime": 160215.5,
                "diff_num_grad_updates_vs_sampler_policy": 164.5
            },
            "policy_1": {
                "learner_stats": {
                    "allreduce_latency": 0.0,
                    "grad_gnorm": 3.1574554443359375,
                    "cur_kl_coeff": 0.4500000000000002,
                    "cur_lr": 5e-05,
                    "total_loss": 6.577895684675737,
                    "policy_loss": -0.08577237429633511,
                    "vf_loss": 6.71323433933836,
                    "vf_explained_var": -0.02938445391076984,
                    "kl": 0.014467006753499644,
                    "entropy": 1.1215286921371113,
                    "entropy_coeff": 0.04999999999999999
                },
                "model": {},
                "custom_metrics": {},
                "num_agent_steps_trained": 121.18181818181819,
                "num_grad_updates_lifetime": 160215.5,
                "diff_num_grad_updates_vs_sampler_policy": 164.5
            }
        },
        "num_env_steps_sampled": 1944000,
        "num_env_steps_trained": 1944000,
        "num_agent_steps_sampled": 1943998,
        "num_agent_steps_trained": 1943998
    },
    "env_runners": {
        "episode_reward_max": -104.0,
        "episode_reward_min": -623.0,
        "episode_reward_mean": -415.4,
        "episode_len_mean": 329.08,
        "episode_media": {},
        "episodes_timesteps_total": 32908,
        "policy_reward_min": {
            "policy_2": -405.0,
            "policy_0": -410.0,
            "policy_1": -380.0
        },
        "policy_reward_max": {
            "policy_2": -13.0,
            "policy_0": 3.0,
            "policy_1": -12.0
        },
        "policy_reward_mean": {
            "policy_2": -173.72,
            "policy_0": -124.98,
            "policy_1": -116.7
        },
        "custom_metrics": {},
        "hist_stats": {
            "episode_reward": [
                -480.0,
                -292.0,
                -303.0,
                -507.0,
                -463.0,
                -239.0,
                -410.0,
                -267.0,
                -538.0,
                -467.0,
                -453.0,
                -447.0,
                -333.0,
                -483.0,
                -270.0,
                -487.0,
                -499.0,
                -570.0,
                -418.0,
                -406.0,
                -610.0,
                -542.0,
                -510.0,
                -355.0,
                -394.0,
                -412.0,
                -353.0,
                -362.0,
                -407.0,
                -475.0,
                -221.0,
                -461.0,
                -488.0,
                -449.0,
                -484.0,
                -527.0,
                -534.0,
                -461.0,
                -392.0,
                -588.0,
                -164.0,
                -444.0,
                -389.0,
                -124.0,
                -330.0,
                -480.0,
                -309.0,
                -192.0,
                -434.0,
                -443.0,
                -305.0,
                -400.0,
                -485.0,
                -604.0,
                -435.0,
                -421.0,
                -486.0,
                -414.0,
                -431.0,
                -525.0,
                -433.0,
                -404.0,
                -285.0,
                -365.0,
                -412.0,
                -368.0,
                -553.0,
                -208.0,
                -587.0,
                -358.0,
                -286.0,
                -381.0,
                -377.0,
                -309.0,
                -437.0,
                -310.0,
                -353.0,
                -268.0,
                -418.0,
                -477.0,
                -429.0,
                -591.0,
                -586.0,
                -461.0,
                -438.0,
                -541.0,
                -395.0,
                -318.0,
                -433.0,
                -478.0,
                -104.0,
                -310.0,
                -195.0,
                -623.0,
                -468.0,
                -541.0,
                -575.0,
                -399.0,
                -360.0,
                -534.0
            ],