{
    "custom_metrics": {},
    "episode_media": {},
    "info": {
        "learner": {
            "policy_2": {
                "learner_stats": {
                    "allreduce_latency": 0.0,
                    "grad_gnorm": 2.0952908992767334,
                    "cur_kl_coeff": 0.6749999999999998,
                    "cur_lr": 5e-05,
                    "total_loss": 7.654235357226748,
                    "policy_loss": -0.09948326924138448,
                    "vf_loss": 7.876372900876132,
                    "vf_explained_var": -0.025511700456792658,
                    "kl": 0.01135082072520636,
                    "entropy": 1.3031610889868304,
                    "entropy_coeff": 0.09999999999999998
                },
                "model": {},
                "custom_metrics": {},
                "num_agent_steps_trained": 120.9090909090909,
                "num_grad_updates_lifetime": 282315.5,
                "diff_num_grad_updates_vs_sampler_policy": 164.5
            },
            "policy_0": {
                "learner_stats": {
                    "allreduce_latency": 0.0,
                    "grad_gnorm": 6.105903148651123,
                    "cur_kl_coeff": 0.19024058305623748,
                    "cur_lr": 5e-05,
                    "total_loss": 6.6812064011891685,
                    "policy_loss": -0.07779608908485071,
                    "vf_loss": 6.762813014695139,
                    "vf_explained_var": 0.001912829370209665,
                    "kl": 0.01389362050849993,
                    "entropy": 0.6453670012228416,
                    "entropy_coeff": 0.01
                },
                "model": {},
                "custom_metrics": {},
                "num_agent_steps_trained": 121.54545454545455,
                "num_grad_updates_lifetime": 282315.5,
                "diff_num_grad_updates_vs_sampler_policy": 164.5
            },
            "policy_1": {
                "learner_stats": {
                    "allreduce_latency": 0.0,
                    "grad_gnorm": 3.016744613647461,
                    "cur_kl_coeff": 0.50625,
                    "cur_lr": 5e-05,
                    "total_loss": 7.122014919916789,
                    "policy_loss": -0.09120874858150879,
                    "vf_loss": 7.258036003690777,
                    "vf_explained_var": -0.020162713166439174,
                    "kl": 0.01220760061848686,
                    "entropy": 1.0198487108403986,
                    "entropy_coeff": 0.04999999999999999
                },
                "model": {},
                "custom_metrics": {},
                "num_agent_steps_trained": 121.18181818181819,
                "num_grad_updates_lifetime": 282315.5,
                "diff_num_grad_updates_vs_sampler_policy": 164.5
            }
        },
        "num_env_steps_sampled": 3424000,
        "num_env_steps_trained": 3424000,
        "num_agent_steps_sampled": 3423998,
        "num_agent_steps_trained": 3423998
    },
    "env_runners": {
        "episode_reward_max": -74.0,
        "episode_reward_min": -689.0,
        "episode_reward_mean": -421.58,
        "episode_len_mean": 318.02,
        "episode_media": {},
        "episodes_timesteps_total": 31802,
        "policy_reward_min": {
            "policy_1": -400.0,
            "policy_2": -465.0,
            "policy_0": -445.0
        },
        "policy_reward_max": {
            "policy_1": 0.0,
            "policy_2": -33.0,
            "policy_0": 3.0
        },
        "policy_reward_mean": {
            "policy_1": -136.11,
            "policy_2": -188.38,
            "policy_0": -97.09
        },
        "custom_metrics": {},
        "hist_stats": {
            "episode_reward": [
                -649.0,
                -486.0,
                -470.0,
                -280.0,
                -406.0,
                -270.0,
                -549.0,
                -294.0,
                -304.0,
                -464.0,
                -522.0,
                -519.0,
                -403.0,
                -458.0,
                -573.0,
                -580.0,
                -143.0,
                -497.0,
                -291.0,
                -438.0,
                -638.0,
                -378.0,
                -460.0,
                -502.0,
                -398.0,
                -448.0,
                -420.0,
                -488.0,
                -478.0,
                -437.0,
                -483.0,
                -431.0,
                -368.0,
                -450.0,
                -311.0,
                -326.0,
                -407.0,
                -601.0,
                -406.0,
                -536.0,
                -550.0,
                -271.0,
                -341.0,
                -375.0,
                -578.0,
                -363.0,
                -509.0,
                -337.0,
                -433.0,
                -168.0,
                -427.0,
                -489.0,
                -516.0,
                -378.0,
                -133.0,
                -412.0,
                -437.0,
                -353.0,
                -474.0,
                -388.0,
                -129.0,
                -209.0,
                -291.0,
                -74.0,
                -348.0,
                -340.0,
                -398.0,
                -588.0,
                -435.0,
                -602.0,
                -446.0,
                -473.0,
                -488.0,
                -459.0,
                -498.0,
                -425.0,
                -477.0,
                -689.0,
                -461.0,
                -385.0,
                -413.0,
                -223.0,
                -453.0,
                -450.0,
                -166.0,
                -481.0,
                -596.0,
                -461.0,
                -435.0,
                -547.0,
                -522.0,
                -462.0,
                -332.0,
                -488.0,
                -411.0,
                -450.0,
                -394.0,
                -429.0,
                -428.0,
                -308.0
            ],