{
    "custom_metrics": {},
    "episode_media": {},
    "info": {
        "learner": {
            "policy_2": {
                "learner_stats": {
                    "allreduce_latency": 0.0,
                    "grad_gnorm": 1.4013323783874512,
                    "cur_kl_coeff": 0.6749999999999998,
                    "cur_lr": 5e-05,
                    "total_loss": 5.552191880977515,
                    "policy_loss": -0.0853571220458076,
                    "vf_loss": 5.759886150649099,
                    "vf_explained_var": 0.00746985294602134,
                    "kl": 0.010898738773532167,
                    "entropy": 1.2969380606304515,
                    "entropy_coeff": 0.09999999999999998
                },
                "model": {},
                "custom_metrics": {},
                "num_agent_steps_trained": 121.45454545454545,
                "num_grad_updates_lifetime": 239415.5,
                "diff_num_grad_updates_vs_sampler_policy": 164.5
            },
            "policy_0": {
                "learner_stats": {
                    "allreduce_latency": 0.0,
                    "grad_gnorm": 2.7230887413024902,
                    "cur_kl_coeff": 0.19772050954592252,
                    "cur_lr": 5e-05,
                    "total_loss": 4.956109289689498,
                    "policy_loss": -0.07984292515355981,
                    "vf_loss": 5.03953829534126,
                    "vf_explained_var": 0.03570322141502843,
                    "kl": 0.014432690264616306,
                    "entropy": 0.643972080133178,
                    "entropy_coeff": 0.01
                },
                "model": {},
                "custom_metrics": {},
                "num_agent_steps_trained": 121.27272727272727,
                "num_grad_updates_lifetime": 239415.5,
                "diff_num_grad_updates_vs_sampler_policy": 164.5
            },
            "policy_1": {
                "learner_stats": {
                    "allreduce_latency": 0.0,
                    "grad_gnorm": 1.7293933629989624,
                    "cur_kl_coeff": 0.3374999999999999,
                    "cur_lr": 5e-05,
                    "total_loss": 5.630918640801401,
                    "policy_loss": -0.09239204010051308,
                    "vf_loss": 5.7701250654278375,
                    "vf_explained_var": 0.00505570751247984,
                    "kl": 0.013778511040310443,
                    "entropy": 1.0292926260919282,
                    "entropy_coeff": 0.04999999999999999
                },
                "model": {},
                "custom_metrics": {},
                "num_agent_steps_trained": 120.9090909090909,
                "num_grad_updates_lifetime": 239415.5,
                "diff_num_grad_updates_vs_sampler_policy": 164.5
            }
        },
        "num_env_steps_sampled": 2904000,
        "num_env_steps_trained": 2904000,
        "num_agent_steps_sampled": 2903998,
        "num_agent_steps_trained": 2903998
    },
    "env_runners": {
        "episode_reward_max": -85.0,
        "episode_reward_min": -653.0,
        "episode_reward_mean": -396.8,
        "episode_len_mean": 634.84,
        "episode_media": {},
        "episodes_timesteps_total": 63484,
        "policy_reward_min": {
            "policy_1": -405.0,
            "policy_2": -430.0,
            "policy_0": -380.0
        },
        "policy_reward_max": {
            "policy_1": -1.0,
            "policy_2": -14.0,
            "policy_0": -2.0
        },
        "policy_reward_mean": {
            "policy_1": -123.72,
            "policy_2": -167.95,
            "policy_0": -105.13
        },
        "custom_metrics": {},
        "hist_stats": {
            "episode_reward": [
                -423.0,
                -344.0,
                -556.0,
                -317.0,
                -191.0,
                -167.0,
                -572.0,
                -231.0,
                -418.0,
                -521.0,
                -653.0,
                -471.0,
                -446.0,
                -311.0,
                -570.0,
                -418.0,
                -416.0,
                -142.0,
                -518.0,
                -573.0,
                -300.0,
                -481.0,
                -432.0,
                -260.0,
                -537.0,
                -468.0,
                -296.0,
                -85.0,
                -472.0,
                -289.0,
                -155.0,
                -393.0,
                -311.0,
                -288.0,
                -440.0,
                -570.0,
                -433.0,
                -293.0,
                -504.0,
                -491.0,
                -414.0,
                -239.0,
                -322.0,
                -591.0,
                -487.0,
                -340.0,
                -365.0,
                -557.0,
                -365.0,
                -362.0,
                -591.0,
                -377.0,
                -291.0,
                -478.0,
                -374.0,
                -418.0,
                -437.0,
                -297.0,
                -311.0,
                -512.0,
                -473.0,
                -614.0,
                -285.0,
                -466.0,
                -491.0,
                -295.0,
                -475.0,
                -295.0,
                -477.0,
                -255.0,
                -454.0,
                -457.0,
                -411.0,
                -433.0,
                -193.0,
                -174.0,
                -143.0,
                -493.0,
                -431.0,
                -393.0,
                -441.0,
                -217.0,
                -310.0,
                -425.0,
                -433.0,
                -466.0,
                -378.0,
                -465.0,
                -478.0,
                -517.0,
                -261.0,
                -396.0,
                -192.0,
                -526.0,
                -564.0,
                -470.0,
                -278.0,
                -437.0,
                -365.0,
                -469.0
            ],