{
    "custom_metrics": {},
    "episode_media": {},
    "info": {
        "learner": {
            "policy_2": {
                "learner_stats": {
                    "allreduce_latency": 0.0,
                    "grad_gnorm": 1.3764209747314453,
                    "cur_kl_coeff": 0.19999999999999996,
                    "cur_lr": 5e-05,
                    "total_loss": 9.244233813430323,
                    "policy_loss": -0.06454929498661041,
                    "vf_loss": 9.454098305557713,
                    "vf_explained_var": 0.007040090091300733,
                    "kl": 0.009924520838369557,
                    "entropy": 1.4730011036901762,
                    "entropy_coeff": 0.09999999999999998
                },
                "model": {},
                "custom_metrics": {},
                "num_agent_steps_trained": 121.0909090909091,
                "num_grad_updates_lifetime": 11715.5,
                "diff_num_grad_updates_vs_sampler_policy": 164.5
            },
            "policy_0": {
                "learner_stats": {
                    "allreduce_latency": 0.0,
                    "grad_gnorm": 1.7435243129730225,
                    "cur_kl_coeff": 0.19999999999999996,
                    "cur_lr": 5e-05,
                    "total_loss": 8.018568871238015,
                    "policy_loss": -0.05991301061585545,
                    "vf_loss": 8.087623531168157,
                    "vf_explained_var": 0.015213889606071241,
                    "kl": 0.010554014989318529,
                    "entropy": 1.1252410142710714,
                    "entropy_coeff": 0.01
                },
                "model": {},
                "custom_metrics": {},
                "num_agent_steps_trained": 121.36363636363636,
                "num_grad_updates_lifetime": 11715.5,
                "diff_num_grad_updates_vs_sampler_policy": 164.5
            },
            "policy_1": {
                "learner_stats": {
                    "allreduce_latency": 0.0,
                    "grad_gnorm": 1.0596705675125122,
                    "cur_kl_coeff": 0.19999999999999996,
                    "cur_lr": 5e-05,
                    "total_loss": 8.97781770879572,
                    "policy_loss": -0.07079667077738452,
                    "vf_loss": 9.115276657451282,
                    "vf_explained_var": -0.0017250154957626806,
                    "kl": 0.013852423915253723,
                    "entropy": 1.3886555241815972,
                    "entropy_coeff": 0.04999999999999999
                },
                "model": {},
                "custom_metrics": {},
                "num_agent_steps_trained": 121.18181818181819,
                "num_grad_updates_lifetime": 11715.5,
                "diff_num_grad_updates_vs_sampler_policy": 164.5
            }
        },
        "num_env_steps_sampled": 144000,
        "num_env_steps_trained": 144000,
        "num_agent_steps_sampled": 143998,
        "num_agent_steps_trained": 143998
    },
    "env_runners": {
        "episode_reward_max": -251.0,
        "episode_reward_min": -630.0,
        "episode_reward_mean": -430.31,
        "episode_len_mean": 306.24,
        "episode_media": {},
        "episodes_timesteps_total": 30624,
        "policy_reward_min": {
            "policy_1": -395.0,
            "policy_2": -425.0,
            "policy_0": -350.0
        },
        "policy_reward_max": {
            "policy_1": -20.0,
            "policy_2": -16.0,
            "policy_0": -12.0
        },
        "policy_reward_mean": {
            "policy_1": -125.58,
            "policy_2": -173.97,
            "policy_0": -130.76
        },
        "custom_metrics": {},
        "hist_stats": {
            "episode_reward": [
                -342.0,
                -579.0,
                -470.0,
                -435.0,
                -350.0,
                -447.0,
                -518.0,
                -453.0,
                -441.0,
                -389.0,
                -462.0,
                -490.0,
                -415.0,
                -479.0,
                -392.0,
                -354.0,
                -389.0,
                -461.0,
                -441.0,
                -434.0,
                -369.0,
                -485.0,
                -381.0,
                -492.0,
                -362.0,
                -359.0,
                -469.0,
                -338.0,
                -364.0,
                -444.0,
                -291.0,
                -415.0,
                -517.0,
                -289.0,
                -443.0,
                -356.0,
                -504.0,
                -429.0,
                -470.0,
                -403.0,
                -309.0,
                -392.0,
                -463.0,
                -383.0,
                -425.0,
                -251.0,
                -435.0,
                -349.0,
                -317.0,
                -490.0,
                -486.0,
                -547.0,
                -318.0,
                -492.0,
                -342.0,
                -339.0,
                -459.0,
                -426.0,
                -524.0,
                -527.0,
                -411.0,
                -331.0,
                -436.0,
                -496.0,
                -520.0,
                -337.0,
                -372.0,
                -538.0,
                -347.0,
                -587.0,
                -477.0,
                -280.0,
                -447.0,
                -261.0,
                -458.0,
                -451.0,
                -455.0,
                -499.0,
                -378.0,
                -467.0,
                -491.0,
                -411.0,
                -460.0,
                -417.0,
                -547.0,
                -360.0,
                -390.0,
                -429.0,
                -417.0,
                -435.0,
                -601.0,
                -385.0,
                -406.0,
                -495.0,
                -528.0,
                -456.0,
                -558.0,
                -355.0,
                -517.0,
                -630.0
            ],