{
    "custom_metrics": {},
    "episode_media": {},
    "info": {
        "learner": {
            "policy_2": {
                "learner_stats": {
                    "allreduce_latency": 0.0,
                    "grad_gnorm": 2.5713279247283936,
                    "cur_kl_coeff": 0.4500000000000002,
                    "cur_lr": 5e-05,
                    "total_loss": 8.935447538260258,
                    "policy_loss": -0.09865834028777581,
                    "vf_loss": 9.16340316136678,
                    "vf_explained_var": -0.033414148561882254,
                    "kl": 0.013079386335437338,
                    "entropy": 1.351830188252709,
                    "entropy_coeff": 0.09999999999999998
                },
                "model": {},
                "custom_metrics": {},
                "num_agent_steps_trained": 120.81818181818181,
                "num_grad_updates_lifetime": 135465.5,
                "diff_num_grad_updates_vs_sampler_policy": 164.5
            },
            "policy_0": {
                "learner_stats": {
                    "allreduce_latency": 0.0,
                    "grad_gnorm": 1.51926589012146,
                    "cur_kl_coeff": 0.30409297943115243,
                    "cur_lr": 5e-05,
                    "total_loss": 9.866847185655073,
                    "policy_loss": -0.09337677306806048,
                    "vf_loss": 9.963868282780503,
                    "vf_explained_var": 0.05105380144986239,
                    "kl": 0.017524043644169235,
                    "entropy": 0.8973233166969183,
                    "entropy_coeff": 0.01
                },
                "model": {},
                "custom_metrics": {},
                "num_agent_steps_trained": 120.81818181818181,
                "num_grad_updates_lifetime": 135465.5,
                "diff_num_grad_updates_vs_sampler_policy": 164.5
            },
            "policy_1": {
                "learner_stats": {
                    "allreduce_latency": 0.0,
                    "grad_gnorm": 2.576969861984253,
                    "cur_kl_coeff": 0.4500000000000002,
                    "cur_lr": 5e-05,
                    "total_loss": 8.722608507040775,
                    "policy_loss": -0.09063321304874439,
                    "vf_loss": 8.867731254751032,
                    "vf_explained_var": 0.025779663252108023,
                    "kl": 0.013532264528851276,
                    "entropy": 1.2115810405124317,
                    "entropy_coeff": 0.04999999999999999
                },
                "model": {},
                "custom_metrics": {},
                "num_agent_steps_trained": 122.0,
                "num_grad_updates_lifetime": 135465.5,
                "diff_num_grad_updates_vs_sampler_policy": 164.5
            }
        },
        "num_env_steps_sampled": 1644000,
        "num_env_steps_trained": 1644000,
        "num_agent_steps_sampled": 1643998,
        "num_agent_steps_trained": 1643998
    },
    "env_runners": {
        "episode_reward_max": -197.0,
        "episode_reward_min": -730.0,
        "episode_reward_mean": -424.93,
        "episode_len_mean": 383.28,
        "episode_media": {},
        "episodes_timesteps_total": 38328,
        "policy_reward_min": {
            "policy_1": -440.0,
            "policy_2": -485.0,
            "policy_0": -370.0
        },
        "policy_reward_max": {
            "policy_1": -1.0,
            "policy_2": -6.0,
            "policy_0": 0.0
        },
        "policy_reward_mean": {
            "policy_1": -112.49,
            "policy_2": -193.75,
            "policy_0": -118.69
        },
        "custom_metrics": {},
        "hist_stats": {
            "episode_reward": [
                -380.0,
                -340.0,
                -351.0,
                -337.0,
                -241.0,
                -565.0,
                -471.0,
                -300.0,
                -500.0,
                -433.0,
                -390.0,
                -425.0,
                -354.0,
                -447.0,
                -223.0,
                -377.0,
                -218.0,
                -386.0,
                -495.0,
                -510.0,
                -203.0,
                -419.0,
                -412.0,
                -356.0,
                -470.0,
                -492.0,
                -520.0,
                -499.0,
                -489.0,
                -518.0,
                -348.0,
                -500.0,
                -365.0,
                -419.0,
                -338.0,
                -380.0,
                -368.0,
                -518.0,
                -321.0,
                -485.0,
                -562.0,
                -350.0,
                -402.0,
                -346.0,
                -478.0,
                -274.0,
                -351.0,
                -471.0,
                -607.0,
                -438.0,
                -358.0,
                -405.0,
                -441.0,
                -481.0,
                -223.0,
                -501.0,
                -506.0,
                -596.0,
                -730.0,
                -542.0,
                -469.0,
                -458.0,
                -220.0,
                -323.0,
                -575.0,
                -486.0,
                -516.0,
                -356.0,
                -293.0,
                -563.0,
                -491.0,
                -488.0,
                -541.0,
                -519.0,
                -197.0,
                -433.0,
                -371.0,
                -672.0,
                -507.0,
                -312.0,
                -384.0,
                -634.0,
                -370.0,
                -448.0,
                -442.0,
                -355.0,
                -505.0,
                -341.0,
                -402.0,
                -529.0,
                -555.0,
                -373.0,
                -232.0,
                -299.0,
                -290.0,
                -527.0,
                -363.0,
                -353.0,
                -507.0,
                -569.0
            ],