{
    "custom_metrics": {},
    "episode_media": {},
    "info": {
        "learner": {
            "policy_2": {
                "learner_stats": {
                    "allreduce_latency": 0.0,
                    "grad_gnorm": 1.5347596406936646,
                    "cur_kl_coeff": 0.6749999999999998,
                    "cur_lr": 5e-05,
                    "total_loss": 9.675661234422163,
                    "policy_loss": -0.11051861960440874,
                    "vf_loss": 9.91697199272387,
                    "vf_explained_var": 0.0037455361900907576,
                    "kl": 0.012556020846708446,
                    "entropy": 1.392674740516778,
                    "entropy_coeff": 0.09999999999999998
                },
                "model": {},
                "custom_metrics": {},
                "num_agent_steps_trained": 121.0,
                "num_grad_updates_lifetime": 279015.5,
                "diff_num_grad_updates_vs_sampler_policy": 164.5
            },
            "policy_0": {
                "learner_stats": {
                    "allreduce_latency": 0.0,
                    "grad_gnorm": 2.6693027019500732,
                    "cur_kl_coeff": 0.08455137024721661,
                    "cur_lr": 5e-05,
                    "total_loss": 8.874300398971096,
                    "policy_loss": -0.09932727555772572,
                    "vf_loss": 8.981111208597818,
                    "vf_explained_var": 0.009143450224038327,
                    "kl": 0.019075918392551097,
                    "entropy": 0.9096437203161645,
                    "entropy_coeff": 0.01
                },
                "model": {},
                "custom_metrics": {},
                "num_agent_steps_trained": 121.36363636363636,
                "num_grad_updates_lifetime": 279015.5,
                "diff_num_grad_updates_vs_sampler_policy": 164.5
            },
            "policy_1": {
                "learner_stats": {
                    "allreduce_latency": 0.0,
                    "grad_gnorm": 1.564009189605713,
                    "cur_kl_coeff": 0.50625,
                    "cur_lr": 5e-05,
                    "total_loss": 9.774122215039803,
                    "policy_loss": -0.10616134175833201,
                    "vf_loss": 9.932022759408662,
                    "vf_explained_var": -0.0022772610187530517,
                    "kl": 0.01473440205837424,
                    "entropy": 1.183969992579836,
                    "entropy_coeff": 0.04999999999999999
                },
                "model": {},
                "custom_metrics": {},
                "num_agent_steps_trained": 121.27272727272727,
                "num_grad_updates_lifetime": 279015.5,
                "diff_num_grad_updates_vs_sampler_policy": 164.5
            }
        },
        "num_env_steps_sampled": 3384000,
        "num_env_steps_trained": 3384000,
        "num_agent_steps_sampled": 3383998,
        "num_agent_steps_trained": 3383998
    },
    "env_runners": {
        "episode_reward_max": -52.0,
        "episode_reward_min": -642.0,
        "episode_reward_mean": -444.47,
        "episode_len_mean": 420.0,
        "episode_media": {},
        "episodes_timesteps_total": 42000,
        "policy_reward_min": {
            "policy_1": -490.0,
            "policy_2": -410.0,
            "policy_0": -440.0
        },
        "policy_reward_max": {
            "policy_1": -10.0,
            "policy_2": -28.0,
            "policy_0": -2.0
        },
        "policy_reward_mean": {
            "policy_1": -142.26,
            "policy_2": -181.87,
            "policy_0": -120.34
        },
        "custom_metrics": {},
        "hist_stats": {
            "episode_reward": [
                -357.0,
                -382.0,
                -436.0,
                -544.0,
                -600.0,
                -522.0,
                -383.0,
                -520.0,
                -412.0,
                -487.0,
                -537.0,
                -509.0,
                -144.0,
                -443.0,
                -402.0,
                -490.0,
                -453.0,
                -490.0,
                -527.0,
                -535.0,
                -405.0,
                -426.0,
                -434.0,
                -478.0,
                -611.0,
                -296.0,
                -479.0,
                -483.0,
                -506.0,
                -451.0,
                -573.0,
                -52.0,
                -445.0,
                -360.0,
                -409.0,
                -477.0,
                -527.0,
                -484.0,
                -225.0,
                -375.0,
                -295.0,
                -323.0,
                -528.0,
                -413.0,
                -503.0,
                -467.0,
                -491.0,
                -524.0,
                -514.0,
                -366.0,
                -471.0,
                -563.0,
                -456.0,
                -380.0,
                -444.0,
                -431.0,
                -274.0,
                -459.0,
                -299.0,
                -229.0,
                -309.0,
                -500.0,
                -470.0,
                -277.0,
                -545.0,
                -315.0,
                -435.0,
                -565.0,
                -548.0,
                -464.0,
                -136.0,
                -560.0,
                -628.0,
                -371.0,
                -437.0,
                -365.0,
                -354.0,
                -422.0,
                -389.0,
                -496.0,
                -464.0,
                -517.0,
                -580.0,
                -422.0,
                -335.0,
                -509.0,
                -589.0,
                -570.0,
                -444.0,
                -336.0,
                -631.0,
                -642.0,
                -537.0,
                -426.0,
                -486.0,
                -367.0,
                -522.0,
                -576.0,
                -307.0,
                -502.0
            ],