{
    "custom_metrics": {},
    "episode_media": {},
    "info": {
        "learner": {
            "policy_2": {
                "learner_stats": {
                    "allreduce_latency": 0.0,
                    "grad_gnorm": 2.4540419578552246,
                    "cur_kl_coeff": 0.6749999999999998,
                    "cur_lr": 5e-05,
                    "total_loss": 8.101408379005663,
                    "policy_loss": -0.10372706663540819,
                    "vf_loss": 8.326932658571186,
                    "vf_explained_var": -0.012657979221055002,
                    "kl": 0.01141987052265418,
                    "entropy": 1.295056135004217,
                    "entropy_coeff": 0.09999999999999998
                },
                "model": {},
                "custom_metrics": {},
                "num_agent_steps_trained": 121.36363636363636,
                "num_grad_updates_lifetime": 193215.5,
                "diff_num_grad_updates_vs_sampler_policy": 164.5
            },
            "policy_0": {
                "learner_stats": {
                    "allreduce_latency": 0.0,
                    "grad_gnorm": 5.052159309387207,
                    "cur_kl_coeff": 0.23118135034828802,
                    "cur_lr": 5e-05,
                    "total_loss": 6.4078295057470145,
                    "policy_loss": -0.08076944644139572,
                    "vf_loss": 6.491963544036403,
                    "vf_explained_var": 0.02472903872981216,
                    "kl": 0.012021246658271584,
                    "entropy": 0.6143682317300276,
                    "entropy_coeff": 0.01
                },
                "model": {},
                "custom_metrics": {},
                "num_agent_steps_trained": 121.0909090909091,
                "num_grad_updates_lifetime": 193215.5,
                "diff_num_grad_updates_vs_sampler_policy": 164.5
            },
            "policy_1": {
                "learner_stats": {
                    "allreduce_latency": 0.0,
                    "grad_gnorm": 1.7622767686843872,
                    "cur_kl_coeff": 0.4500000000000002,
                    "cur_lr": 5e-05,
                    "total_loss": 8.921722891836456,
                    "policy_loss": -0.09899952547540042,
                    "vf_loss": 9.068972859238134,
                    "vf_explained_var": 0.0020611405372619627,
                    "kl": 0.013653764913673455,
                    "entropy": 1.0878930196617589,
                    "entropy_coeff": 0.04999999999999999
                },
                "model": {},
                "custom_metrics": {},
                "num_agent_steps_trained": 121.18181818181819,
                "num_grad_updates_lifetime": 193215.5,
                "diff_num_grad_updates_vs_sampler_policy": 164.5
            }
        },
        "num_env_steps_sampled": 2344000,
        "num_env_steps_trained": 2344000,
        "num_agent_steps_sampled": 2343998,
        "num_agent_steps_trained": 2343998
    },
    "env_runners": {
        "episode_reward_max": -69.0,
        "episode_reward_min": -650.0,
        "episode_reward_mean": -398.09,
        "episode_len_mean": 341.86,
        "episode_media": {},
        "episodes_timesteps_total": 34186,
        "policy_reward_min": {
            "policy_1": -420.0,
            "policy_2": -465.0,
            "policy_0": -385.0
        },
        "policy_reward_max": {
            "policy_1": 1.0,
            "policy_2": -27.0,
            "policy_0": 6.0
        },
        "policy_reward_mean": {
            "policy_1": -109.67,
            "policy_2": -193.97,
            "policy_0": -94.45
        },
        "custom_metrics": {},
        "hist_stats": {
            "episode_reward": [
                -452.0,
                -407.0,
                -650.0,
                -400.0,
                -571.0,
                -69.0,
                -556.0,
                -326.0,
                -455.0,
                -277.0,
                -313.0,
                -420.0,
                -415.0,
                -418.0,
                -448.0,
                -408.0,
                -535.0,
                -452.0,
                -566.0,
                -476.0,
                -291.0,
                -416.0,
                -482.0,
                -134.0,
                -625.0,
                -525.0,
                -541.0,
                -580.0,
                -429.0,
                -503.0,
                -458.0,
                -345.0,
                -399.0,
                -363.0,
                -78.0,
                -390.0,
                -190.0,
                -357.0,
                -397.0,
                -412.0,
                -444.0,
                -464.0,
                -413.0,
                -395.0,
                -473.0,
                -143.0,
                -368.0,
                -568.0,
                -364.0,
                -521.0,
                -446.0,
                -380.0,
                -317.0,
                -455.0,
                -604.0,
                -527.0,
                -552.0,
                -301.0,
                -182.0,
                -319.0,
                -416.0,
                -201.0,
                -442.0,
                -321.0,
                -431.0,
                -566.0,
                -364.0,
                -329.0,
                -405.0,
                -199.0,
                -354.0,
                -223.0,
                -495.0,
                -259.0,
                -429.0,
                -324.0,
                -325.0,
                -558.0,
                -473.0,
                -478.0,
                -311.0,
                -389.0,
                -444.0,
                -364.0,
                -300.0,
                -310.0,
                -253.0,
                -396.0,
                -492.0,
                -411.0,
                -400.0,
                -152.0,
                -482.0,
                -512.0,
                -383.0,
                -453.0,
                -420.0,
                -480.0,
                -209.0,
                -291.0
            ],