{
    "custom_metrics": {},
    "episode_media": {},
    "info": {
        "learner": {
            "policy_2": {
                "learner_stats": {
                    "allreduce_latency": 0.0,
                    "grad_gnorm": 1.6491025686264038,
                    "cur_kl_coeff": 0.4500000000000002,
                    "cur_lr": 5e-05,
                    "total_loss": 9.538430777463047,
                    "policy_loss": -0.08132447121580216,
                    "vf_loss": 9.750823714516379,
                    "vf_explained_var": -0.0017077583255189837,
                    "kl": 0.011474673416741318,
                    "entropy": 1.3623202392549225,
                    "entropy_coeff": 0.09999999999999998
                },
                "model": {},
                "custom_metrics": {},
                "num_agent_steps_trained": 121.0,
                "num_grad_updates_lifetime": 71115.5,
                "diff_num_grad_updates_vs_sampler_policy": 164.5
            },
            "policy_0": {
                "learner_stats": {
                    "allreduce_latency": 0.0,
                    "grad_gnorm": 2.76127290725708,
                    "cur_kl_coeff": 0.2847656249999999,
                    "cur_lr": 5e-05,
                    "total_loss": 7.761018897547866,
                    "policy_loss": -0.07763616554156849,
                    "vf_loss": 7.843161133563879,
                    "vf_explained_var": 0.04857677257422245,
                    "kl": 0.016896573737912212,
                    "entropy": 0.9317630805752494,
                    "entropy_coeff": 0.01
                },
                "model": {},
                "custom_metrics": {},
                "num_agent_steps_trained": 121.36363636363636,
                "num_grad_updates_lifetime": 71115.5,
                "diff_num_grad_updates_vs_sampler_policy": 164.5
            },
            "policy_1": {
                "learner_stats": {
                    "allreduce_latency": 0.0,
                    "grad_gnorm": 1.6262118816375732,
                    "cur_kl_coeff": 0.4500000000000002,
                    "cur_lr": 5e-05,
                    "total_loss": 9.595460201032234,
                    "policy_loss": -0.09083560748364437,
                    "vf_loss": 9.742484838312322,
                    "vf_explained_var": 0.006491079474940445,
                    "kl": 0.01458956942761654,
                    "entropy": 1.2550858176115787,
                    "entropy_coeff": 0.04999999999999999
                },
                "model": {},
                "custom_metrics": {},
                "num_agent_steps_trained": 121.27272727272727,
                "num_grad_updates_lifetime": 71115.5,
                "diff_num_grad_updates_vs_sampler_policy": 164.5
            }
        },
        "num_env_steps_sampled": 864000,
        "num_env_steps_trained": 864000,
        "num_agent_steps_sampled": 863998,
        "num_agent_steps_trained": 863998
    },
    "env_runners": {
        "episode_reward_max": -63.0,
        "episode_reward_min": -636.0,
        "episode_reward_mean": -412.04,
        "episode_len_mean": 405.68,
        "episode_media": {},
        "episodes_timesteps_total": 40568,
        "policy_reward_min": {
            "policy_1": -415.0,
            "policy_2": -420.0,
            "policy_0": -430.0
        },
        "policy_reward_max": {
            "policy_1": -21.0,
            "policy_2": -10.0,
            "policy_0": 3.0
        },
        "policy_reward_mean": {
            "policy_1": -148.71,
            "policy_2": -160.51,
            "policy_0": -102.82
        },
        "custom_metrics": {},
        "hist_stats": {
            "episode_reward": [
                -553.0,
                -437.0,
                -447.0,
                -281.0,
                -306.0,
                -424.0,
                -599.0,
                -532.0,
                -469.0,
                -395.0,
                -253.0,
                -467.0,
                -464.0,
                -352.0,
                -345.0,
                -316.0,
                -504.0,
                -472.0,
                -163.0,
                -518.0,
                -435.0,
                -305.0,
                -298.0,
                -176.0,
                -305.0,
                -358.0,
                -299.0,
                -552.0,
                -431.0,
                -498.0,
                -368.0,
                -490.0,
                -402.0,
                -512.0,
                -513.0,
                -308.0,
                -244.0,
                -208.0,
                -399.0,
                -237.0,
                -423.0,
                -404.0,
                -412.0,
                -372.0,
                -276.0,
                -400.0,
                -219.0,
                -354.0,
                -548.0,
                -433.0,
                -450.0,
                -355.0,
                -482.0,
                -347.0,
                -588.0,
                -130.0,
                -349.0,
                -433.0,
                -561.0,
                -346.0,
                -349.0,
                -448.0,
                -255.0,
                -507.0,
                -560.0,
                -416.0,
                -235.0,
                -491.0,
                -343.0,
                -414.0,
                -500.0,
                -601.0,
                -490.0,
                -446.0,
                -316.0,
                -245.0,
                -439.0,
                -405.0,
                -492.0,
                -611.0,
                -636.0,
                -356.0,
                -63.0,
                -280.0,
                -575.0,
                -485.0,
                -341.0,
                -526.0,
                -522.0,
                -435.0,
                -532.0,
                -521.0,
                -474.0,
                -568.0,
                -419.0,
                -394.0,
                -584.0,
                -435.0,
                -605.0,
                -373.0
            ],