{
    "custom_metrics": {},
    "episode_media": {},
    "info": {
        "learner": {
            "policy_2": {
                "learner_stats": {
                    "allreduce_latency": 0.0,
                    "grad_gnorm": 2.236069440841675,
                    "cur_kl_coeff": 0.6749999999999998,
                    "cur_lr": 5e-05,
                    "total_loss": 6.957162407672766,
                    "policy_loss": -0.10953265204355403,
                    "vf_loss": 7.188359299573031,
                    "vf_explained_var": 0.01800975673126452,
                    "kl": 0.012352407014723996,
                    "entropy": 1.3000216733325611,
                    "entropy_coeff": 0.09999999999999998
                },
                "model": {},
                "custom_metrics": {},
                "num_agent_steps_trained": 120.9090909090909,
                "num_grad_updates_lifetime": 221265.5,
                "diff_num_grad_updates_vs_sampler_policy": 164.5
            },
            "policy_0": {
                "learner_stats": {
                    "allreduce_latency": 0.0,
                    "grad_gnorm": 3.801009178161621,
                    "cur_kl_coeff": 0.10972083620045706,
                    "cur_lr": 5e-05,
                    "total_loss": 5.213444377436782,
                    "policy_loss": -0.07479655790622487,
                    "vf_loss": 5.291518720713529,
                    "vf_explained_var": 0.004223346348964807,
                    "kl": 0.012866148515512883,
                    "entropy": 0.4689495945518667,
                    "entropy_coeff": 0.01
                },
                "model": {},
                "custom_metrics": {},
                "num_agent_steps_trained": 121.54545454545455,
                "num_grad_updates_lifetime": 221265.5,
                "diff_num_grad_updates_vs_sampler_policy": 164.5
            },
            "policy_1": {
                "learner_stats": {
                    "allreduce_latency": 0.0,
                    "grad_gnorm": 2.777547836303711,
                    "cur_kl_coeff": 0.2250000000000001,
                    "cur_lr": 5e-05,
                    "total_loss": 5.0012137225179965,
                    "policy_loss": -0.0893044010443246,
                    "vf_loss": 5.132194567449165,
                    "vf_explained_var": -0.013835864536689989,
                    "kl": 0.014170562963892736,
                    "entropy": 0.8972963573354663,
                    "entropy_coeff": 0.04999999999999999
                },
                "model": {},
                "custom_metrics": {},
                "num_agent_steps_trained": 121.18181818181819,
                "num_grad_updates_lifetime": 221265.5,
                "diff_num_grad_updates_vs_sampler_policy": 164.5
            }
        },
        "num_env_steps_sampled": 2684000,
        "num_env_steps_trained": 2684000,
        "num_agent_steps_sampled": 2683998,
        "num_agent_steps_trained": 2683998
    },
    "env_runners": {
        "episode_reward_max": -155.0,
        "episode_reward_min": -622.0,
        "episode_reward_mean": -426.45,
        "episode_len_mean": 396.16,
        "episode_media": {},
        "episodes_timesteps_total": 39616,
        "policy_reward_min": {
            "policy_1": -400.0,
            "policy_2": -435.0,
            "policy_0": -395.0
        },
        "policy_reward_max": {
            "policy_1": -10.0,
            "policy_2": -23.0,
            "policy_0": 1.0
        },
        "policy_reward_mean": {
            "policy_1": -137.52,
            "policy_2": -177.52,
            "policy_0": -111.41
        },
        "custom_metrics": {},
        "hist_stats": {
            "episode_reward": [
                -533.0,
                -443.0,
                -424.0,
                -536.0,
                -417.0,
                -403.0,
                -502.0,
                -321.0,
                -398.0,
                -393.0,
                -366.0,
                -571.0,
                -433.0,
                -481.0,
                -311.0,
                -456.0,
                -486.0,
                -524.0,
                -230.0,
                -386.0,
                -404.0,
                -571.0,
                -467.0,
                -283.0,
                -413.0,
                -161.0,
                -452.0,
                -469.0,
                -476.0,
                -498.0,
                -529.0,
                -493.0,
                -604.0,
                -471.0,
                -245.0,
                -373.0,
                -322.0,
                -622.0,
                -355.0,
                -494.0,
                -397.0,
                -461.0,
                -563.0,
                -303.0,
                -539.0,
                -440.0,
                -514.0,
                -345.0,
                -343.0,
                -453.0,
                -346.0,
                -402.0,
                -519.0,
                -366.0,
                -428.0,
                -490.0,
                -400.0,
                -335.0,
                -411.0,
                -568.0,
                -506.0,
                -475.0,
                -612.0,
                -285.0,
                -508.0,
                -427.0,
                -477.0,
                -295.0,
                -442.0,
                -367.0,
                -356.0,
                -373.0,
                -493.0,
                -302.0,
                -439.0,
                -405.0,
                -252.0,
                -447.0,
                -322.0,
                -495.0,
                -546.0,
                -480.0,
                -482.0,
                -522.0,
                -422.0,
                -356.0,
                -155.0,
                -410.0,
                -507.0,
                -500.0,
                -373.0,
                -288.0,
                -381.0,
                -323.0,
                -413.0,
                -469.0,
                -573.0,
                -358.0,
                -384.0,
                -486.0
            ],