{
    "custom_metrics": {},
    "episode_media": {},
    "info": {
        "learner": {
            "policy_2": {
                "learner_stats": {
                    "allreduce_latency": 0.0,
                    "grad_gnorm": 2.774235725402832,
                    "cur_kl_coeff": 0.6749999999999998,
                    "cur_lr": 5e-05,
                    "total_loss": 4.997415937076916,
                    "policy_loss": -0.11488834905692122,
                    "vf_loss": 5.23551931886962,
                    "vf_explained_var": 0.0036671716155427876,
                    "kl": 0.014174611277374767,
                    "entropy": 1.3278289758797848,
                    "entropy_coeff": 0.09999999999999998
                },
                "model": {},
                "custom_metrics": {},
                "num_agent_steps_trained": 120.27272727272727,
                "num_grad_updates_lifetime": 242715.5,
                "diff_num_grad_updates_vs_sampler_policy": 164.5
            },
            "policy_0": {
                "learner_stats": {
                    "allreduce_latency": 0.0,
                    "grad_gnorm": 6.087899208068848,
                    "cur_kl_coeff": 0.04943012738648063,
                    "cur_lr": 5e-05,
                    "total_loss": 6.627913906357505,
                    "policy_loss": -0.0730645787732845,
                    "vf_loss": 6.703813568751017,
                    "vf_explained_var": -0.024585344394048057,
                    "kl": 0.01410248030336211,
                    "entropy": 0.3532151693647558,
                    "entropy_coeff": 0.01
                },
                "model": {},
                "custom_metrics": {},
                "num_agent_steps_trained": 121.63636363636364,
                "num_grad_updates_lifetime": 242715.5,
                "diff_num_grad_updates_vs_sampler_policy": 164.5
            },
            "policy_1": {
                "learner_stats": {
                    "allreduce_latency": 0.0,
                    "grad_gnorm": 2.854342222213745,
                    "cur_kl_coeff": 0.3374999999999999,
                    "cur_lr": 5e-05,
                    "total_loss": 4.943035704439336,
                    "policy_loss": -0.07302867450440924,
                    "vf_loss": 5.062975312001777,
                    "vf_explained_var": 0.005937517773021352,
                    "kl": 0.010490354621851885,
                    "entropy": 1.0090284219293884,
                    "entropy_coeff": 0.04999999999999999
                },
                "model": {},
                "custom_metrics": {},
                "num_agent_steps_trained": 121.72727272727273,
                "num_grad_updates_lifetime": 242715.5,
                "diff_num_grad_updates_vs_sampler_policy": 164.5
            }
        },
        "num_env_steps_sampled": 2944000,
        "num_env_steps_trained": 2944000,
        "num_agent_steps_sampled": 2943998,
        "num_agent_steps_trained": 2943998
    },
    "env_runners": {
        "episode_reward_max": -37.0,
        "episode_reward_min": -668.0,
        "episode_reward_mean": -399.05,
        "episode_len_mean": 485.9,
        "episode_media": {},
        "episodes_timesteps_total": 48590,
        "policy_reward_min": {
            "policy_2": -430.0,
            "policy_0": -365.0,
            "policy_1": -465.0
        },
        "policy_reward_max": {
            "policy_2": 20.0,
            "policy_0": 3.0,
            "policy_1": 0.0
        },
        "policy_reward_mean": {
            "policy_2": -188.45,
            "policy_0": -90.98,
            "policy_1": -119.62
        },
        "custom_metrics": {},
        "hist_stats": {
            "episode_reward": [
                -493.0,
                -431.0,
                -393.0,
                -441.0,
                -217.0,
                -310.0,
                -425.0,
                -433.0,
                -466.0,
                -378.0,
                -465.0,
                -478.0,
                -517.0,
                -261.0,
                -396.0,
                -192.0,
                -526.0,
                -564.0,
                -470.0,
                -278.0,
                -437.0,
                -365.0,
                -469.0,
                -345.0,
                -360.0,
                -70.0,
                -331.0,
                -73.0,
                -346.0,
                -419.0,
                -518.0,
                -568.0,
                -435.0,
                -498.0,
                -668.0,
                -401.0,
                -413.0,
                -245.0,
                -523.0,
                -230.0,
                -435.0,
                -466.0,
                -457.0,
                -287.0,
                -461.0,
                -377.0,
                -322.0,
                -469.0,
                -581.0,
                -603.0,
                -310.0,
                -303.0,
                -37.0,
                -487.0,
                -420.0,
                -550.0,
                -629.0,
                -463.0,
                -302.0,
                -386.0,
                -380.0,
                -462.0,
                -427.0,
                -454.0,
                -372.0,
                -480.0,
                -483.0,
                -43.0,
                -416.0,
                -516.0,
                -338.0,
                -489.0,
                -584.0,
                -309.0,
                -253.0,
                -490.0,
                -211.0,
                -422.0,
                -483.0,
                -292.0,
                -599.0,
                -355.0,
                -528.0,
                -428.0,
                -439.0,
                -240.0,
                -576.0,
                -169.0,
                -331.0,
                -361.0,
                -305.0,
                -405.0,
                -389.0,
                -443.0,
                -377.0,
                -476.0,
                -381.0,
                -248.0,
                -463.0,
                -295.0
            ],