{
    "custom_metrics": {},
    "episode_media": {},
    "info": {
        "learner": {
            "policy_2": {
                "learner_stats": {
                    "allreduce_latency": 0.0,
                    "grad_gnorm": 2.4276297092437744,
                    "cur_kl_coeff": 0.6749999999999998,
                    "cur_lr": 5e-05,
                    "total_loss": 8.123289332245335,
                    "policy_loss": -0.1040074874011969,
                    "vf_loss": 8.347480749361443,
                    "vf_explained_var": -0.011778232545563668,
                    "kl": 0.01141658392824835,
                    "entropy": 1.2789011185819452,
                    "entropy_coeff": 0.09999999999999998
                },
                "model": {},
                "custom_metrics": {},
                "num_agent_steps_trained": 120.9090909090909,
                "num_grad_updates_lifetime": 209715.5,
                "diff_num_grad_updates_vs_sampler_policy": 164.5
            },
            "policy_0": {
                "learner_stats": {
                    "allreduce_latency": 0.0,
                    "grad_gnorm": 2.689108371734619,
                    "cur_kl_coeff": 0.1300395095709121,
                    "cur_lr": 5e-05,
                    "total_loss": 8.112923418391835,
                    "policy_loss": -0.07454533727811367,
                    "vf_loss": 8.191444476445517,
                    "vf_explained_var": 0.026711098353068032,
                    "kl": 0.015574875633611231,
                    "entropy": 0.6001079841093584,
                    "entropy_coeff": 0.01
                },
                "model": {},
                "custom_metrics": {},
                "num_agent_steps_trained": 121.27272727272727,
                "num_grad_updates_lifetime": 209715.5,
                "diff_num_grad_updates_vs_sampler_policy": 164.5
            },
            "policy_1": {
                "learner_stats": {
                    "allreduce_latency": 0.0,
                    "grad_gnorm": 2.8198139667510986,
                    "cur_kl_coeff": 0.4500000000000002,
                    "cur_lr": 5e-05,
                    "total_loss": 6.595345732660005,
                    "policy_loss": -0.0904102347762973,
                    "vf_loss": 6.7293041041403105,
                    "vf_explained_var": -0.1318788802984989,
                    "kl": 0.014532979007448257,
                    "entropy": 1.0017597218354544,
                    "entropy_coeff": 0.04999999999999999
                },
                "model": {},
                "custom_metrics": {},
                "num_agent_steps_trained": 121.45454545454545,
                "num_grad_updates_lifetime": 209715.5,
                "diff_num_grad_updates_vs_sampler_policy": 164.5
            }
        },
        "num_env_steps_sampled": 2544000,
        "num_env_steps_trained": 2544000,
        "num_agent_steps_sampled": 2543998,
        "num_agent_steps_trained": 2543998
    },
    "env_runners": {
        "episode_reward_max": -88.0,
        "episode_reward_min": -669.0,
        "episode_reward_mean": -427.94,
        "episode_len_mean": 530.26,
        "episode_media": {},
        "episodes_timesteps_total": 53026,
        "policy_reward_min": {
            "policy_0": -435.0,
            "policy_1": -410.0,
            "policy_2": -470.0
        },
        "policy_reward_max": {
            "policy_0": -4.0,
            "policy_1": -9.0,
            "policy_2": -21.0
        },
        "policy_reward_mean": {
            "policy_0": -121.03,
            "policy_1": -123.42,
            "policy_2": -183.49
        },
        "custom_metrics": {},
        "hist_stats": {
            "episode_reward": [
                -349.0,
                -567.0,
                -390.0,
                -541.0,
                -539.0,
                -124.0,
                -504.0,
                -379.0,
                -485.0,
                -513.0,
                -392.0,
                -463.0,
                -380.0,
                -522.0,
                -229.0,
                -354.0,
                -373.0,
                -459.0,
                -524.0,
                -620.0,
                -358.0,
                -424.0,
                -198.0,
                -88.0,
                -218.0,
                -407.0,
                -453.0,
                -527.0,
                -406.0,
                -306.0,
                -376.0,
                -529.0,
                -470.0,
                -630.0,
                -666.0,
                -587.0,
                -554.0,
                -476.0,
                -358.0,
                -254.0,
                -320.0,
                -206.0,
                -447.0,
                -325.0,
                -340.0,
                -473.0,
                -669.0,
                -611.0,
                -225.0,
                -527.0,
                -413.0,
                -583.0,
                -564.0,
                -475.0,
                -582.0,
                -409.0,
                -208.0,
                -187.0,
                -506.0,
                -306.0,
                -433.0,
                -528.0,
                -623.0,
                -421.0,
                -341.0,
                -379.0,
                -445.0,
                -550.0,
                -611.0,
                -364.0,
                -415.0,
                -441.0,
                -124.0,
                -357.0,
                -490.0,
                -435.0,
                -477.0,
                -273.0,
                -446.0,
                -344.0,
                -660.0,
                -455.0,
                -459.0,
                -526.0,
                -626.0,
                -365.0,
                -352.0,
                -591.0,
                -603.0,
                -508.0,
                -301.0,
                -380.0,
                -456.0,
                -376.0,
                -327.0,
                -202.0,
                -438.0,
                -416.0,
                -460.0,
                -428.0
            ],