{
    "custom_metrics": {},
    "episode_media": {},
    "info": {
        "learner": {
            "policy_2": {
                "learner_stats": {
                    "allreduce_latency": 0.0,
                    "grad_gnorm": 1.898733377456665,
                    "cur_kl_coeff": 0.3,
                    "cur_lr": 5e-05,
                    "total_loss": 5.771518224658388,
                    "policy_loss": -0.07558218989182602,
                    "vf_loss": 5.977247339306456,
                    "vf_explained_var": -0.005164829889933268,
                    "kl": 0.011889756827633297,
                    "entropy": 1.3371381430914908,
                    "entropy_coeff": 0.09999999999999998
                },
                "model": {},
                "custom_metrics": {},
                "num_agent_steps_trained": 121.18181818181819,
                "num_grad_updates_lifetime": 61215.5,
                "diff_num_grad_updates_vs_sampler_policy": 164.5
            },
            "policy_0": {
                "learner_stats": {
                    "allreduce_latency": 0.0,
                    "grad_gnorm": 8.078842163085938,
                    "cur_kl_coeff": 0.16874999999999996,
                    "cur_lr": 5e-05,
                    "total_loss": 5.036819815635681,
                    "policy_loss": -0.07228812247825166,
                    "vf_loss": 5.110343649893096,
                    "vf_explained_var": 0.024363726196867046,
                    "kl": 0.014578094647602098,
                    "entropy": 0.3695725098703847,
                    "entropy_coeff": 0.01
                },
                "model": {},
                "custom_metrics": {},
                "num_agent_steps_trained": 121.0909090909091,
                "num_grad_updates_lifetime": 61215.5,
                "diff_num_grad_updates_vs_sampler_policy": 164.5
            },
            "policy_1": {
                "learner_stats": {
                    "allreduce_latency": 0.0,
                    "grad_gnorm": 1.5147875547409058,
                    "cur_kl_coeff": 0.3,
                    "cur_lr": 5e-05,
                    "total_loss": 9.745150251099558,
                    "policy_loss": -0.08866187154146081,
                    "vf_loss": 9.889603005033551,
                    "vf_explained_var": -0.0889022334055467,
                    "kl": 0.015440699033981932,
                    "entropy": 1.2084609927553118,
                    "entropy_coeff": 0.04999999999999999
                },
                "model": {},
                "custom_metrics": {},
                "num_agent_steps_trained": 121.36363636363636,
                "num_grad_updates_lifetime": 61215.5,
                "diff_num_grad_updates_vs_sampler_policy": 164.5
            }
        },
        "num_env_steps_sampled": 744000,
        "num_env_steps_trained": 744000,
        "num_agent_steps_sampled": 743998,
        "num_agent_steps_trained": 743998
    },
    "env_runners": {
        "episode_reward_max": -152.0,
        "episode_reward_min": -624.0,
        "episode_reward_mean": -425.12,
        "episode_len_mean": 304.8,
        "episode_media": {},
        "episodes_timesteps_total": 30480,
        "policy_reward_min": {
            "policy_2": -385.0,
            "policy_0": -400.0,
            "policy_1": -495.0
        },
        "policy_reward_max": {
            "policy_2": -29.0,
            "policy_0": 21.0,
            "policy_1": -17.0
        },
        "policy_reward_mean": {
            "policy_2": -149.73,
            "policy_0": -120.19,
            "policy_1": -155.2
        },
        "custom_metrics": {},
        "hist_stats": {
            "episode_reward": [
                -398.0,
                -407.0,
                -429.0,
                -521.0,
                -363.0,
                -497.0,
                -470.0,
                -424.0,
                -339.0,
                -319.0,
                -243.0,
                -519.0,
                -533.0,
                -220.0,
                -624.0,
                -487.0,
                -365.0,
                -522.0,
                -476.0,
                -373.0,
                -614.0,
                -579.0,
                -546.0,
                -537.0,
                -262.0,
                -604.0,
                -291.0,
                -437.0,
                -386.0,
                -323.0,
                -413.0,
                -528.0,
                -165.0,
                -523.0,
                -535.0,
                -566.0,
                -348.0,
                -356.0,
                -483.0,
                -196.0,
                -332.0,
                -368.0,
                -152.0,
                -532.0,
                -363.0,
                -225.0,
                -468.0,
                -575.0,
                -253.0,
                -323.0,
                -471.0,
                -338.0,
                -401.0,
                -356.0,
                -457.0,
                -349.0,
                -555.0,
                -330.0,
                -443.0,
                -455.0,
                -539.0,
                -343.0,
                -585.0,
                -374.0,
                -495.0,
                -272.0,
                -463.0,
                -425.0,
                -425.0,
                -526.0,
                -554.0,
                -493.0,
                -428.0,
                -344.0,
                -577.0,
                -622.0,
                -612.0,
                -336.0,
                -458.0,
                -338.0,
                -332.0,
                -368.0,
                -561.0,
                -475.0,
                -583.0,
                -366.0,
                -326.0,
                -492.0,
                -475.0,
                -360.0,
                -321.0,
                -293.0,
                -460.0,
                -280.0,
                -458.0,
                -505.0,
                -455.0,
                -393.0,
                -465.0,
                -368.0
            ],