{
    "custom_metrics": {},
    "episode_media": {},
    "info": {
        "learner": {
            "policy_2": {
                "learner_stats": {
                    "allreduce_latency": 0.0,
                    "grad_gnorm": 1.9374325275421143,
                    "cur_kl_coeff": 0.6749999999999998,
                    "cur_lr": 5e-05,
                    "total_loss": 5.710588131528912,
                    "policy_loss": -0.11064936081511956,
                    "vf_loss": 5.943307891036525,
                    "vf_explained_var": -0.00027477054884939483,
                    "kl": 0.014722290768963734,
                    "entropy": 1.3200792836420463,
                    "entropy_coeff": 0.09999999999999998
                },
                "model": {},
                "custom_metrics": {},
                "num_agent_steps_trained": 121.0909090909091,
                "num_grad_updates_lifetime": 269115.5,
                "diff_num_grad_updates_vs_sampler_policy": 164.5
            },
            "policy_0": {
                "learner_stats": {
                    "allreduce_latency": 0.0,
                    "grad_gnorm": 1.98357355594635,
                    "cur_kl_coeff": 0.20041806280821725,
                    "cur_lr": 5e-05,
                    "total_loss": 5.869382859721329,
                    "policy_loss": -0.07638226300336873,
                    "vf_loss": 5.947785046606353,
                    "vf_explained_var": 0.002101062283371434,
                    "kl": 0.015569928487109424,
                    "entropy": 0.514043629079154,
                    "entropy_coeff": 0.01
                },
                "model": {},
                "custom_metrics": {},
                "num_agent_steps_trained": 121.18181818181819,
                "num_grad_updates_lifetime": 269115.5,
                "diff_num_grad_updates_vs_sampler_policy": 164.5
            },
            "policy_1": {
                "learner_stats": {
                    "allreduce_latency": 0.0,
                    "grad_gnorm": 1.4554803371429443,
                    "cur_kl_coeff": 0.50625,
                    "cur_lr": 5e-05,
                    "total_loss": 5.788867235183716,
                    "policy_loss": -0.08641997597772967,
                    "vf_loss": 5.920123492587696,
                    "vf_explained_var": 0.00534490112102393,
                    "kl": 0.010354744229854766,
                    "entropy": 1.0015674833095436,
                    "entropy_coeff": 0.04999999999999999
                },
                "model": {},
                "custom_metrics": {},
                "num_agent_steps_trained": 121.36363636363636,
                "num_grad_updates_lifetime": 269115.5,
                "diff_num_grad_updates_vs_sampler_policy": 164.5
            }
        },
        "num_env_steps_sampled": 3264000,
        "num_env_steps_trained": 3264000,
        "num_agent_steps_sampled": 3263998,
        "num_agent_steps_trained": 3263998
    },
    "env_runners": {
        "episode_reward_max": -90.0,
        "episode_reward_min": -644.0,
        "episode_reward_mean": -405.55,
        "episode_len_mean": 602.7,
        "episode_media": {},
        "episodes_timesteps_total": 60270,
        "policy_reward_min": {
            "policy_2": -415.0,
            "policy_0": -385.0,
            "policy_1": -430.0
        },
        "policy_reward_max": {
            "policy_2": -20.0,
            "policy_0": 9.0,
            "policy_1": 0.0
        },
        "policy_reward_mean": {
            "policy_2": -175.21,
            "policy_0": -105.49,
            "policy_1": -124.85
        },
        "custom_metrics": {},
        "hist_stats": {
            "episode_reward": [
                -421.0,
                -413.0,
                -497.0,
                -386.0,
                -168.0,
                -575.0,
                -132.0,
                -194.0,
                -340.0,
                -467.0,
                -307.0,
                -286.0,
                -291.0,
                -386.0,
                -505.0,
                -481.0,
                -254.0,
                -452.0,
                -398.0,
                -480.0,
                -268.0,
                -450.0,
                -365.0,
                -512.0,
                -444.0,
                -566.0,
                -391.0,
                -411.0,
                -576.0,
                -332.0,
                -579.0,
                -141.0,
                -90.0,
                -498.0,
                -389.0,
                -416.0,
                -360.0,
                -133.0,
                -644.0,
                -437.0,
                -546.0,
                -465.0,
                -485.0,
                -417.0,
                -545.0,
                -168.0,
                -482.0,
                -311.0,
                -411.0,
                -352.0,
                -311.0,
                -533.0,
                -301.0,
                -491.0,
                -237.0,
                -354.0,
                -624.0,
                -447.0,
                -490.0,
                -123.0,
                -287.0,
                -504.0,
                -114.0,
                -505.0,
                -450.0,
                -441.0,
                -490.0,
                -470.0,
                -499.0,
                -402.0,
                -407.0,
                -335.0,
                -406.0,
                -289.0,
                -295.0,
                -535.0,
                -438.0,
                -108.0,
                -396.0,
                -477.0,
                -529.0,
                -438.0,
                -448.0,
                -640.0,
                -148.0,
                -574.0,
                -267.0,
                -545.0,
                -487.0,
                -493.0,
                -353.0,
                -439.0,
                -555.0,
                -441.0,
                -468.0,
                -367.0,
                -559.0,
                -490.0,
                -395.0,
                -543.0
            ],