{
    "custom_metrics": {},
    "episode_media": {},
    "info": {
        "learner": {
            "policy_2": {
                "learner_stats": {
                    "allreduce_latency": 0.0,
                    "grad_gnorm": 1.65586256980896,
                    "cur_kl_coeff": 0.6749999999999998,
                    "cur_lr": 5e-05,
                    "total_loss": 8.153096960530137,
                    "policy_loss": -0.09828968047813484,
                    "vf_loss": 8.374155171712239,
                    "vf_explained_var": -0.0092550743709911,
                    "kl": 0.011874581320085837,
                    "entropy": 1.3078389286994934,
                    "entropy_coeff": 0.09999999999999998
                },
                "model": {},
                "custom_metrics": {},
                "num_agent_steps_trained": 121.45454545454545,
                "num_grad_updates_lifetime": 275715.5,
                "diff_num_grad_updates_vs_sampler_policy": 164.5
            },
            "policy_0": {
                "learner_stats": {
                    "allreduce_latency": 0.0,
                    "grad_gnorm": 1.8946107625961304,
                    "cur_kl_coeff": 0.07515677355308148,
                    "cur_lr": 5e-05,
                    "total_loss": 8.255668885780103,
                    "policy_loss": -0.09651153052761925,
                    "vf_loss": 8.358765914223412,
                    "vf_explained_var": 0.003959591099710175,
                    "kl": 0.024816068222874008,
                    "entropy": 0.8450544975020668,
                    "entropy_coeff": 0.01
                },
                "model": {},
                "custom_metrics": {},
                "num_agent_steps_trained": 120.72727272727273,
                "num_grad_updates_lifetime": 275715.5,
                "diff_num_grad_updates_vs_sampler_policy": 164.5
            },
            "policy_1": {
                "learner_stats": {
                    "allreduce_latency": 0.0,
                    "grad_gnorm": 2.5155599117279053,
                    "cur_kl_coeff": 0.50625,
                    "cur_lr": 5e-05,
                    "total_loss": 7.473729493401267,
                    "policy_loss": -0.10301126983708166,
                    "vf_loss": 7.627258848421501,
                    "vf_explained_var": -0.019273324807484945,
                    "kl": 0.015125627186845153,
                    "entropy": 1.1635087170384146,
                    "entropy_coeff": 0.04999999999999999
                },
                "model": {},
                "custom_metrics": {},
                "num_agent_steps_trained": 121.45454545454545,
                "num_grad_updates_lifetime": 275715.5,
                "diff_num_grad_updates_vs_sampler_policy": 164.5
            }
        },
        "num_env_steps_sampled": 3344000,
        "num_env_steps_trained": 3344000,
        "num_agent_steps_sampled": 3343998,
        "num_agent_steps_trained": 3343998
    },
    "env_runners": {
        "episode_reward_max": -103.0,
        "episode_reward_min": -625.0,
        "episode_reward_mean": -413.24,
        "episode_len_mean": 508.58,
        "episode_media": {},
        "episodes_timesteps_total": 50858,
        "policy_reward_min": {
            "policy_1": -395.0,
            "policy_2": -410.0,
            "policy_0": -440.0
        },
        "policy_reward_max": {
            "policy_1": -4.0,
            "policy_2": -24.0,
            "policy_0": 2.0
        },
        "policy_reward_mean": {
            "policy_1": -133.86,
            "policy_2": -168.13,
            "policy_0": -111.25
        },
        "custom_metrics": {},
        "hist_stats": {
            "episode_reward": [
                -502.0,
                -561.0,
                -528.0,
                -505.0,
                -172.0,
                -595.0,
                -371.0,
                -348.0,
                -393.0,
                -400.0,
                -374.0,
                -575.0,
                -242.0,
                -452.0,
                -579.0,
                -400.0,
                -211.0,
                -549.0,
                -492.0,
                -395.0,
                -379.0,
                -401.0,
                -532.0,
                -476.0,
                -260.0,
                -443.0,
                -330.0,
                -448.0,
                -446.0,
                -149.0,
                -221.0,
                -454.0,
                -470.0,
                -541.0,
                -458.0,
                -547.0,
                -460.0,
                -482.0,
                -387.0,
                -103.0,
                -596.0,
                -128.0,
                -237.0,
                -500.0,
                -435.0,
                -550.0,
                -494.0,
                -312.0,
                -408.0,
                -479.0,
                -419.0,
                -274.0,
                -435.0,
                -360.0,
                -583.0,
                -466.0,
                -464.0,
                -332.0,
                -350.0,
                -246.0,
                -448.0,
                -350.0,
                -407.0,
                -166.0,
                -510.0,
                -137.0,
                -230.0,
                -400.0,
                -177.0,
                -517.0,
                -539.0,
                -473.0,
                -454.0,
                -324.0,
                -510.0,
                -281.0,
                -493.0,
                -483.0,
                -440.0,
                -625.0,
                -424.0,
                -155.0,
                -140.0,
                -447.0,
                -297.0,
                -477.0,
                -157.0,
                -551.0,
                -462.0,
                -585.0,
                -621.0,
                -541.0,
                -419.0,
                -487.0,
                -579.0,
                -357.0,
                -382.0,
                -436.0,
                -544.0,
                -600.0
            ],