{
    "custom_metrics": {},
    "episode_media": {},
    "info": {
        "learner": {
            "policy_2": {
                "learner_stats": {
                    "allreduce_latency": 0.0,
                    "grad_gnorm": 1.4837092161178589,
                    "cur_kl_coeff": 0.4500000000000002,
                    "cur_lr": 5e-05,
                    "total_loss": 9.588984125310725,
                    "policy_loss": -0.09338619016026231,
                    "vf_loss": 9.813771623553652,
                    "vf_explained_var": 0.0037488834424452347,
                    "kl": 0.01170391772105194,
                    "entropy": 1.366680657863617,
                    "entropy_coeff": 0.09999999999999998
                },
                "model": {},
                "custom_metrics": {},
                "num_agent_steps_trained": 120.45454545454545,
                "num_grad_updates_lifetime": 85965.5,
                "diff_num_grad_updates_vs_sampler_policy": 164.5
            },
            "policy_0": {
                "learner_stats": {
                    "allreduce_latency": 0.0,
                    "grad_gnorm": 2.9046638011932373,
                    "cur_kl_coeff": 0.16018066406250003,
                    "cur_lr": 5e-05,
                    "total_loss": 8.958850558598836,
                    "policy_loss": -0.07882505192449599,
                    "vf_loss": 9.043383927778764,
                    "vf_explained_var": 0.046262130050948175,
                    "kl": 0.019594130276345646,
                    "entropy": 0.8846924272450534,
                    "entropy_coeff": 0.01
                },
                "model": {},
                "custom_metrics": {},
                "num_agent_steps_trained": 121.27272727272727,
                "num_grad_updates_lifetime": 85965.5,
                "diff_num_grad_updates_vs_sampler_policy": 164.5
            },
            "policy_1": {
                "learner_stats": {
                    "allreduce_latency": 0.0,
                    "grad_gnorm": 2.267125129699707,
                    "cur_kl_coeff": 0.4500000000000002,
                    "cur_lr": 5e-05,
                    "total_loss": 8.356064773328377,
                    "policy_loss": -0.08106617331769402,
                    "vf_loss": 8.493956178607363,
                    "vf_explained_var": -0.010072650692679666,
                    "kl": 0.010585509112037763,
                    "entropy": 1.231773840116732,
                    "entropy_coeff": 0.04999999999999999
                },
                "model": {},
                "custom_metrics": {},
                "num_agent_steps_trained": 121.9090909090909,
                "num_grad_updates_lifetime": 85965.5,
                "diff_num_grad_updates_vs_sampler_policy": 164.5
            }
        },
        "num_env_steps_sampled": 1044000,
        "num_env_steps_trained": 1044000,
        "num_agent_steps_sampled": 1043998,
        "num_agent_steps_trained": 1043998
    },
    "env_runners": {
        "episode_reward_max": -98.0,
        "episode_reward_min": -647.0,
        "episode_reward_mean": -417.56,
        "episode_len_mean": 384.2,
        "episode_media": {},
        "episodes_timesteps_total": 38420,
        "policy_reward_min": {
            "policy_0": -395.0,
            "policy_1": -395.0,
            "policy_2": -395.0
        },
        "policy_reward_max": {
            "policy_0": 3.0,
            "policy_1": -15.0,
            "policy_2": -18.0
        },
        "policy_reward_mean": {
            "policy_0": -103.03,
            "policy_1": -129.51,
            "policy_2": -185.02
        },
        "custom_metrics": {},
        "hist_stats": {
            "episode_reward": [
                -491.0,
                -547.0,
                -363.0,
                -294.0,
                -501.0,
                -306.0,
                -521.0,
                -516.0,
                -402.0,
                -612.0,
                -619.0,
                -456.0,
                -406.0,
                -461.0,
                -562.0,
                -494.0,
                -508.0,
                -325.0,
                -647.0,
                -414.0,
                -243.0,
                -259.0,
                -344.0,
                -280.0,
                -496.0,
                -405.0,
                -472.0,
                -315.0,
                -386.0,
                -498.0,
                -487.0,
                -535.0,
                -459.0,
                -411.0,
                -293.0,
                -459.0,
                -337.0,
                -524.0,
                -403.0,
                -457.0,
                -496.0,
                -238.0,
                -237.0,
                -367.0,
                -573.0,
                -216.0,
                -229.0,
                -473.0,
                -433.0,
                -507.0,
                -430.0,
                -98.0,
                -577.0,
                -349.0,
                -337.0,
                -344.0,
                -577.0,
                -383.0,
                -418.0,
                -398.0,
                -445.0,
                -436.0,
                -349.0,
                -216.0,
                -169.0,
                -287.0,
                -472.0,
                -393.0,
                -491.0,
                -459.0,
                -253.0,
                -337.0,
                -570.0,
                -446.0,
                -503.0,
                -586.0,
                -321.0,
                -449.0,
                -400.0,
                -289.0,
                -480.0,
                -440.0,
                -549.0,
                -496.0,
                -415.0,
                -461.0,
                -520.0,
                -382.0,
                -293.0,
                -371.0,
                -425.0,
                -613.0,
                -356.0,
                -454.0,
                -338.0,
                -331.0,
                -417.0,
                -533.0,
                -445.0,
                -378.0
            ],