{
    "custom_metrics": {},
    "episode_media": {},
    "info": {
        "learner": {
            "policy_2": {
                "learner_stats": {
                    "allreduce_latency": 0.0,
                    "grad_gnorm": 2.2136406898498535,
                    "cur_kl_coeff": 0.3,
                    "cur_lr": 5e-05,
                    "total_loss": 7.360687611319802,
                    "policy_loss": -0.0873564176543644,
                    "vf_loss": 7.575552453416766,
                    "vf_explained_var": -0.00226952668392297,
                    "kl": 0.01372304912695855,
                    "entropy": 1.316253127112533,
                    "entropy_coeff": 0.09999999999999998
                },
                "model": {},
                "custom_metrics": {},
                "num_agent_steps_trained": 121.18181818181819,
                "num_grad_updates_lifetime": 69465.5,
                "diff_num_grad_updates_vs_sampler_policy": 164.5
            },
            "policy_0": {
                "learner_stats": {
                    "allreduce_latency": 0.0,
                    "grad_gnorm": 2.5085949897766113,
                    "cur_kl_coeff": 0.1265625,
                    "cur_lr": 5e-05,
                    "total_loss": 5.974971586285215,
                    "policy_loss": -0.0597573985797212,
                    "vf_loss": 6.0368399056521325,
                    "vf_explained_var": 0.07810945402492177,
                    "kl": 0.014584786754821439,
                    "entropy": 0.3956817598505454,
                    "entropy_coeff": 0.01
                },
                "model": {},
                "custom_metrics": {},
                "num_agent_steps_trained": 121.0909090909091,
                "num_grad_updates_lifetime": 69465.5,
                "diff_num_grad_updates_vs_sampler_policy": 164.5
            },
            "policy_1": {
                "learner_stats": {
                    "allreduce_latency": 0.0,
                    "grad_gnorm": 3.7703194618225098,
                    "cur_kl_coeff": 0.3,
                    "cur_lr": 5e-05,
                    "total_loss": 7.325477870305379,
                    "policy_loss": -0.08130701655013994,
                    "vf_loss": 7.457295125903506,
                    "vf_explained_var": -0.0177369368798805,
                    "kl": 0.011678827024289865,
                    "entropy": 1.0802771880771174,
                    "entropy_coeff": 0.04999999999999999
                },
                "model": {},
                "custom_metrics": {},
                "num_agent_steps_trained": 121.36363636363636,
                "num_grad_updates_lifetime": 69465.5,
                "diff_num_grad_updates_vs_sampler_policy": 164.5
            }
        },
        "num_env_steps_sampled": 844000,
        "num_env_steps_trained": 844000,
        "num_agent_steps_sampled": 843998,
        "num_agent_steps_trained": 843998
    },
    "env_runners": {
        "episode_reward_max": -83.0,
        "episode_reward_min": -692.0,
        "episode_reward_mean": -411.46,
        "episode_len_mean": 416.08,
        "episode_media": {},
        "episodes_timesteps_total": 41608,
        "policy_reward_min": {
            "policy_2": -370.0,
            "policy_0": -350.0,
            "policy_1": -480.0
        },
        "policy_reward_max": {
            "policy_2": -25.0,
            "policy_0": 0.0,
            "policy_1": -17.0
        },
        "policy_reward_mean": {
            "policy_2": -171.55,
            "policy_0": -89.68,
            "policy_1": -150.23
        },
        "custom_metrics": {},
        "hist_stats": {
            "episode_reward": [
                -501.0,
                -514.0,
                -475.0,
                -506.0,
                -692.0,
                -459.0,
                -448.0,
                -455.0,
                -308.0,
                -634.0,
                -428.0,
                -551.0,
                -469.0,
                -506.0,
                -275.0,
                -204.0,
                -315.0,
                -336.0,
                -563.0,
                -513.0,
                -477.0,
                -434.0,
                -370.0,
                -380.0,
                -322.0,
                -614.0,
                -504.0,
                -337.0,
                -455.0,
                -206.0,
                -390.0,
                -495.0,
                -301.0,
                -487.0,
                -489.0,
                -307.0,
                -526.0,
                -471.0,
                -590.0,
                -435.0,
                -430.0,
                -300.0,
                -380.0,
                -513.0,
                -83.0,
                -553.0,
                -437.0,
                -447.0,
                -281.0,
                -306.0,
                -424.0,
                -599.0,
                -532.0,
                -469.0,
                -395.0,
                -253.0,
                -467.0,
                -464.0,
                -352.0,
                -345.0,
                -316.0,
                -504.0,
                -472.0,
                -163.0,
                -518.0,
                -435.0,
                -305.0,
                -298.0,
                -176.0,
                -305.0,
                -358.0,
                -299.0,
                -552.0,
                -431.0,
                -498.0,
                -368.0,
                -490.0,
                -402.0,
                -512.0,
                -513.0,
                -308.0,
                -244.0,
                -208.0,
                -399.0,
                -237.0,
                -423.0,
                -404.0,
                -412.0,
                -372.0,
                -276.0,
                -400.0,
                -219.0,
                -354.0,
                -548.0,
                -433.0,
                -450.0,
                -355.0,
                -482.0,
                -347.0,
                -588.0
            ],