{
    "custom_metrics": {},
    "episode_media": {},
    "info": {
        "learner": {
            "policy_2": {
                "learner_stats": {
                    "allreduce_latency": 0.0,
                    "grad_gnorm": 1.5977089405059814,
                    "cur_kl_coeff": 0.6749999999999998,
                    "cur_lr": 5e-05,
                    "total_loss": 9.05136940985015,
                    "policy_loss": -0.10412230148883254,
                    "vf_loss": 9.285489663210782,
                    "vf_explained_var": 0.0017947007309306751,
                    "kl": 0.012009822230817396,
                    "entropy": 1.3810456109769416,
                    "entropy_coeff": 0.09999999999999998
                },
                "model": {},
                "custom_metrics": {},
                "num_agent_steps_trained": 121.0909090909091,
                "num_grad_updates_lifetime": 219615.5,
                "diff_num_grad_updates_vs_sampler_policy": 164.5
            },
            "policy_0": {
                "learner_stats": {
                    "allreduce_latency": 0.0,
                    "grad_gnorm": 1.4465094804763794,
                    "cur_kl_coeff": 0.10972083620045706,
                    "cur_lr": 5e-05,
                    "total_loss": 9.204938902999416,
                    "policy_loss": -0.08359054443920313,
                    "vf_loss": 9.295687241987748,
                    "vf_explained_var": 0.02175087423035593,
                    "kl": 0.017520682679277345,
                    "entropy": 0.9080186358003906,
                    "entropy_coeff": 0.01
                },
                "model": {},
                "custom_metrics": {},
                "num_agent_steps_trained": 121.81818181818181,
                "num_grad_updates_lifetime": 219615.5,
                "diff_num_grad_updates_vs_sampler_policy": 164.5
            },
            "policy_1": {
                "learner_stats": {
                    "allreduce_latency": 0.0,
                    "grad_gnorm": 1.6334631443023682,
                    "cur_kl_coeff": 0.2250000000000001,
                    "cur_lr": 5e-05,
                    "total_loss": 9.126518844835687,
                    "policy_loss": -0.10275750833873948,
                    "vf_loss": 9.285053386110247,
                    "vf_explained_var": 0.0022633287039670077,
                    "kl": 0.018482722954836172,
                    "entropy": 1.198713345780517,
                    "entropy_coeff": 0.04999999999999999
                },
                "model": {},
                "custom_metrics": {},
                "num_agent_steps_trained": 120.72727272727273,
                "num_grad_updates_lifetime": 219615.5,
                "diff_num_grad_updates_vs_sampler_policy": 164.5
            }
        },
        "num_env_steps_sampled": 2664000,
        "num_env_steps_trained": 2664000,
        "num_agent_steps_sampled": 2663998,
        "num_agent_steps_trained": 2663998
    },
    "env_runners": {
        "episode_reward_max": -161.0,
        "episode_reward_min": -622.0,
        "episode_reward_mean": -432.06,
        "episode_len_mean": 383.2,
        "episode_media": {},
        "episodes_timesteps_total": 38320,
        "policy_reward_min": {
            "policy_2": -370.0,
            "policy_0": -395.0,
            "policy_1": -400.0
        },
        "policy_reward_max": {
            "policy_2": -18.0,
            "policy_0": -5.0,
            "policy_1": -10.0
        },
        "policy_reward_mean": {
            "policy_2": -169.05,
            "policy_0": -122.54,
            "policy_1": -140.47
        },
        "custom_metrics": {},
        "hist_stats": {
            "episode_reward": [
                -451.0,
                -404.0,
                -436.0,
                -433.0,
                -470.0,
                -405.0,
                -575.0,
                -199.0,
                -533.0,
                -514.0,
                -457.0,
                -363.0,
                -367.0,
                -320.0,
                -554.0,
                -215.0,
                -312.0,
                -451.0,
                -427.0,
                -424.0,
                -485.0,
                -519.0,
                -507.0,
                -391.0,
                -408.0,
                -357.0,
                -333.0,
                -472.0,
                -460.0,
                -408.0,
                -466.0,
                -354.0,
                -606.0,
                -490.0,
                -346.0,
                -470.0,
                -380.0,
                -525.0,
                -525.0,
                -448.0,
                -548.0,
                -514.0,
                -542.0,
                -397.0,
                -298.0,
                -300.0,
                -337.0,
                -432.0,
                -583.0,
                -422.0,
                -375.0,
                -320.0,
                -533.0,
                -443.0,
                -424.0,
                -536.0,
                -417.0,
                -403.0,
                -502.0,
                -321.0,
                -398.0,
                -393.0,
                -366.0,
                -571.0,
                -433.0,
                -481.0,
                -311.0,
                -456.0,
                -486.0,
                -524.0,
                -230.0,
                -386.0,
                -404.0,
                -571.0,
                -467.0,
                -283.0,
                -413.0,
                -161.0,
                -452.0,
                -469.0,
                -476.0,
                -498.0,
                -529.0,
                -493.0,
                -604.0,
                -471.0,
                -245.0,
                -373.0,
                -322.0,
                -622.0,
                -355.0,
                -494.0,
                -397.0,
                -461.0,
                -563.0,
                -303.0,
                -539.0,
                -440.0,
                -514.0,
                -345.0
            ],