{
    "custom_metrics": {},
    "episode_media": {},
    "info": {
        "learner": {
            "policy_2": {
                "learner_stats": {
                    "allreduce_latency": 0.0,
                    "grad_gnorm": 1.862778902053833,
                    "cur_kl_coeff": 0.4500000000000002,
                    "cur_lr": 5e-05,
                    "total_loss": 8.614161758711845,
                    "policy_loss": -0.09745575331123263,
                    "vf_loss": 8.84085490920327,
                    "vf_explained_var": -0.011228812102115515,
                    "kl": 0.01337690170795544,
                    "entropy": 1.3525701392780651,
                    "entropy_coeff": 0.09999999999999998
                },
                "model": {},
                "custom_metrics": {},
                "num_agent_steps_trained": 120.54545454545455,
                "num_grad_updates_lifetime": 82665.5,
                "diff_num_grad_updates_vs_sampler_policy": 164.5
            },
            "policy_0": {
                "learner_stats": {
                    "allreduce_latency": 0.0,
                    "grad_gnorm": 1.7108774185180664,
                    "cur_kl_coeff": 0.14238281249999996,
                    "cur_lr": 5e-05,
                    "total_loss": 8.271816353364425,
                    "policy_loss": -0.06356266827223767,
                    "vf_loss": 8.341503136085741,
                    "vf_explained_var": -0.0008538952379515677,
                    "kl": 0.01169036707423372,
                    "entropy": 0.7788608153661092,
                    "entropy_coeff": 0.01
                },
                "model": {},
                "custom_metrics": {},
                "num_agent_steps_trained": 121.27272727272727,
                "num_grad_updates_lifetime": 82665.5,
                "diff_num_grad_updates_vs_sampler_policy": 164.5
            },
            "policy_1": {
                "learner_stats": {
                    "allreduce_latency": 0.0,
                    "grad_gnorm": 1.7234441041946411,
                    "cur_kl_coeff": 0.4500000000000002,
                    "cur_lr": 5e-05,
                    "total_loss": 8.92689065355243,
                    "policy_loss": -0.0943065163799364,
                    "vf_loss": 9.077554711428556,
                    "vf_explained_var": -0.011272161295919708,
                    "kl": 0.013653315266747639,
                    "entropy": 1.250030714454073,
                    "entropy_coeff": 0.04999999999999999
                },
                "model": {},
                "custom_metrics": {},
                "num_agent_steps_trained": 121.81818181818181,
                "num_grad_updates_lifetime": 82665.5,
                "diff_num_grad_updates_vs_sampler_policy": 164.5
            }
        },
        "num_env_steps_sampled": 1004000,
        "num_env_steps_trained": 1004000,
        "num_agent_steps_sampled": 1003998,
        "num_agent_steps_trained": 1003998
    },
    "env_runners": {
        "episode_reward_max": -122.0,
        "episode_reward_min": -659.0,
        "episode_reward_mean": -417.05,
        "episode_len_mean": 313.82,
        "episode_media": {},
        "episodes_timesteps_total": 31382,
        "policy_reward_min": {
            "policy_1": -370.0,
            "policy_2": -475.0,
            "policy_0": -375.0
        },
        "policy_reward_max": {
            "policy_1": -17.0,
            "policy_2": -22.0,
            "policy_0": 0.0
        },
        "policy_reward_mean": {
            "policy_1": -114.28,
            "policy_2": -195.72,
            "policy_0": -107.05
        },
        "custom_metrics": {},
        "hist_stats": {
            "episode_reward": [
                -345.0,
                -447.0,
                -231.0,
                -473.0,
                -255.0,
                -634.0,
                -189.0,
                -550.0,
                -574.0,
                -399.0,
                -412.0,
                -276.0,
                -456.0,
                -327.0,
                -392.0,
                -407.0,
                -577.0,
                -465.0,
                -310.0,
                -404.0,
                -302.0,
                -529.0,
                -502.0,
                -384.0,
                -388.0,
                -455.0,
                -348.0,
                -342.0,
                -491.0,
                -130.0,
                -364.0,
                -469.0,
                -444.0,
                -499.0,
                -323.0,
                -444.0,
                -347.0,
                -457.0,
                -210.0,
                -401.0,
                -431.0,
                -352.0,
                -445.0,
                -355.0,
                -413.0,
                -503.0,
                -401.0,
                -451.0,
                -448.0,
                -538.0,
                -394.0,
                -388.0,
                -435.0,
                -278.0,
                -367.0,
                -598.0,
                -506.0,
                -290.0,
                -434.0,
                -497.0,
                -291.0,
                -530.0,
                -424.0,
                -550.0,
                -384.0,
                -535.0,
                -420.0,
                -360.0,
                -189.0,
                -432.0,
                -415.0,
                -572.0,
                -353.0,
                -597.0,
                -484.0,
                -327.0,
                -577.0,
                -592.0,
                -659.0,
                -239.0,
                -554.0,
                -122.0,
                -503.0,
                -309.0,
                -382.0,
                -416.0,
                -589.0,
                -510.0,
                -330.0,
                -420.0,
                -449.0,
                -480.0,
                -350.0,
                -356.0,
                -407.0,
                -347.0,
                -500.0,
                -359.0,
                -439.0,
                -477.0
            ],