{
    "custom_metrics": {},
    "episode_media": {},
    "info": {
        "learner": {
            "policy_2": {
                "learner_stats": {
                    "allreduce_latency": 0.0,
                    "grad_gnorm": 2.4175972938537598,
                    "cur_kl_coeff": 0.6749999999999998,
                    "cur_lr": 5e-05,
                    "total_loss": 6.970687928344264,
                    "policy_loss": -0.09759527293287895,
                    "vf_loss": 7.188452690297907,
                    "vf_explained_var": -0.015217914725794937,
                    "kl": 0.010608980528601247,
                    "entropy": 1.2733056631955233,
                    "entropy_coeff": 0.09999999999999998
                },
                "model": {},
                "custom_metrics": {},
                "num_agent_steps_trained": 120.54545454545455,
                "num_grad_updates_lifetime": 191565.5,
                "diff_num_grad_updates_vs_sampler_policy": 164.5
            },
            "policy_0": {
                "learner_stats": {
                    "allreduce_latency": 0.0,
                    "grad_gnorm": 4.02490234375,
                    "cur_kl_coeff": 0.23118135034828802,
                    "cur_lr": 5e-05,
                    "total_loss": 5.055007600061821,
                    "policy_loss": -0.07977801665071059,
                    "vf_loss": 5.136725583220973,
                    "vf_explained_var": 0.03828796220548225,
                    "kl": 0.01412370975647515,
                    "entropy": 0.5205080585046248,
                    "entropy_coeff": 0.01
                },
                "model": {},
                "custom_metrics": {},
                "num_agent_steps_trained": 121.54545454545455,
                "num_grad_updates_lifetime": 191565.5,
                "diff_num_grad_updates_vs_sampler_policy": 164.5
            },
            "policy_1": {
                "learner_stats": {
                    "allreduce_latency": 0.0,
                    "grad_gnorm": 3.1966729164123535,
                    "cur_kl_coeff": 0.4500000000000002,
                    "cur_lr": 5e-05,
                    "total_loss": 5.587085692087809,
                    "policy_loss": -0.09347870276798141,
                    "vf_loss": 5.726195868578825,
                    "vf_explained_var": -0.00665052208033475,
                    "kl": 0.012431867414051053,
                    "entropy": 1.024516066276666,
                    "entropy_coeff": 0.04999999999999999
                },
                "model": {},
                "custom_metrics": {},
                "num_agent_steps_trained": 121.54545454545455,
                "num_grad_updates_lifetime": 191565.5,
                "diff_num_grad_updates_vs_sampler_policy": 164.5
            }
        },
        "num_env_steps_sampled": 2324000,
        "num_env_steps_trained": 2324000,
        "num_agent_steps_sampled": 2323998,
        "num_agent_steps_trained": 2323998
    },
    "env_runners": {
        "episode_reward_max": -42.0,
        "episode_reward_min": -650.0,
        "episode_reward_mean": -411.7,
        "episode_len_mean": 397.42,
        "episode_media": {},
        "episodes_timesteps_total": 39742,
        "policy_reward_min": {
            "policy_2": -440.0,
            "policy_0": -375.0,
            "policy_1": -420.0
        },
        "policy_reward_max": {
            "policy_2": 5.0,
            "policy_0": 6.0,
            "policy_1": -8.0
        },
        "policy_reward_mean": {
            "policy_2": -184.76,
            "policy_0": -107.09,
            "policy_1": -119.85
        },
        "custom_metrics": {},
        "hist_stats": {
            "episode_reward": [
                -559.0,
                -497.0,
                -526.0,
                -298.0,
                -381.0,
                -450.0,
                -392.0,
                -246.0,
                -377.0,
                -611.0,
                -447.0,
                -370.0,
                -387.0,
                -534.0,
                -476.0,
                -316.0,
                -309.0,
                -379.0,
                -42.0,
                -485.0,
                -465.0,
                -248.0,
                -463.0,
                -352.0,
                -320.0,
                -480.0,
                -519.0,
                -445.0,
                -393.0,
                -481.0,
                -499.0,
                -387.0,
                -350.0,
                -282.0,
                -195.0,
                -518.0,
                -86.0,
                -402.0,
                -500.0,
                -502.0,
                -627.0,
                -453.0,
                -428.0,
                -524.0,
                -315.0,
                -595.0,
                -407.0,
                -136.0,
                -402.0,
                -490.0,
                -454.0,
                -458.0,
                -386.0,
                -427.0,
                -331.0,
                -538.0,
                -373.0,
                -449.0,
                -435.0,
                -452.0,
                -407.0,
                -650.0,
                -400.0,
                -571.0,
                -69.0,
                -556.0,
                -326.0,
                -455.0,
                -277.0,
                -313.0,
                -420.0,
                -415.0,
                -418.0,
                -448.0,
                -408.0,
                -535.0,
                -452.0,
                -566.0,
                -476.0,
                -291.0,
                -416.0,
                -482.0,
                -134.0,
                -625.0,
                -525.0,
                -541.0,
                -580.0,
                -429.0,
                -503.0,
                -458.0,
                -345.0,
                -399.0,
                -363.0,
                -78.0,
                -390.0,
                -190.0,
                -357.0,
                -397.0,
                -412.0,
                -444.0
            ],